Area Code,Area Code (M49),Area,Months Code,Months,Element Code,Element,Year Code,Year,Unit,Value,Flag
100,'356,India,7001,January,7271,Temperature change,1961,1961,°C,0.599,E
100,'356,India,7001,January,7271,Temperature change,1962,1962,°C,-1.276,E
100,'356,India,7001,January,7271,Temperature change,1963,1963,°C,-0.369,E
100,'356,India,7001,January,7271,Temperature change,1964,1964,°C,-0.54,E
100,'356,India,7001,January,7271,Temperature change,1965,1965,°C,0.807,E
100,'356,India,7001,January,7271,Temperature change,1966,1966,°C,0.483,E
100,'356,India,7001,January,7271,Temperature change,1967,1967,°C,-0.338,E
100,'356,India,7001,January,7271,Temperature change,1968,1968,°C,-0.63,E
100,'356,India,7001,January,7271,Temperature change,1969,1969,°C,0.134,E
100,'356,India,7001,January,7271,Temperature change,1970,1970,°C,0.357,E
100,'356,India,7001,January,7271,Temperature change,1971,1971,°C,-0.258,E
100,'356,India,7001,January,7271,Temperature change,1972,1972,°C,0.027,E
100,'356,India,7001,January,7271,Temperature change,1973,1973,°C,0.522,E
100,'356,India,7001,January,7271,Temperature change,1974,1974,°C,-0.209,E
100,'356,India,7001,January,7271,Temperature change,1975,1975,°C,-0.73,E
100,'356,India,7001,January,7271,Temperature change,1976,1976,°C,-0.076,E
100,'356,India,7001,January,7271,Temperature change,1977,1977,°C,0.059,E
100,'356,India,7001,January,7271,Temperature change,1978,1978,°C,-0.255,E
100,'356,India,7001,January,7271,Temperature change,1979,1979,°C,0.664,E
100,'356,India,7001,January,7271,Temperature change,1980,1980,°C,0.548,E
100,'356,India,7001,January,7271,Temperature change,1981,1981,°C,0.02,E
100,'356,India,7001,January,7271,Temperature change,1982,1982,°C,0.714,E
100,'356,India,7001,January,7271,Temperature change,1983,1983,°C,-0.228,E
100,'356,India,7001,January,7271,Temperature change,1984,1984,°C,-0.128,E
100,'356,India,7001,January,7271,Temperature change,1985,1985,°C,0.511,E
100,'356,India,7001,January,7271,Temperature change,1986,1986,°C,0.154,E
100,'356,India,7001,January,7271,Temperature change,1987,1987,°C,0.591,E
100,'356,India,7001,January,7271,Temperature change,1988,1988,°C,1.181,E
100,'356,India,7001,January,7271,Temperature change,1989,1989,°C,-0.434,E
100,'356,India,7001,January,7271,Temperature change,1990,1990,°C,1.514,E
100,'356,India,7001,January,7271,Temperature change,1991,1991,°C,-0.028,E
100,'356,India,7001,January,7271,Temperature change,1992,1992,°C,0.022,E
100,'356,India,7001,January,7271,Temperature change,1993,1993,°C,0.382,E
100,'356,India,7001,January,7271,Temperature change,1994,1994,°C,1.005,E
100,'356,India,7001,January,7271,Temperature change,1995,1995,°C,-0.655,E
100,'356,India,7001,January,7271,Temperature change,1996,1996,°C,0.744,E
100,'356,India,7001,January,7271,Temperature change,1997,1997,°C,-0.278,E
100,'356,India,7001,January,7271,Temperature change,1998,1998,°C,0.509,E
100,'356,India,7001,January,7271,Temperature change,1999,1999,°C,0.044,E
100,'356,India,7001,January,7271,Temperature change,2000,2000,°C,0.765,E
100,'356,India,7001,January,7271,Temperature change,2001,2001,°C,0.315,E
100,'356,India,7001,January,7271,Temperature change,2002,2002,°C,0.581,E
100,'356,India,7001,January,7271,Temperature change,2003,2003,°C,0.134,E
100,'356,India,7001,January,7271,Temperature change,2004,2004,°C,0.371,E
100,'356,India,7001,January,7271,Temperature change,2005,2005,°C,0.608,E
100,'356,India,7001,January,7271,Temperature change,2006,2006,°C,0.902,E
100,'356,India,7001,January,7271,Temperature change,2007,2007,°C,0.965,E
100,'356,India,7001,January,7271,Temperature change,2008,2008,°C,0.445,E
100,'356,India,7001,January,7271,Temperature change,2009,2009,°C,1.77,E
100,'356,India,7001,January,7271,Temperature change,2010,2010,°C,0.357,E
100,'356,India,7001,January,7271,Temperature change,2011,2011,°C,-0.255,E
100,'356,India,7001,January,7271,Temperature change,2012,2012,°C,-0.051,E
100,'356,India,7001,January,7271,Temperature change,2013,2013,°C,0.194,E
100,'356,India,7001,January,7271,Temperature change,2014,2014,°C,0.363,E
100,'356,India,7001,January,7271,Temperature change,2015,2015,°C,0.097,E
100,'356,India,7001,January,7271,Temperature change,2016,2016,°C,1.253,E
100,'356,India,7001,January,7271,Temperature change,2017,2017,°C,0.947,E
100,'356,India,7001,January,7271,Temperature change,2018,2018,°C,0.746,E
100,'356,India,7001,January,7271,Temperature change,2019,2019,°C,0.354,E
100,'356,India,7001,January,7271,Temperature change,2020,2020,°C,0.405,E
100,'356,India,7001,January,7271,Temperature change,2021,2021,°C,1.238,E
100,'356,India,7001,January,7271,Temperature change,2022,2022,°C,0.198,E
100,'356,India,7001,January,7271,Temperature change,2023,2023,°C,0.611,E
100,'356,India,7001,January,7271,Temperature change,2024,2024,°C,0.578,E
100,'356,India,7001,January,7271,Temperature change,2025,2025,°C,1.38,E
100,'356,India,7001,January,6078,Standard Deviation,1961,1961,°C,0.538,E
100,'356,India,7001,January,6078,Standard Deviation,1962,1962,°C,0.538,E
100,'356,India,7001,January,6078,Standard Deviation,1963,1963,°C,0.538,E
100,'356,India,7001,January,6078,Standard Deviation,1964,1964,°C,0.538,E
100,'356,India,7001,January,6078,Standard Deviation,1965,1965,°C,0.538,E
100,'356,India,7001,January,6078,Standard Deviation,1966,1966,°C,0.538,E
100,'356,India,7001,January,6078,Standard Deviation,1967,1967,°C,0.538,E
100,'356,India,7001,January,6078,Standard Deviation,1968,1968,°C,0.538,E
100,'356,India,7001,January,6078,Standard Deviation,1969,1969,°C,0.538,E
100,'356,India,7001,January,6078,Standard Deviation,1970,1970,°C,0.538,E
100,'356,India,7001,January,6078,Standard Deviation,1971,1971,°C,0.538,E
100,'356,India,7001,January,6078,Standard Deviation,1972,1972,°C,0.538,E
100,'356,India,7001,January,6078,Standard Deviation,1973,1973,°C,0.538,E
100,'356,India,7001,January,6078,Standard Deviation,1974,1974,°C,0.538,E
100,'356,India,7001,January,6078,Standard Deviation,1975,1975,°C,0.538,E
100,'356,India,7001,January,6078,Standard Deviation,1976,1976,°C,0.538,E
100,'356,India,7001,January,6078,Standard Deviation,1977,1977,°C,0.538,E
100,'356,India,7001,January,6078,Standard Deviation,1978,1978,°C,0.538,E
100,'356,India,7001,January,6078,Standard Deviation,1979,1979,°C,0.538,E
100,'356,India,7001,January,6078,Standard Deviation,1980,1980,°C,0.538,E
100,'356,India,7001,January,6078,Standard Deviation,1981,1981,°C,0.538,E
100,'356,India,7001,January,6078,Standard Deviation,1982,1982,°C,0.538,E
100,'356,India,7001,January,6078,Standard Deviation,1983,1983,°C,0.538,E
100,'356,India,7001,January,6078,Standard Deviation,1984,1984,°C,0.538,E
100,'356,India,7001,January,6078,Standard Deviation,1985,1985,°C,0.538,E
100,'356,India,7001,January,6078,Standard Deviation,1986,1986,°C,0.538,E
100,'356,India,7001,January,6078,Standard Deviation,1987,1987,°C,0.538,E
100,'356,India,7001,January,6078,Standard Deviation,1988,1988,°C,0.538,E
100,'356,India,7001,January,6078,Standard Deviation,1989,1989,°C,0.538,E
100,'356,India,7001,January,6078,Standard Deviation,1990,1990,°C,0.538,E
100,'356,India,7001,January,6078,Standard Deviation,1991,1991,°C,0.538,E
100,'356,India,7001,January,6078,Standard Deviation,1992,1992,°C,0.538,E
100,'356,India,7001,January,6078,Standard Deviation,1993,1993,°C,0.538,E
100,'356,India,7001,January,6078,Standard Deviation,1994,1994,°C,0.538,E
100,'356,India,7001,January,6078,Standard Deviation,1995,1995,°C,0.538,E
100,'356,India,7001,January,6078,Standard Deviation,1996,1996,°C,0.538,E
100,'356,India,7001,January,6078,Standard Deviation,1997,1997,°C,0.538,E
100,'356,India,7001,January,6078,Standard Deviation,1998,1998,°C,0.538,E
100,'356,India,7001,January,6078,Standard Deviation,1999,1999,°C,0.538,E
100,'356,India,7001,January,6078,Standard Deviation,2000,2000,°C,0.538,E
100,'356,India,7001,January,6078,Standard Deviation,2001,2001,°C,0.538,E
100,'356,India,7001,January,6078,Standard Deviation,2002,2002,°C,0.538,E
100,'356,India,7001,January,6078,Standard Deviation,2003,2003,°C,0.538,E
100,'356,India,7001,January,6078,Standard Deviation,2004,2004,°C,0.538,E
100,'356,India,7001,January,6078,Standard Deviation,2005,2005,°C,0.538,E
100,'356,India,7001,January,6078,Standard Deviation,2006,2006,°C,0.538,E
100,'356,India,7001,January,6078,Standard Deviation,2007,2007,°C,0.538,E
100,'356,India,7001,January,6078,Standard Deviation,2008,2008,°C,0.538,E
100,'356,India,7001,January,6078,Standard Deviation,2009,2009,°C,0.538,E
100,'356,India,7001,January,6078,Standard Deviation,2010,2010,°C,0.538,E
100,'356,India,7001,January,6078,Standard Deviation,2011,2011,°C,0.538,E
100,'356,India,7001,January,6078,Standard Deviation,2012,2012,°C,0.538,E
100,'356,India,7001,January,6078,Standard Deviation,2013,2013,°C,0.538,E
100,'356,India,7001,January,6078,Standard Deviation,2014,2014,°C,0.538,E
100,'356,India,7001,January,6078,Standard Deviation,2015,2015,°C,0.538,E
100,'356,India,7001,January,6078,Standard Deviation,2016,2016,°C,0.538,E
100,'356,India,7001,January,6078,Standard Deviation,2017,2017,°C,0.538,E
100,'356,India,7001,January,6078,Standard Deviation,2018,2018,°C,0.538,E
100,'356,India,7001,January,6078,Standard Deviation,2019,2019,°C,0.538,E
100,'356,India,7001,January,6078,Standard Deviation,2020,2020,°C,0.538,E
100,'356,India,7001,January,6078,Standard Deviation,2021,2021,°C,0.538,E
100,'356,India,7001,January,6078,Standard Deviation,2022,2022,°C,0.538,E
100,'356,India,7001,January,6078,Standard Deviation,2023,2023,°C,0.538,E
100,'356,India,7001,January,6078,Standard Deviation,2024,2024,°C,0.538,E
100,'356,India,7001,January,6078,Standard Deviation,2025,2025,°C,0.538,E
100,'356,India,7002,February,7271,Temperature change,1961,1961,°C,-1.358,E
100,'356,India,7002,February,7271,Temperature change,1962,1962,°C,-0.336,E
100,'356,India,7002,February,7271,Temperature change,1963,1963,°C,0.79,E
100,'356,India,7002,February,7271,Temperature change,1964,1964,°C,-0.122,E
100,'356,India,7002,February,7271,Temperature change,1965,1965,°C,-0.259,E
100,'356,India,7002,February,7271,Temperature change,1966,1966,°C,1.319,E
100,'356,India,7002,February,7271,Temperature change,1967,1967,°C,0.78,E
100,'356,India,7002,February,7271,Temperature change,1968,1968,°C,-1.144,E
100,'356,India,7002,February,7271,Temperature change,1969,1969,°C,0.367,E
100,'356,India,7002,February,7271,Temperature change,1970,1970,°C,-0.081,E
100,'356,India,7002,February,7271,Temperature change,1971,1971,°C,-0.319,E
100,'356,India,7002,February,7271,Temperature change,1972,1972,°C,-1.749,E
100,'356,India,7002,February,7271,Temperature change,1973,1973,°C,1.109,E
100,'356,India,7002,February,7271,Temperature change,1974,1974,°C,-0.434,E
100,'356,India,7002,February,7271,Temperature change,1975,1975,°C,-0.191,E
100,'356,India,7002,February,7271,Temperature change,1976,1976,°C,0.184,E
100,'356,India,7002,February,7271,Temperature change,1977,1977,°C,0.668,E
100,'356,India,7002,February,7271,Temperature change,1978,1978,°C,-0.471,E
100,'356,India,7002,February,7271,Temperature change,1979,1979,°C,-0.606,E
100,'356,India,7002,February,7271,Temperature change,1980,1980,°C,0.796,E
100,'356,India,7002,February,7271,Temperature change,1981,1981,°C,0.567,E
100,'356,India,7002,February,7271,Temperature change,1982,1982,°C,-0.341,E
100,'356,India,7002,February,7271,Temperature change,1983,1983,°C,-0.529,E
100,'356,India,7002,February,7271,Temperature change,1984,1984,°C,-1.135,E
100,'356,India,7002,February,7271,Temperature change,1985,1985,°C,0.105,E
100,'356,India,7002,February,7271,Temperature change,1986,1986,°C,-0.172,E
100,'356,India,7002,February,7271,Temperature change,1987,1987,°C,0.634,E
100,'356,India,7002,February,7271,Temperature change,1988,1988,°C,1.313,E
100,'356,India,7002,February,7271,Temperature change,1989,1989,°C,-0.251,E
100,'356,India,7002,February,7271,Temperature change,1990,1990,°C,0.25,E
100,'356,India,7002,February,7271,Temperature change,1991,1991,°C,0.767,E
100,'356,India,7002,February,7271,Temperature change,1992,1992,°C,-0.689,E
100,'356,India,7002,February,7271,Temperature change,1993,1993,°C,0.603,E
100,'356,India,7002,February,7271,Temperature change,1994,1994,°C,-0.134,E
100,'356,India,7002,February,7271,Temperature change,1995,1995,°C,0.164,E
100,'356,India,7002,February,7271,Temperature change,1996,1996,°C,0.645,E
100,'356,India,7002,February,7271,Temperature change,1997,1997,°C,-0.409,E
100,'356,India,7002,February,7271,Temperature change,1998,1998,°C,0.5,E
100,'356,India,7002,February,7271,Temperature change,1999,1999,°C,1.397,E
100,'356,India,7002,February,7271,Temperature change,2000,2000,°C,-0.518,E
100,'356,India,7002,February,7271,Temperature change,2001,2001,°C,1.119,E
100,'356,India,7002,February,7271,Temperature change,2002,2002,°C,0.68,E
100,'356,India,7002,February,7271,Temperature change,2003,2003,°C,1.086,E
100,'356,India,7002,February,7271,Temperature change,2004,2004,°C,0.599,E
100,'356,India,7002,February,7271,Temperature change,2005,2005,°C,0.78,E
100,'356,India,7002,February,7271,Temperature change,2006,2006,°C,2.676,E
100,'356,India,7002,February,7271,Temperature change,2007,2007,°C,0.688,E
100,'356,India,7002,February,7271,Temperature change,2008,2008,°C,-0.636,E
100,'356,India,7002,February,7271,Temperature change,2009,2009,°C,1.863,E
100,'356,India,7002,February,7271,Temperature change,2010,2010,°C,1.23,E
100,'356,India,7002,February,7271,Temperature change,2011,2011,°C,0.545,E
100,'356,India,7002,February,7271,Temperature change,2012,2012,°C,0.204,E
100,'356,India,7002,February,7271,Temperature change,2013,2013,°C,0.67,E
100,'356,India,7002,February,7271,Temperature change,2014,2014,°C,-0.279,E
100,'356,India,7002,February,7271,Temperature change,2015,2015,°C,1.156,E
100,'356,India,7002,February,7271,Temperature change,2016,2016,°C,1.999,E
100,'356,India,7002,February,7271,Temperature change,2017,2017,°C,1.505,E
100,'356,India,7002,February,7271,Temperature change,2018,2018,°C,1.547,E
100,'356,India,7002,February,7271,Temperature change,2019,2019,°C,0.602,E
100,'356,India,7002,February,7271,Temperature change,2020,2020,°C,0.554,E
100,'356,India,7002,February,7271,Temperature change,2021,2021,°C,1.234,E
100,'356,India,7002,February,7271,Temperature change,2022,2022,°C,0.172,E
100,'356,India,7002,February,7271,Temperature change,2023,2023,°C,1.812,E
100,'356,India,7002,February,7271,Temperature change,2024,2024,°C,1.213,E
100,'356,India,7002,February,7271,Temperature change,2025,2025,°C,2.246,E
100,'356,India,7002,February,6078,Standard Deviation,1961,1961,°C,0.807,E
100,'356,India,7002,February,6078,Standard Deviation,1962,1962,°C,0.807,E
100,'356,India,7002,February,6078,Standard Deviation,1963,1963,°C,0.807,E
100,'356,India,7002,February,6078,Standard Deviation,1964,1964,°C,0.807,E
100,'356,India,7002,February,6078,Standard Deviation,1965,1965,°C,0.807,E
100,'356,India,7002,February,6078,Standard Deviation,1966,1966,°C,0.807,E
100,'356,India,7002,February,6078,Standard Deviation,1967,1967,°C,0.807,E
100,'356,India,7002,February,6078,Standard Deviation,1968,1968,°C,0.807,E
100,'356,India,7002,February,6078,Standard Deviation,1969,1969,°C,0.807,E
100,'356,India,7002,February,6078,Standard Deviation,1970,1970,°C,0.807,E
100,'356,India,7002,February,6078,Standard Deviation,1971,1971,°C,0.807,E
100,'356,India,7002,February,6078,Standard Deviation,1972,1972,°C,0.807,E
100,'356,India,7002,February,6078,Standard Deviation,1973,1973,°C,0.807,E
100,'356,India,7002,February,6078,Standard Deviation,1974,1974,°C,0.807,E
100,'356,India,7002,February,6078,Standard Deviation,1975,1975,°C,0.807,E
100,'356,India,7002,February,6078,Standard Deviation,1976,1976,°C,0.807,E
100,'356,India,7002,February,6078,Standard Deviation,1977,1977,°C,0.807,E
100,'356,India,7002,February,6078,Standard Deviation,1978,1978,°C,0.807,E
100,'356,India,7002,February,6078,Standard Deviation,1979,1979,°C,0.807,E
100,'356,India,7002,February,6078,Standard Deviation,1980,1980,°C,0.807,E
100,'356,India,7002,February,6078,Standard Deviation,1981,1981,°C,0.807,E
100,'356,India,7002,February,6078,Standard Deviation,1982,1982,°C,0.807,E
100,'356,India,7002,February,6078,Standard Deviation,1983,1983,°C,0.807,E
100,'356,India,7002,February,6078,Standard Deviation,1984,1984,°C,0.807,E
100,'356,India,7002,February,6078,Standard Deviation,1985,1985,°C,0.807,E
100,'356,India,7002,February,6078,Standard Deviation,1986,1986,°C,0.807,E
100,'356,India,7002,February,6078,Standard Deviation,1987,1987,°C,0.807,E
100,'356,India,7002,February,6078,Standard Deviation,1988,1988,°C,0.807,E
100,'356,India,7002,February,6078,Standard Deviation,1989,1989,°C,0.807,E
100,'356,India,7002,February,6078,Standard Deviation,1990,1990,°C,0.807,E
100,'356,India,7002,February,6078,Standard Deviation,1991,1991,°C,0.807,E
100,'356,India,7002,February,6078,Standard Deviation,1992,1992,°C,0.807,E
100,'356,India,7002,February,6078,Standard Deviation,1993,1993,°C,0.807,E
100,'356,India,7002,February,6078,Standard Deviation,1994,1994,°C,0.807,E
100,'356,India,7002,February,6078,Standard Deviation,1995,1995,°C,0.807,E
100,'356,India,7002,February,6078,Standard Deviation,1996,1996,°C,0.807,E
100,'356,India,7002,February,6078,Standard Deviation,1997,1997,°C,0.807,E
100,'356,India,7002,February,6078,Standard Deviation,1998,1998,°C,0.807,E
100,'356,India,7002,February,6078,Standard Deviation,1999,1999,°C,0.807,E
100,'356,India,7002,February,6078,Standard Deviation,2000,2000,°C,0.807,E
100,'356,India,7002,February,6078,Standard Deviation,2001,2001,°C,0.807,E
100,'356,India,7002,February,6078,Standard Deviation,2002,2002,°C,0.807,E
100,'356,India,7002,February,6078,Standard Deviation,2003,2003,°C,0.807,E
100,'356,India,7002,February,6078,Standard Deviation,2004,2004,°C,0.807,E
100,'356,India,7002,February,6078,Standard Deviation,2005,2005,°C,0.807,E
100,'356,India,7002,February,6078,Standard Deviation,2006,2006,°C,0.807,E
100,'356,India,7002,February,6078,Standard Deviation,2007,2007,°C,0.807,E
100,'356,India,7002,February,6078,Standard Deviation,2008,2008,°C,0.807,E
100,'356,India,7002,February,6078,Standard Deviation,2009,2009,°C,0.807,E
100,'356,India,7002,February,6078,Standard Deviation,2010,2010,°C,0.807,E
100,'356,India,7002,February,6078,Standard Deviation,2011,2011,°C,0.807,E
100,'356,India,7002,February,6078,Standard Deviation,2012,2012,°C,0.807,E
100,'356,India,7002,February,6078,Standard Deviation,2013,2013,°C,0.807,E
100,'356,India,7002,February,6078,Standard Deviation,2014,2014,°C,0.807,E
100,'356,India,7002,February,6078,Standard Deviation,2015,2015,°C,0.807,E
100,'356,India,7002,February,6078,Standard Deviation,2016,2016,°C,0.807,E
100,'356,India,7002,February,6078,Standard Deviation,2017,2017,°C,0.807,E
100,'356,India,7002,February,6078,Standard Deviation,2018,2018,°C,0.807,E
100,'356,India,7002,February,6078,Standard Deviation,2019,2019,°C,0.807,E
100,'356,India,7002,February,6078,Standard Deviation,2020,2020,°C,0.807,E
100,'356,India,7002,February,6078,Standard Deviation,2021,2021,°C,0.807,E
100,'356,India,7002,February,6078,Standard Deviation,2022,2022,°C,0.807,E
100,'356,India,7002,February,6078,Standard Deviation,2023,2023,°C,0.807,E
100,'356,India,7002,February,6078,Standard Deviation,2024,2024,°C,0.807,E
100,'356,India,7002,February,6078,Standard Deviation,2025,2025,°C,0.807,E
100,'356,India,7003,March,7271,Temperature change,1961,1961,°C,0.553,E
100,'356,India,7003,March,7271,Temperature change,1962,1962,°C,-0.553,E
100,'356,India,7003,March,7271,Temperature change,1963,1963,°C,-0.285,E
100,'356,India,7003,March,7271,Temperature change,1964,1964,°C,0.936,E
100,'356,India,7003,March,7271,Temperature change,1965,1965,°C,-0.901,E
100,'356,India,7003,March,7271,Temperature change,1966,1966,°C,-0.09,E
100,'356,India,7003,March,7271,Temperature change,1967,1967,°C,-1.049,E
100,'356,India,7003,March,7271,Temperature change,1968,1968,°C,-0.524,E
100,'356,India,7003,March,7271,Temperature change,1969,1969,°C,1.257,E
100,'356,India,7003,March,7271,Temperature change,1970,1970,°C,-0.343,E
100,'356,India,7003,March,7271,Temperature change,1971,1971,°C,-0.534,E
100,'356,India,7003,March,7271,Temperature change,1972,1972,°C,0.121,E
100,'356,India,7003,March,7271,Temperature change,1973,1973,°C,0.239,E
100,'356,India,7003,March,7271,Temperature change,1974,1974,°C,0.944,E
100,'356,India,7003,March,7271,Temperature change,1975,1975,°C,-0.158,E
100,'356,India,7003,March,7271,Temperature change,1976,1976,°C,0.239,E
100,'356,India,7003,March,7271,Temperature change,1977,1977,°C,1.447,E
100,'356,India,7003,March,7271,Temperature change,1978,1978,°C,-1.089,E
100,'356,India,7003,March,7271,Temperature change,1979,1979,°C,-0.634,E
100,'356,India,7003,March,7271,Temperature change,1980,1980,°C,-0.009,E
100,'356,India,7003,March,7271,Temperature change,1981,1981,°C,-0.38,E
100,'356,India,7003,March,7271,Temperature change,1982,1982,°C,-1.007,E
100,'356,India,7003,March,7271,Temperature change,1983,1983,°C,-0.309,E
100,'356,India,7003,March,7271,Temperature change,1984,1984,°C,0.711,E
100,'356,India,7003,March,7271,Temperature change,1985,1985,°C,1.483,E
100,'356,India,7003,March,7271,Temperature change,1986,1986,°C,0.211,E
100,'356,India,7003,March,7271,Temperature change,1987,1987,°C,0.183,E
100,'356,India,7003,March,7271,Temperature change,1988,1988,°C,0.423,E
100,'356,India,7003,March,7271,Temperature change,1989,1989,°C,-0.43,E
100,'356,India,7003,March,7271,Temperature change,1990,1990,°C,-0.965,E
100,'356,India,7003,March,7271,Temperature change,1991,1991,°C,0.556,E
100,'356,India,7003,March,7271,Temperature change,1992,1992,°C,0.306,E
100,'356,India,7003,March,7271,Temperature change,1993,1993,°C,-0.791,E
100,'356,India,7003,March,7271,Temperature change,1994,1994,°C,1.183,E
100,'356,India,7003,March,7271,Temperature change,1995,1995,°C,-0.476,E
100,'356,India,7003,March,7271,Temperature change,1996,1996,°C,1.228,E
100,'356,India,7003,March,7271,Temperature change,1997,1997,°C,0.209,E
100,'356,India,7003,March,7271,Temperature change,1998,1998,°C,-0.471,E
100,'356,India,7003,March,7271,Temperature change,1999,1999,°C,1.043,E
100,'356,India,7003,March,7271,Temperature change,2000,2000,°C,-0.291,E
100,'356,India,7003,March,7271,Temperature change,2001,2001,°C,0.474,E
100,'356,India,7003,March,7271,Temperature change,2002,2002,°C,0.957,E
100,'356,India,7003,March,7271,Temperature change,2003,2003,°C,0.33,E
100,'356,India,7003,March,7271,Temperature change,2004,2004,°C,1.953,E
100,'356,India,7003,March,7271,Temperature change,2005,2005,°C,0.868,E
100,'356,India,7003,March,7271,Temperature change,2006,2006,°C,0.182,E
100,'356,India,7003,March,7271,Temperature change,2007,2007,°C,0.127,E
100,'356,India,7003,March,7271,Temperature change,2008,2008,°C,0.861,E
100,'356,India,7003,March,7271,Temperature change,2009,2009,°C,1.203,E
100,'356,India,7003,March,7271,Temperature change,2010,2010,°C,2.368,E
100,'356,India,7003,March,7271,Temperature change,2011,2011,°C,0.708,E
100,'356,India,7003,March,7271,Temperature change,2012,2012,°C,0.45,E
100,'356,India,7003,March,7271,Temperature change,2013,2013,°C,0.685,E
100,'356,India,7003,March,7271,Temperature change,2014,2014,°C,-0.217,E
100,'356,India,7003,March,7271,Temperature change,2015,2015,°C,0.039,E
100,'356,India,7003,March,7271,Temperature change,2016,2016,°C,1.747,E
100,'356,India,7003,March,7271,Temperature change,2017,2017,°C,0.743,E
100,'356,India,7003,March,7271,Temperature change,2018,2018,°C,1.58,E
100,'356,India,7003,March,7271,Temperature change,2019,2019,°C,0.324,E
100,'356,India,7003,March,7271,Temperature change,2020,2020,°C,-0.125,E
100,'356,India,7003,March,7271,Temperature change,2021,2021,°C,1.757,E
100,'356,India,7003,March,7271,Temperature change,2022,2022,°C,2.121,E
100,'356,India,7003,March,7271,Temperature change,2023,2023,°C,0.493,E
100,'356,India,7003,March,7271,Temperature change,2024,2024,°C,0.683,E
100,'356,India,7003,March,7271,Temperature change,2025,2025,°C,1.616,E
100,'356,India,7003,March,6078,Standard Deviation,1961,1961,°C,0.775,E
100,'356,India,7003,March,6078,Standard Deviation,1962,1962,°C,0.775,E
100,'356,India,7003,March,6078,Standard Deviation,1963,1963,°C,0.775,E
100,'356,India,7003,March,6078,Standard Deviation,1964,1964,°C,0.775,E
100,'356,India,7003,March,6078,Standard Deviation,1965,1965,°C,0.775,E
100,'356,India,7003,March,6078,Standard Deviation,1966,1966,°C,0.775,E
100,'356,India,7003,March,6078,Standard Deviation,1967,1967,°C,0.775,E
100,'356,India,7003,March,6078,Standard Deviation,1968,1968,°C,0.775,E
100,'356,India,7003,March,6078,Standard Deviation,1969,1969,°C,0.775,E
100,'356,India,7003,March,6078,Standard Deviation,1970,1970,°C,0.775,E
100,'356,India,7003,March,6078,Standard Deviation,1971,1971,°C,0.775,E
100,'356,India,7003,March,6078,Standard Deviation,1972,1972,°C,0.775,E
100,'356,India,7003,March,6078,Standard Deviation,1973,1973,°C,0.775,E
100,'356,India,7003,March,6078,Standard Deviation,1974,1974,°C,0.775,E
100,'356,India,7003,March,6078,Standard Deviation,1975,1975,°C,0.775,E
100,'356,India,7003,March,6078,Standard Deviation,1976,1976,°C,0.775,E
100,'356,India,7003,March,6078,Standard Deviation,1977,1977,°C,0.775,E
100,'356,India,7003,March,6078,Standard Deviation,1978,1978,°C,0.775,E
100,'356,India,7003,March,6078,Standard Deviation,1979,1979,°C,0.775,E
100,'356,India,7003,March,6078,Standard Deviation,1980,1980,°C,0.775,E
100,'356,India,7003,March,6078,Standard Deviation,1981,1981,°C,0.775,E
100,'356,India,7003,March,6078,Standard Deviation,1982,1982,°C,0.775,E
100,'356,India,7003,March,6078,Standard Deviation,1983,1983,°C,0.775,E
100,'356,India,7003,March,6078,Standard Deviation,1984,1984,°C,0.775,E
100,'356,India,7003,March,6078,Standard Deviation,1985,1985,°C,0.775,E
100,'356,India,7003,March,6078,Standard Deviation,1986,1986,°C,0.775,E
100,'356,India,7003,March,6078,Standard Deviation,1987,1987,°C,0.775,E
100,'356,India,7003,March,6078,Standard Deviation,1988,1988,°C,0.775,E
100,'356,India,7003,March,6078,Standard Deviation,1989,1989,°C,0.775,E
100,'356,India,7003,March,6078,Standard Deviation,1990,1990,°C,0.775,E
100,'356,India,7003,March,6078,Standard Deviation,1991,1991,°C,0.775,E
100,'356,India,7003,March,6078,Standard Deviation,1992,1992,°C,0.775,E
100,'356,India,7003,March,6078,Standard Deviation,1993,1993,°C,0.775,E
100,'356,India,7003,March,6078,Standard Deviation,1994,1994,°C,0.775,E
100,'356,India,7003,March,6078,Standard Deviation,1995,1995,°C,0.775,E
100,'356,India,7003,March,6078,Standard Deviation,1996,1996,°C,0.775,E
100,'356,India,7003,March,6078,Standard Deviation,1997,1997,°C,0.775,E
100,'356,India,7003,March,6078,Standard Deviation,1998,1998,°C,0.775,E
100,'356,India,7003,March,6078,Standard Deviation,1999,1999,°C,0.775,E
100,'356,India,7003,March,6078,Standard Deviation,2000,2000,°C,0.775,E
100,'356,India,7003,March,6078,Standard Deviation,2001,2001,°C,0.775,E
100,'356,India,7003,March,6078,Standard Deviation,2002,2002,°C,0.775,E
100,'356,India,7003,March,6078,Standard Deviation,2003,2003,°C,0.775,E
100,'356,India,7003,March,6078,Standard Deviation,2004,2004,°C,0.775,E
100,'356,India,7003,March,6078,Standard Deviation,2005,2005,°C,0.775,E
100,'356,India,7003,March,6078,Standard Deviation,2006,2006,°C,0.775,E
100,'356,India,7003,March,6078,Standard Deviation,2007,2007,°C,0.775,E
100,'356,India,7003,March,6078,Standard Deviation,2008,2008,°C,0.775,E
100,'356,India,7003,March,6078,Standard Deviation,2009,2009,°C,0.775,E
100,'356,India,7003,March,6078,Standard Deviation,2010,2010,°C,0.775,E
100,'356,India,7003,March,6078,Standard Deviation,2011,2011,°C,0.775,E
100,'356,India,7003,March,6078,Standard Deviation,2012,2012,°C,0.775,E
100,'356,India,7003,March,6078,Standard Deviation,2013,2013,°C,0.775,E
100,'356,India,7003,March,6078,Standard Deviation,2014,2014,°C,0.775,E
100,'356,India,7003,March,6078,Standard Deviation,2015,2015,°C,0.775,E
100,'356,India,7003,March,6078,Standard Deviation,2016,2016,°C,0.775,E
100,'356,India,7003,March,6078,Standard Deviation,2017,2017,°C,0.775,E
100,'356,India,7003,March,6078,Standard Deviation,2018,2018,°C,0.775,E
100,'356,India,7003,March,6078,Standard Deviation,2019,2019,°C,0.775,E
100,'356,India,7003,March,6078,Standard Deviation,2020,2020,°C,0.775,E
100,'356,India,7003,March,6078,Standard Deviation,2021,2021,°C,0.775,E
100,'356,India,7003,March,6078,Standard Deviation,2022,2022,°C,0.775,E
100,'356,India,7003,March,6078,Standard Deviation,2023,2023,°C,0.775,E
100,'356,India,7003,March,6078,Standard Deviation,2024,2024,°C,0.775,E
100,'356,India,7003,March,6078,Standard Deviation,2025,2025,°C,0.775,E
100,'356,India,7004,April,7271,Temperature change,1961,1961,°C,-0.012,E
100,'356,India,7004,April,7271,Temperature change,1962,1962,°C,-0.18,E
100,'356,India,7004,April,7271,Temperature change,1963,1963,°C,-0.771,E
100,'356,India,7004,April,7271,Temperature change,1964,1964,°C,0.592,E
100,'356,India,7004,April,7271,Temperature change,1965,1965,°C,-1.239,E
100,'356,India,7004,April,7271,Temperature change,1966,1966,°C,0.004,E
100,'356,India,7004,April,7271,Temperature change,1967,1967,°C,-0.762,E
100,'356,India,7004,April,7271,Temperature change,1968,1968,°C,-0.913,E
100,'356,India,7004,April,7271,Temperature change,1969,1969,°C,0.526,E
100,'356,India,7004,April,7271,Temperature change,1970,1970,°C,0.476,E
100,'356,India,7004,April,7271,Temperature change,1971,1971,°C,-0.089,E
100,'356,India,7004,April,7271,Temperature change,1972,1972,°C,-0.523,E
100,'356,India,7004,April,7271,Temperature change,1973,1973,°C,1.41,E
100,'356,India,7004,April,7271,Temperature change,1974,1974,°C,0.708,E
100,'356,India,7004,April,7271,Temperature change,1975,1975,°C,0.598,E
100,'356,India,7004,April,7271,Temperature change,1976,1976,°C,-0.468,E
100,'356,India,7004,April,7271,Temperature change,1977,1977,°C,-0.3,E
100,'356,India,7004,April,7271,Temperature change,1978,1978,°C,-0.123,E
100,'356,India,7004,April,7271,Temperature change,1979,1979,°C,0.265,E
100,'356,India,7004,April,7271,Temperature change,1980,1980,°C,1.129,E
100,'356,India,7004,April,7271,Temperature change,1981,1981,°C,0.06,E
100,'356,India,7004,April,7271,Temperature change,1982,1982,°C,-0.569,E
100,'356,India,7004,April,7271,Temperature change,1983,1983,°C,-1.192,E
100,'356,India,7004,April,7271,Temperature change,1984,1984,°C,0.278,E
100,'356,India,7004,April,7271,Temperature change,1985,1985,°C,0.423,E
100,'356,India,7004,April,7271,Temperature change,1986,1986,°C,0.127,E
100,'356,India,7004,April,7271,Temperature change,1987,1987,°C,0.413,E
100,'356,India,7004,April,7271,Temperature change,1988,1988,°C,0.631,E
100,'356,India,7004,April,7271,Temperature change,1989,1989,°C,-0.119,E
100,'356,India,7004,April,7271,Temperature change,1990,1990,°C,-0.098,E
100,'356,India,7004,April,7271,Temperature change,1991,1991,°C,-0.184,E
100,'356,India,7004,April,7271,Temperature change,1992,1992,°C,0.065,E
100,'356,India,7004,April,7271,Temperature change,1993,1993,°C,-0.15,E
100,'356,India,7004,April,7271,Temperature change,1994,1994,°C,-0.555,E
100,'356,India,7004,April,7271,Temperature change,1995,1995,°C,0.001,E
100,'356,India,7004,April,7271,Temperature change,1996,1996,°C,0.1,E
100,'356,India,7004,April,7271,Temperature change,1997,1997,°C,-1.291,E
100,'356,India,7004,April,7271,Temperature change,1998,1998,°C,0.607,E
100,'356,India,7004,April,7271,Temperature change,1999,1999,°C,1.313,E
100,'356,India,7004,April,7271,Temperature change,2000,2000,°C,1.111,E
100,'356,India,7004,April,7271,Temperature change,2001,2001,°C,-0.129,E
100,'356,India,7004,April,7271,Temperature change,2002,2002,°C,1.01,E
100,'356,India,7004,April,7271,Temperature change,2003,2003,°C,0.978,E
100,'356,India,7004,April,7271,Temperature change,2004,2004,°C,1.066,E
100,'356,India,7004,April,7271,Temperature change,2005,2005,°C,0.026,E
100,'356,India,7004,April,7271,Temperature change,2006,2006,°C,0.295,E
100,'356,India,7004,April,7271,Temperature change,2007,2007,°C,1.023,E
100,'356,India,7004,April,7271,Temperature change,2008,2008,°C,0.108,E
100,'356,India,7004,April,7271,Temperature change,2009,2009,°C,1.017,E
100,'356,India,7004,April,7271,Temperature change,2010,2010,°C,2.193,E
100,'356,India,7004,April,7271,Temperature change,2011,2011,°C,-0.278,E
100,'356,India,7004,April,7271,Temperature change,2012,2012,°C,0.398,E
100,'356,India,7004,April,7271,Temperature change,2013,2013,°C,0.272,E
100,'356,India,7004,April,7271,Temperature change,2014,2014,°C,0.426,E
100,'356,India,7004,April,7271,Temperature change,2015,2015,°C,-0.331,E
100,'356,India,7004,April,7271,Temperature change,2016,2016,°C,1.858,E
100,'356,India,7004,April,7271,Temperature change,2017,2017,°C,1.387,E
100,'356,India,7004,April,7271,Temperature change,2018,2018,°C,0.844,E
100,'356,India,7004,April,7271,Temperature change,2019,2019,°C,1.248,E
100,'356,India,7004,April,7271,Temperature change,2020,2020,°C,0.34,E
100,'356,India,7004,April,7271,Temperature change,2021,2021,°C,0.766,E
100,'356,India,7004,April,7271,Temperature change,2022,2022,°C,1.934,E
100,'356,India,7004,April,7271,Temperature change,2023,2023,°C,-0.126,E
100,'356,India,7004,April,7271,Temperature change,2024,2024,°C,1.182,E
100,'356,India,7004,April,7271,Temperature change,2025,2025,°C,1.455,E
100,'356,India,7004,April,6078,Standard Deviation,1961,1961,°C,0.707,E
100,'356,India,7004,April,6078,Standard Deviation,1962,1962,°C,0.707,E
100,'356,India,7004,April,6078,Standard Deviation,1963,1963,°C,0.707,E
100,'356,India,7004,April,6078,Standard Deviation,1964,1964,°C,0.707,E
100,'356,India,7004,April,6078,Standard Deviation,1965,1965,°C,0.707,E
100,'356,India,7004,April,6078,Standard Deviation,1966,1966,°C,0.707,E
100,'356,India,7004,April,6078,Standard Deviation,1967,1967,°C,0.707,E
100,'356,India,7004,April,6078,Standard Deviation,1968,1968,°C,0.707,E
100,'356,India,7004,April,6078,Standard Deviation,1969,1969,°C,0.707,E
100,'356,India,7004,April,6078,Standard Deviation,1970,1970,°C,0.707,E
100,'356,India,7004,April,6078,Standard Deviation,1971,1971,°C,0.707,E
100,'356,India,7004,April,6078,Standard Deviation,1972,1972,°C,0.707,E
100,'356,India,7004,April,6078,Standard Deviation,1973,1973,°C,0.707,E
100,'356,India,7004,April,6078,Standard Deviation,1974,1974,°C,0.707,E
100,'356,India,7004,April,6078,Standard Deviation,1975,1975,°C,0.707,E
100,'356,India,7004,April,6078,Standard Deviation,1976,1976,°C,0.707,E
100,'356,India,7004,April,6078,Standard Deviation,1977,1977,°C,0.707,E
100,'356,India,7004,April,6078,Standard Deviation,1978,1978,°C,0.707,E
100,'356,India,7004,April,6078,Standard Deviation,1979,1979,°C,0.707,E
100,'356,India,7004,April,6078,Standard Deviation,1980,1980,°C,0.707,E
100,'356,India,7004,April,6078,Standard Deviation,1981,1981,°C,0.707,E
100,'356,India,7004,April,6078,Standard Deviation,1982,1982,°C,0.707,E
100,'356,India,7004,April,6078,Standard Deviation,1983,1983,°C,0.707,E
100,'356,India,7004,April,6078,Standard Deviation,1984,1984,°C,0.707,E
100,'356,India,7004,April,6078,Standard Deviation,1985,1985,°C,0.707,E
100,'356,India,7004,April,6078,Standard Deviation,1986,1986,°C,0.707,E
100,'356,India,7004,April,6078,Standard Deviation,1987,1987,°C,0.707,E
100,'356,India,7004,April,6078,Standard Deviation,1988,1988,°C,0.707,E
100,'356,India,7004,April,6078,Standard Deviation,1989,1989,°C,0.707,E
100,'356,India,7004,April,6078,Standard Deviation,1990,1990,°C,0.707,E
100,'356,India,7004,April,6078,Standard Deviation,1991,1991,°C,0.707,E
100,'356,India,7004,April,6078,Standard Deviation,1992,1992,°C,0.707,E
100,'356,India,7004,April,6078,Standard Deviation,1993,1993,°C,0.707,E
100,'356,India,7004,April,6078,Standard Deviation,1994,1994,°C,0.707,E
100,'356,India,7004,April,6078,Standard Deviation,1995,1995,°C,0.707,E
100,'356,India,7004,April,6078,Standard Deviation,1996,1996,°C,0.707,E
100,'356,India,7004,April,6078,Standard Deviation,1997,1997,°C,0.707,E
100,'356,India,7004,April,6078,Standard Deviation,1998,1998,°C,0.707,E
100,'356,India,7004,April,6078,Standard Deviation,1999,1999,°C,0.707,E
100,'356,India,7004,April,6078,Standard Deviation,2000,2000,°C,0.707,E
100,'356,India,7004,April,6078,Standard Deviation,2001,2001,°C,0.707,E
100,'356,India,7004,April,6078,Standard Deviation,2002,2002,°C,0.707,E
100,'356,India,7004,April,6078,Standard Deviation,2003,2003,°C,0.707,E
100,'356,India,7004,April,6078,Standard Deviation,2004,2004,°C,0.707,E
100,'356,India,7004,April,6078,Standard Deviation,2005,2005,°C,0.707,E
100,'356,India,7004,April,6078,Standard Deviation,2006,2006,°C,0.707,E
100,'356,India,7004,April,6078,Standard Deviation,2007,2007,°C,0.707,E
100,'356,India,7004,April,6078,Standard Deviation,2008,2008,°C,0.707,E
100,'356,India,7004,April,6078,Standard Deviation,2009,2009,°C,0.707,E
100,'356,India,7004,April,6078,Standard Deviation,2010,2010,°C,0.707,E
100,'356,India,7004,April,6078,Standard Deviation,2011,2011,°C,0.707,E
100,'356,India,7004,April,6078,Standard Deviation,2012,2012,°C,0.707,E
100,'356,India,7004,April,6078,Standard Deviation,2013,2013,°C,0.707,E
100,'356,India,7004,April,6078,Standard Deviation,2014,2014,°C,0.707,E
100,'356,India,7004,April,6078,Standard Deviation,2015,2015,°C,0.707,E
100,'356,India,7004,April,6078,Standard Deviation,2016,2016,°C,0.707,E
100,'356,India,7004,April,6078,Standard Deviation,2017,2017,°C,0.707,E
100,'356,India,7004,April,6078,Standard Deviation,2018,2018,°C,0.707,E
100,'356,India,7004,April,6078,Standard Deviation,2019,2019,°C,0.707,E
100,'356,India,7004,April,6078,Standard Deviation,2020,2020,°C,0.707,E
100,'356,India,7004,April,6078,Standard Deviation,2021,2021,°C,0.707,E
100,'356,India,7004,April,6078,Standard Deviation,2022,2022,°C,0.707,E
100,'356,India,7004,April,6078,Standard Deviation,2023,2023,°C,0.707,E
100,'356,India,7004,April,6078,Standard Deviation,2024,2024,°C,0.707,E
100,'356,India,7004,April,6078,Standard Deviation,2025,2025,°C,0.707,E
100,'356,India,7005,May,7271,Temperature change,1961,1961,°C,-0.066,E
100,'356,India,7005,May,7271,Temperature change,1962,1962,°C,-0.328,E
100,'356,India,7005,May,7271,Temperature change,1963,1963,°C,-0.523,E
100,'356,India,7005,May,7271,Temperature change,1964,1964,°C,-0.169,E
100,'356,India,7005,May,7271,Temperature change,1965,1965,°C,-0.523,E
100,'356,India,7005,May,7271,Temperature change,1966,1966,°C,0.166,E
100,'356,India,7005,May,7271,Temperature change,1967,1967,°C,-0.058,E
100,'356,India,7005,May,7271,Temperature change,1968,1968,°C,-0.577,E
100,'356,India,7005,May,7271,Temperature change,1969,1969,°C,-0.312,E
100,'356,India,7005,May,7271,Temperature change,1970,1970,°C,0.493,E
100,'356,India,7005,May,7271,Temperature change,1971,1971,°C,-1.148,E
100,'356,India,7005,May,7271,Temperature change,1972,1972,°C,0.355,E
100,'356,India,7005,May,7271,Temperature change,1973,1973,°C,0.542,E
100,'356,India,7005,May,7271,Temperature change,1974,1974,°C,-0.379,E
100,'356,India,7005,May,7271,Temperature change,1975,1975,°C,0.515,E
100,'356,India,7005,May,7271,Temperature change,1976,1976,°C,-0.321,E
100,'356,India,7005,May,7271,Temperature change,1977,1977,°C,-1.151,E
100,'356,India,7005,May,7271,Temperature change,1978,1978,°C,0.746,E
100,'356,India,7005,May,7271,Temperature change,1979,1979,°C,-0.23,E
100,'356,India,7005,May,7271,Temperature change,1980,1980,°C,0.857,E
100,'356,India,7005,May,7271,Temperature change,1981,1981,°C,-0.005,E
100,'356,India,7005,May,7271,Temperature change,1982,1982,°C,-0.889,E
100,'356,India,7005,May,7271,Temperature change,1983,1983,°C,-0.4,E
100,'356,India,7005,May,7271,Temperature change,1984,1984,°C,0.998,E
100,'356,India,7005,May,7271,Temperature change,1985,1985,°C,0.509,E
100,'356,India,7005,May,7271,Temperature change,1986,1986,°C,-0.383,E
100,'356,India,7005,May,7271,Temperature change,1987,1987,°C,-0.702,E
100,'356,India,7005,May,7271,Temperature change,1988,1988,°C,1.196,E
100,'356,India,7005,May,7271,Temperature change,1989,1989,°C,0.476,E
100,'356,India,7005,May,7271,Temperature change,1990,1990,°C,-0.946,E
100,'356,India,7005,May,7271,Temperature change,1991,1991,°C,0.53,E
100,'356,India,7005,May,7271,Temperature change,1992,1992,°C,-0.267,E
100,'356,India,7005,May,7271,Temperature change,1993,1993,°C,0.446,E
100,'356,India,7005,May,7271,Temperature change,1994,1994,°C,0.683,E
100,'356,India,7005,May,7271,Temperature change,1995,1995,°C,0.178,E
100,'356,India,7005,May,7271,Temperature change,1996,1996,°C,0.527,E
100,'356,India,7005,May,7271,Temperature change,1997,1997,°C,-0.426,E
100,'356,India,7005,May,7271,Temperature change,1998,1998,°C,1.326,E
100,'356,India,7005,May,7271,Temperature change,1999,1999,°C,-0.158,E
100,'356,India,7005,May,7271,Temperature change,2000,2000,°C,0.03,E
100,'356,India,7005,May,7271,Temperature change,2001,2001,°C,0.377,E
100,'356,India,7005,May,7271,Temperature change,2002,2002,°C,1.007,E
100,'356,India,7005,May,7271,Temperature change,2003,2003,°C,0.783,E
100,'356,India,7005,May,7271,Temperature change,2004,2004,°C,0.065,E
100,'356,India,7005,May,7271,Temperature change,2005,2005,°C,0.135,E
100,'356,India,7005,May,7271,Temperature change,2006,2006,°C,0.266,E
100,'356,India,7005,May,7271,Temperature change,2007,2007,°C,0.449,E
100,'356,India,7005,May,7271,Temperature change,2008,2008,°C,0.094,E
100,'356,India,7005,May,7271,Temperature change,2009,2009,°C,0.547,E
100,'356,India,7005,May,7271,Temperature change,2010,2010,°C,1.264,E
100,'356,India,7005,May,7271,Temperature change,2011,2011,°C,0.463,E
100,'356,India,7005,May,7271,Temperature change,2012,2012,°C,0.899,E
100,'356,India,7005,May,7271,Temperature change,2013,2013,°C,1.013,E
100,'356,India,7005,May,7271,Temperature change,2014,2014,°C,-0.065,E
100,'356,India,7005,May,7271,Temperature change,2015,2015,°C,0.88,E
100,'356,India,7005,May,7271,Temperature change,2016,2016,°C,0.843,E
100,'356,India,7005,May,7271,Temperature change,2017,2017,°C,1.089,E
100,'356,India,7005,May,7271,Temperature change,2018,2018,°C,0.846,E
100,'356,India,7005,May,7271,Temperature change,2019,2019,°C,1.058,E
100,'356,India,7005,May,7271,Temperature change,2020,2020,°C,0.327,E
100,'356,India,7005,May,7271,Temperature change,2021,2021,°C,-0.759,E
100,'356,India,7005,May,7271,Temperature change,2022,2022,°C,0.521,E
100,'356,India,7005,May,7271,Temperature change,2023,2023,°C,-0.578,E
100,'356,India,7005,May,7271,Temperature change,2024,2024,°C,1.036,E
100,'356,India,7005,May,7271,Temperature change,2025,2025,°C,-0.593,E
100,'356,India,7005,May,6078,Standard Deviation,1961,1961,°C,0.536,E
100,'356,India,7005,May,6078,Standard Deviation,1962,1962,°C,0.536,E
100,'356,India,7005,May,6078,Standard Deviation,1963,1963,°C,0.536,E
100,'356,India,7005,May,6078,Standard Deviation,1964,1964,°C,0.536,E
100,'356,India,7005,May,6078,Standard Deviation,1965,1965,°C,0.536,E
100,'356,India,7005,May,6078,Standard Deviation,1966,1966,°C,0.536,E
100,'356,India,7005,May,6078,Standard Deviation,1967,1967,°C,0.536,E
100,'356,India,7005,May,6078,Standard Deviation,1968,1968,°C,0.536,E
100,'356,India,7005,May,6078,Standard Deviation,1969,1969,°C,0.536,E
100,'356,India,7005,May,6078,Standard Deviation,1970,1970,°C,0.536,E
100,'356,India,7005,May,6078,Standard Deviation,1971,1971,°C,0.536,E
100,'356,India,7005,May,6078,Standard Deviation,1972,1972,°C,0.536,E
100,'356,India,7005,May,6078,Standard Deviation,1973,1973,°C,0.536,E
100,'356,India,7005,May,6078,Standard Deviation,1974,1974,°C,0.536,E
100,'356,India,7005,May,6078,Standard Deviation,1975,1975,°C,0.536,E
100,'356,India,7005,May,6078,Standard Deviation,1976,1976,°C,0.536,E
100,'356,India,7005,May,6078,Standard Deviation,1977,1977,°C,0.536,E
100,'356,India,7005,May,6078,Standard Deviation,1978,1978,°C,0.536,E
100,'356,India,7005,May,6078,Standard Deviation,1979,1979,°C,0.536,E
100,'356,India,7005,May,6078,Standard Deviation,1980,1980,°C,0.536,E
100,'356,India,7005,May,6078,Standard Deviation,1981,1981,°C,0.536,E
100,'356,India,7005,May,6078,Standard Deviation,1982,1982,°C,0.536,E
100,'356,India,7005,May,6078,Standard Deviation,1983,1983,°C,0.536,E
100,'356,India,7005,May,6078,Standard Deviation,1984,1984,°C,0.536,E
100,'356,India,7005,May,6078,Standard Deviation,1985,1985,°C,0.536,E
100,'356,India,7005,May,6078,Standard Deviation,1986,1986,°C,0.536,E
100,'356,India,7005,May,6078,Standard Deviation,1987,1987,°C,0.536,E
100,'356,India,7005,May,6078,Standard Deviation,1988,1988,°C,0.536,E
100,'356,India,7005,May,6078,Standard Deviation,1989,1989,°C,0.536,E
100,'356,India,7005,May,6078,Standard Deviation,1990,1990,°C,0.536,E
100,'356,India,7005,May,6078,Standard Deviation,1991,1991,°C,0.536,E
100,'356,India,7005,May,6078,Standard Deviation,1992,1992,°C,0.536,E
100,'356,India,7005,May,6078,Standard Deviation,1993,1993,°C,0.536,E
100,'356,India,7005,May,6078,Standard Deviation,1994,1994,°C,0.536,E
100,'356,India,7005,May,6078,Standard Deviation,1995,1995,°C,0.536,E
100,'356,India,7005,May,6078,Standard Deviation,1996,1996,°C,0.536,E
100,'356,India,7005,May,6078,Standard Deviation,1997,1997,°C,0.536,E
100,'356,India,7005,May,6078,Standard Deviation,1998,1998,°C,0.536,E
100,'356,India,7005,May,6078,Standard Deviation,1999,1999,°C,0.536,E
100,'356,India,7005,May,6078,Standard Deviation,2000,2000,°C,0.536,E
100,'356,India,7005,May,6078,Standard Deviation,2001,2001,°C,0.536,E
100,'356,India,7005,May,6078,Standard Deviation,2002,2002,°C,0.536,E
100,'356,India,7005,May,6078,Standard Deviation,2003,2003,°C,0.536,E
100,'356,India,7005,May,6078,Standard Deviation,2004,2004,°C,0.536,E
100,'356,India,7005,May,6078,Standard Deviation,2005,2005,°C,0.536,E
100,'356,India,7005,May,6078,Standard Deviation,2006,2006,°C,0.536,E
100,'356,India,7005,May,6078,Standard Deviation,2007,2007,°C,0.536,E
100,'356,India,7005,May,6078,Standard Deviation,2008,2008,°C,0.536,E
100,'356,India,7005,May,6078,Standard Deviation,2009,2009,°C,0.536,E
100,'356,India,7005,May,6078,Standard Deviation,2010,2010,°C,0.536,E
100,'356,India,7005,May,6078,Standard Deviation,2011,2011,°C,0.536,E
100,'356,India,7005,May,6078,Standard Deviation,2012,2012,°C,0.536,E
100,'356,India,7005,May,6078,Standard Deviation,2013,2013,°C,0.536,E
100,'356,India,7005,May,6078,Standard Deviation,2014,2014,°C,0.536,E
100,'356,India,7005,May,6078,Standard Deviation,2015,2015,°C,0.536,E
100,'356,India,7005,May,6078,Standard Deviation,2016,2016,°C,0.536,E
100,'356,India,7005,May,6078,Standard Deviation,2017,2017,°C,0.536,E
100,'356,India,7005,May,6078,Standard Deviation,2018,2018,°C,0.536,E
100,'356,India,7005,May,6078,Standard Deviation,2019,2019,°C,0.536,E
100,'356,India,7005,May,6078,Standard Deviation,2020,2020,°C,0.536,E
100,'356,India,7005,May,6078,Standard Deviation,2021,2021,°C,0.536,E
100,'356,India,7005,May,6078,Standard Deviation,2022,2022,°C,0.536,E
100,'356,India,7005,May,6078,Standard Deviation,2023,2023,°C,0.536,E
100,'356,India,7005,May,6078,Standard Deviation,2024,2024,°C,0.536,E
100,'356,India,7005,May,6078,Standard Deviation,2025,2025,°C,0.536,E
100,'356,India,7006,June,7271,Temperature change,1961,1961,°C,-0.571,E
100,'356,India,7006,June,7271,Temperature change,1962,1962,°C,0.031,E
100,'356,India,7006,June,7271,Temperature change,1963,1963,°C,-0.146,E
100,'356,India,7006,June,7271,Temperature change,1964,1964,°C,0.038,E
100,'356,India,7006,June,7271,Temperature change,1965,1965,°C,0.637,E
100,'356,India,7006,June,7271,Temperature change,1966,1966,°C,-0.04,E
100,'356,India,7006,June,7271,Temperature change,1967,1967,°C,0.299,E
100,'356,India,7006,June,7271,Temperature change,1968,1968,°C,0.049,E
100,'356,India,7006,June,7271,Temperature change,1969,1969,°C,0.526,E
100,'356,India,7006,June,7271,Temperature change,1970,1970,°C,-0.812,E
100,'356,India,7006,June,7271,Temperature change,1971,1971,°C,-1.478,E
100,'356,India,7006,June,7271,Temperature change,1972,1972,°C,1.156,E
100,'356,India,7006,June,7271,Temperature change,1973,1973,°C,-0.012,E
100,'356,India,7006,June,7271,Temperature change,1974,1974,°C,-0.141,E
100,'356,India,7006,June,7271,Temperature change,1975,1975,°C,-0.354,E
100,'356,India,7006,June,7271,Temperature change,1976,1976,°C,-0.537,E
100,'356,India,7006,June,7271,Temperature change,1977,1977,°C,-0.437,E
100,'356,India,7006,June,7271,Temperature change,1978,1978,°C,-0.63,E
100,'356,India,7006,June,7271,Temperature change,1979,1979,°C,0.779,E
100,'356,India,7006,June,7271,Temperature change,1980,1980,°C,-0.61,E
100,'356,India,7006,June,7271,Temperature change,1981,1981,°C,0.56,E
100,'356,India,7006,June,7271,Temperature change,1982,1982,°C,0.105,E
100,'356,India,7006,June,7271,Temperature change,1983,1983,°C,0.583,E
100,'356,India,7006,June,7271,Temperature change,1984,1984,°C,-0.326,E
100,'356,India,7006,June,7271,Temperature change,1985,1985,°C,-0.164,E
100,'356,India,7006,June,7271,Temperature change,1986,1986,°C,0.152,E
100,'356,India,7006,June,7271,Temperature change,1987,1987,°C,1.024,E
100,'356,India,7006,June,7271,Temperature change,1988,1988,°C,0.217,E
100,'356,India,7006,June,7271,Temperature change,1989,1989,°C,-0.744,E
100,'356,India,7006,June,7271,Temperature change,1990,1990,°C,-0.322,E
100,'356,India,7006,June,7271,Temperature change,1991,1991,°C,-0.169,E
100,'356,India,7006,June,7271,Temperature change,1992,1992,°C,0.811,E
100,'356,India,7006,June,7271,Temperature change,1993,1993,°C,0.419,E
100,'356,India,7006,June,7271,Temperature change,1994,1994,°C,-0.043,E
100,'356,India,7006,June,7271,Temperature change,1995,1995,°C,1.559,E
100,'356,India,7006,June,7271,Temperature change,1996,1996,°C,0.012,E
100,'356,India,7006,June,7271,Temperature change,1997,1997,°C,-0.078,E
100,'356,India,7006,June,7271,Temperature change,1998,1998,°C,1.09,E
100,'356,India,7006,June,7271,Temperature change,1999,1999,°C,-0.537,E
100,'356,India,7006,June,7271,Temperature change,2000,2000,°C,-0.562,E
100,'356,India,7006,June,7271,Temperature change,2001,2001,°C,-0.868,E
100,'356,India,7006,June,7271,Temperature change,2002,2002,°C,0.379,E
100,'356,India,7006,June,7271,Temperature change,2003,2003,°C,1.009,E
100,'356,India,7006,June,7271,Temperature change,2004,2004,°C,-0.194,E
100,'356,India,7006,June,7271,Temperature change,2005,2005,°C,1.486,E
100,'356,India,7006,June,7271,Temperature change,2006,2006,°C,0.123,E
100,'356,India,7006,June,7271,Temperature change,2007,2007,°C,0.271,E
100,'356,India,7006,June,7271,Temperature change,2008,2008,°C,-0.932,E
100,'356,India,7006,June,7271,Temperature change,2009,2009,°C,1.336,E
100,'356,India,7006,June,7271,Temperature change,2010,2010,°C,1.0,E
100,'356,India,7006,June,7271,Temperature change,2011,2011,°C,-0.232,E
100,'356,India,7006,June,7271,Temperature change,2012,2012,°C,1.354,E
100,'356,India,7006,June,7271,Temperature change,2013,2013,°C,-0.469,E
100,'356,India,7006,June,7271,Temperature change,2014,2014,°C,1.559,E
100,'356,India,7006,June,7271,Temperature change,2015,2015,°C,0.217,E
100,'356,India,7006,June,7271,Temperature change,2016,2016,°C,0.85,E
100,'356,India,7006,June,7271,Temperature change,2017,2017,°C,0.363,E
100,'356,India,7006,June,7271,Temperature change,2018,2018,°C,0.608,E
100,'356,India,7006,June,7271,Temperature change,2019,2019,°C,1.795,E
100,'356,India,7006,June,7271,Temperature change,2020,2020,°C,-0.243,E
100,'356,India,7006,June,7271,Temperature change,2021,2021,°C,-0.385,E
100,'356,India,7006,June,7271,Temperature change,2022,2022,°C,0.854,E
100,'356,India,7006,June,7271,Temperature change,2023,2023,°C,0.933,E
100,'356,India,7006,June,7271,Temperature change,2024,2024,°C,1.264,E
100,'356,India,7006,June,7271,Temperature change,2025,2025,°C,-0.081,E
100,'356,India,7006,June,6078,Standard Deviation,1961,1961,°C,0.621,E
100,'356,India,7006,June,6078,Standard Deviation,1962,1962,°C,0.621,E
100,'356,India,7006,June,6078,Standard Deviation,1963,1963,°C,0.621,E
100,'356,India,7006,June,6078,Standard Deviation,1964,1964,°C,0.621,E
100,'356,India,7006,June,6078,Standard Deviation,1965,1965,°C,0.621,E
100,'356,India,7006,June,6078,Standard Deviation,1966,1966,°C,0.621,E
100,'356,India,7006,June,6078,Standard Deviation,1967,1967,°C,0.621,E
100,'356,India,7006,June,6078,Standard Deviation,1968,1968,°C,0.621,E
100,'356,India,7006,June,6078,Standard Deviation,1969,1969,°C,0.621,E
100,'356,India,7006,June,6078,Standard Deviation,1970,1970,°C,0.621,E
100,'356,India,7006,June,6078,Standard Deviation,1971,1971,°C,0.621,E
100,'356,India,7006,June,6078,Standard Deviation,1972,1972,°C,0.621,E
100,'356,India,7006,June,6078,Standard Deviation,1973,1973,°C,0.621,E
100,'356,India,7006,June,6078,Standard Deviation,1974,1974,°C,0.621,E
100,'356,India,7006,June,6078,Standard Deviation,1975,1975,°C,0.621,E
100,'356,India,7006,June,6078,Standard Deviation,1976,1976,°C,0.621,E
100,'356,India,7006,June,6078,Standard Deviation,1977,1977,°C,0.621,E
100,'356,India,7006,June,6078,Standard Deviation,1978,1978,°C,0.621,E
100,'356,India,7006,June,6078,Standard Deviation,1979,1979,°C,0.621,E
100,'356,India,7006,June,6078,Standard Deviation,1980,1980,°C,0.621,E
100,'356,India,7006,June,6078,Standard Deviation,1981,1981,°C,0.621,E
100,'356,India,7006,June,6078,Standard Deviation,1982,1982,°C,0.621,E
100,'356,India,7006,June,6078,Standard Deviation,1983,1983,°C,0.621,E
100,'356,India,7006,June,6078,Standard Deviation,1984,1984,°C,0.621,E
100,'356,India,7006,June,6078,Standard Deviation,1985,1985,°C,0.621,E
100,'356,India,7006,June,6078,Standard Deviation,1986,1986,°C,0.621,E
100,'356,India,7006,June,6078,Standard Deviation,1987,1987,°C,0.621,E
100,'356,India,7006,June,6078,Standard Deviation,1988,1988,°C,0.621,E
100,'356,India,7006,June,6078,Standard Deviation,1989,1989,°C,0.621,E
100,'356,India,7006,June,6078,Standard Deviation,1990,1990,°C,0.621,E
100,'356,India,7006,June,6078,Standard Deviation,1991,1991,°C,0.621,E
100,'356,India,7006,June,6078,Standard Deviation,1992,1992,°C,0.621,E
100,'356,India,7006,June,6078,Standard Deviation,1993,1993,°C,0.621,E
100,'356,India,7006,June,6078,Standard Deviation,1994,1994,°C,0.621,E
100,'356,India,7006,June,6078,Standard Deviation,1995,1995,°C,0.621,E
100,'356,India,7006,June,6078,Standard Deviation,1996,1996,°C,0.621,E
100,'356,India,7006,June,6078,Standard Deviation,1997,1997,°C,0.621,E
100,'356,India,7006,June,6078,Standard Deviation,1998,1998,°C,0.621,E
100,'356,India,7006,June,6078,Standard Deviation,1999,1999,°C,0.621,E
100,'356,India,7006,June,6078,Standard Deviation,2000,2000,°C,0.621,E
100,'356,India,7006,June,6078,Standard Deviation,2001,2001,°C,0.621,E
100,'356,India,7006,June,6078,Standard Deviation,2002,2002,°C,0.621,E
100,'356,India,7006,June,6078,Standard Deviation,2003,2003,°C,0.621,E
100,'356,India,7006,June,6078,Standard Deviation,2004,2004,°C,0.621,E
100,'356,India,7006,June,6078,Standard Deviation,2005,2005,°C,0.621,E
100,'356,India,7006,June,6078,Standard Deviation,2006,2006,°C,0.621,E
100,'356,India,7006,June,6078,Standard Deviation,2007,2007,°C,0.621,E
100,'356,India,7006,June,6078,Standard Deviation,2008,2008,°C,0.621,E
100,'356,India,7006,June,6078,Standard Deviation,2009,2009,°C,0.621,E
100,'356,India,7006,June,6078,Standard Deviation,2010,2010,°C,0.621,E
100,'356,India,7006,June,6078,Standard Deviation,2011,2011,°C,0.621,E
100,'356,India,7006,June,6078,Standard Deviation,2012,2012,°C,0.621,E
100,'356,India,7006,June,6078,Standard Deviation,2013,2013,°C,0.621,E
100,'356,India,7006,June,6078,Standard Deviation,2014,2014,°C,0.621,E
100,'356,India,7006,June,6078,Standard Deviation,2015,2015,°C,0.621,E
100,'356,India,7006,June,6078,Standard Deviation,2016,2016,°C,0.621,E
100,'356,India,7006,June,6078,Standard Deviation,2017,2017,°C,0.621,E
100,'356,India,7006,June,6078,Standard Deviation,2018,2018,°C,0.621,E
100,'356,India,7006,June,6078,Standard Deviation,2019,2019,°C,0.621,E
100,'356,India,7006,June,6078,Standard Deviation,2020,2020,°C,0.621,E
100,'356,India,7006,June,6078,Standard Deviation,2021,2021,°C,0.621,E
100,'356,India,7006,June,6078,Standard Deviation,2022,2022,°C,0.621,E
100,'356,India,7006,June,6078,Standard Deviation,2023,2023,°C,0.621,E
100,'356,India,7006,June,6078,Standard Deviation,2024,2024,°C,0.621,E
100,'356,India,7006,June,6078,Standard Deviation,2025,2025,°C,0.621,E
100,'356,India,7007,July,7271,Temperature change,1961,1961,°C,-0.252,E
100,'356,India,7007,July,7271,Temperature change,1962,1962,°C,0.274,E
100,'356,India,7007,July,7271,Temperature change,1963,1963,°C,0.497,E
100,'356,India,7007,July,7271,Temperature change,1964,1964,°C,-0.304,E
100,'356,India,7007,July,7271,Temperature change,1965,1965,°C,0.069,E
100,'356,India,7007,July,7271,Temperature change,1966,1966,°C,0.848,E
100,'356,India,7007,July,7271,Temperature change,1967,1967,°C,0.097,E
100,'356,India,7007,July,7271,Temperature change,1968,1968,°C,0.055,E
100,'356,India,7007,July,7271,Temperature change,1969,1969,°C,0.155,E
100,'356,India,7007,July,7271,Temperature change,1970,1970,°C,0.212,E
100,'356,India,7007,July,7271,Temperature change,1971,1971,°C,-0.525,E
100,'356,India,7007,July,7271,Temperature change,1972,1972,°C,0.655,E
100,'356,India,7007,July,7271,Temperature change,1973,1973,°C,0.089,E
100,'356,India,7007,July,7271,Temperature change,1974,1974,°C,0.018,E
100,'356,India,7007,July,7271,Temperature change,1975,1975,°C,-0.54,E
100,'356,India,7007,July,7271,Temperature change,1976,1976,°C,-0.066,E
100,'356,India,7007,July,7271,Temperature change,1977,1977,°C,-0.349,E
100,'356,India,7007,July,7271,Temperature change,1978,1978,°C,-0.668,E
100,'356,India,7007,July,7271,Temperature change,1979,1979,°C,0.517,E
100,'356,India,7007,July,7271,Temperature change,1980,1980,°C,-0.114,E
100,'356,India,7007,July,7271,Temperature change,1981,1981,°C,-0.085,E
100,'356,India,7007,July,7271,Temperature change,1982,1982,°C,0.966,E
100,'356,India,7007,July,7271,Temperature change,1983,1983,°C,0.54,E
100,'356,India,7007,July,7271,Temperature change,1984,1984,°C,-0.299,E
100,'356,India,7007,July,7271,Temperature change,1985,1985,°C,-0.41,E
100,'356,India,7007,July,7271,Temperature change,1986,1986,°C,-0.066,E
100,'356,India,7007,July,7271,Temperature change,1987,1987,°C,1.252,E
100,'356,India,7007,July,7271,Temperature change,1988,1988,°C,-0.104,E
100,'356,India,7007,July,7271,Temperature change,1989,1989,°C,0.02,E
100,'356,India,7007,July,7271,Temperature change,1990,1990,°C,-0.334,E
100,'356,India,7007,July,7271,Temperature change,1991,1991,°C,0.71,E
100,'356,India,7007,July,7271,Temperature change,1992,1992,°C,0.538,E
100,'356,India,7007,July,7271,Temperature change,1993,1993,°C,0.389,E
100,'356,India,7007,July,7271,Temperature change,1994,1994,°C,-0.515,E
100,'356,India,7007,July,7271,Temperature change,1995,1995,°C,0.375,E
100,'356,India,7007,July,7271,Temperature change,1996,1996,°C,0.415,E
100,'356,India,7007,July,7271,Temperature change,1997,1997,°C,0.55,E
100,'356,India,7007,July,7271,Temperature change,1998,1998,°C,0.686,E
100,'356,India,7007,July,7271,Temperature change,1999,1999,°C,0.412,E
100,'356,India,7007,July,7271,Temperature change,2000,2000,°C,0.168,E
100,'356,India,7007,July,7271,Temperature change,2001,2001,°C,0.182,E
100,'356,India,7007,July,7271,Temperature change,2002,2002,°C,1.743,E
100,'356,India,7007,July,7271,Temperature change,2003,2003,°C,0.391,E
100,'356,India,7007,July,7271,Temperature change,2004,2004,°C,0.759,E
100,'356,India,7007,July,7271,Temperature change,2005,2005,°C,0.366,E
100,'356,India,7007,July,7271,Temperature change,2006,2006,°C,0.664,E
100,'356,India,7007,July,7271,Temperature change,2007,2007,°C,0.686,E
100,'356,India,7007,July,7271,Temperature change,2008,2008,°C,0.443,E
100,'356,India,7007,July,7271,Temperature change,2009,2009,°C,0.902,E
100,'356,India,7007,July,7271,Temperature change,2010,2010,°C,0.735,E
100,'356,India,7007,July,7271,Temperature change,2011,2011,°C,0.592,E
100,'356,India,7007,July,7271,Temperature change,2012,2012,°C,0.859,E
100,'356,India,7007,July,7271,Temperature change,2013,2013,°C,0.174,E
100,'356,India,7007,July,7271,Temperature change,2014,2014,°C,1.064,E
100,'356,India,7007,July,7271,Temperature change,2015,2015,°C,1.082,E
100,'356,India,7007,July,7271,Temperature change,2016,2016,°C,0.494,E
100,'356,India,7007,July,7271,Temperature change,2017,2017,°C,0.58,E
100,'356,India,7007,July,7271,Temperature change,2018,2018,°C,0.612,E
100,'356,India,7007,July,7271,Temperature change,2019,2019,°C,1.182,E
100,'356,India,7007,July,7271,Temperature change,2020,2020,°C,1.219,E
100,'356,India,7007,July,7271,Temperature change,2021,2021,°C,1.021,E
100,'356,India,7007,July,7271,Temperature change,2022,2022,°C,0.556,E
100,'356,India,7007,July,7271,Temperature change,2023,2023,°C,0.845,E
100,'356,India,7007,July,7271,Temperature change,2024,2024,°C,1.096,E
100,'356,India,7007,July,7271,Temperature change,2025,2025,°C,0.53,E
100,'356,India,7007,July,6078,Standard Deviation,1961,1961,°C,0.388,E
100,'356,India,7007,July,6078,Standard Deviation,1962,1962,°C,0.388,E
100,'356,India,7007,July,6078,Standard Deviation,1963,1963,°C,0.388,E
100,'356,India,7007,July,6078,Standard Deviation,1964,1964,°C,0.388,E
100,'356,India,7007,July,6078,Standard Deviation,1965,1965,°C,0.388,E
100,'356,India,7007,July,6078,Standard Deviation,1966,1966,°C,0.388,E
100,'356,India,7007,July,6078,Standard Deviation,1967,1967,°C,0.388,E
100,'356,India,7007,July,6078,Standard Deviation,1968,1968,°C,0.388,E
100,'356,India,7007,July,6078,Standard Deviation,1969,1969,°C,0.388,E
100,'356,India,7007,July,6078,Standard Deviation,1970,1970,°C,0.388,E
100,'356,India,7007,July,6078,Standard Deviation,1971,1971,°C,0.388,E
100,'356,India,7007,July,6078,Standard Deviation,1972,1972,°C,0.388,E
100,'356,India,7007,July,6078,Standard Deviation,1973,1973,°C,0.388,E
100,'356,India,7007,July,6078,Standard Deviation,1974,1974,°C,0.388,E
100,'356,India,7007,July,6078,Standard Deviation,1975,1975,°C,0.388,E
100,'356,India,7007,July,6078,Standard Deviation,1976,1976,°C,0.388,E
100,'356,India,7007,July,6078,Standard Deviation,1977,1977,°C,0.388,E
100,'356,India,7007,July,6078,Standard Deviation,1978,1978,°C,0.388,E
100,'356,India,7007,July,6078,Standard Deviation,1979,1979,°C,0.388,E
100,'356,India,7007,July,6078,Standard Deviation,1980,1980,°C,0.388,E
100,'356,India,7007,July,6078,Standard Deviation,1981,1981,°C,0.388,E
100,'356,India,7007,July,6078,Standard Deviation,1982,1982,°C,0.388,E
100,'356,India,7007,July,6078,Standard Deviation,1983,1983,°C,0.388,E
100,'356,India,7007,July,6078,Standard Deviation,1984,1984,°C,0.388,E
100,'356,India,7007,July,6078,Standard Deviation,1985,1985,°C,0.388,E
100,'356,India,7007,July,6078,Standard Deviation,1986,1986,°C,0.388,E
100,'356,India,7007,July,6078,Standard Deviation,1987,1987,°C,0.388,E
100,'356,India,7007,July,6078,Standard Deviation,1988,1988,°C,0.388,E
100,'356,India,7007,July,6078,Standard Deviation,1989,1989,°C,0.388,E
100,'356,India,7007,July,6078,Standard Deviation,1990,1990,°C,0.388,E
100,'356,India,7007,July,6078,Standard Deviation,1991,1991,°C,0.388,E
100,'356,India,7007,July,6078,Standard Deviation,1992,1992,°C,0.388,E
100,'356,India,7007,July,6078,Standard Deviation,1993,1993,°C,0.388,E
100,'356,India,7007,July,6078,Standard Deviation,1994,1994,°C,0.388,E
100,'356,India,7007,July,6078,Standard Deviation,1995,1995,°C,0.388,E
100,'356,India,7007,July,6078,Standard Deviation,1996,1996,°C,0.388,E
100,'356,India,7007,July,6078,Standard Deviation,1997,1997,°C,0.388,E
100,'356,India,7007,July,6078,Standard Deviation,1998,1998,°C,0.388,E
100,'356,India,7007,July,6078,Standard Deviation,1999,1999,°C,0.388,E
100,'356,India,7007,July,6078,Standard Deviation,2000,2000,°C,0.388,E
100,'356,India,7007,July,6078,Standard Deviation,2001,2001,°C,0.388,E
100,'356,India,7007,July,6078,Standard Deviation,2002,2002,°C,0.388,E
100,'356,India,7007,July,6078,Standard Deviation,2003,2003,°C,0.388,E
100,'356,India,7007,July,6078,Standard Deviation,2004,2004,°C,0.388,E
100,'356,India,7007,July,6078,Standard Deviation,2005,2005,°C,0.388,E
100,'356,India,7007,July,6078,Standard Deviation,2006,2006,°C,0.388,E
100,'356,India,7007,July,6078,Standard Deviation,2007,2007,°C,0.388,E
100,'356,India,7007,July,6078,Standard Deviation,2008,2008,°C,0.388,E
100,'356,India,7007,July,6078,Standard Deviation,2009,2009,°C,0.388,E
100,'356,India,7007,July,6078,Standard Deviation,2010,2010,°C,0.388,E
100,'356,India,7007,July,6078,Standard Deviation,2011,2011,°C,0.388,E
100,'356,India,7007,July,6078,Standard Deviation,2012,2012,°C,0.388,E
100,'356,India,7007,July,6078,Standard Deviation,2013,2013,°C,0.388,E
100,'356,India,7007,July,6078,Standard Deviation,2014,2014,°C,0.388,E
100,'356,India,7007,July,6078,Standard Deviation,2015,2015,°C,0.388,E
100,'356,India,7007,July,6078,Standard Deviation,2016,2016,°C,0.388,E
100,'356,India,7007,July,6078,Standard Deviation,2017,2017,°C,0.388,E
100,'356,India,7007,July,6078,Standard Deviation,2018,2018,°C,0.388,E
100,'356,India,7007,July,6078,Standard Deviation,2019,2019,°C,0.388,E
100,'356,India,7007,July,6078,Standard Deviation,2020,2020,°C,0.388,E
100,'356,India,7007,July,6078,Standard Deviation,2021,2021,°C,0.388,E
100,'356,India,7007,July,6078,Standard Deviation,2022,2022,°C,0.388,E
100,'356,India,7007,July,6078,Standard Deviation,2023,2023,°C,0.388,E
100,'356,India,7007,July,6078,Standard Deviation,2024,2024,°C,0.388,E
100,'356,India,7007,July,6078,Standard Deviation,2025,2025,°C,0.388,E
100,'356,India,7008,August,7271,Temperature change,1961,1961,°C,0.063,E
100,'356,India,7008,August,7271,Temperature change,1962,1962,°C,-0.051,E
100,'356,India,7008,August,7271,Temperature change,1963,1963,°C,0.085,E
100,'356,India,7008,August,7271,Temperature change,1964,1964,°C,-0.016,E
100,'356,India,7008,August,7271,Temperature change,1965,1965,°C,0.092,E
100,'356,India,7008,August,7271,Temperature change,1966,1966,°C,0.269,E
100,'356,India,7008,August,7271,Temperature change,1967,1967,°C,-0.196,E
100,'356,India,7008,August,7271,Temperature change,1968,1968,°C,0.127,E
100,'356,India,7008,August,7271,Temperature change,1969,1969,°C,-0.008,E
100,'356,India,7008,August,7271,Temperature change,1970,1970,°C,0.054,E
100,'356,India,7008,August,7271,Temperature change,1971,1971,°C,-0.435,E
100,'356,India,7008,August,7271,Temperature change,1972,1972,°C,0.236,E
100,'356,India,7008,August,7271,Temperature change,1973,1973,°C,-0.137,E
100,'356,India,7008,August,7271,Temperature change,1974,1974,°C,0.256,E
100,'356,India,7008,August,7271,Temperature change,1975,1975,°C,-0.05,E
100,'356,India,7008,August,7271,Temperature change,1976,1976,°C,-0.452,E
100,'356,India,7008,August,7271,Temperature change,1977,1977,°C,0.06,E
100,'356,India,7008,August,7271,Temperature change,1978,1978,°C,-0.333,E
100,'356,India,7008,August,7271,Temperature change,1979,1979,°C,0.309,E
100,'356,India,7008,August,7271,Temperature change,1980,1980,°C,0.05,E
100,'356,India,7008,August,7271,Temperature change,1981,1981,°C,0.158,E
100,'356,India,7008,August,7271,Temperature change,1982,1982,°C,0.151,E
100,'356,India,7008,August,7271,Temperature change,1983,1983,°C,0.303,E
100,'356,India,7008,August,7271,Temperature change,1984,1984,°C,-0.158,E
100,'356,India,7008,August,7271,Temperature change,1985,1985,°C,0.077,E
100,'356,India,7008,August,7271,Temperature change,1986,1986,°C,0.021,E
100,'356,India,7008,August,7271,Temperature change,1987,1987,°C,1.021,E
100,'356,India,7008,August,7271,Temperature change,1988,1988,°C,0.234,E
100,'356,India,7008,August,7271,Temperature change,1989,1989,°C,0.034,E
100,'356,India,7008,August,7271,Temperature change,1990,1990,°C,0.277,E
100,'356,India,7008,August,7271,Temperature change,1991,1991,°C,-0.012,E
100,'356,India,7008,August,7271,Temperature change,1992,1992,°C,0.017,E
100,'356,India,7008,August,7271,Temperature change,1993,1993,°C,0.634,E
100,'356,India,7008,August,7271,Temperature change,1994,1994,°C,-0.168,E
100,'356,India,7008,August,7271,Temperature change,1995,1995,°C,0.461,E
100,'356,India,7008,August,7271,Temperature change,1996,1996,°C,-0.214,E
100,'356,India,7008,August,7271,Temperature change,1997,1997,°C,0.523,E
100,'356,India,7008,August,7271,Temperature change,1998,1998,°C,0.808,E
100,'356,India,7008,August,7271,Temperature change,1999,1999,°C,0.374,E
100,'356,India,7008,August,7271,Temperature change,2000,2000,°C,0.63,E
100,'356,India,7008,August,7271,Temperature change,2001,2001,°C,0.634,E
100,'356,India,7008,August,7271,Temperature change,2002,2002,°C,0.502,E
100,'356,India,7008,August,7271,Temperature change,2003,2003,°C,0.641,E
100,'356,India,7008,August,7271,Temperature change,2004,2004,°C,0.481,E
100,'356,India,7008,August,7271,Temperature change,2005,2005,°C,0.833,E
100,'356,India,7008,August,7271,Temperature change,2006,2006,°C,0.444,E
100,'356,India,7008,August,7271,Temperature change,2007,2007,°C,0.721,E
100,'356,India,7008,August,7271,Temperature change,2008,2008,°C,0.328,E
100,'356,India,7008,August,7271,Temperature change,2009,2009,°C,1.295,E
100,'356,India,7008,August,7271,Temperature change,2010,2010,°C,0.789,E
100,'356,India,7008,August,7271,Temperature change,2011,2011,°C,0.522,E
100,'356,India,7008,August,7271,Temperature change,2012,2012,°C,0.505,E
100,'356,India,7008,August,7271,Temperature change,2013,2013,°C,0.335,E
100,'356,India,7008,August,7271,Temperature change,2014,2014,°C,0.967,E
100,'356,India,7008,August,7271,Temperature change,2015,2015,°C,1.088,E
100,'356,India,7008,August,7271,Temperature change,2016,2016,°C,0.943,E
100,'356,India,7008,August,7271,Temperature change,2017,2017,°C,1.026,E
100,'356,India,7008,August,7271,Temperature change,2018,2018,°C,0.63,E
100,'356,India,7008,August,7271,Temperature change,2019,2019,°C,0.941,E
100,'356,India,7008,August,7271,Temperature change,2020,2020,°C,0.924,E
100,'356,India,7008,August,7271,Temperature change,2021,2021,°C,1.068,E
100,'356,India,7008,August,7271,Temperature change,2022,2022,°C,0.966,E
100,'356,India,7008,August,7271,Temperature change,2023,2023,°C,1.32,E
100,'356,India,7008,August,7271,Temperature change,2024,2024,°C,0.94,E
100,'356,India,7008,August,7271,Temperature change,2025,2025,°C,0.921,E
100,'356,India,7008,August,6078,Standard Deviation,1961,1961,°C,0.226,E
100,'356,India,7008,August,6078,Standard Deviation,1962,1962,°C,0.226,E
100,'356,India,7008,August,6078,Standard Deviation,1963,1963,°C,0.226,E
100,'356,India,7008,August,6078,Standard Deviation,1964,1964,°C,0.226,E
100,'356,India,7008,August,6078,Standard Deviation,1965,1965,°C,0.226,E
100,'356,India,7008,August,6078,Standard Deviation,1966,1966,°C,0.226,E
100,'356,India,7008,August,6078,Standard Deviation,1967,1967,°C,0.226,E
100,'356,India,7008,August,6078,Standard Deviation,1968,1968,°C,0.226,E
100,'356,India,7008,August,6078,Standard Deviation,1969,1969,°C,0.226,E
100,'356,India,7008,August,6078,Standard Deviation,1970,1970,°C,0.226,E
100,'356,India,7008,August,6078,Standard Deviation,1971,1971,°C,0.226,E
100,'356,India,7008,August,6078,Standard Deviation,1972,1972,°C,0.226,E
100,'356,India,7008,August,6078,Standard Deviation,1973,1973,°C,0.226,E
100,'356,India,7008,August,6078,Standard Deviation,1974,1974,°C,0.226,E
100,'356,India,7008,August,6078,Standard Deviation,1975,1975,°C,0.226,E
100,'356,India,7008,August,6078,Standard Deviation,1976,1976,°C,0.226,E
100,'356,India,7008,August,6078,Standard Deviation,1977,1977,°C,0.226,E
100,'356,India,7008,August,6078,Standard Deviation,1978,1978,°C,0.226,E
100,'356,India,7008,August,6078,Standard Deviation,1979,1979,°C,0.226,E
100,'356,India,7008,August,6078,Standard Deviation,1980,1980,°C,0.226,E
100,'356,India,7008,August,6078,Standard Deviation,1981,1981,°C,0.226,E
100,'356,India,7008,August,6078,Standard Deviation,1982,1982,°C,0.226,E
100,'356,India,7008,August,6078,Standard Deviation,1983,1983,°C,0.226,E
100,'356,India,7008,August,6078,Standard Deviation,1984,1984,°C,0.226,E
100,'356,India,7008,August,6078,Standard Deviation,1985,1985,°C,0.226,E
100,'356,India,7008,August,6078,Standard Deviation,1986,1986,°C,0.226,E
100,'356,India,7008,August,6078,Standard Deviation,1987,1987,°C,0.226,E
100,'356,India,7008,August,6078,Standard Deviation,1988,1988,°C,0.226,E
100,'356,India,7008,August,6078,Standard Deviation,1989,1989,°C,0.226,E
100,'356,India,7008,August,6078,Standard Deviation,1990,1990,°C,0.226,E
100,'356,India,7008,August,6078,Standard Deviation,1991,1991,°C,0.226,E
100,'356,India,7008,August,6078,Standard Deviation,1992,1992,°C,0.226,E
100,'356,India,7008,August,6078,Standard Deviation,1993,1993,°C,0.226,E
100,'356,India,7008,August,6078,Standard Deviation,1994,1994,°C,0.226,E
100,'356,India,7008,August,6078,Standard Deviation,1995,1995,°C,0.226,E
100,'356,India,7008,August,6078,Standard Deviation,1996,1996,°C,0.226,E
100,'356,India,7008,August,6078,Standard Deviation,1997,1997,°C,0.226,E
100,'356,India,7008,August,6078,Standard Deviation,1998,1998,°C,0.226,E
100,'356,India,7008,August,6078,Standard Deviation,1999,1999,°C,0.226,E
100,'356,India,7008,August,6078,Standard Deviation,2000,2000,°C,0.226,E
100,'356,India,7008,August,6078,Standard Deviation,2001,2001,°C,0.226,E
100,'356,India,7008,August,6078,Standard Deviation,2002,2002,°C,0.226,E
100,'356,India,7008,August,6078,Standard Deviation,2003,2003,°C,0.226,E
100,'356,India,7008,August,6078,Standard Deviation,2004,2004,°C,0.226,E
100,'356,India,7008,August,6078,Standard Deviation,2005,2005,°C,0.226,E
100,'356,India,7008,August,6078,Standard Deviation,2006,2006,°C,0.226,E
100,'356,India,7008,August,6078,Standard Deviation,2007,2007,°C,0.226,E
100,'356,India,7008,August,6078,Standard Deviation,2008,2008,°C,0.226,E
100,'356,India,7008,August,6078,Standard Deviation,2009,2009,°C,0.226,E
100,'356,India,7008,August,6078,Standard Deviation,2010,2010,°C,0.226,E
100,'356,India,7008,August,6078,Standard Deviation,2011,2011,°C,0.226,E
100,'356,India,7008,August,6078,Standard Deviation,2012,2012,°C,0.226,E
100,'356,India,7008,August,6078,Standard Deviation,2013,2013,°C,0.226,E
100,'356,India,7008,August,6078,Standard Deviation,2014,2014,°C,0.226,E
100,'356,India,7008,August,6078,Standard Deviation,2015,2015,°C,0.226,E
100,'356,India,7008,August,6078,Standard Deviation,2016,2016,°C,0.226,E
100,'356,India,7008,August,6078,Standard Deviation,2017,2017,°C,0.226,E
100,'356,India,7008,August,6078,Standard Deviation,2018,2018,°C,0.226,E
100,'356,India,7008,August,6078,Standard Deviation,2019,2019,°C,0.226,E
100,'356,India,7008,August,6078,Standard Deviation,2020,2020,°C,0.226,E
100,'356,India,7008,August,6078,Standard Deviation,2021,2021,°C,0.226,E
100,'356,India,7008,August,6078,Standard Deviation,2022,2022,°C,0.226,E
100,'356,India,7008,August,6078,Standard Deviation,2023,2023,°C,0.226,E
100,'356,India,7008,August,6078,Standard Deviation,2024,2024,°C,0.226,E
100,'356,India,7008,August,6078,Standard Deviation,2025,2025,°C,0.226,E
100,'356,India,7009,September,7271,Temperature change,1961,1961,°C,-0.324,E
100,'356,India,7009,September,7271,Temperature change,1962,1962,°C,-0.292,E
100,'356,India,7009,September,7271,Temperature change,1963,1963,°C,0.141,E
100,'356,India,7009,September,7271,Temperature change,1964,1964,°C,-0.123,E
100,'356,India,7009,September,7271,Temperature change,1965,1965,°C,-0.026,E
100,'356,India,7009,September,7271,Temperature change,1966,1966,°C,0.088,E
100,'356,India,7009,September,7271,Temperature change,1967,1967,°C,-0.254,E
100,'356,India,7009,September,7271,Temperature change,1968,1968,°C,0.647,E
100,'356,India,7009,September,7271,Temperature change,1969,1969,°C,-0.042,E
100,'356,India,7009,September,7271,Temperature change,1970,1970,°C,-0.05,E
100,'356,India,7009,September,7271,Temperature change,1971,1971,°C,-0.013,E
100,'356,India,7009,September,7271,Temperature change,1972,1972,°C,0.11,E
100,'356,India,7009,September,7271,Temperature change,1973,1973,°C,-0.108,E
100,'356,India,7009,September,7271,Temperature change,1974,1974,°C,0.457,E
100,'356,India,7009,September,7271,Temperature change,1975,1975,°C,-0.581,E
100,'356,India,7009,September,7271,Temperature change,1976,1976,°C,-0.24,E
100,'356,India,7009,September,7271,Temperature change,1977,1977,°C,-0.125,E
100,'356,India,7009,September,7271,Temperature change,1978,1978,°C,-0.245,E
100,'356,India,7009,September,7271,Temperature change,1979,1979,°C,0.39,E
100,'356,India,7009,September,7271,Temperature change,1980,1980,°C,0.479,E
100,'356,India,7009,September,7271,Temperature change,1981,1981,°C,0.198,E
100,'356,India,7009,September,7271,Temperature change,1982,1982,°C,0.315,E
100,'356,India,7009,September,7271,Temperature change,1983,1983,°C,0.083,E
100,'356,India,7009,September,7271,Temperature change,1984,1984,°C,-0.437,E
100,'356,India,7009,September,7271,Temperature change,1985,1985,°C,0.205,E
100,'356,India,7009,September,7271,Temperature change,1986,1986,°C,0.331,E
100,'356,India,7009,September,7271,Temperature change,1987,1987,°C,1.18,E
100,'356,India,7009,September,7271,Temperature change,1988,1988,°C,0.626,E
100,'356,India,7009,September,7271,Temperature change,1989,1989,°C,0.21,E
100,'356,India,7009,September,7271,Temperature change,1990,1990,°C,0.022,E
100,'356,India,7009,September,7271,Temperature change,1991,1991,°C,0.328,E
100,'356,India,7009,September,7271,Temperature change,1992,1992,°C,-0.076,E
100,'356,India,7009,September,7271,Temperature change,1993,1993,°C,-0.033,E
100,'356,India,7009,September,7271,Temperature change,1994,1994,°C,-0.041,E
100,'356,India,7009,September,7271,Temperature change,1995,1995,°C,0.47,E
100,'356,India,7009,September,7271,Temperature change,1996,1996,°C,0.261,E
100,'356,India,7009,September,7271,Temperature change,1997,1997,°C,0.339,E
100,'356,India,7009,September,7271,Temperature change,1998,1998,°C,0.628,E
100,'356,India,7009,September,7271,Temperature change,1999,1999,°C,0.414,E
100,'356,India,7009,September,7271,Temperature change,2000,2000,°C,0.435,E
100,'356,India,7009,September,7271,Temperature change,2001,2001,°C,1.153,E
100,'356,India,7009,September,7271,Temperature change,2002,2002,°C,0.574,E
100,'356,India,7009,September,7271,Temperature change,2003,2003,°C,0.391,E
100,'356,India,7009,September,7271,Temperature change,2004,2004,°C,0.805,E
100,'356,India,7009,September,7271,Temperature change,2005,2005,°C,0.615,E
100,'356,India,7009,September,7271,Temperature change,2006,2006,°C,0.663,E
100,'356,India,7009,September,7271,Temperature change,2007,2007,°C,0.662,E
100,'356,India,7009,September,7271,Temperature change,2008,2008,°C,0.592,E
100,'356,India,7009,September,7271,Temperature change,2009,2009,°C,1.234,E
100,'356,India,7009,September,7271,Temperature change,2010,2010,°C,0.447,E
100,'356,India,7009,September,7271,Temperature change,2011,2011,°C,0.413,E
100,'356,India,7009,September,7271,Temperature change,2012,2012,°C,0.494,E
100,'356,India,7009,September,7271,Temperature change,2013,2013,°C,0.953,E
100,'356,India,7009,September,7271,Temperature change,2014,2014,°C,0.526,E
100,'356,India,7009,September,7271,Temperature change,2015,2015,°C,1.454,E
100,'356,India,7009,September,7271,Temperature change,2016,2016,°C,0.768,E
100,'356,India,7009,September,7271,Temperature change,2017,2017,°C,1.25,E
100,'356,India,7009,September,7271,Temperature change,2018,2018,°C,0.706,E
100,'356,India,7009,September,7271,Temperature change,2019,2019,°C,0.661,E
100,'356,India,7009,September,7271,Temperature change,2020,2020,°C,1.375,E
100,'356,India,7009,September,7271,Temperature change,2021,2021,°C,0.826,E
100,'356,India,7009,September,7271,Temperature change,2022,2022,°C,0.875,E
100,'356,India,7009,September,7271,Temperature change,2023,2023,°C,1.329,E
100,'356,India,7009,September,7271,Temperature change,2024,2024,°C,1.116,E
100,'356,India,7009,September,7271,Temperature change,2025,2025,°C,1.077,E
100,'356,India,7009,September,6078,Standard Deviation,1961,1961,°C,0.29,E
100,'356,India,7009,September,6078,Standard Deviation,1962,1962,°C,0.29,E
100,'356,India,7009,September,6078,Standard Deviation,1963,1963,°C,0.29,E
100,'356,India,7009,September,6078,Standard Deviation,1964,1964,°C,0.29,E
100,'356,India,7009,September,6078,Standard Deviation,1965,1965,°C,0.29,E
100,'356,India,7009,September,6078,Standard Deviation,1966,1966,°C,0.29,E
100,'356,India,7009,September,6078,Standard Deviation,1967,1967,°C,0.29,E
100,'356,India,7009,September,6078,Standard Deviation,1968,1968,°C,0.29,E
100,'356,India,7009,September,6078,Standard Deviation,1969,1969,°C,0.29,E
100,'356,India,7009,September,6078,Standard Deviation,1970,1970,°C,0.29,E
100,'356,India,7009,September,6078,Standard Deviation,1971,1971,°C,0.29,E
100,'356,India,7009,September,6078,Standard Deviation,1972,1972,°C,0.29,E
100,'356,India,7009,September,6078,Standard Deviation,1973,1973,°C,0.29,E
100,'356,India,7009,September,6078,Standard Deviation,1974,1974,°C,0.29,E
100,'356,India,7009,September,6078,Standard Deviation,1975,1975,°C,0.29,E
100,'356,India,7009,September,6078,Standard Deviation,1976,1976,°C,0.29,E
100,'356,India,7009,September,6078,Standard Deviation,1977,1977,°C,0.29,E
100,'356,India,7009,September,6078,Standard Deviation,1978,1978,°C,0.29,E
100,'356,India,7009,September,6078,Standard Deviation,1979,1979,°C,0.29,E
100,'356,India,7009,September,6078,Standard Deviation,1980,1980,°C,0.29,E
100,'356,India,7009,September,6078,Standard Deviation,1981,1981,°C,0.29,E
100,'356,India,7009,September,6078,Standard Deviation,1982,1982,°C,0.29,E
100,'356,India,7009,September,6078,Standard Deviation,1983,1983,°C,0.29,E
100,'356,India,7009,September,6078,Standard Deviation,1984,1984,°C,0.29,E
100,'356,India,7009,September,6078,Standard Deviation,1985,1985,°C,0.29,E
100,'356,India,7009,September,6078,Standard Deviation,1986,1986,°C,0.29,E
100,'356,India,7009,September,6078,Standard Deviation,1987,1987,°C,0.29,E
100,'356,India,7009,September,6078,Standard Deviation,1988,1988,°C,0.29,E
100,'356,India,7009,September,6078,Standard Deviation,1989,1989,°C,0.29,E
100,'356,India,7009,September,6078,Standard Deviation,1990,1990,°C,0.29,E
100,'356,India,7009,September,6078,Standard Deviation,1991,1991,°C,0.29,E
100,'356,India,7009,September,6078,Standard Deviation,1992,1992,°C,0.29,E
100,'356,India,7009,September,6078,Standard Deviation,1993,1993,°C,0.29,E
100,'356,India,7009,September,6078,Standard Deviation,1994,1994,°C,0.29,E
100,'356,India,7009,September,6078,Standard Deviation,1995,1995,°C,0.29,E
100,'356,India,7009,September,6078,Standard Deviation,1996,1996,°C,0.29,E
100,'356,India,7009,September,6078,Standard Deviation,1997,1997,°C,0.29,E
100,'356,India,7009,September,6078,Standard Deviation,1998,1998,°C,0.29,E
100,'356,India,7009,September,6078,Standard Deviation,1999,1999,°C,0.29,E
100,'356,India,7009,September,6078,Standard Deviation,2000,2000,°C,0.29,E
100,'356,India,7009,September,6078,Standard Deviation,2001,2001,°C,0.29,E
100,'356,India,7009,September,6078,Standard Deviation,2002,2002,°C,0.29,E
100,'356,India,7009,September,6078,Standard Deviation,2003,2003,°C,0.29,E
100,'356,India,7009,September,6078,Standard Deviation,2004,2004,°C,0.29,E
100,'356,India,7009,September,6078,Standard Deviation,2005,2005,°C,0.29,E
100,'356,India,7009,September,6078,Standard Deviation,2006,2006,°C,0.29,E
100,'356,India,7009,September,6078,Standard Deviation,2007,2007,°C,0.29,E
100,'356,India,7009,September,6078,Standard Deviation,2008,2008,°C,0.29,E
100,'356,India,7009,September,6078,Standard Deviation,2009,2009,°C,0.29,E
100,'356,India,7009,September,6078,Standard Deviation,2010,2010,°C,0.29,E
100,'356,India,7009,September,6078,Standard Deviation,2011,2011,°C,0.29,E
100,'356,India,7009,September,6078,Standard Deviation,2012,2012,°C,0.29,E
100,'356,India,7009,September,6078,Standard Deviation,2013,2013,°C,0.29,E
100,'356,India,7009,September,6078,Standard Deviation,2014,2014,°C,0.29,E
100,'356,India,7009,September,6078,Standard Deviation,2015,2015,°C,0.29,E
100,'356,India,7009,September,6078,Standard Deviation,2016,2016,°C,0.29,E
100,'356,India,7009,September,6078,Standard Deviation,2017,2017,°C,0.29,E
100,'356,India,7009,September,6078,Standard Deviation,2018,2018,°C,0.29,E
100,'356,India,7009,September,6078,Standard Deviation,2019,2019,°C,0.29,E
100,'356,India,7009,September,6078,Standard Deviation,2020,2020,°C,0.29,E
100,'356,India,7009,September,6078,Standard Deviation,2021,2021,°C,0.29,E
100,'356,India,7009,September,6078,Standard Deviation,2022,2022,°C,0.29,E
100,'356,India,7009,September,6078,Standard Deviation,2023,2023,°C,0.29,E
100,'356,India,7009,September,6078,Standard Deviation,2024,2024,°C,0.29,E
100,'356,India,7009,September,6078,Standard Deviation,2025,2025,°C,0.29,E
100,'356,India,7010,October,7271,Temperature change,1961,1961,°C,-0.701,E
100,'356,India,7010,October,7271,Temperature change,1962,1962,°C,-0.791,E
100,'356,India,7010,October,7271,Temperature change,1963,1963,°C,0.185,E
100,'356,India,7010,October,7271,Temperature change,1964,1964,°C,0.067,E
100,'356,India,7010,October,7271,Temperature change,1965,1965,°C,0.446,E
100,'356,India,7010,October,7271,Temperature change,1966,1966,°C,0.241,E
100,'356,India,7010,October,7271,Temperature change,1967,1967,°C,-0.34,E
100,'356,India,7010,October,7271,Temperature change,1968,1968,°C,-0.33,E
100,'356,India,7010,October,7271,Temperature change,1969,1969,°C,0.27,E
100,'356,India,7010,October,7271,Temperature change,1970,1970,°C,0.118,E
100,'356,India,7010,October,7271,Temperature change,1971,1971,°C,-0.373,E
100,'356,India,7010,October,7271,Temperature change,1972,1972,°C,0.019,E
100,'356,India,7010,October,7271,Temperature change,1973,1973,°C,-0.184,E
100,'356,India,7010,October,7271,Temperature change,1974,1974,°C,0.317,E
100,'356,India,7010,October,7271,Temperature change,1975,1975,°C,0.261,E
100,'356,India,7010,October,7271,Temperature change,1976,1976,°C,0.707,E
100,'356,India,7010,October,7271,Temperature change,1977,1977,°C,0.166,E
100,'356,India,7010,October,7271,Temperature change,1978,1978,°C,0.211,E
100,'356,India,7010,October,7271,Temperature change,1979,1979,°C,0.691,E
100,'356,India,7010,October,7271,Temperature change,1980,1980,°C,0.602,E
100,'356,India,7010,October,7271,Temperature change,1981,1981,°C,0.188,E
100,'356,India,7010,October,7271,Temperature change,1982,1982,°C,0.508,E
100,'356,India,7010,October,7271,Temperature change,1983,1983,°C,-0.406,E
100,'356,India,7010,October,7271,Temperature change,1984,1984,°C,-0.138,E
100,'356,India,7010,October,7271,Temperature change,1985,1985,°C,-0.631,E
100,'356,India,7010,October,7271,Temperature change,1986,1986,°C,0.207,E
100,'356,India,7010,October,7271,Temperature change,1987,1987,°C,0.673,E
100,'356,India,7010,October,7271,Temperature change,1988,1988,°C,0.145,E
100,'356,India,7010,October,7271,Temperature change,1989,1989,°C,0.283,E
100,'356,India,7010,October,7271,Temperature change,1990,1990,°C,-0.404,E
100,'356,India,7010,October,7271,Temperature change,1991,1991,°C,-0.11,E
100,'356,India,7010,October,7271,Temperature change,1992,1992,°C,-0.105,E
100,'356,India,7010,October,7271,Temperature change,1993,1993,°C,0.376,E
100,'356,India,7010,October,7271,Temperature change,1994,1994,°C,-0.156,E
100,'356,India,7010,October,7271,Temperature change,1995,1995,°C,0.661,E
100,'356,India,7010,October,7271,Temperature change,1996,1996,°C,-0.285,E
100,'356,India,7010,October,7271,Temperature change,1997,1997,°C,-0.431,E
100,'356,India,7010,October,7271,Temperature change,1998,1998,°C,0.674,E
100,'356,India,7010,October,7271,Temperature change,1999,1999,°C,0.32,E
100,'356,India,7010,October,7271,Temperature change,2000,2000,°C,1.18,E
100,'356,India,7010,October,7271,Temperature change,2001,2001,°C,0.858,E
100,'356,India,7010,October,7271,Temperature change,2002,2002,°C,0.938,E
100,'356,India,7010,October,7271,Temperature change,2003,2003,°C,0.396,E
100,'356,India,7010,October,7271,Temperature change,2004,2004,°C,-0.181,E
100,'356,India,7010,October,7271,Temperature change,2005,2005,°C,0.358,E
100,'356,India,7010,October,7271,Temperature change,2006,2006,°C,1.01,E
100,'356,India,7010,October,7271,Temperature change,2007,2007,°C,0.343,E
100,'356,India,7010,October,7271,Temperature change,2008,2008,°C,0.896,E
100,'356,India,7010,October,7271,Temperature change,2009,2009,°C,0.561,E
100,'356,India,7010,October,7271,Temperature change,2010,2010,°C,1.062,E
100,'356,India,7010,October,7271,Temperature change,2011,2011,°C,0.896,E
100,'356,India,7010,October,7271,Temperature change,2012,2012,°C,0.297,E
100,'356,India,7010,October,7271,Temperature change,2013,2013,°C,0.561,E
100,'356,India,7010,October,7271,Temperature change,2014,2014,°C,0.83,E
100,'356,India,7010,October,7271,Temperature change,2015,2015,°C,1.584,E
100,'356,India,7010,October,7271,Temperature change,2016,2016,°C,0.968,E
100,'356,India,7010,October,7271,Temperature change,2017,2017,°C,1.492,E
100,'356,India,7010,October,7271,Temperature change,2018,2018,°C,1.028,E
100,'356,India,7010,October,7271,Temperature change,2019,2019,°C,0.472,E
100,'356,India,7010,October,7271,Temperature change,2020,2020,°C,1.43,E
100,'356,India,7010,October,7271,Temperature change,2021,2021,°C,1.237,E
100,'356,India,7010,October,7271,Temperature change,2022,2022,°C,0.473,E
100,'356,India,7010,October,7271,Temperature change,2023,2023,°C,1.266,E
100,'356,India,7010,October,7271,Temperature change,2024,2024,°C,1.613,E
100,'356,India,7010,October,7271,Temperature change,2025,2025,°C,0.975,E
100,'356,India,7010,October,6078,Standard Deviation,1961,1961,°C,0.543,E
100,'356,India,7010,October,6078,Standard Deviation,1962,1962,°C,0.543,E
100,'356,India,7010,October,6078,Standard Deviation,1963,1963,°C,0.543,E
100,'356,India,7010,October,6078,Standard Deviation,1964,1964,°C,0.543,E
100,'356,India,7010,October,6078,Standard Deviation,1965,1965,°C,0.543,E
100,'356,India,7010,October,6078,Standard Deviation,1966,1966,°C,0.543,E
100,'356,India,7010,October,6078,Standard Deviation,1967,1967,°C,0.543,E
100,'356,India,7010,October,6078,Standard Deviation,1968,1968,°C,0.543,E
100,'356,India,7010,October,6078,Standard Deviation,1969,1969,°C,0.543,E
100,'356,India,7010,October,6078,Standard Deviation,1970,1970,°C,0.543,E
100,'356,India,7010,October,6078,Standard Deviation,1971,1971,°C,0.543,E
100,'356,India,7010,October,6078,Standard Deviation,1972,1972,°C,0.543,E
100,'356,India,7010,October,6078,Standard Deviation,1973,1973,°C,0.543,E
100,'356,India,7010,October,6078,Standard Deviation,1974,1974,°C,0.543,E
100,'356,India,7010,October,6078,Standard Deviation,1975,1975,°C,0.543,E
100,'356,India,7010,October,6078,Standard Deviation,1976,1976,°C,0.543,E
100,'356,India,7010,October,6078,Standard Deviation,1977,1977,°C,0.543,E
100,'356,India,7010,October,6078,Standard Deviation,1978,1978,°C,0.543,E
100,'356,India,7010,October,6078,Standard Deviation,1979,1979,°C,0.543,E
100,'356,India,7010,October,6078,Standard Deviation,1980,1980,°C,0.543,E
100,'356,India,7010,October,6078,Standard Deviation,1981,1981,°C,0.543,E
100,'356,India,7010,October,6078,Standard Deviation,1982,1982,°C,0.543,E
100,'356,India,7010,October,6078,Standard Deviation,1983,1983,°C,0.543,E
100,'356,India,7010,October,6078,Standard Deviation,1984,1984,°C,0.543,E
100,'356,India,7010,October,6078,Standard Deviation,1985,1985,°C,0.543,E
100,'356,India,7010,October,6078,Standard Deviation,1986,1986,°C,0.543,E
100,'356,India,7010,October,6078,Standard Deviation,1987,1987,°C,0.543,E
100,'356,India,7010,October,6078,Standard Deviation,1988,1988,°C,0.543,E
100,'356,India,7010,October,6078,Standard Deviation,1989,1989,°C,0.543,E
100,'356,India,7010,October,6078,Standard Deviation,1990,1990,°C,0.543,E
100,'356,India,7010,October,6078,Standard Deviation,1991,1991,°C,0.543,E
100,'356,India,7010,October,6078,Standard Deviation,1992,1992,°C,0.543,E
100,'356,India,7010,October,6078,Standard Deviation,1993,1993,°C,0.543,E
100,'356,India,7010,October,6078,Standard Deviation,1994,1994,°C,0.543,E
100,'356,India,7010,October,6078,Standard Deviation,1995,1995,°C,0.543,E
100,'356,India,7010,October,6078,Standard Deviation,1996,1996,°C,0.543,E
100,'356,India,7010,October,6078,Standard Deviation,1997,1997,°C,0.543,E
100,'356,India,7010,October,6078,Standard Deviation,1998,1998,°C,0.543,E
100,'356,India,7010,October,6078,Standard Deviation,1999,1999,°C,0.543,E
100,'356,India,7010,October,6078,Standard Deviation,2000,2000,°C,0.543,E
100,'356,India,7010,October,6078,Standard Deviation,2001,2001,°C,0.543,E
100,'356,India,7010,October,6078,Standard Deviation,2002,2002,°C,0.543,E
100,'356,India,7010,October,6078,Standard Deviation,2003,2003,°C,0.543,E
100,'356,India,7010,October,6078,Standard Deviation,2004,2004,°C,0.543,E
100,'356,India,7010,October,6078,Standard Deviation,2005,2005,°C,0.543,E
100,'356,India,7010,October,6078,Standard Deviation,2006,2006,°C,0.543,E
100,'356,India,7010,October,6078,Standard Deviation,2007,2007,°C,0.543,E
100,'356,India,7010,October,6078,Standard Deviation,2008,2008,°C,0.543,E
100,'356,India,7010,October,6078,Standard Deviation,2009,2009,°C,0.543,E
100,'356,India,7010,October,6078,Standard Deviation,2010,2010,°C,0.543,E
100,'356,India,7010,October,6078,Standard Deviation,2011,2011,°C,0.543,E
100,'356,India,7010,October,6078,Standard Deviation,2012,2012,°C,0.543,E
100,'356,India,7010,October,6078,Standard Deviation,2013,2013,°C,0.543,E
100,'356,India,7010,October,6078,Standard Deviation,2014,2014,°C,0.543,E
100,'356,India,7010,October,6078,Standard Deviation,2015,2015,°C,0.543,E
100,'356,India,7010,October,6078,Standard Deviation,2016,2016,°C,0.543,E
100,'356,India,7010,October,6078,Standard Deviation,2017,2017,°C,0.543,E
100,'356,India,7010,October,6078,Standard Deviation,2018,2018,°C,0.543,E
100,'356,India,7010,October,6078,Standard Deviation,2019,2019,°C,0.543,E
100,'356,India,7010,October,6078,Standard Deviation,2020,2020,°C,0.543,E
100,'356,India,7010,October,6078,Standard Deviation,2021,2021,°C,0.543,E
100,'356,India,7010,October,6078,Standard Deviation,2022,2022,°C,0.543,E
100,'356,India,7010,October,6078,Standard Deviation,2023,2023,°C,0.543,E
100,'356,India,7010,October,6078,Standard Deviation,2024,2024,°C,0.543,E
100,'356,India,7010,October,6078,Standard Deviation,2025,2025,°C,0.543,E
100,'356,India,7011,November,7271,Temperature change,1961,1961,°C,-1.002,E
100,'356,India,7011,November,7271,Temperature change,1962,1962,°C,-0.501,E
100,'356,India,7011,November,7271,Temperature change,1963,1963,°C,0.603,E
100,'356,India,7011,November,7271,Temperature change,1964,1964,°C,-0.65,E
100,'356,India,7011,November,7271,Temperature change,1965,1965,°C,0.485,E
100,'356,India,7011,November,7271,Temperature change,1966,1966,°C,0.51,E
100,'356,India,7011,November,7271,Temperature change,1967,1967,°C,-0.28,E
100,'356,India,7011,November,7271,Temperature change,1968,1968,°C,-0.034,E
100,'356,India,7011,November,7271,Temperature change,1969,1969,°C,0.921,E
100,'356,India,7011,November,7271,Temperature change,1970,1970,°C,-0.652,E
100,'356,India,7011,November,7271,Temperature change,1971,1971,°C,-0.65,E
100,'356,India,7011,November,7271,Temperature change,1972,1972,°C,0.1,E
100,'356,India,7011,November,7271,Temperature change,1973,1973,°C,-0.408,E
100,'356,India,7011,November,7271,Temperature change,1974,1974,°C,-0.384,E
100,'356,India,7011,November,7271,Temperature change,1975,1975,°C,-1.291,E
100,'356,India,7011,November,7271,Temperature change,1976,1976,°C,1.704,E
100,'356,India,7011,November,7271,Temperature change,1977,1977,°C,1.418,E
100,'356,India,7011,November,7271,Temperature change,1978,1978,°C,0.724,E
100,'356,India,7011,November,7271,Temperature change,1979,1979,°C,1.573,E
100,'356,India,7011,November,7271,Temperature change,1980,1980,°C,0.631,E
100,'356,India,7011,November,7271,Temperature change,1981,1981,°C,-0.585,E
100,'356,India,7011,November,7271,Temperature change,1982,1982,°C,0.202,E
100,'356,India,7011,November,7271,Temperature change,1983,1983,°C,-0.642,E
100,'356,India,7011,November,7271,Temperature change,1984,1984,°C,-0.575,E
100,'356,India,7011,November,7271,Temperature change,1985,1985,°C,-0.076,E
100,'356,India,7011,November,7271,Temperature change,1986,1986,°C,0.753,E
100,'356,India,7011,November,7271,Temperature change,1987,1987,°C,0.677,E
100,'356,India,7011,November,7271,Temperature change,1988,1988,°C,-0.093,E
100,'356,India,7011,November,7271,Temperature change,1989,1989,°C,0.47,E
100,'356,India,7011,November,7271,Temperature change,1990,1990,°C,0.668,E
100,'356,India,7011,November,7271,Temperature change,1991,1991,°C,-0.128,E
100,'356,India,7011,November,7271,Temperature change,1992,1992,°C,0.23,E
100,'356,India,7011,November,7271,Temperature change,1993,1993,°C,0.527,E
100,'356,India,7011,November,7271,Temperature change,1994,1994,°C,0.181,E
100,'356,India,7011,November,7271,Temperature change,1995,1995,°C,0.43,E
100,'356,India,7011,November,7271,Temperature change,1996,1996,°C,0.18,E
100,'356,India,7011,November,7271,Temperature change,1997,1997,°C,0.751,E
100,'356,India,7011,November,7271,Temperature change,1998,1998,°C,0.923,E
100,'356,India,7011,November,7271,Temperature change,1999,1999,°C,0.944,E
100,'356,India,7011,November,7271,Temperature change,2000,2000,°C,1.271,E
100,'356,India,7011,November,7271,Temperature change,2001,2001,°C,1.347,E
100,'356,India,7011,November,7271,Temperature change,2002,2002,°C,1.001,E
100,'356,India,7011,November,7271,Temperature change,2003,2003,°C,0.945,E
100,'356,India,7011,November,7271,Temperature change,2004,2004,°C,0.854,E
100,'356,India,7011,November,7271,Temperature change,2005,2005,°C,0.26,E
100,'356,India,7011,November,7271,Temperature change,2006,2006,°C,1.191,E
100,'356,India,7011,November,7271,Temperature change,2007,2007,°C,1.001,E
100,'356,India,7011,November,7271,Temperature change,2008,2008,°C,1.101,E
100,'356,India,7011,November,7271,Temperature change,2009,2009,°C,0.884,E
100,'356,India,7011,November,7271,Temperature change,2010,2010,°C,1.699,E
100,'356,India,7011,November,7271,Temperature change,2011,2011,°C,1.426,E
100,'356,India,7011,November,7271,Temperature change,2012,2012,°C,0.41,E
100,'356,India,7011,November,7271,Temperature change,2013,2013,°C,0.393,E
100,'356,India,7011,November,7271,Temperature change,2014,2014,°C,1.155,E
100,'356,India,7011,November,7271,Temperature change,2015,2015,°C,1.828,E
100,'356,India,7011,November,7271,Temperature change,2016,2016,°C,0.903,E
100,'356,India,7011,November,7271,Temperature change,2017,2017,°C,0.954,E
100,'356,India,7011,November,7271,Temperature change,2018,2018,°C,1.462,E
100,'356,India,7011,November,7271,Temperature change,2019,2019,°C,1.648,E
100,'356,India,7011,November,7271,Temperature change,2020,2020,°C,0.848,E
100,'356,India,7011,November,7271,Temperature change,2021,2021,°C,1.048,E
100,'356,India,7011,November,7271,Temperature change,2022,2022,°C,0.908,E
100,'356,India,7011,November,7271,Temperature change,2023,2023,°C,1.76,E
100,'356,India,7011,November,7271,Temperature change,2024,2024,°C,1.721,E
100,'356,India,7011,November,7271,Temperature change,2025,2025,°C,0.792,E
100,'356,India,7011,November,6078,Standard Deviation,1961,1961,°C,0.785,E
100,'356,India,7011,November,6078,Standard Deviation,1962,1962,°C,0.785,E
100,'356,India,7011,November,6078,Standard Deviation,1963,1963,°C,0.785,E
100,'356,India,7011,November,6078,Standard Deviation,1964,1964,°C,0.785,E
100,'356,India,7011,November,6078,Standard Deviation,1965,1965,°C,0.785,E
100,'356,India,7011,November,6078,Standard Deviation,1966,1966,°C,0.785,E
100,'356,India,7011,November,6078,Standard Deviation,1967,1967,°C,0.785,E
100,'356,India,7011,November,6078,Standard Deviation,1968,1968,°C,0.785,E
100,'356,India,7011,November,6078,Standard Deviation,1969,1969,°C,0.785,E
100,'356,India,7011,November,6078,Standard Deviation,1970,1970,°C,0.785,E
100,'356,India,7011,November,6078,Standard Deviation,1971,1971,°C,0.785,E
100,'356,India,7011,November,6078,Standard Deviation,1972,1972,°C,0.785,E
100,'356,India,7011,November,6078,Standard Deviation,1973,1973,°C,0.785,E
100,'356,India,7011,November,6078,Standard Deviation,1974,1974,°C,0.785,E
100,'356,India,7011,November,6078,Standard Deviation,1975,1975,°C,0.785,E
100,'356,India,7011,November,6078,Standard Deviation,1976,1976,°C,0.785,E
100,'356,India,7011,November,6078,Standard Deviation,1977,1977,°C,0.785,E
100,'356,India,7011,November,6078,Standard Deviation,1978,1978,°C,0.785,E
100,'356,India,7011,November,6078,Standard Deviation,1979,1979,°C,0.785,E
100,'356,India,7011,November,6078,Standard Deviation,1980,1980,°C,0.785,E
100,'356,India,7011,November,6078,Standard Deviation,1981,1981,°C,0.785,E
100,'356,India,7011,November,6078,Standard Deviation,1982,1982,°C,0.785,E
100,'356,India,7011,November,6078,Standard Deviation,1983,1983,°C,0.785,E
100,'356,India,7011,November,6078,Standard Deviation,1984,1984,°C,0.785,E
100,'356,India,7011,November,6078,Standard Deviation,1985,1985,°C,0.785,E
100,'356,India,7011,November,6078,Standard Deviation,1986,1986,°C,0.785,E
100,'356,India,7011,November,6078,Standard Deviation,1987,1987,°C,0.785,E
100,'356,India,7011,November,6078,Standard Deviation,1988,1988,°C,0.785,E
100,'356,India,7011,November,6078,Standard Deviation,1989,1989,°C,0.785,E
100,'356,India,7011,November,6078,Standard Deviation,1990,1990,°C,0.785,E
100,'356,India,7011,November,6078,Standard Deviation,1991,1991,°C,0.785,E
100,'356,India,7011,November,6078,Standard Deviation,1992,1992,°C,0.785,E
100,'356,India,7011,November,6078,Standard Deviation,1993,1993,°C,0.785,E
100,'356,India,7011,November,6078,Standard Deviation,1994,1994,°C,0.785,E
100,'356,India,7011,November,6078,Standard Deviation,1995,1995,°C,0.785,E
100,'356,India,7011,November,6078,Standard Deviation,1996,1996,°C,0.785,E
100,'356,India,7011,November,6078,Standard Deviation,1997,1997,°C,0.785,E
100,'356,India,7011,November,6078,Standard Deviation,1998,1998,°C,0.785,E
100,'356,India,7011,November,6078,Standard Deviation,1999,1999,°C,0.785,E
100,'356,India,7011,November,6078,Standard Deviation,2000,2000,°C,0.785,E
100,'356,India,7011,November,6078,Standard Deviation,2001,2001,°C,0.785,E
100,'356,India,7011,November,6078,Standard Deviation,2002,2002,°C,0.785,E
100,'356,India,7011,November,6078,Standard Deviation,2003,2003,°C,0.785,E
100,'356,India,7011,November,6078,Standard Deviation,2004,2004,°C,0.785,E
100,'356,India,7011,November,6078,Standard Deviation,2005,2005,°C,0.785,E
100,'356,India,7011,November,6078,Standard Deviation,2006,2006,°C,0.785,E
100,'356,India,7011,November,6078,Standard Deviation,2007,2007,°C,0.785,E
100,'356,India,7011,November,6078,Standard Deviation,2008,2008,°C,0.785,E
100,'356,India,7011,November,6078,Standard Deviation,2009,2009,°C,0.785,E
100,'356,India,7011,November,6078,Standard Deviation,2010,2010,°C,0.785,E
100,'356,India,7011,November,6078,Standard Deviation,2011,2011,°C,0.785,E
100,'356,India,7011,November,6078,Standard Deviation,2012,2012,°C,0.785,E
100,'356,India,7011,November,6078,Standard Deviation,2013,2013,°C,0.785,E
100,'356,India,7011,November,6078,Standard Deviation,2014,2014,°C,0.785,E
100,'356,India,7011,November,6078,Standard Deviation,2015,2015,°C,0.785,E
100,'356,India,7011,November,6078,Standard Deviation,2016,2016,°C,0.785,E
100,'356,India,7011,November,6078,Standard Deviation,2017,2017,°C,0.785,E
100,'356,India,7011,November,6078,Standard Deviation,2018,2018,°C,0.785,E
100,'356,India,7011,November,6078,Standard Deviation,2019,2019,°C,0.785,E
100,'356,India,7011,November,6078,Standard Deviation,2020,2020,°C,0.785,E
100,'356,India,7011,November,6078,Standard Deviation,2021,2021,°C,0.785,E
100,'356,India,7011,November,6078,Standard Deviation,2022,2022,°C,0.785,E
100,'356,India,7011,November,6078,Standard Deviation,2023,2023,°C,0.785,E
100,'356,India,7011,November,6078,Standard Deviation,2024,2024,°C,0.785,E
100,'356,India,7011,November,6078,Standard Deviation,2025,2025,°C,0.785,E
100,'356,India,7012,December,7271,Temperature change,1961,1961,°C,-1.783,E
100,'356,India,7012,December,7271,Temperature change,1962,1962,°C,-0.348,E
100,'356,India,7012,December,7271,Temperature change,1963,1963,°C,0.223,E
100,'356,India,7012,December,7271,Temperature change,1964,1964,°C,-0.281,E
100,'356,India,7012,December,7271,Temperature change,1965,1965,°C,-0.065,E
100,'356,India,7012,December,7271,Temperature change,1966,1966,°C,-0.353,E
100,'356,India,7012,December,7271,Temperature change,1967,1967,°C,0.536,E
100,'356,India,7012,December,7271,Temperature change,1968,1968,°C,-0.044,E
100,'356,India,7012,December,7271,Temperature change,1969,1969,°C,0.395,E
100,'356,India,7012,December,7271,Temperature change,1970,1970,°C,-0.64,E
100,'356,India,7012,December,7271,Temperature change,1971,1971,°C,-0.371,E
100,'356,India,7012,December,7271,Temperature change,1972,1972,°C,0.657,E
100,'356,India,7012,December,7271,Temperature change,1973,1973,°C,-0.563,E
100,'356,India,7012,December,7271,Temperature change,1974,1974,°C,-0.835,E
100,'356,India,7012,December,7271,Temperature change,1975,1975,°C,-0.656,E
100,'356,India,7012,December,7271,Temperature change,1976,1976,°C,0.603,E
100,'356,India,7012,December,7271,Temperature change,1977,1977,°C,0.381,E
100,'356,India,7012,December,7271,Temperature change,1978,1978,°C,0.198,E
100,'356,India,7012,December,7271,Temperature change,1979,1979,°C,0.674,E
100,'356,India,7012,December,7271,Temperature change,1980,1980,°C,0.364,E
100,'356,India,7012,December,7271,Temperature change,1981,1981,°C,-0.155,E
100,'356,India,7012,December,7271,Temperature change,1982,1982,°C,0.554,E
100,'356,India,7012,December,7271,Temperature change,1983,1983,°C,-0.307,E
100,'356,India,7012,December,7271,Temperature change,1984,1984,°C,0.427,E
100,'356,India,7012,December,7271,Temperature change,1985,1985,°C,0.858,E
100,'356,India,7012,December,7271,Temperature change,1986,1986,°C,0.109,E
100,'356,India,7012,December,7271,Temperature change,1987,1987,°C,0.368,E
100,'356,India,7012,December,7271,Temperature change,1988,1988,°C,0.689,E
100,'356,India,7012,December,7271,Temperature change,1989,1989,°C,-0.103,E
100,'356,India,7012,December,7271,Temperature change,1990,1990,°C,0.472,E
100,'356,India,7012,December,7271,Temperature change,1991,1991,°C,-0.085,E
100,'356,India,7012,December,7271,Temperature change,1992,1992,°C,0.157,E
100,'356,India,7012,December,7271,Temperature change,1993,1993,°C,0.188,E
100,'356,India,7012,December,7271,Temperature change,1994,1994,°C,0.056,E
100,'356,India,7012,December,7271,Temperature change,1995,1995,°C,0.791,E
100,'356,India,7012,December,7271,Temperature change,1996,1996,°C,0.036,E
100,'356,India,7012,December,7271,Temperature change,1997,1997,°C,0.154,E
100,'356,India,7012,December,7271,Temperature change,1998,1998,°C,0.48,E
100,'356,India,7012,December,7271,Temperature change,1999,1999,°C,0.461,E
100,'356,India,7012,December,7271,Temperature change,2000,2000,°C,0.663,E
100,'356,India,7012,December,7271,Temperature change,2001,2001,°C,1.019,E
100,'356,India,7012,December,7271,Temperature change,2002,2002,°C,1.523,E
100,'356,India,7012,December,7271,Temperature change,2003,2003,°C,0.6,E
100,'356,India,7012,December,7271,Temperature change,2004,2004,°C,1.155,E
100,'356,India,7012,December,7271,Temperature change,2005,2005,°C,0.287,E
100,'356,India,7012,December,7271,Temperature change,2006,2006,°C,1.22,E
100,'356,India,7012,December,7271,Temperature change,2007,2007,°C,0.803,E
100,'356,India,7012,December,7271,Temperature change,2008,2008,°C,1.916,E
100,'356,India,7012,December,7271,Temperature change,2009,2009,°C,1.26,E
100,'356,India,7012,December,7271,Temperature change,2010,2010,°C,0.18,E
100,'356,India,7012,December,7271,Temperature change,2011,2011,°C,0.895,E
100,'356,India,7012,December,7271,Temperature change,2012,2012,°C,0.995,E
100,'356,India,7012,December,7271,Temperature change,2013,2013,°C,0.51,E
100,'356,India,7012,December,7271,Temperature change,2014,2014,°C,0.204,E
100,'356,India,7012,December,7271,Temperature change,2015,2015,°C,1.422,E
100,'356,India,7012,December,7271,Temperature change,2016,2016,°C,1.564,E
100,'356,India,7012,December,7271,Temperature change,2017,2017,°C,1.221,E
100,'356,India,7012,December,7271,Temperature change,2018,2018,°C,0.547,E
100,'356,India,7012,December,7271,Temperature change,2019,2019,°C,0.374,E
100,'356,India,7012,December,7271,Temperature change,2020,2020,°C,1.008,E
100,'356,India,7012,December,7271,Temperature change,2021,2021,°C,0.821,E
100,'356,India,7012,December,7271,Temperature change,2022,2022,°C,1.704,E
100,'356,India,7012,December,7271,Temperature change,2023,2023,°C,1.622,E
100,'356,India,7012,December,7271,Temperature change,2024,2024,°C,1.132,E
100,'356,India,7012,December,7271,Temperature change,2025,2025,°C,0.844,E
100,'356,India,7012,December,6078,Standard Deviation,1961,1961,°C,0.577,E
100,'356,India,7012,December,6078,Standard Deviation,1962,1962,°C,0.577,E
100,'356,India,7012,December,6078,Standard Deviation,1963,1963,°C,0.577,E
100,'356,India,7012,December,6078,Standard Deviation,1964,1964,°C,0.577,E
100,'356,India,7012,December,6078,Standard Deviation,1965,1965,°C,0.577,E
100,'356,India,7012,December,6078,Standard Deviation,1966,1966,°C,0.577,E
100,'356,India,7012,December,6078,Standard Deviation,1967,1967,°C,0.577,E
100,'356,India,7012,December,6078,Standard Deviation,1968,1968,°C,0.577,E
100,'356,India,7012,December,6078,Standard Deviation,1969,1969,°C,0.577,E
100,'356,India,7012,December,6078,Standard Deviation,1970,1970,°C,0.577,E
100,'356,India,7012,December,6078,Standard Deviation,1971,1971,°C,0.577,E
100,'356,India,7012,December,6078,Standard Deviation,1972,1972,°C,0.577,E
100,'356,India,7012,December,6078,Standard Deviation,1973,1973,°C,0.577,E
100,'356,India,7012,December,6078,Standard Deviation,1974,1974,°C,0.577,E
100,'356,India,7012,December,6078,Standard Deviation,1975,1975,°C,0.577,E
100,'356,India,7012,December,6078,Standard Deviation,1976,1976,°C,0.577,E
100,'356,India,7012,December,6078,Standard Deviation,1977,1977,°C,0.577,E
100,'356,India,7012,December,6078,Standard Deviation,1978,1978,°C,0.577,E
100,'356,India,7012,December,6078,Standard Deviation,1979,1979,°C,0.577,E
100,'356,India,7012,December,6078,Standard Deviation,1980,1980,°C,0.577,E
100,'356,India,7012,December,6078,Standard Deviation,1981,1981,°C,0.577,E
100,'356,India,7012,December,6078,Standard Deviation,1982,1982,°C,0.577,E
100,'356,India,7012,December,6078,Standard Deviation,1983,1983,°C,0.577,E
100,'356,India,7012,December,6078,Standard Deviation,1984,1984,°C,0.577,E
100,'356,India,7012,December,6078,Standard Deviation,1985,1985,°C,0.577,E
100,'356,India,7012,December,6078,Standard Deviation,1986,1986,°C,0.577,E
100,'356,India,7012,December,6078,Standard Deviation,1987,1987,°C,0.577,E
100,'356,India,7012,December,6078,Standard Deviation,1988,1988,°C,0.577,E
100,'356,India,7012,December,6078,Standard Deviation,1989,1989,°C,0.577,E
100,'356,India,7012,December,6078,Standard Deviation,1990,1990,°C,0.577,E
100,'356,India,7012,December,6078,Standard Deviation,1991,1991,°C,0.577,E
100,'356,India,7012,December,6078,Standard Deviation,1992,1992,°C,0.577,E
100,'356,India,7012,December,6078,Standard Deviation,1993,1993,°C,0.577,E
100,'356,India,7012,December,6078,Standard Deviation,1994,1994,°C,0.577,E
100,'356,India,7012,December,6078,Standard Deviation,1995,1995,°C,0.577,E
100,'356,India,7012,December,6078,Standard Deviation,1996,1996,°C,0.577,E
100,'356,India,7012,December,6078,Standard Deviation,1997,1997,°C,0.577,E
100,'356,India,7012,December,6078,Standard Deviation,1998,1998,°C,0.577,E
100,'356,India,7012,December,6078,Standard Deviation,1999,1999,°C,0.577,E
100,'356,India,7012,December,6078,Standard Deviation,2000,2000,°C,0.577,E
100,'356,India,7012,December,6078,Standard Deviation,2001,2001,°C,0.577,E
100,'356,India,7012,December,6078,Standard Deviation,2002,2002,°C,0.577,E
100,'356,India,7012,December,6078,Standard Deviation,2003,2003,°C,0.577,E
100,'356,India,7012,December,6078,Standard Deviation,2004,2004,°C,0.577,E
100,'356,India,7012,December,6078,Standard Deviation,2005,2005,°C,0.577,E
100,'356,India,7012,December,6078,Standard Deviation,2006,2006,°C,0.577,E
100,'356,India,7012,December,6078,Standard Deviation,2007,2007,°C,0.577,E
100,'356,India,7012,December,6078,Standard Deviation,2008,2008,°C,0.577,E
100,'356,India,7012,December,6078,Standard Deviation,2009,2009,°C,0.577,E
100,'356,India,7012,December,6078,Standard Deviation,2010,2010,°C,0.577,E
100,'356,India,7012,December,6078,Standard Deviation,2011,2011,°C,0.577,E
100,'356,India,7012,December,6078,Standard Deviation,2012,2012,°C,0.577,E
100,'356,India,7012,December,6078,Standard Deviation,2013,2013,°C,0.577,E
100,'356,India,7012,December,6078,Standard Deviation,2014,2014,°C,0.577,E
100,'356,India,7012,December,6078,Standard Deviation,2015,2015,°C,0.577,E
100,'356,India,7012,December,6078,Standard Deviation,2016,2016,°C,0.577,E
100,'356,India,7012,December,6078,Standard Deviation,2017,2017,°C,0.577,E
100,'356,India,7012,December,6078,Standard Deviation,2018,2018,°C,0.577,E
100,'356,India,7012,December,6078,Standard Deviation,2019,2019,°C,0.577,E
100,'356,India,7012,December,6078,Standard Deviation,2020,2020,°C,0.577,E
100,'356,India,7012,December,6078,Standard Deviation,2021,2021,°C,0.577,E
100,'356,India,7012,December,6078,Standard Deviation,2022,2022,°C,0.577,E
100,'356,India,7012,December,6078,Standard Deviation,2023,2023,°C,0.577,E
100,'356,India,7012,December,6078,Standard Deviation,2024,2024,°C,0.577,E
100,'356,India,7012,December,6078,Standard Deviation,2025,2025,°C,0.577,E
100,'356,India,7016,Dec–Jan–Feb,7271,Temperature change,1961,1961,°C,0.002,E
100,'356,India,7016,Dec–Jan–Feb,7271,Temperature change,1962,1962,°C,-1.132,E
100,'356,India,7016,Dec–Jan–Feb,7271,Temperature change,1963,1963,°C,0.024,E
100,'356,India,7016,Dec–Jan–Feb,7271,Temperature change,1964,1964,°C,-0.146,E
100,'356,India,7016,Dec–Jan–Feb,7271,Temperature change,1965,1965,°C,0.089,E
100,'356,India,7016,Dec–Jan–Feb,7271,Temperature change,1966,1966,°C,0.579,E
100,'356,India,7016,Dec–Jan–Feb,7271,Temperature change,1967,1967,°C,0.03,E
100,'356,India,7016,Dec–Jan–Feb,7271,Temperature change,1968,1968,°C,-0.413,E
100,'356,India,7016,Dec–Jan–Feb,7271,Temperature change,1969,1969,°C,0.152,E
100,'356,India,7016,Dec–Jan–Feb,7271,Temperature change,1970,1970,°C,0.224,E
100,'356,India,7016,Dec–Jan–Feb,7271,Temperature change,1971,1971,°C,-0.406,E
100,'356,India,7016,Dec–Jan–Feb,7271,Temperature change,1972,1972,°C,-0.698,E
100,'356,India,7016,Dec–Jan–Feb,7271,Temperature change,1973,1973,°C,0.763,E
100,'356,India,7016,Dec–Jan–Feb,7271,Temperature change,1974,1974,°C,-0.402,E
100,'356,India,7016,Dec–Jan–Feb,7271,Temperature change,1975,1975,°C,-0.585,E
100,'356,India,7016,Dec–Jan–Feb,7271,Temperature change,1976,1976,°C,-0.183,E
100,'356,India,7016,Dec–Jan–Feb,7271,Temperature change,1977,1977,°C,0.443,E
100,'356,India,7016,Dec–Jan–Feb,7271,Temperature change,1978,1978,°C,-0.115,E
100,'356,India,7016,Dec–Jan–Feb,7271,Temperature change,1979,1979,°C,0.085,E
100,'356,India,7016,Dec–Jan–Feb,7271,Temperature change,1980,1980,°C,0.673,E
100,'356,India,7016,Dec–Jan–Feb,7271,Temperature change,1981,1981,°C,0.317,E
100,'356,India,7016,Dec–Jan–Feb,7271,Temperature change,1982,1982,°C,0.073,E
100,'356,India,7016,Dec–Jan–Feb,7271,Temperature change,1983,1983,°C,-0.068,E
100,'356,India,7016,Dec–Jan–Feb,7271,Temperature change,1984,1984,°C,-0.523,E
100,'356,India,7016,Dec–Jan–Feb,7271,Temperature change,1985,1985,°C,0.348,E
100,'356,India,7016,Dec–Jan–Feb,7271,Temperature change,1986,1986,°C,0.28,E
100,'356,India,7016,Dec–Jan–Feb,7271,Temperature change,1987,1987,°C,0.445,E
100,'356,India,7016,Dec–Jan–Feb,7271,Temperature change,1988,1988,°C,0.954,E
100,'356,India,7016,Dec–Jan–Feb,7271,Temperature change,1989,1989,°C,0.001,E
100,'356,India,7016,Dec–Jan–Feb,7271,Temperature change,1990,1990,°C,0.554,E
100,'356,India,7016,Dec–Jan–Feb,7271,Temperature change,1991,1991,°C,0.404,E
100,'356,India,7016,Dec–Jan–Feb,7271,Temperature change,1992,1992,°C,-0.251,E
100,'356,India,7016,Dec–Jan–Feb,7271,Temperature change,1993,1993,°C,0.381,E
100,'356,India,7016,Dec–Jan–Feb,7271,Temperature change,1994,1994,°C,0.353,E
100,'356,India,7016,Dec–Jan–Feb,7271,Temperature change,1995,1995,°C,-0.145,E
100,'356,India,7016,Dec–Jan–Feb,7271,Temperature change,1996,1996,°C,0.727,E
100,'356,India,7016,Dec–Jan–Feb,7271,Temperature change,1997,1997,°C,-0.217,E
100,'356,India,7016,Dec–Jan–Feb,7271,Temperature change,1998,1998,°C,0.388,E
100,'356,India,7016,Dec–Jan–Feb,7271,Temperature change,1999,1999,°C,0.64,E
100,'356,India,7016,Dec–Jan–Feb,7271,Temperature change,2000,2000,°C,0.236,E
100,'356,India,7016,Dec–Jan–Feb,7271,Temperature change,2001,2001,°C,0.699,E
100,'356,India,7016,Dec–Jan–Feb,7271,Temperature change,2002,2002,°C,0.76,E
100,'356,India,7016,Dec–Jan–Feb,7271,Temperature change,2003,2003,°C,0.914,E
100,'356,India,7016,Dec–Jan–Feb,7271,Temperature change,2004,2004,°C,0.523,E
100,'356,India,7016,Dec–Jan–Feb,7271,Temperature change,2005,2005,°C,0.848,E
100,'356,India,7016,Dec–Jan–Feb,7271,Temperature change,2006,2006,°C,1.288,E
100,'356,India,7016,Dec–Jan–Feb,7271,Temperature change,2007,2007,°C,0.958,E
100,'356,India,7016,Dec–Jan–Feb,7271,Temperature change,2008,2008,°C,0.204,E
100,'356,India,7016,Dec–Jan–Feb,7271,Temperature change,2009,2009,°C,1.85,E
100,'356,India,7016,Dec–Jan–Feb,7271,Temperature change,2010,2010,°C,0.949,E
100,'356,India,7016,Dec–Jan–Feb,7271,Temperature change,2011,2011,°C,0.157,E
100,'356,India,7016,Dec–Jan–Feb,7271,Temperature change,2012,2012,°C,0.349,E
100,'356,India,7016,Dec–Jan–Feb,7271,Temperature change,2013,2013,°C,0.62,E
100,'356,India,7016,Dec–Jan–Feb,7271,Temperature change,2014,2014,°C,0.198,E
100,'356,India,7016,Dec–Jan–Feb,7271,Temperature change,2015,2015,°C,0.486,E
100,'356,India,7016,Dec–Jan–Feb,7271,Temperature change,2016,2016,°C,1.558,E
100,'356,India,7016,Dec–Jan–Feb,7271,Temperature change,2017,2017,°C,1.339,E
100,'356,India,7016,Dec–Jan–Feb,7271,Temperature change,2018,2018,°C,1.171,E
100,'356,India,7016,Dec–Jan–Feb,7271,Temperature change,2019,2019,°C,0.501,E
100,'356,India,7016,Dec–Jan–Feb,7271,Temperature change,2020,2020,°C,0.444,E
100,'356,India,7016,Dec–Jan–Feb,7271,Temperature change,2021,2021,°C,1.16,E
100,'356,India,7016,Dec–Jan–Feb,7271,Temperature change,2022,2022,°C,0.397,E
100,'356,India,7016,Dec–Jan–Feb,7271,Temperature change,2023,2023,°C,1.376,E
100,'356,India,7016,Dec–Jan–Feb,7271,Temperature change,2024,2024,°C,1.138,E
100,'356,India,7016,Dec–Jan–Feb,7271,Temperature change,2025,2025,°C,1.586,E
100,'356,India,7016,Dec–Jan–Feb,6078,Standard Deviation,1961,1961,°C,0.458,E
100,'356,India,7016,Dec–Jan–Feb,6078,Standard Deviation,1962,1962,°C,0.458,E
100,'356,India,7016,Dec–Jan–Feb,6078,Standard Deviation,1963,1963,°C,0.458,E
100,'356,India,7016,Dec–Jan–Feb,6078,Standard Deviation,1964,1964,°C,0.458,E
100,'356,India,7016,Dec–Jan–Feb,6078,Standard Deviation,1965,1965,°C,0.458,E
100,'356,India,7016,Dec–Jan–Feb,6078,Standard Deviation,1966,1966,°C,0.458,E
100,'356,India,7016,Dec–Jan–Feb,6078,Standard Deviation,1967,1967,°C,0.458,E
100,'356,India,7016,Dec–Jan–Feb,6078,Standard Deviation,1968,1968,°C,0.458,E
100,'356,India,7016,Dec–Jan–Feb,6078,Standard Deviation,1969,1969,°C,0.458,E
100,'356,India,7016,Dec–Jan–Feb,6078,Standard Deviation,1970,1970,°C,0.458,E
100,'356,India,7016,Dec–Jan–Feb,6078,Standard Deviation,1971,1971,°C,0.458,E
100,'356,India,7016,Dec–Jan–Feb,6078,Standard Deviation,1972,1972,°C,0.458,E
100,'356,India,7016,Dec–Jan–Feb,6078,Standard Deviation,1973,1973,°C,0.458,E
100,'356,India,7016,Dec–Jan–Feb,6078,Standard Deviation,1974,1974,°C,0.458,E
100,'356,India,7016,Dec–Jan–Feb,6078,Standard Deviation,1975,1975,°C,0.458,E
100,'356,India,7016,Dec–Jan–Feb,6078,Standard Deviation,1976,1976,°C,0.458,E
100,'356,India,7016,Dec–Jan–Feb,6078,Standard Deviation,1977,1977,°C,0.458,E
100,'356,India,7016,Dec–Jan–Feb,6078,Standard Deviation,1978,1978,°C,0.458,E
100,'356,India,7016,Dec–Jan–Feb,6078,Standard Deviation,1979,1979,°C,0.458,E
100,'356,India,7016,Dec–Jan–Feb,6078,Standard Deviation,1980,1980,°C,0.458,E
100,'356,India,7016,Dec–Jan–Feb,6078,Standard Deviation,1981,1981,°C,0.458,E
100,'356,India,7016,Dec–Jan–Feb,6078,Standard Deviation,1982,1982,°C,0.458,E
100,'356,India,7016,Dec–Jan–Feb,6078,Standard Deviation,1983,1983,°C,0.458,E
100,'356,India,7016,Dec–Jan–Feb,6078,Standard Deviation,1984,1984,°C,0.458,E
100,'356,India,7016,Dec–Jan–Feb,6078,Standard Deviation,1985,1985,°C,0.458,E
100,'356,India,7016,Dec–Jan–Feb,6078,Standard Deviation,1986,1986,°C,0.458,E
100,'356,India,7016,Dec–Jan–Feb,6078,Standard Deviation,1987,1987,°C,0.458,E
100,'356,India,7016,Dec–Jan–Feb,6078,Standard Deviation,1988,1988,°C,0.458,E
100,'356,India,7016,Dec–Jan–Feb,6078,Standard Deviation,1989,1989,°C,0.458,E
100,'356,India,7016,Dec–Jan–Feb,6078,Standard Deviation,1990,1990,°C,0.458,E
100,'356,India,7016,Dec–Jan–Feb,6078,Standard Deviation,1991,1991,°C,0.458,E
100,'356,India,7016,Dec–Jan–Feb,6078,Standard Deviation,1992,1992,°C,0.458,E
100,'356,India,7016,Dec–Jan–Feb,6078,Standard Deviation,1993,1993,°C,0.458,E
100,'356,India,7016,Dec–Jan–Feb,6078,Standard Deviation,1994,1994,°C,0.458,E
100,'356,India,7016,Dec–Jan–Feb,6078,Standard Deviation,1995,1995,°C,0.458,E
100,'356,India,7016,Dec–Jan–Feb,6078,Standard Deviation,1996,1996,°C,0.458,E
100,'356,India,7016,Dec–Jan–Feb,6078,Standard Deviation,1997,1997,°C,0.458,E
100,'356,India,7016,Dec–Jan–Feb,6078,Standard Deviation,1998,1998,°C,0.458,E
100,'356,India,7016,Dec–Jan–Feb,6078,Standard Deviation,1999,1999,°C,0.458,E
100,'356,India,7016,Dec–Jan–Feb,6078,Standard Deviation,2000,2000,°C,0.458,E
100,'356,India,7016,Dec–Jan–Feb,6078,Standard Deviation,2001,2001,°C,0.458,E
100,'356,India,7016,Dec–Jan–Feb,6078,Standard Deviation,2002,2002,°C,0.458,E
100,'356,India,7016,Dec–Jan–Feb,6078,Standard Deviation,2003,2003,°C,0.458,E
100,'356,India,7016,Dec–Jan–Feb,6078,Standard Deviation,2004,2004,°C,0.458,E
100,'356,India,7016,Dec–Jan–Feb,6078,Standard Deviation,2005,2005,°C,0.458,E
100,'356,India,7016,Dec–Jan–Feb,6078,Standard Deviation,2006,2006,°C,0.458,E
100,'356,India,7016,Dec–Jan–Feb,6078,Standard Deviation,2007,2007,°C,0.458,E
100,'356,India,7016,Dec–Jan–Feb,6078,Standard Deviation,2008,2008,°C,0.458,E
100,'356,India,7016,Dec–Jan–Feb,6078,Standard Deviation,2009,2009,°C,0.458,E
100,'356,India,7016,Dec–Jan–Feb,6078,Standard Deviation,2010,2010,°C,0.458,E
100,'356,India,7016,Dec–Jan–Feb,6078,Standard Deviation,2011,2011,°C,0.458,E
100,'356,India,7016,Dec–Jan–Feb,6078,Standard Deviation,2012,2012,°C,0.458,E
100,'356,India,7016,Dec–Jan–Feb,6078,Standard Deviation,2013,2013,°C,0.458,E
100,'356,India,7016,Dec–Jan–Feb,6078,Standard Deviation,2014,2014,°C,0.458,E
100,'356,India,7016,Dec–Jan–Feb,6078,Standard Deviation,2015,2015,°C,0.458,E
100,'356,India,7016,Dec–Jan–Feb,6078,Standard Deviation,2016,2016,°C,0.458,E
100,'356,India,7016,Dec–Jan–Feb,6078,Standard Deviation,2017,2017,°C,0.458,E
100,'356,India,7016,Dec–Jan–Feb,6078,Standard Deviation,2018,2018,°C,0.458,E
100,'356,India,7016,Dec–Jan–Feb,6078,Standard Deviation,2019,2019,°C,0.458,E
100,'356,India,7016,Dec–Jan–Feb,6078,Standard Deviation,2020,2020,°C,0.458,E
100,'356,India,7016,Dec–Jan–Feb,6078,Standard Deviation,2021,2021,°C,0.458,E
100,'356,India,7016,Dec–Jan–Feb,6078,Standard Deviation,2022,2022,°C,0.458,E
100,'356,India,7016,Dec–Jan–Feb,6078,Standard Deviation,2023,2023,°C,0.458,E
100,'356,India,7016,Dec–Jan–Feb,6078,Standard Deviation,2024,2024,°C,0.458,E
100,'356,India,7016,Dec–Jan–Feb,6078,Standard Deviation,2025,2025,°C,0.458,E
100,'356,India,7017,Mar–Apr–May,7271,Temperature change,1961,1961,°C,0.158,E
100,'356,India,7017,Mar–Apr–May,7271,Temperature change,1962,1962,°C,-0.354,E
100,'356,India,7017,Mar–Apr–May,7271,Temperature change,1963,1963,°C,-0.526,E
100,'356,India,7017,Mar–Apr–May,7271,Temperature change,1964,1964,°C,0.453,E
100,'356,India,7017,Mar–Apr–May,7271,Temperature change,1965,1965,°C,-0.888,E
100,'356,India,7017,Mar–Apr–May,7271,Temperature change,1966,1966,°C,0.027,E
100,'356,India,7017,Mar–Apr–May,7271,Temperature change,1967,1967,°C,-0.623,E
100,'356,India,7017,Mar–Apr–May,7271,Temperature change,1968,1968,°C,-0.671,E
100,'356,India,7017,Mar–Apr–May,7271,Temperature change,1969,1969,°C,0.49,E
100,'356,India,7017,Mar–Apr–May,7271,Temperature change,1970,1970,°C,0.209,E
100,'356,India,7017,Mar–Apr–May,7271,Temperature change,1971,1971,°C,-0.59,E
100,'356,India,7017,Mar–Apr–May,7271,Temperature change,1972,1972,°C,-0.016,E
100,'356,India,7017,Mar–Apr–May,7271,Temperature change,1973,1973,°C,0.73,E
100,'356,India,7017,Mar–Apr–May,7271,Temperature change,1974,1974,°C,0.424,E
100,'356,India,7017,Mar–Apr–May,7271,Temperature change,1975,1975,°C,0.318,E
100,'356,India,7017,Mar–Apr–May,7271,Temperature change,1976,1976,°C,-0.183,E
100,'356,India,7017,Mar–Apr–May,7271,Temperature change,1977,1977,°C,-0.001,E
100,'356,India,7017,Mar–Apr–May,7271,Temperature change,1978,1978,°C,-0.155,E
100,'356,India,7017,Mar–Apr–May,7271,Temperature change,1979,1979,°C,-0.2,E
100,'356,India,7017,Mar–Apr–May,7271,Temperature change,1980,1980,°C,0.659,E
100,'356,India,7017,Mar–Apr–May,7271,Temperature change,1981,1981,°C,-0.108,E
100,'356,India,7017,Mar–Apr–May,7271,Temperature change,1982,1982,°C,-0.822,E
100,'356,India,7017,Mar–Apr–May,7271,Temperature change,1983,1983,°C,-0.634,E
100,'356,India,7017,Mar–Apr–May,7271,Temperature change,1984,1984,°C,0.662,E
100,'356,India,7017,Mar–Apr–May,7271,Temperature change,1985,1985,°C,0.805,E
100,'356,India,7017,Mar–Apr–May,7271,Temperature change,1986,1986,°C,-0.015,E
100,'356,India,7017,Mar–Apr–May,7271,Temperature change,1987,1987,°C,-0.035,E
100,'356,India,7017,Mar–Apr–May,7271,Temperature change,1988,1988,°C,0.75,E
100,'356,India,7017,Mar–Apr–May,7271,Temperature change,1989,1989,°C,-0.024,E
100,'356,India,7017,Mar–Apr–May,7271,Temperature change,1990,1990,°C,-0.67,E
100,'356,India,7017,Mar–Apr–May,7271,Temperature change,1991,1991,°C,0.301,E
100,'356,India,7017,Mar–Apr–May,7271,Temperature change,1992,1992,°C,0.035,E
100,'356,India,7017,Mar–Apr–May,7271,Temperature change,1993,1993,°C,-0.165,E
100,'356,India,7017,Mar–Apr–May,7271,Temperature change,1994,1994,°C,0.437,E
100,'356,India,7017,Mar–Apr–May,7271,Temperature change,1995,1995,°C,-0.099,E
100,'356,India,7017,Mar–Apr–May,7271,Temperature change,1996,1996,°C,0.618,E
100,'356,India,7017,Mar–Apr–May,7271,Temperature change,1997,1997,°C,-0.503,E
100,'356,India,7017,Mar–Apr–May,7271,Temperature change,1998,1998,°C,0.487,E
100,'356,India,7017,Mar–Apr–May,7271,Temperature change,1999,1999,°C,0.733,E
100,'356,India,7017,Mar–Apr–May,7271,Temperature change,2000,2000,°C,0.283,E
100,'356,India,7017,Mar–Apr–May,7271,Temperature change,2001,2001,°C,0.241,E
100,'356,India,7017,Mar–Apr–May,7271,Temperature change,2002,2002,°C,0.991,E
100,'356,India,7017,Mar–Apr–May,7271,Temperature change,2003,2003,°C,0.697,E
100,'356,India,7017,Mar–Apr–May,7271,Temperature change,2004,2004,°C,1.028,E
100,'356,India,7017,Mar–Apr–May,7271,Temperature change,2005,2005,°C,0.343,E
100,'356,India,7017,Mar–Apr–May,7271,Temperature change,2006,2006,°C,0.248,E
100,'356,India,7017,Mar–Apr–May,7271,Temperature change,2007,2007,°C,0.533,E
100,'356,India,7017,Mar–Apr–May,7271,Temperature change,2008,2008,°C,0.354,E
100,'356,India,7017,Mar–Apr–May,7271,Temperature change,2009,2009,°C,0.922,E
100,'356,India,7017,Mar–Apr–May,7271,Temperature change,2010,2010,°C,1.942,E
100,'356,India,7017,Mar–Apr–May,7271,Temperature change,2011,2011,°C,0.298,E
100,'356,India,7017,Mar–Apr–May,7271,Temperature change,2012,2012,°C,0.582,E
100,'356,India,7017,Mar–Apr–May,7271,Temperature change,2013,2013,°C,0.657,E
100,'356,India,7017,Mar–Apr–May,7271,Temperature change,2014,2014,°C,0.048,E
100,'356,India,7017,Mar–Apr–May,7271,Temperature change,2015,2015,°C,0.196,E
100,'356,India,7017,Mar–Apr–May,7271,Temperature change,2016,2016,°C,1.483,E
100,'356,India,7017,Mar–Apr–May,7271,Temperature change,2017,2017,°C,1.073,E
100,'356,India,7017,Mar–Apr–May,7271,Temperature change,2018,2018,°C,1.09,E
100,'356,India,7017,Mar–Apr–May,7271,Temperature change,2019,2019,°C,0.877,E
100,'356,India,7017,Mar–Apr–May,7271,Temperature change,2020,2020,°C,0.181,E
100,'356,India,7017,Mar–Apr–May,7271,Temperature change,2021,2021,°C,0.588,E
100,'356,India,7017,Mar–Apr–May,7271,Temperature change,2022,2022,°C,1.525,E
100,'356,India,7017,Mar–Apr–May,7271,Temperature change,2023,2023,°C,-0.07,E
100,'356,India,7017,Mar–Apr–May,7271,Temperature change,2024,2024,°C,0.967,E
100,'356,India,7017,Mar–Apr–May,7271,Temperature change,2025,2025,°C,0.826,E
100,'356,India,7017,Mar–Apr–May,6078,Standard Deviation,1961,1961,°C,0.486,E
100,'356,India,7017,Mar–Apr–May,6078,Standard Deviation,1962,1962,°C,0.486,E
100,'356,India,7017,Mar–Apr–May,6078,Standard Deviation,1963,1963,°C,0.486,E
100,'356,India,7017,Mar–Apr–May,6078,Standard Deviation,1964,1964,°C,0.486,E
100,'356,India,7017,Mar–Apr–May,6078,Standard Deviation,1965,1965,°C,0.486,E
100,'356,India,7017,Mar–Apr–May,6078,Standard Deviation,1966,1966,°C,0.486,E
100,'356,India,7017,Mar–Apr–May,6078,Standard Deviation,1967,1967,°C,0.486,E
100,'356,India,7017,Mar–Apr–May,6078,Standard Deviation,1968,1968,°C,0.486,E
100,'356,India,7017,Mar–Apr–May,6078,Standard Deviation,1969,1969,°C,0.486,E
100,'356,India,7017,Mar–Apr–May,6078,Standard Deviation,1970,1970,°C,0.486,E
100,'356,India,7017,Mar–Apr–May,6078,Standard Deviation,1971,1971,°C,0.486,E
100,'356,India,7017,Mar–Apr–May,6078,Standard Deviation,1972,1972,°C,0.486,E
100,'356,India,7017,Mar–Apr–May,6078,Standard Deviation,1973,1973,°C,0.486,E
100,'356,India,7017,Mar–Apr–May,6078,Standard Deviation,1974,1974,°C,0.486,E
100,'356,India,7017,Mar–Apr–May,6078,Standard Deviation,1975,1975,°C,0.486,E
100,'356,India,7017,Mar–Apr–May,6078,Standard Deviation,1976,1976,°C,0.486,E
100,'356,India,7017,Mar–Apr–May,6078,Standard Deviation,1977,1977,°C,0.486,E
100,'356,India,7017,Mar–Apr–May,6078,Standard Deviation,1978,1978,°C,0.486,E
100,'356,India,7017,Mar–Apr–May,6078,Standard Deviation,1979,1979,°C,0.486,E
100,'356,India,7017,Mar–Apr–May,6078,Standard Deviation,1980,1980,°C,0.486,E
100,'356,India,7017,Mar–Apr–May,6078,Standard Deviation,1981,1981,°C,0.486,E
100,'356,India,7017,Mar–Apr–May,6078,Standard Deviation,1982,1982,°C,0.486,E
100,'356,India,7017,Mar–Apr–May,6078,Standard Deviation,1983,1983,°C,0.486,E
100,'356,India,7017,Mar–Apr–May,6078,Standard Deviation,1984,1984,°C,0.486,E
100,'356,India,7017,Mar–Apr–May,6078,Standard Deviation,1985,1985,°C,0.486,E
100,'356,India,7017,Mar–Apr–May,6078,Standard Deviation,1986,1986,°C,0.486,E
100,'356,India,7017,Mar–Apr–May,6078,Standard Deviation,1987,1987,°C,0.486,E
100,'356,India,7017,Mar–Apr–May,6078,Standard Deviation,1988,1988,°C,0.486,E
100,'356,India,7017,Mar–Apr–May,6078,Standard Deviation,1989,1989,°C,0.486,E
100,'356,India,7017,Mar–Apr–May,6078,Standard Deviation,1990,1990,°C,0.486,E
100,'356,India,7017,Mar–Apr–May,6078,Standard Deviation,1991,1991,°C,0.486,E
100,'356,India,7017,Mar–Apr–May,6078,Standard Deviation,1992,1992,°C,0.486,E
100,'356,India,7017,Mar–Apr–May,6078,Standard Deviation,1993,1993,°C,0.486,E
100,'356,India,7017,Mar–Apr–May,6078,Standard Deviation,1994,1994,°C,0.486,E
100,'356,India,7017,Mar–Apr–May,6078,Standard Deviation,1995,1995,°C,0.486,E
100,'356,India,7017,Mar–Apr–May,6078,Standard Deviation,1996,1996,°C,0.486,E
100,'356,India,7017,Mar–Apr–May,6078,Standard Deviation,1997,1997,°C,0.486,E
100,'356,India,7017,Mar–Apr–May,6078,Standard Deviation,1998,1998,°C,0.486,E
100,'356,India,7017,Mar–Apr–May,6078,Standard Deviation,1999,1999,°C,0.486,E
100,'356,India,7017,Mar–Apr–May,6078,Standard Deviation,2000,2000,°C,0.486,E
100,'356,India,7017,Mar–Apr–May,6078,Standard Deviation,2001,2001,°C,0.486,E
100,'356,India,7017,Mar–Apr–May,6078,Standard Deviation,2002,2002,°C,0.486,E
100,'356,India,7017,Mar–Apr–May,6078,Standard Deviation,2003,2003,°C,0.486,E
100,'356,India,7017,Mar–Apr–May,6078,Standard Deviation,2004,2004,°C,0.486,E
100,'356,India,7017,Mar–Apr–May,6078,Standard Deviation,2005,2005,°C,0.486,E
100,'356,India,7017,Mar–Apr–May,6078,Standard Deviation,2006,2006,°C,0.486,E
100,'356,India,7017,Mar–Apr–May,6078,Standard Deviation,2007,2007,°C,0.486,E
100,'356,India,7017,Mar–Apr–May,6078,Standard Deviation,2008,2008,°C,0.486,E
100,'356,India,7017,Mar–Apr–May,6078,Standard Deviation,2009,2009,°C,0.486,E
100,'356,India,7017,Mar–Apr–May,6078,Standard Deviation,2010,2010,°C,0.486,E
100,'356,India,7017,Mar–Apr–May,6078,Standard Deviation,2011,2011,°C,0.486,E
100,'356,India,7017,Mar–Apr–May,6078,Standard Deviation,2012,2012,°C,0.486,E
100,'356,India,7017,Mar–Apr–May,6078,Standard Deviation,2013,2013,°C,0.486,E
100,'356,India,7017,Mar–Apr–May,6078,Standard Deviation,2014,2014,°C,0.486,E
100,'356,India,7017,Mar–Apr–May,6078,Standard Deviation,2015,2015,°C,0.486,E
100,'356,India,7017,Mar–Apr–May,6078,Standard Deviation,2016,2016,°C,0.486,E
100,'356,India,7017,Mar–Apr–May,6078,Standard Deviation,2017,2017,°C,0.486,E
100,'356,India,7017,Mar–Apr–May,6078,Standard Deviation,2018,2018,°C,0.486,E
100,'356,India,7017,Mar–Apr–May,6078,Standard Deviation,2019,2019,°C,0.486,E
100,'356,India,7017,Mar–Apr–May,6078,Standard Deviation,2020,2020,°C,0.486,E
100,'356,India,7017,Mar–Apr–May,6078,Standard Deviation,2021,2021,°C,0.486,E
100,'356,India,7017,Mar–Apr–May,6078,Standard Deviation,2022,2022,°C,0.486,E
100,'356,India,7017,Mar–Apr–May,6078,Standard Deviation,2023,2023,°C,0.486,E
100,'356,India,7017,Mar–Apr–May,6078,Standard Deviation,2024,2024,°C,0.486,E
100,'356,India,7017,Mar–Apr–May,6078,Standard Deviation,2025,2025,°C,0.486,E
100,'356,India,7018,Jun–Jul–Aug,7271,Temperature change,1961,1961,°C,-0.253,E
100,'356,India,7018,Jun–Jul–Aug,7271,Temperature change,1962,1962,°C,0.085,E
100,'356,India,7018,Jun–Jul–Aug,7271,Temperature change,1963,1963,°C,0.145,E
100,'356,India,7018,Jun–Jul–Aug,7271,Temperature change,1964,1964,°C,-0.094,E
100,'356,India,7018,Jun–Jul–Aug,7271,Temperature change,1965,1965,°C,0.266,E
100,'356,India,7018,Jun–Jul–Aug,7271,Temperature change,1966,1966,°C,0.359,E
100,'356,India,7018,Jun–Jul–Aug,7271,Temperature change,1967,1967,°C,0.067,E
100,'356,India,7018,Jun–Jul–Aug,7271,Temperature change,1968,1968,°C,0.077,E
100,'356,India,7018,Jun–Jul–Aug,7271,Temperature change,1969,1969,°C,0.224,E
100,'356,India,7018,Jun–Jul–Aug,7271,Temperature change,1970,1970,°C,-0.182,E
100,'356,India,7018,Jun–Jul–Aug,7271,Temperature change,1971,1971,°C,-0.813,E
100,'356,India,7018,Jun–Jul–Aug,7271,Temperature change,1972,1972,°C,0.682,E
100,'356,India,7018,Jun–Jul–Aug,7271,Temperature change,1973,1973,°C,-0.02,E
100,'356,India,7018,Jun–Jul–Aug,7271,Temperature change,1974,1974,°C,0.044,E
100,'356,India,7018,Jun–Jul–Aug,7271,Temperature change,1975,1975,°C,-0.315,E
100,'356,India,7018,Jun–Jul–Aug,7271,Temperature change,1976,1976,°C,-0.352,E
100,'356,India,7018,Jun–Jul–Aug,7271,Temperature change,1977,1977,°C,-0.242,E
100,'356,India,7018,Jun–Jul–Aug,7271,Temperature change,1978,1978,°C,-0.544,E
100,'356,India,7018,Jun–Jul–Aug,7271,Temperature change,1979,1979,°C,0.535,E
100,'356,India,7018,Jun–Jul–Aug,7271,Temperature change,1980,1980,°C,-0.225,E
100,'356,India,7018,Jun–Jul–Aug,7271,Temperature change,1981,1981,°C,0.211,E
100,'356,India,7018,Jun–Jul–Aug,7271,Temperature change,1982,1982,°C,0.407,E
100,'356,India,7018,Jun–Jul–Aug,7271,Temperature change,1983,1983,°C,0.475,E
100,'356,India,7018,Jun–Jul–Aug,7271,Temperature change,1984,1984,°C,-0.261,E
100,'356,India,7018,Jun–Jul–Aug,7271,Temperature change,1985,1985,°C,-0.166,E
100,'356,India,7018,Jun–Jul–Aug,7271,Temperature change,1986,1986,°C,0.036,E
100,'356,India,7018,Jun–Jul–Aug,7271,Temperature change,1987,1987,°C,1.099,E
100,'356,India,7018,Jun–Jul–Aug,7271,Temperature change,1988,1988,°C,0.116,E
100,'356,India,7018,Jun–Jul–Aug,7271,Temperature change,1989,1989,°C,-0.23,E
100,'356,India,7018,Jun–Jul–Aug,7271,Temperature change,1990,1990,°C,-0.126,E
100,'356,India,7018,Jun–Jul–Aug,7271,Temperature change,1991,1991,°C,0.176,E
100,'356,India,7018,Jun–Jul–Aug,7271,Temperature change,1992,1992,°C,0.455,E
100,'356,India,7018,Jun–Jul–Aug,7271,Temperature change,1993,1993,°C,0.481,E
100,'356,India,7018,Jun–Jul–Aug,7271,Temperature change,1994,1994,°C,-0.242,E
100,'356,India,7018,Jun–Jul–Aug,7271,Temperature change,1995,1995,°C,0.798,E
100,'356,India,7018,Jun–Jul–Aug,7271,Temperature change,1996,1996,°C,0.071,E
100,'356,India,7018,Jun–Jul–Aug,7271,Temperature change,1997,1997,°C,0.332,E
100,'356,India,7018,Jun–Jul–Aug,7271,Temperature change,1998,1998,°C,0.861,E
100,'356,India,7018,Jun–Jul–Aug,7271,Temperature change,1999,1999,°C,0.083,E
100,'356,India,7018,Jun–Jul–Aug,7271,Temperature change,2000,2000,°C,0.079,E
100,'356,India,7018,Jun–Jul–Aug,7271,Temperature change,2001,2001,°C,-0.017,E
100,'356,India,7018,Jun–Jul–Aug,7271,Temperature change,2002,2002,°C,0.875,E
100,'356,India,7018,Jun–Jul–Aug,7271,Temperature change,2003,2003,°C,0.68,E
100,'356,India,7018,Jun–Jul–Aug,7271,Temperature change,2004,2004,°C,0.349,E
100,'356,India,7018,Jun–Jul–Aug,7271,Temperature change,2005,2005,°C,0.895,E
100,'356,India,7018,Jun–Jul–Aug,7271,Temperature change,2006,2006,°C,0.41,E
100,'356,India,7018,Jun–Jul–Aug,7271,Temperature change,2007,2007,°C,0.559,E
100,'356,India,7018,Jun–Jul–Aug,7271,Temperature change,2008,2008,°C,-0.054,E
100,'356,India,7018,Jun–Jul–Aug,7271,Temperature change,2009,2009,°C,1.178,E
100,'356,India,7018,Jun–Jul–Aug,7271,Temperature change,2010,2010,°C,0.841,E
100,'356,India,7018,Jun–Jul–Aug,7271,Temperature change,2011,2011,°C,0.294,E
100,'356,India,7018,Jun–Jul–Aug,7271,Temperature change,2012,2012,°C,0.906,E
100,'356,India,7018,Jun–Jul–Aug,7271,Temperature change,2013,2013,°C,0.013,E
100,'356,India,7018,Jun–Jul–Aug,7271,Temperature change,2014,2014,°C,1.197,E
100,'356,India,7018,Jun–Jul–Aug,7271,Temperature change,2015,2015,°C,0.796,E
100,'356,India,7018,Jun–Jul–Aug,7271,Temperature change,2016,2016,°C,0.762,E
100,'356,India,7018,Jun–Jul–Aug,7271,Temperature change,2017,2017,°C,0.656,E
100,'356,India,7018,Jun–Jul–Aug,7271,Temperature change,2018,2018,°C,0.617,E
100,'356,India,7018,Jun–Jul–Aug,7271,Temperature change,2019,2019,°C,1.306,E
100,'356,India,7018,Jun–Jul–Aug,7271,Temperature change,2020,2020,°C,0.633,E
100,'356,India,7018,Jun–Jul–Aug,7271,Temperature change,2021,2021,°C,0.568,E
100,'356,India,7018,Jun–Jul–Aug,7271,Temperature change,2022,2022,°C,0.792,E
100,'356,India,7018,Jun–Jul–Aug,7271,Temperature change,2023,2023,°C,1.033,E
100,'356,India,7018,Jun–Jul–Aug,7271,Temperature change,2024,2024,°C,1.1,E
100,'356,India,7018,Jun–Jul–Aug,7271,Temperature change,2025,2025,°C,0.457,E
100,'356,India,7018,Jun–Jul–Aug,6078,Standard Deviation,1961,1961,°C,0.352,E
100,'356,India,7018,Jun–Jul–Aug,6078,Standard Deviation,1962,1962,°C,0.352,E
100,'356,India,7018,Jun–Jul–Aug,6078,Standard Deviation,1963,1963,°C,0.352,E
100,'356,India,7018,Jun–Jul–Aug,6078,Standard Deviation,1964,1964,°C,0.352,E
100,'356,India,7018,Jun–Jul–Aug,6078,Standard Deviation,1965,1965,°C,0.352,E
100,'356,India,7018,Jun–Jul–Aug,6078,Standard Deviation,1966,1966,°C,0.352,E
100,'356,India,7018,Jun–Jul–Aug,6078,Standard Deviation,1967,1967,°C,0.352,E
100,'356,India,7018,Jun–Jul–Aug,6078,Standard Deviation,1968,1968,°C,0.352,E
100,'356,India,7018,Jun–Jul–Aug,6078,Standard Deviation,1969,1969,°C,0.352,E
100,'356,India,7018,Jun–Jul–Aug,6078,Standard Deviation,1970,1970,°C,0.352,E
100,'356,India,7018,Jun–Jul–Aug,6078,Standard Deviation,1971,1971,°C,0.352,E
100,'356,India,7018,Jun–Jul–Aug,6078,Standard Deviation,1972,1972,°C,0.352,E
100,'356,India,7018,Jun–Jul–Aug,6078,Standard Deviation,1973,1973,°C,0.352,E
100,'356,India,7018,Jun–Jul–Aug,6078,Standard Deviation,1974,1974,°C,0.352,E
100,'356,India,7018,Jun–Jul–Aug,6078,Standard Deviation,1975,1975,°C,0.352,E
100,'356,India,7018,Jun–Jul–Aug,6078,Standard Deviation,1976,1976,°C,0.352,E
100,'356,India,7018,Jun–Jul–Aug,6078,Standard Deviation,1977,1977,°C,0.352,E
100,'356,India,7018,Jun–Jul–Aug,6078,Standard Deviation,1978,1978,°C,0.352,E
100,'356,India,7018,Jun–Jul–Aug,6078,Standard Deviation,1979,1979,°C,0.352,E
100,'356,India,7018,Jun–Jul–Aug,6078,Standard Deviation,1980,1980,°C,0.352,E
100,'356,India,7018,Jun–Jul–Aug,6078,Standard Deviation,1981,1981,°C,0.352,E
100,'356,India,7018,Jun–Jul–Aug,6078,Standard Deviation,1982,1982,°C,0.352,E
100,'356,India,7018,Jun–Jul–Aug,6078,Standard Deviation,1983,1983,°C,0.352,E
100,'356,India,7018,Jun–Jul–Aug,6078,Standard Deviation,1984,1984,°C,0.352,E
100,'356,India,7018,Jun–Jul–Aug,6078,Standard Deviation,1985,1985,°C,0.352,E
100,'356,India,7018,Jun–Jul–Aug,6078,Standard Deviation,1986,1986,°C,0.352,E
100,'356,India,7018,Jun–Jul–Aug,6078,Standard Deviation,1987,1987,°C,0.352,E
100,'356,India,7018,Jun–Jul–Aug,6078,Standard Deviation,1988,1988,°C,0.352,E
100,'356,India,7018,Jun–Jul–Aug,6078,Standard Deviation,1989,1989,°C,0.352,E
100,'356,India,7018,Jun–Jul–Aug,6078,Standard Deviation,1990,1990,°C,0.352,E
100,'356,India,7018,Jun–Jul–Aug,6078,Standard Deviation,1991,1991,°C,0.352,E
100,'356,India,7018,Jun–Jul–Aug,6078,Standard Deviation,1992,1992,°C,0.352,E
100,'356,India,7018,Jun–Jul–Aug,6078,Standard Deviation,1993,1993,°C,0.352,E
100,'356,India,7018,Jun–Jul–Aug,6078,Standard Deviation,1994,1994,°C,0.352,E
100,'356,India,7018,Jun–Jul–Aug,6078,Standard Deviation,1995,1995,°C,0.352,E
100,'356,India,7018,Jun–Jul–Aug,6078,Standard Deviation,1996,1996,°C,0.352,E
100,'356,India,7018,Jun–Jul–Aug,6078,Standard Deviation,1997,1997,°C,0.352,E
100,'356,India,7018,Jun–Jul–Aug,6078,Standard Deviation,1998,1998,°C,0.352,E
100,'356,India,7018,Jun–Jul–Aug,6078,Standard Deviation,1999,1999,°C,0.352,E
100,'356,India,7018,Jun–Jul–Aug,6078,Standard Deviation,2000,2000,°C,0.352,E
100,'356,India,7018,Jun–Jul–Aug,6078,Standard Deviation,2001,2001,°C,0.352,E
100,'356,India,7018,Jun–Jul–Aug,6078,Standard Deviation,2002,2002,°C,0.352,E
100,'356,India,7018,Jun–Jul–Aug,6078,Standard Deviation,2003,2003,°C,0.352,E
100,'356,India,7018,Jun–Jul–Aug,6078,Standard Deviation,2004,2004,°C,0.352,E
100,'356,India,7018,Jun–Jul–Aug,6078,Standard Deviation,2005,2005,°C,0.352,E
100,'356,India,7018,Jun–Jul–Aug,6078,Standard Deviation,2006,2006,°C,0.352,E
100,'356,India,7018,Jun–Jul–Aug,6078,Standard Deviation,2007,2007,°C,0.352,E
100,'356,India,7018,Jun–Jul–Aug,6078,Standard Deviation,2008,2008,°C,0.352,E
100,'356,India,7018,Jun–Jul–Aug,6078,Standard Deviation,2009,2009,°C,0.352,E
100,'356,India,7018,Jun–Jul–Aug,6078,Standard Deviation,2010,2010,°C,0.352,E
100,'356,India,7018,Jun–Jul–Aug,6078,Standard Deviation,2011,2011,°C,0.352,E
100,'356,India,7018,Jun–Jul–Aug,6078,Standard Deviation,2012,2012,°C,0.352,E
100,'356,India,7018,Jun–Jul–Aug,6078,Standard Deviation,2013,2013,°C,0.352,E
100,'356,India,7018,Jun–Jul–Aug,6078,Standard Deviation,2014,2014,°C,0.352,E
100,'356,India,7018,Jun–Jul–Aug,6078,Standard Deviation,2015,2015,°C,0.352,E
100,'356,India,7018,Jun–Jul–Aug,6078,Standard Deviation,2016,2016,°C,0.352,E
100,'356,India,7018,Jun–Jul–Aug,6078,Standard Deviation,2017,2017,°C,0.352,E
100,'356,India,7018,Jun–Jul–Aug,6078,Standard Deviation,2018,2018,°C,0.352,E
100,'356,India,7018,Jun–Jul–Aug,6078,Standard Deviation,2019,2019,°C,0.352,E
100,'356,India,7018,Jun–Jul–Aug,6078,Standard Deviation,2020,2020,°C,0.352,E
100,'356,India,7018,Jun–Jul–Aug,6078,Standard Deviation,2021,2021,°C,0.352,E
100,'356,India,7018,Jun–Jul–Aug,6078,Standard Deviation,2022,2022,°C,0.352,E
100,'356,India,7018,Jun–Jul–Aug,6078,Standard Deviation,2023,2023,°C,0.352,E
100,'356,India,7018,Jun–Jul–Aug,6078,Standard Deviation,2024,2024,°C,0.352,E
100,'356,India,7018,Jun–Jul–Aug,6078,Standard Deviation,2025,2025,°C,0.352,E
100,'356,India,7019,Sep–Oct–Nov,7271,Temperature change,1961,1961,°C,-0.676,E
100,'356,India,7019,Sep–Oct–Nov,7271,Temperature change,1962,1962,°C,-0.528,E
100,'356,India,7019,Sep–Oct–Nov,7271,Temperature change,1963,1963,°C,0.31,E
100,'356,India,7019,Sep–Oct–Nov,7271,Temperature change,1964,1964,°C,-0.235,E
100,'356,India,7019,Sep–Oct–Nov,7271,Temperature change,1965,1965,°C,0.302,E
100,'356,India,7019,Sep–Oct–Nov,7271,Temperature change,1966,1966,°C,0.28,E
100,'356,India,7019,Sep–Oct–Nov,7271,Temperature change,1967,1967,°C,-0.291,E
100,'356,India,7019,Sep–Oct–Nov,7271,Temperature change,1968,1968,°C,0.094,E
100,'356,India,7019,Sep–Oct–Nov,7271,Temperature change,1969,1969,°C,0.383,E
100,'356,India,7019,Sep–Oct–Nov,7271,Temperature change,1970,1970,°C,-0.195,E
100,'356,India,7019,Sep–Oct–Nov,7271,Temperature change,1971,1971,°C,-0.345,E
100,'356,India,7019,Sep–Oct–Nov,7271,Temperature change,1972,1972,°C,0.076,E
100,'356,India,7019,Sep–Oct–Nov,7271,Temperature change,1973,1973,°C,-0.233,E
100,'356,India,7019,Sep–Oct–Nov,7271,Temperature change,1974,1974,°C,0.13,E
100,'356,India,7019,Sep–Oct–Nov,7271,Temperature change,1975,1975,°C,-0.537,E
100,'356,India,7019,Sep–Oct–Nov,7271,Temperature change,1976,1976,°C,0.724,E
100,'356,India,7019,Sep–Oct–Nov,7271,Temperature change,1977,1977,°C,0.486,E
100,'356,India,7019,Sep–Oct–Nov,7271,Temperature change,1978,1978,°C,0.23,E
100,'356,India,7019,Sep–Oct–Nov,7271,Temperature change,1979,1979,°C,0.885,E
100,'356,India,7019,Sep–Oct–Nov,7271,Temperature change,1980,1980,°C,0.571,E
100,'356,India,7019,Sep–Oct–Nov,7271,Temperature change,1981,1981,°C,-0.066,E
100,'356,India,7019,Sep–Oct–Nov,7271,Temperature change,1982,1982,°C,0.342,E
100,'356,India,7019,Sep–Oct–Nov,7271,Temperature change,1983,1983,°C,-0.322,E
100,'356,India,7019,Sep–Oct–Nov,7271,Temperature change,1984,1984,°C,-0.383,E
100,'356,India,7019,Sep–Oct–Nov,7271,Temperature change,1985,1985,°C,-0.167,E
100,'356,India,7019,Sep–Oct–Nov,7271,Temperature change,1986,1986,°C,0.43,E
100,'356,India,7019,Sep–Oct–Nov,7271,Temperature change,1987,1987,°C,0.843,E
100,'356,India,7019,Sep–Oct–Nov,7271,Temperature change,1988,1988,°C,0.226,E
100,'356,India,7019,Sep–Oct–Nov,7271,Temperature change,1989,1989,°C,0.321,E
100,'356,India,7019,Sep–Oct–Nov,7271,Temperature change,1990,1990,°C,0.095,E
100,'356,India,7019,Sep–Oct–Nov,7271,Temperature change,1991,1991,°C,0.03,E
100,'356,India,7019,Sep–Oct–Nov,7271,Temperature change,1992,1992,°C,0.016,E
100,'356,India,7019,Sep–Oct–Nov,7271,Temperature change,1993,1993,°C,0.29,E
100,'356,India,7019,Sep–Oct–Nov,7271,Temperature change,1994,1994,°C,-0.005,E
100,'356,India,7019,Sep–Oct–Nov,7271,Temperature change,1995,1995,°C,0.52,E
100,'356,India,7019,Sep–Oct–Nov,7271,Temperature change,1996,1996,°C,0.052,E
100,'356,India,7019,Sep–Oct–Nov,7271,Temperature change,1997,1997,°C,0.22,E
100,'356,India,7019,Sep–Oct–Nov,7271,Temperature change,1998,1998,°C,0.742,E
100,'356,India,7019,Sep–Oct–Nov,7271,Temperature change,1999,1999,°C,0.559,E
100,'356,India,7019,Sep–Oct–Nov,7271,Temperature change,2000,2000,°C,0.962,E
100,'356,India,7019,Sep–Oct–Nov,7271,Temperature change,2001,2001,°C,1.119,E
100,'356,India,7019,Sep–Oct–Nov,7271,Temperature change,2002,2002,°C,0.838,E
100,'356,India,7019,Sep–Oct–Nov,7271,Temperature change,2003,2003,°C,0.577,E
100,'356,India,7019,Sep–Oct–Nov,7271,Temperature change,2004,2004,°C,0.493,E
100,'356,India,7019,Sep–Oct–Nov,7271,Temperature change,2005,2005,°C,0.411,E
100,'356,India,7019,Sep–Oct–Nov,7271,Temperature change,2006,2006,°C,0.955,E
100,'356,India,7019,Sep–Oct–Nov,7271,Temperature change,2007,2007,°C,0.669,E
100,'356,India,7019,Sep–Oct–Nov,7271,Temperature change,2008,2008,°C,0.863,E
100,'356,India,7019,Sep–Oct–Nov,7271,Temperature change,2009,2009,°C,0.893,E
100,'356,India,7019,Sep–Oct–Nov,7271,Temperature change,2010,2010,°C,1.069,E
100,'356,India,7019,Sep–Oct–Nov,7271,Temperature change,2011,2011,°C,0.912,E
100,'356,India,7019,Sep–Oct–Nov,7271,Temperature change,2012,2012,°C,0.4,E
100,'356,India,7019,Sep–Oct–Nov,7271,Temperature change,2013,2013,°C,0.636,E
100,'356,India,7019,Sep–Oct–Nov,7271,Temperature change,2014,2014,°C,0.837,E
100,'356,India,7019,Sep–Oct–Nov,7271,Temperature change,2015,2015,°C,1.622,E
100,'356,India,7019,Sep–Oct–Nov,7271,Temperature change,2016,2016,°C,0.88,E
100,'356,India,7019,Sep–Oct–Nov,7271,Temperature change,2017,2017,°C,1.232,E
100,'356,India,7019,Sep–Oct–Nov,7271,Temperature change,2018,2018,°C,1.065,E
100,'356,India,7019,Sep–Oct–Nov,7271,Temperature change,2019,2019,°C,0.927,E
100,'356,India,7019,Sep–Oct–Nov,7271,Temperature change,2020,2020,°C,1.218,E
100,'356,India,7019,Sep–Oct–Nov,7271,Temperature change,2021,2021,°C,1.037,E
100,'356,India,7019,Sep–Oct–Nov,7271,Temperature change,2022,2022,°C,0.752,E
100,'356,India,7019,Sep–Oct–Nov,7271,Temperature change,2023,2023,°C,1.452,E
100,'356,India,7019,Sep–Oct–Nov,7271,Temperature change,2024,2024,°C,1.483,E
100,'356,India,7019,Sep–Oct–Nov,7271,Temperature change,2025,2025,°C,0.948,E
100,'356,India,7019,Sep–Oct–Nov,6078,Standard Deviation,1961,1961,°C,0.449,E
100,'356,India,7019,Sep–Oct–Nov,6078,Standard Deviation,1962,1962,°C,0.449,E
100,'356,India,7019,Sep–Oct–Nov,6078,Standard Deviation,1963,1963,°C,0.449,E
100,'356,India,7019,Sep–Oct–Nov,6078,Standard Deviation,1964,1964,°C,0.449,E
100,'356,India,7019,Sep–Oct–Nov,6078,Standard Deviation,1965,1965,°C,0.449,E
100,'356,India,7019,Sep–Oct–Nov,6078,Standard Deviation,1966,1966,°C,0.449,E
100,'356,India,7019,Sep–Oct–Nov,6078,Standard Deviation,1967,1967,°C,0.449,E
100,'356,India,7019,Sep–Oct–Nov,6078,Standard Deviation,1968,1968,°C,0.449,E
100,'356,India,7019,Sep–Oct–Nov,6078,Standard Deviation,1969,1969,°C,0.449,E
100,'356,India,7019,Sep–Oct–Nov,6078,Standard Deviation,1970,1970,°C,0.449,E
100,'356,India,7019,Sep–Oct–Nov,6078,Standard Deviation,1971,1971,°C,0.449,E
100,'356,India,7019,Sep–Oct–Nov,6078,Standard Deviation,1972,1972,°C,0.449,E
100,'356,India,7019,Sep–Oct–Nov,6078,Standard Deviation,1973,1973,°C,0.449,E
100,'356,India,7019,Sep–Oct–Nov,6078,Standard Deviation,1974,1974,°C,0.449,E
100,'356,India,7019,Sep–Oct–Nov,6078,Standard Deviation,1975,1975,°C,0.449,E
100,'356,India,7019,Sep–Oct–Nov,6078,Standard Deviation,1976,1976,°C,0.449,E
100,'356,India,7019,Sep–Oct–Nov,6078,Standard Deviation,1977,1977,°C,0.449,E
100,'356,India,7019,Sep–Oct–Nov,6078,Standard Deviation,1978,1978,°C,0.449,E
100,'356,India,7019,Sep–Oct–Nov,6078,Standard Deviation,1979,1979,°C,0.449,E
100,'356,India,7019,Sep–Oct–Nov,6078,Standard Deviation,1980,1980,°C,0.449,E
100,'356,India,7019,Sep–Oct–Nov,6078,Standard Deviation,1981,1981,°C,0.449,E
100,'356,India,7019,Sep–Oct–Nov,6078,Standard Deviation,1982,1982,°C,0.449,E
100,'356,India,7019,Sep–Oct–Nov,6078,Standard Deviation,1983,1983,°C,0.449,E
100,'356,India,7019,Sep–Oct–Nov,6078,Standard Deviation,1984,1984,°C,0.449,E
100,'356,India,7019,Sep–Oct–Nov,6078,Standard Deviation,1985,1985,°C,0.449,E
100,'356,India,7019,Sep–Oct–Nov,6078,Standard Deviation,1986,1986,°C,0.449,E
100,'356,India,7019,Sep–Oct–Nov,6078,Standard Deviation,1987,1987,°C,0.449,E
100,'356,India,7019,Sep–Oct–Nov,6078,Standard Deviation,1988,1988,°C,0.449,E
100,'356,India,7019,Sep–Oct–Nov,6078,Standard Deviation,1989,1989,°C,0.449,E
100,'356,India,7019,Sep–Oct–Nov,6078,Standard Deviation,1990,1990,°C,0.449,E
100,'356,India,7019,Sep–Oct–Nov,6078,Standard Deviation,1991,1991,°C,0.449,E
100,'356,India,7019,Sep–Oct–Nov,6078,Standard Deviation,1992,1992,°C,0.449,E
100,'356,India,7019,Sep–Oct–Nov,6078,Standard Deviation,1993,1993,°C,0.449,E
100,'356,India,7019,Sep–Oct–Nov,6078,Standard Deviation,1994,1994,°C,0.449,E
100,'356,India,7019,Sep–Oct–Nov,6078,Standard Deviation,1995,1995,°C,0.449,E
100,'356,India,7019,Sep–Oct–Nov,6078,Standard Deviation,1996,1996,°C,0.449,E
100,'356,India,7019,Sep–Oct–Nov,6078,Standard Deviation,1997,1997,°C,0.449,E
100,'356,India,7019,Sep–Oct–Nov,6078,Standard Deviation,1998,1998,°C,0.449,E
100,'356,India,7019,Sep–Oct–Nov,6078,Standard Deviation,1999,1999,°C,0.449,E
100,'356,India,7019,Sep–Oct–Nov,6078,Standard Deviation,2000,2000,°C,0.449,E
100,'356,India,7019,Sep–Oct–Nov,6078,Standard Deviation,2001,2001,°C,0.449,E
100,'356,India,7019,Sep–Oct–Nov,6078,Standard Deviation,2002,2002,°C,0.449,E
100,'356,India,7019,Sep–Oct–Nov,6078,Standard Deviation,2003,2003,°C,0.449,E
100,'356,India,7019,Sep–Oct–Nov,6078,Standard Deviation,2004,2004,°C,0.449,E
100,'356,India,7019,Sep–Oct–Nov,6078,Standard Deviation,2005,2005,°C,0.449,E
100,'356,India,7019,Sep–Oct–Nov,6078,Standard Deviation,2006,2006,°C,0.449,E
100,'356,India,7019,Sep–Oct–Nov,6078,Standard Deviation,2007,2007,°C,0.449,E
100,'356,India,7019,Sep–Oct–Nov,6078,Standard Deviation,2008,2008,°C,0.449,E
100,'356,India,7019,Sep–Oct–Nov,6078,Standard Deviation,2009,2009,°C,0.449,E
100,'356,India,7019,Sep–Oct–Nov,6078,Standard Deviation,2010,2010,°C,0.449,E
100,'356,India,7019,Sep–Oct–Nov,6078,Standard Deviation,2011,2011,°C,0.449,E
100,'356,India,7019,Sep–Oct–Nov,6078,Standard Deviation,2012,2012,°C,0.449,E
100,'356,India,7019,Sep–Oct–Nov,6078,Standard Deviation,2013,2013,°C,0.449,E
100,'356,India,7019,Sep–Oct–Nov,6078,Standard Deviation,2014,2014,°C,0.449,E
100,'356,India,7019,Sep–Oct–Nov,6078,Standard Deviation,2015,2015,°C,0.449,E
100,'356,India,7019,Sep–Oct–Nov,6078,Standard Deviation,2016,2016,°C,0.449,E
100,'356,India,7019,Sep–Oct–Nov,6078,Standard Deviation,2017,2017,°C,0.449,E
100,'356,India,7019,Sep–Oct–Nov,6078,Standard Deviation,2018,2018,°C,0.449,E
100,'356,India,7019,Sep–Oct–Nov,6078,Standard Deviation,2019,2019,°C,0.449,E
100,'356,India,7019,Sep–Oct–Nov,6078,Standard Deviation,2020,2020,°C,0.449,E
100,'356,India,7019,Sep–Oct–Nov,6078,Standard Deviation,2021,2021,°C,0.449,E
100,'356,India,7019,Sep–Oct–Nov,6078,Standard Deviation,2022,2022,°C,0.449,E
100,'356,India,7019,Sep–Oct–Nov,6078,Standard Deviation,2023,2023,°C,0.449,E
100,'356,India,7019,Sep–Oct–Nov,6078,Standard Deviation,2024,2024,°C,0.449,E
100,'356,India,7019,Sep–Oct–Nov,6078,Standard Deviation,2025,2025,°C,0.449,E
100,'356,India,7020,Meteorological year,7271,Temperature change,1961,1961,°C,-0.192,E
100,'356,India,7020,Meteorological year,7271,Temperature change,1962,1962,°C,-0.482,E
100,'356,India,7020,Meteorological year,7271,Temperature change,1963,1963,°C,-0.012,E
100,'356,India,7020,Meteorological year,7271,Temperature change,1964,1964,°C,-0.005,E
100,'356,India,7020,Meteorological year,7271,Temperature change,1965,1965,°C,-0.058,E
100,'356,India,7020,Meteorological year,7271,Temperature change,1966,1966,°C,0.311,E
100,'356,India,7020,Meteorological year,7271,Temperature change,1967,1967,°C,-0.204,E
100,'356,India,7020,Meteorological year,7271,Temperature change,1968,1968,°C,-0.228,E
100,'356,India,7020,Meteorological year,7271,Temperature change,1969,1969,°C,0.312,E
100,'356,India,7020,Meteorological year,7271,Temperature change,1970,1970,°C,0.014,E
100,'356,India,7020,Meteorological year,7271,Temperature change,1971,1971,°C,-0.538,E
100,'356,India,7020,Meteorological year,7271,Temperature change,1972,1972,°C,0.011,E
100,'356,India,7020,Meteorological year,7271,Temperature change,1973,1973,°C,0.31,E
100,'356,India,7020,Meteorological year,7271,Temperature change,1974,1974,°C,0.049,E
100,'356,India,7020,Meteorological year,7271,Temperature change,1975,1975,°C,-0.28,E
100,'356,India,7020,Meteorological year,7271,Temperature change,1976,1976,°C,0.002,E
100,'356,India,7020,Meteorological year,7271,Temperature change,1977,1977,°C,0.171,E
100,'356,India,7020,Meteorological year,7271,Temperature change,1978,1978,°C,-0.146,E
100,'356,India,7020,Meteorological year,7271,Temperature change,1979,1979,°C,0.326,E
100,'356,India,7020,Meteorological year,7271,Temperature change,1980,1980,°C,0.419,E
100,'356,India,7020,Meteorological year,7271,Temperature change,1981,1981,°C,0.089,E
100,'356,India,7020,Meteorological year,7271,Temperature change,1982,1982,°C,0.0,E
100,'356,India,7020,Meteorological year,7271,Temperature change,1983,1983,°C,-0.137,E
100,'356,India,7020,Meteorological year,7271,Temperature change,1984,1984,°C,-0.126,E
100,'356,India,7020,Meteorological year,7271,Temperature change,1985,1985,°C,0.205,E
100,'356,India,7020,Meteorological year,7271,Temperature change,1986,1986,°C,0.183,E
100,'356,India,7020,Meteorological year,7271,Temperature change,1987,1987,°C,0.588,E
100,'356,India,7020,Meteorological year,7271,Temperature change,1988,1988,°C,0.512,E
100,'356,India,7020,Meteorological year,7271,Temperature change,1989,1989,°C,0.017,E
100,'356,India,7020,Meteorological year,7271,Temperature change,1990,1990,°C,-0.037,E
100,'356,India,7020,Meteorological year,7271,Temperature change,1991,1991,°C,0.228,E
100,'356,India,7020,Meteorological year,7271,Temperature change,1992,1992,°C,0.064,E
100,'356,India,7020,Meteorological year,7271,Temperature change,1993,1993,°C,0.247,E
100,'356,India,7020,Meteorological year,7271,Temperature change,1994,1994,°C,0.136,E
100,'356,India,7020,Meteorological year,7271,Temperature change,1995,1995,°C,0.269,E
100,'356,India,7020,Meteorological year,7271,Temperature change,1996,1996,°C,0.367,E
100,'356,India,7020,Meteorological year,7271,Temperature change,1997,1997,°C,-0.042,E
100,'356,India,7020,Meteorological year,7271,Temperature change,1998,1998,°C,0.619,E
100,'356,India,7020,Meteorological year,7271,Temperature change,1999,1999,°C,0.504,E
100,'356,India,7020,Meteorological year,7271,Temperature change,2000,2000,°C,0.39,E
100,'356,India,7020,Meteorological year,7271,Temperature change,2001,2001,°C,0.51,E
100,'356,India,7020,Meteorological year,7271,Temperature change,2002,2002,°C,0.866,E
100,'356,India,7020,Meteorological year,7271,Temperature change,2003,2003,°C,0.717,E
100,'356,India,7020,Meteorological year,7271,Temperature change,2004,2004,°C,0.598,E
100,'356,India,7020,Meteorological year,7271,Temperature change,2005,2005,°C,0.624,E
100,'356,India,7020,Meteorological year,7271,Temperature change,2006,2006,°C,0.725,E
100,'356,India,7020,Meteorological year,7271,Temperature change,2007,2007,°C,0.68,E
100,'356,India,7020,Meteorological year,7271,Temperature change,2008,2008,°C,0.342,E
100,'356,India,7020,Meteorological year,7271,Temperature change,2009,2009,°C,1.211,E
100,'356,India,7020,Meteorological year,7271,Temperature change,2010,2010,°C,1.2,E
100,'356,India,7020,Meteorological year,7271,Temperature change,2011,2011,°C,0.415,E
100,'356,India,7020,Meteorological year,7271,Temperature change,2012,2012,°C,0.559,E
100,'356,India,7020,Meteorological year,7271,Temperature change,2013,2013,°C,0.482,E
100,'356,India,7020,Meteorological year,7271,Temperature change,2014,2014,°C,0.57,E
100,'356,India,7020,Meteorological year,7271,Temperature change,2015,2015,°C,0.775,E
100,'356,India,7020,Meteorological year,7271,Temperature change,2016,2016,°C,1.171,E
100,'356,India,7020,Meteorological year,7271,Temperature change,2017,2017,°C,1.075,E
100,'356,India,7020,Meteorological year,7271,Temperature change,2018,2018,°C,0.986,E
100,'356,India,7020,Meteorological year,7271,Temperature change,2019,2019,°C,0.903,E
100,'356,India,7020,Meteorological year,7271,Temperature change,2020,2020,°C,0.619,E
100,'356,India,7020,Meteorological year,7271,Temperature change,2021,2021,°C,0.838,E
100,'356,India,7020,Meteorological year,7271,Temperature change,2022,2022,°C,0.867,E
100,'356,India,7020,Meteorological year,7271,Temperature change,2023,2023,°C,0.948,E
100,'356,India,7020,Meteorological year,7271,Temperature change,2024,2024,°C,1.172,E
100,'356,India,7020,Meteorological year,7271,Temperature change,2025,2025,°C,0.954,E
100,'356,India,7020,Meteorological year,6078,Standard Deviation,1961,1961,°C,0.254,E
100,'356,India,7020,Meteorological year,6078,Standard Deviation,1962,1962,°C,0.254,E
100,'356,India,7020,Meteorological year,6078,Standard Deviation,1963,1963,°C,0.254,E
100,'356,India,7020,Meteorological year,6078,Standard Deviation,1964,1964,°C,0.254,E
100,'356,India,7020,Meteorological year,6078,Standard Deviation,1965,1965,°C,0.254,E
100,'356,India,7020,Meteorological year,6078,Standard Deviation,1966,1966,°C,0.254,E
100,'356,India,7020,Meteorological year,6078,Standard Deviation,1967,1967,°C,0.254,E
100,'356,India,7020,Meteorological year,6078,Standard Deviation,1968,1968,°C,0.254,E
100,'356,India,7020,Meteorological year,6078,Standard Deviation,1969,1969,°C,0.254,E
100,'356,India,7020,Meteorological year,6078,Standard Deviation,1970,1970,°C,0.254,E
100,'356,India,7020,Meteorological year,6078,Standard Deviation,1971,1971,°C,0.254,E
100,'356,India,7020,Meteorological year,6078,Standard Deviation,1972,1972,°C,0.254,E
100,'356,India,7020,Meteorological year,6078,Standard Deviation,1973,1973,°C,0.254,E
100,'356,India,7020,Meteorological year,6078,Standard Deviation,1974,1974,°C,0.254,E
100,'356,India,7020,Meteorological year,6078,Standard Deviation,1975,1975,°C,0.254,E
100,'356,India,7020,Meteorological year,6078,Standard Deviation,1976,1976,°C,0.254,E
100,'356,India,7020,Meteorological year,6078,Standard Deviation,1977,1977,°C,0.254,E
100,'356,India,7020,Meteorological year,6078,Standard Deviation,1978,1978,°C,0.254,E
100,'356,India,7020,Meteorological year,6078,Standard Deviation,1979,1979,°C,0.254,E
100,'356,India,7020,Meteorological year,6078,Standard Deviation,1980,1980,°C,0.254,E
100,'356,India,7020,Meteorological year,6078,Standard Deviation,1981,1981,°C,0.254,E
100,'356,India,7020,Meteorological year,6078,Standard Deviation,1982,1982,°C,0.254,E
100,'356,India,7020,Meteorological year,6078,Standard Deviation,1983,1983,°C,0.254,E
100,'356,India,7020,Meteorological year,6078,Standard Deviation,1984,1984,°C,0.254,E
100,'356,India,7020,Meteorological year,6078,Standard Deviation,1985,1985,°C,0.254,E
100,'356,India,7020,Meteorological year,6078,Standard Deviation,1986,1986,°C,0.254,E
100,'356,India,7020,Meteorological year,6078,Standard Deviation,1987,1987,°C,0.254,E
100,'356,India,7020,Meteorological year,6078,Standard Deviation,1988,1988,°C,0.254,E
100,'356,India,7020,Meteorological year,6078,Standard Deviation,1989,1989,°C,0.254,E
100,'356,India,7020,Meteorological year,6078,Standard Deviation,1990,1990,°C,0.254,E
100,'356,India,7020,Meteorological year,6078,Standard Deviation,1991,1991,°C,0.254,E
100,'356,India,7020,Meteorological year,6078,Standard Deviation,1992,1992,°C,0.254,E
100,'356,India,7020,Meteorological year,6078,Standard Deviation,1993,1993,°C,0.254,E
100,'356,India,7020,Meteorological year,6078,Standard Deviation,1994,1994,°C,0.254,E
100,'356,India,7020,Meteorological year,6078,Standard Deviation,1995,1995,°C,0.254,E
100,'356,India,7020,Meteorological year,6078,Standard Deviation,1996,1996,°C,0.254,E
100,'356,India,7020,Meteorological year,6078,Standard Deviation,1997,1997,°C,0.254,E
100,'356,India,7020,Meteorological year,6078,Standard Deviation,1998,1998,°C,0.254,E
100,'356,India,7020,Meteorological year,6078,Standard Deviation,1999,1999,°C,0.254,E
100,'356,India,7020,Meteorological year,6078,Standard Deviation,2000,2000,°C,0.254,E
100,'356,India,7020,Meteorological year,6078,Standard Deviation,2001,2001,°C,0.254,E
100,'356,India,7020,Meteorological year,6078,Standard Deviation,2002,2002,°C,0.254,E
100,'356,India,7020,Meteorological year,6078,Standard Deviation,2003,2003,°C,0.254,E
100,'356,India,7020,Meteorological year,6078,Standard Deviation,2004,2004,°C,0.254,E
100,'356,India,7020,Meteorological year,6078,Standard Deviation,2005,2005,°C,0.254,E
100,'356,India,7020,Meteorological year,6078,Standard Deviation,2006,2006,°C,0.254,E
100,'356,India,7020,Meteorological year,6078,Standard Deviation,2007,2007,°C,0.254,E
100,'356,India,7020,Meteorological year,6078,Standard Deviation,2008,2008,°C,0.254,E
100,'356,India,7020,Meteorological year,6078,Standard Deviation,2009,2009,°C,0.254,E
100,'356,India,7020,Meteorological year,6078,Standard Deviation,2010,2010,°C,0.254,E
100,'356,India,7020,Meteorological year,6078,Standard Deviation,2011,2011,°C,0.254,E
100,'356,India,7020,Meteorological year,6078,Standard Deviation,2012,2012,°C,0.254,E
100,'356,India,7020,Meteorological year,6078,Standard Deviation,2013,2013,°C,0.254,E
100,'356,India,7020,Meteorological year,6078,Standard Deviation,2014,2014,°C,0.254,E
100,'356,India,7020,Meteorological year,6078,Standard Deviation,2015,2015,°C,0.254,E
100,'356,India,7020,Meteorological year,6078,Standard Deviation,2016,2016,°C,0.254,E
100,'356,India,7020,Meteorological year,6078,Standard Deviation,2017,2017,°C,0.254,E
100,'356,India,7020,Meteorological year,6078,Standard Deviation,2018,2018,°C,0.254,E
100,'356,India,7020,Meteorological year,6078,Standard Deviation,2019,2019,°C,0.254,E
100,'356,India,7020,Meteorological year,6078,Standard Deviation,2020,2020,°C,0.254,E
100,'356,India,7020,Meteorological year,6078,Standard Deviation,2021,2021,°C,0.254,E
100,'356,India,7020,Meteorological year,6078,Standard Deviation,2022,2022,°C,0.254,E
100,'356,India,7020,Meteorological year,6078,Standard Deviation,2023,2023,°C,0.254,E
100,'356,India,7020,Meteorological year,6078,Standard Deviation,2024,2024,°C,0.254,E
100,'356,India,7020,Meteorological year,6078,Standard Deviation,2025,2025,°C,0.254,E
