Area Code,Area Code (M49),Area,Item Code,Item Code (FBS),Item,Element Code,Element,Year Code,Year,Unit,Value,Flag,Note
100,'356,India,2501,'S2501,Population,511,Total Population - Both sexes,2010,2010,1000 No,1243481.56,X,
100,'356,India,2501,'S2501,Population,511,Total Population - Both sexes,2011,2011,1000 No,1261224.95,X,
100,'356,India,2501,'S2501,Population,511,Total Population - Both sexes,2012,2012,1000 No,1278674.5,X,
100,'356,India,2501,'S2501,Population,511,Total Population - Both sexes,2013,2013,1000 No,1295829.51,X,
100,'356,India,2501,'S2501,Population,511,Total Population - Both sexes,2014,2014,1000 No,1312277.19,X,
100,'356,India,2501,'S2501,Population,511,Total Population - Both sexes,2015,2015,1000 No,1328024.5,X,
100,'356,India,2501,'S2501,Population,511,Total Population - Both sexes,2016,2016,1000 No,1343944.3,X,
100,'356,India,2501,'S2501,Population,511,Total Population - Both sexes,2017,2017,1000 No,1359657.4,X,
100,'356,India,2501,'S2501,Population,511,Total Population - Both sexes,2018,2018,1000 No,1374659.06,X,
100,'356,India,2501,'S2501,Population,511,Total Population - Both sexes,2019,2019,1000 No,1389030.31,X,
100,'356,India,2501,'S2501,Population,511,Total Population - Both sexes,2020,2020,1000 No,1402617.7,X,
100,'356,India,2501,'S2501,Population,511,Total Population - Both sexes,2021,2021,1000 No,1414203.9,X,
100,'356,India,2501,'S2501,Population,511,Total Population - Both sexes,2022,2022,1000 No,1425423.21,X,
100,'356,India,2501,'S2501,Population,511,Total Population - Both sexes,2023,2023,1000 No,1438069.6,X,
100,'356,India,2901,'S2901,Grand Total,664,Food supply (kcal/capita/day),2010,2010,kcal/cap/d,2357.53,E,
100,'356,India,2901,'S2901,Grand Total,664,Food supply (kcal/capita/day),2011,2011,kcal/cap/d,2391.21,E,
100,'356,India,2901,'S2901,Grand Total,664,Food supply (kcal/capita/day),2012,2012,kcal/cap/d,2385.44,E,
100,'356,India,2901,'S2901,Grand Total,664,Food supply (kcal/capita/day),2013,2013,kcal/cap/d,2420.02,E,
100,'356,India,2901,'S2901,Grand Total,664,Food supply (kcal/capita/day),2014,2014,kcal/cap/d,2449.48,E,
100,'356,India,2901,'S2901,Grand Total,664,Food supply (kcal/capita/day),2015,2015,kcal/cap/d,2422.59,E,
100,'356,India,2901,'S2901,Grand Total,664,Food supply (kcal/capita/day),2016,2016,kcal/cap/d,2472.94,E,
100,'356,India,2901,'S2901,Grand Total,664,Food supply (kcal/capita/day),2017,2017,kcal/cap/d,2513.81,E,
100,'356,India,2901,'S2901,Grand Total,664,Food supply (kcal/capita/day),2018,2018,kcal/cap/d,2525.82,E,
100,'356,India,2901,'S2901,Grand Total,664,Food supply (kcal/capita/day),2019,2019,kcal/cap/d,2527.73,E,
100,'356,India,2901,'S2901,Grand Total,664,Food supply (kcal/capita/day),2020,2020,kcal/cap/d,2540.72,E,
100,'356,India,2901,'S2901,Grand Total,664,Food supply (kcal/capita/day),2021,2021,kcal/cap/d,2550.03,E,
100,'356,India,2901,'S2901,Grand Total,664,Food supply (kcal/capita/day),2022,2022,kcal/cap/d,2594.89,E,
100,'356,India,2901,'S2901,Grand Total,664,Food supply (kcal/capita/day),2023,2023,kcal/cap/d,2668.5,E,
100,'356,India,2901,'S2901,Grand Total,661,Food supply (kcal),2010,2010,million Kcal,1070011716.69,E,
100,'356,India,2901,'S2901,Grand Total,661,Food supply (kcal),2011,2011,million Kcal,1100785570.21,E,
100,'356,India,2901,'S2901,Grand Total,661,Food supply (kcal),2012,2012,million Kcal,1113325478.94,E,
100,'356,India,2901,'S2901,Grand Total,661,Food supply (kcal),2013,2013,million Kcal,1144614750.47,E,
100,'356,India,2901,'S2901,Grand Total,661,Food supply (kcal),2014,2014,million Kcal,1173253015.48,E,
100,'356,India,2901,'S2901,Grand Total,661,Food supply (kcal),2015,2015,million Kcal,1174297867.35,E,
100,'356,India,2901,'S2901,Grand Total,661,Food supply (kcal),2016,2016,million Kcal,1213072915.84,E,
100,'356,India,2901,'S2901,Grand Total,661,Food supply (kcal),2017,2017,million Kcal,1247540545.35,E,
100,'356,India,2901,'S2901,Grand Total,661,Food supply (kcal),2018,2018,million Kcal,1267331112.8,E,
100,'356,India,2901,'S2901,Grand Total,661,Food supply (kcal),2019,2019,million Kcal,1281549287.18,E,
100,'356,India,2901,'S2901,Grand Total,661,Food supply (kcal),2020,2020,million Kcal,1300734862.48,E,
100,'356,India,2901,'S2901,Grand Total,661,Food supply (kcal),2021,2021,million Kcal,1316284274.84,E,
100,'356,India,2901,'S2901,Grand Total,661,Food supply (kcal),2022,2022,million Kcal,1350067507.23,E,
100,'356,India,2901,'S2901,Grand Total,661,Food supply (kcal),2023,2023,million Kcal,1400685392.95,E,
100,'356,India,2901,'S2901,Grand Total,674,Protein supply quantity (g/capita/day),2010,2010,g/cap/d,60.39,E,
100,'356,India,2901,'S2901,Grand Total,674,Protein supply quantity (g/capita/day),2011,2011,g/cap/d,60.66,E,
100,'356,India,2901,'S2901,Grand Total,674,Protein supply quantity (g/capita/day),2012,2012,g/cap/d,60.72,E,
100,'356,India,2901,'S2901,Grand Total,674,Protein supply quantity (g/capita/day),2013,2013,g/cap/d,62.48,E,
100,'356,India,2901,'S2901,Grand Total,674,Protein supply quantity (g/capita/day),2014,2014,g/cap/d,63.61,E,
100,'356,India,2901,'S2901,Grand Total,674,Protein supply quantity (g/capita/day),2015,2015,g/cap/d,63.13,E,
100,'356,India,2901,'S2901,Grand Total,674,Protein supply quantity (g/capita/day),2016,2016,g/cap/d,65.04,E,
100,'356,India,2901,'S2901,Grand Total,674,Protein supply quantity (g/capita/day),2017,2017,g/cap/d,66.78,E,
100,'356,India,2901,'S2901,Grand Total,674,Protein supply quantity (g/capita/day),2018,2018,g/cap/d,66.17,E,
100,'356,India,2901,'S2901,Grand Total,674,Protein supply quantity (g/capita/day),2019,2019,g/cap/d,67.68,E,
100,'356,India,2901,'S2901,Grand Total,674,Protein supply quantity (g/capita/day),2020,2020,g/cap/d,69.96,E,
100,'356,India,2901,'S2901,Grand Total,674,Protein supply quantity (g/capita/day),2021,2021,g/cap/d,70.9,E,
100,'356,India,2901,'S2901,Grand Total,674,Protein supply quantity (g/capita/day),2022,2022,g/cap/d,73.19,E,
100,'356,India,2901,'S2901,Grand Total,674,Protein supply quantity (g/capita/day),2023,2023,g/cap/d,74.57,E,
100,'356,India,2901,'S2901,Grand Total,671,Protein supply quantity (t),2010,2010,t,27407046.17,E,
100,'356,India,2901,'S2901,Grand Total,671,Protein supply quantity (t),2011,2011,t,27924426.72,E,
100,'356,India,2901,'S2901,Grand Total,671,Protein supply quantity (t),2012,2012,t,28340130.08,E,
100,'356,India,2901,'S2901,Grand Total,671,Protein supply quantity (t),2013,2013,t,29552749.89,E,
100,'356,India,2901,'S2901,Grand Total,671,Protein supply quantity (t),2014,2014,t,30469193.25,E,
100,'356,India,2901,'S2901,Grand Total,671,Protein supply quantity (t),2015,2015,t,30600516.76,E,
100,'356,India,2901,'S2901,Grand Total,671,Protein supply quantity (t),2016,2016,t,31903441.76,E,
100,'356,India,2901,'S2901,Grand Total,671,Protein supply quantity (t),2017,2017,t,33142865.49,E,
100,'356,India,2901,'S2901,Grand Total,671,Protein supply quantity (t),2018,2018,t,33202896.25,E,
100,'356,India,2901,'S2901,Grand Total,671,Protein supply quantity (t),2019,2019,t,34312634.77,E,
100,'356,India,2901,'S2901,Grand Total,671,Protein supply quantity (t),2020,2020,t,35814632.29,E,
100,'356,India,2901,'S2901,Grand Total,671,Protein supply quantity (t),2021,2021,t,36597738.03,E,
100,'356,India,2901,'S2901,Grand Total,671,Protein supply quantity (t),2022,2022,t,38081302.15,E,
100,'356,India,2901,'S2901,Grand Total,671,Protein supply quantity (t),2023,2023,t,39143774.67,E,
100,'356,India,2901,'S2901,Grand Total,684,Fat supply quantity (g/capita/day),2010,2010,g/cap/d,48.87,E,
100,'356,India,2901,'S2901,Grand Total,684,Fat supply quantity (g/capita/day),2011,2011,g/cap/d,48.72,E,
100,'356,India,2901,'S2901,Grand Total,684,Fat supply quantity (g/capita/day),2012,2012,g/cap/d,50.5,E,
100,'356,India,2901,'S2901,Grand Total,684,Fat supply quantity (g/capita/day),2013,2013,g/cap/d,50.15,E,
100,'356,India,2901,'S2901,Grand Total,684,Fat supply quantity (g/capita/day),2014,2014,g/cap/d,53.73,E,
100,'356,India,2901,'S2901,Grand Total,684,Fat supply quantity (g/capita/day),2015,2015,g/cap/d,53.97,E,
100,'356,India,2901,'S2901,Grand Total,684,Fat supply quantity (g/capita/day),2016,2016,g/cap/d,53.67,E,
100,'356,India,2901,'S2901,Grand Total,684,Fat supply quantity (g/capita/day),2017,2017,g/cap/d,56.69,E,
100,'356,India,2901,'S2901,Grand Total,684,Fat supply quantity (g/capita/day),2018,2018,g/cap/d,58.85,E,
100,'356,India,2901,'S2901,Grand Total,684,Fat supply quantity (g/capita/day),2019,2019,g/cap/d,59.13,E,
100,'356,India,2901,'S2901,Grand Total,684,Fat supply quantity (g/capita/day),2020,2020,g/cap/d,59.97,E,
100,'356,India,2901,'S2901,Grand Total,684,Fat supply quantity (g/capita/day),2021,2021,g/cap/d,61.22,E,
100,'356,India,2901,'S2901,Grand Total,684,Fat supply quantity (g/capita/day),2022,2022,g/cap/d,63.18,E,
100,'356,India,2901,'S2901,Grand Total,684,Fat supply quantity (g/capita/day),2023,2023,g/cap/d,65.74,E,
100,'356,India,2901,'S2901,Grand Total,681,Fat supply quantity (t),2010,2010,t,22182500.72,E,
100,'356,India,2901,'S2901,Grand Total,681,Fat supply quantity (t),2011,2011,t,22427023.76,E,
100,'356,India,2901,'S2901,Grand Total,681,Fat supply quantity (t),2012,2012,t,23566992.64,E,
100,'356,India,2901,'S2901,Grand Total,681,Fat supply quantity (t),2013,2013,t,23720270.02,E,
100,'356,India,2901,'S2901,Grand Total,681,Fat supply quantity (t),2014,2014,t,25736259.27,E,
100,'356,India,2901,'S2901,Grand Total,681,Fat supply quantity (t),2015,2015,t,26161697.29,E,
100,'356,India,2901,'S2901,Grand Total,681,Fat supply quantity (t),2016,2016,t,26328817.64,E,
100,'356,India,2901,'S2901,Grand Total,681,Fat supply quantity (t),2017,2017,t,28135819.35,E,
100,'356,India,2901,'S2901,Grand Total,681,Fat supply quantity (t),2018,2018,t,29527647.08,E,
100,'356,India,2901,'S2901,Grand Total,681,Fat supply quantity (t),2019,2019,t,29980059.11,E,
100,'356,India,2901,'S2901,Grand Total,681,Fat supply quantity (t),2020,2020,t,30701774.6,E,
100,'356,India,2901,'S2901,Grand Total,681,Fat supply quantity (t),2021,2021,t,31600315.12,E,
100,'356,India,2901,'S2901,Grand Total,681,Fat supply quantity (t),2022,2022,t,32869159.85,E,
100,'356,India,2901,'S2901,Grand Total,681,Fat supply quantity (t),2023,2023,t,34506811.66,E,
100,'356,India,2903,'S2903,Vegetal Products,664,Food supply (kcal/capita/day),2010,2010,kcal/cap/d,2131.25,E,
100,'356,India,2903,'S2903,Vegetal Products,664,Food supply (kcal/capita/day),2011,2011,kcal/cap/d,2160.26,E,
100,'356,India,2903,'S2903,Vegetal Products,664,Food supply (kcal/capita/day),2012,2012,kcal/cap/d,2148.69,E,
100,'356,India,2903,'S2903,Vegetal Products,664,Food supply (kcal/capita/day),2013,2013,kcal/cap/d,2178.72,E,
100,'356,India,2903,'S2903,Vegetal Products,664,Food supply (kcal/capita/day),2014,2014,kcal/cap/d,2197.08,E,
100,'356,India,2903,'S2903,Vegetal Products,664,Food supply (kcal/capita/day),2015,2015,kcal/cap/d,2156.68,E,
100,'356,India,2903,'S2903,Vegetal Products,664,Food supply (kcal/capita/day),2016,2016,kcal/cap/d,2197.89,E,
100,'356,India,2903,'S2903,Vegetal Products,664,Food supply (kcal/capita/day),2017,2017,kcal/cap/d,2225.94,E,
100,'356,India,2903,'S2903,Vegetal Products,664,Food supply (kcal/capita/day),2018,2018,kcal/cap/d,2222.24,E,
100,'356,India,2903,'S2903,Vegetal Products,664,Food supply (kcal/capita/day),2019,2019,kcal/cap/d,2208.72,E,
100,'356,India,2903,'S2903,Vegetal Products,664,Food supply (kcal/capita/day),2020,2020,kcal/cap/d,2203.86,E,
100,'356,India,2903,'S2903,Vegetal Products,664,Food supply (kcal/capita/day),2021,2021,kcal/cap/d,2196.48,E,
100,'356,India,2903,'S2903,Vegetal Products,664,Food supply (kcal/capita/day),2022,2022,kcal/cap/d,2231.26,E,
100,'356,India,2903,'S2903,Vegetal Products,664,Food supply (kcal/capita/day),2023,2023,kcal/cap/d,2296.91,E,
100,'356,India,2903,'S2903,Vegetal Products,661,Food supply (kcal),2010,2010,million Kcal,967310661.24,E,
100,'356,India,2903,'S2903,Vegetal Products,661,Food supply (kcal),2011,2011,million Kcal,994469018.98,E,
100,'356,India,2903,'S2903,Vegetal Products,661,Food supply (kcal),2012,2012,million Kcal,1002828951.18,E,
100,'356,India,2903,'S2903,Vegetal Products,661,Food supply (kcal),2013,2013,million Kcal,1030484135.68,E,
100,'356,India,2903,'S2903,Vegetal Products,661,Food supply (kcal),2014,2014,million Kcal,1052360090.51,E,
100,'356,India,2903,'S2903,Vegetal Products,661,Food supply (kcal),2015,2015,million Kcal,1045406334.09,E,
100,'356,India,2903,'S2903,Vegetal Products,661,Food supply (kcal),2016,2016,million Kcal,1078153325.79,E,
100,'356,India,2903,'S2903,Vegetal Products,661,Food supply (kcal),2017,2017,million Kcal,1104676334.41,E,
100,'356,India,2903,'S2903,Vegetal Products,661,Food supply (kcal),2018,2018,million Kcal,1115008457.03,E,
100,'356,India,2903,'S2903,Vegetal Products,661,Food supply (kcal),2019,2019,million Kcal,1119810374.3,E,
100,'356,India,2903,'S2903,Vegetal Products,661,Food supply (kcal),2020,2020,million Kcal,1128278628.7,E,
100,'356,India,2903,'S2903,Vegetal Products,661,Food supply (kcal),2021,2021,million Kcal,1133789753.83,E,
100,'356,India,2903,'S2903,Vegetal Products,661,Food supply (kcal),2022,2022,million Kcal,1160877920.11,E,
100,'356,India,2903,'S2903,Vegetal Products,661,Food supply (kcal),2023,2023,million Kcal,1205639910.18,E,
100,'356,India,2903,'S2903,Vegetal Products,674,Protein supply quantity (g/capita/day),2010,2010,g/cap/d,48.87,E,
100,'356,India,2903,'S2903,Vegetal Products,674,Protein supply quantity (g/capita/day),2011,2011,g/cap/d,49.12,E,
100,'356,India,2903,'S2903,Vegetal Products,674,Protein supply quantity (g/capita/day),2012,2012,g/cap/d,48.87,E,
100,'356,India,2903,'S2903,Vegetal Products,674,Protein supply quantity (g/capita/day),2013,2013,g/cap/d,50.52,E,
100,'356,India,2903,'S2903,Vegetal Products,674,Protein supply quantity (g/capita/day),2014,2014,g/cap/d,50.95,E,
100,'356,India,2903,'S2903,Vegetal Products,674,Protein supply quantity (g/capita/day),2015,2015,g/cap/d,49.72,E,
100,'356,India,2903,'S2903,Vegetal Products,674,Protein supply quantity (g/capita/day),2016,2016,g/cap/d,51.14,E,
100,'356,India,2903,'S2903,Vegetal Products,674,Protein supply quantity (g/capita/day),2017,2017,g/cap/d,52.23,E,
100,'356,India,2903,'S2903,Vegetal Products,674,Protein supply quantity (g/capita/day),2018,2018,g/cap/d,50.75,E,
100,'356,India,2903,'S2903,Vegetal Products,674,Protein supply quantity (g/capita/day),2019,2019,g/cap/d,51.33,E,
100,'356,India,2903,'S2903,Vegetal Products,674,Protein supply quantity (g/capita/day),2020,2020,g/cap/d,52.14,E,
100,'356,India,2903,'S2903,Vegetal Products,674,Protein supply quantity (g/capita/day),2021,2021,g/cap/d,52.28,E,
100,'356,India,2903,'S2903,Vegetal Products,674,Protein supply quantity (g/capita/day),2022,2022,g/cap/d,53.59,E,
100,'356,India,2903,'S2903,Vegetal Products,674,Protein supply quantity (g/capita/day),2023,2023,g/cap/d,54.56,E,
100,'356,India,2903,'S2903,Vegetal Products,671,Protein supply quantity (t),2010,2010,t,22182849.14,E,
100,'356,India,2903,'S2903,Vegetal Products,671,Protein supply quantity (t),2011,2011,t,22613060.72,E,
100,'356,India,2903,'S2903,Vegetal Products,671,Protein supply quantity (t),2012,2012,t,22808114.61,E,
100,'356,India,2903,'S2903,Vegetal Products,671,Protein supply quantity (t),2013,2013,t,23894149.67,E,
100,'356,India,2903,'S2903,Vegetal Products,671,Protein supply quantity (t),2014,2014,t,24405630.43,E,
100,'356,India,2903,'S2903,Vegetal Products,671,Protein supply quantity (t),2015,2015,t,24101322.47,E,
100,'356,India,2903,'S2903,Vegetal Products,671,Protein supply quantity (t),2016,2016,t,25086696.86,E,
100,'356,India,2903,'S2903,Vegetal Products,671,Protein supply quantity (t),2017,2017,t,25920005.84,E,
100,'356,India,2903,'S2903,Vegetal Products,671,Protein supply quantity (t),2018,2018,t,25463809.99,E,
100,'356,India,2903,'S2903,Vegetal Products,671,Protein supply quantity (t),2019,2019,t,26022708.15,E,
100,'356,India,2903,'S2903,Vegetal Products,671,Protein supply quantity (t),2020,2020,t,26693746.44,E,
100,'356,India,2903,'S2903,Vegetal Products,671,Protein supply quantity (t),2021,2021,t,26987635.68,E,
100,'356,India,2903,'S2903,Vegetal Products,671,Protein supply quantity (t),2022,2022,t,27881523.45,E,
100,'356,India,2903,'S2903,Vegetal Products,671,Protein supply quantity (t),2023,2023,t,28639797.91,E,
100,'356,India,2903,'S2903,Vegetal Products,684,Fat supply quantity (g/capita/day),2010,2010,g/cap/d,33.57,E,
100,'356,India,2903,'S2903,Vegetal Products,684,Fat supply quantity (g/capita/day),2011,2011,g/cap/d,33.1,E,
100,'356,India,2903,'S2903,Vegetal Products,684,Fat supply quantity (g/capita/day),2012,2012,g/cap/d,34.48,E,
100,'356,India,2903,'S2903,Vegetal Products,684,Fat supply quantity (g/capita/day),2013,2013,g/cap/d,33.77,E,
100,'356,India,2903,'S2903,Vegetal Products,684,Fat supply quantity (g/capita/day),2014,2014,g/cap/d,36.65,E,
100,'356,India,2903,'S2903,Vegetal Products,684,Fat supply quantity (g/capita/day),2015,2015,g/cap/d,36.08,E,
100,'356,India,2903,'S2903,Vegetal Products,684,Fat supply quantity (g/capita/day),2016,2016,g/cap/d,35.19,E,
100,'356,India,2903,'S2903,Vegetal Products,684,Fat supply quantity (g/capita/day),2017,2017,g/cap/d,37.37,E,
100,'356,India,2903,'S2903,Vegetal Products,684,Fat supply quantity (g/capita/day),2018,2018,g/cap/d,38.51,E,
100,'356,India,2903,'S2903,Vegetal Products,684,Fat supply quantity (g/capita/day),2019,2019,g/cap/d,37.84,E,
100,'356,India,2903,'S2903,Vegetal Products,684,Fat supply quantity (g/capita/day),2020,2020,g/cap/d,37.78,E,
100,'356,India,2903,'S2903,Vegetal Products,684,Fat supply quantity (g/capita/day),2021,2021,g/cap/d,37.8,E,
100,'356,India,2903,'S2903,Vegetal Products,684,Fat supply quantity (g/capita/day),2022,2022,g/cap/d,39.2,E,
100,'356,India,2903,'S2903,Vegetal Products,684,Fat supply quantity (g/capita/day),2023,2023,g/cap/d,41.26,E,
100,'356,India,2903,'S2903,Vegetal Products,681,Fat supply quantity (t),2010,2010,t,15237255.16,E,
100,'356,India,2903,'S2903,Vegetal Products,681,Fat supply quantity (t),2011,2011,t,15235887.31,E,
100,'356,India,2903,'S2903,Vegetal Products,681,Fat supply quantity (t),2012,2012,t,16091815.47,E,
100,'356,India,2903,'S2903,Vegetal Products,681,Fat supply quantity (t),2013,2013,t,15973702.28,E,
100,'356,India,2903,'S2903,Vegetal Products,681,Fat supply quantity (t),2014,2014,t,17554883.9,E,
100,'356,India,2903,'S2903,Vegetal Products,681,Fat supply quantity (t),2015,2015,t,17487168.28,E,
100,'356,India,2903,'S2903,Vegetal Products,681,Fat supply quantity (t),2016,2016,t,17262710.76,E,
100,'356,India,2903,'S2903,Vegetal Products,681,Fat supply quantity (t),2017,2017,t,18547580.89,E,
100,'356,India,2903,'S2903,Vegetal Products,681,Fat supply quantity (t),2018,2018,t,19320338.96,E,
100,'356,India,2903,'S2903,Vegetal Products,681,Fat supply quantity (t),2019,2019,t,19183320.19,E,
100,'356,India,2903,'S2903,Vegetal Products,681,Fat supply quantity (t),2020,2020,t,19343071.9,E,
100,'356,India,2903,'S2903,Vegetal Products,681,Fat supply quantity (t),2021,2021,t,19512770.41,E,
100,'356,India,2903,'S2903,Vegetal Products,681,Fat supply quantity (t),2022,2022,t,20394075.96,E,
100,'356,India,2903,'S2903,Vegetal Products,681,Fat supply quantity (t),2023,2023,t,21659588.79,E,
100,'356,India,2941,'S2941,Animal Products,664,Food supply (kcal/capita/day),2010,2010,kcal/cap/d,226.28,E,
100,'356,India,2941,'S2941,Animal Products,664,Food supply (kcal/capita/day),2011,2011,kcal/cap/d,230.95,E,
100,'356,India,2941,'S2941,Animal Products,664,Food supply (kcal/capita/day),2012,2012,kcal/cap/d,236.75,E,
100,'356,India,2941,'S2941,Animal Products,664,Food supply (kcal/capita/day),2013,2013,kcal/cap/d,241.3,E,
100,'356,India,2941,'S2941,Animal Products,664,Food supply (kcal/capita/day),2014,2014,kcal/cap/d,252.4,E,
100,'356,India,2941,'S2941,Animal Products,664,Food supply (kcal/capita/day),2015,2015,kcal/cap/d,265.9,E,
100,'356,India,2941,'S2941,Animal Products,664,Food supply (kcal/capita/day),2016,2016,kcal/cap/d,275.04,E,
100,'356,India,2941,'S2941,Animal Products,664,Food supply (kcal/capita/day),2017,2017,kcal/cap/d,287.87,E,
100,'356,India,2941,'S2941,Animal Products,664,Food supply (kcal/capita/day),2018,2018,kcal/cap/d,303.58,E,
100,'356,India,2941,'S2941,Animal Products,664,Food supply (kcal/capita/day),2019,2019,kcal/cap/d,319.01,E,
100,'356,India,2941,'S2941,Animal Products,664,Food supply (kcal/capita/day),2020,2020,kcal/cap/d,336.86,E,
100,'356,India,2941,'S2941,Animal Products,664,Food supply (kcal/capita/day),2021,2021,kcal/cap/d,353.55,E,
100,'356,India,2941,'S2941,Animal Products,664,Food supply (kcal/capita/day),2022,2022,kcal/cap/d,363.63,E,
100,'356,India,2941,'S2941,Animal Products,664,Food supply (kcal/capita/day),2023,2023,kcal/cap/d,371.59,E,
100,'356,India,2941,'S2941,Animal Products,661,Food supply (kcal),2010,2010,million Kcal,102701055.46,E,
100,'356,India,2941,'S2941,Animal Products,661,Food supply (kcal),2011,2011,million Kcal,106316551.23,E,
100,'356,India,2941,'S2941,Animal Products,661,Food supply (kcal),2012,2012,million Kcal,110496527.77,E,
100,'356,India,2941,'S2941,Animal Products,661,Food supply (kcal),2013,2013,million Kcal,114130614.79,E,
100,'356,India,2941,'S2941,Animal Products,661,Food supply (kcal),2014,2014,million Kcal,120892924.96,E,
100,'356,India,2941,'S2941,Animal Products,661,Food supply (kcal),2015,2015,million Kcal,128891533.26,E,
100,'356,India,2941,'S2941,Animal Products,661,Food supply (kcal),2016,2016,million Kcal,134919590.05,E,
100,'356,India,2941,'S2941,Animal Products,661,Food supply (kcal),2017,2017,million Kcal,142864210.94,E,
100,'356,India,2941,'S2941,Animal Products,661,Food supply (kcal),2018,2018,million Kcal,152322655.77,E,
100,'356,India,2941,'S2941,Animal Products,661,Food supply (kcal),2019,2019,million Kcal,161738912.88,E,
100,'356,India,2941,'S2941,Animal Products,661,Food supply (kcal),2020,2020,million Kcal,172456233.78,E,
100,'356,India,2941,'S2941,Animal Products,661,Food supply (kcal),2021,2021,million Kcal,182494521.01,E,
100,'356,India,2941,'S2941,Animal Products,661,Food supply (kcal),2022,2022,million Kcal,189189587.12,E,
100,'356,India,2941,'S2941,Animal Products,661,Food supply (kcal),2023,2023,million Kcal,195045482.77,E,
100,'356,India,2941,'S2941,Animal Products,674,Protein supply quantity (g/capita/day),2010,2010,g/cap/d,11.51,E,
100,'356,India,2941,'S2941,Animal Products,674,Protein supply quantity (g/capita/day),2011,2011,g/cap/d,11.54,E,
100,'356,India,2941,'S2941,Animal Products,674,Protein supply quantity (g/capita/day),2012,2012,g/cap/d,11.85,E,
100,'356,India,2941,'S2941,Animal Products,674,Protein supply quantity (g/capita/day),2013,2013,g/cap/d,11.96,E,
100,'356,India,2941,'S2941,Animal Products,674,Protein supply quantity (g/capita/day),2014,2014,g/cap/d,12.66,E,
100,'356,India,2941,'S2941,Animal Products,674,Protein supply quantity (g/capita/day),2015,2015,g/cap/d,13.41,E,
100,'356,India,2941,'S2941,Animal Products,674,Protein supply quantity (g/capita/day),2016,2016,g/cap/d,13.9,E,
100,'356,India,2941,'S2941,Animal Products,674,Protein supply quantity (g/capita/day),2017,2017,g/cap/d,14.55,E,
100,'356,India,2941,'S2941,Animal Products,674,Protein supply quantity (g/capita/day),2018,2018,g/cap/d,15.42,E,
100,'356,India,2941,'S2941,Animal Products,674,Protein supply quantity (g/capita/day),2019,2019,g/cap/d,16.35,E,
100,'356,India,2941,'S2941,Animal Products,674,Protein supply quantity (g/capita/day),2020,2020,g/cap/d,17.82,E,
100,'356,India,2941,'S2941,Animal Products,674,Protein supply quantity (g/capita/day),2021,2021,g/cap/d,18.62,E,
100,'356,India,2941,'S2941,Animal Products,674,Protein supply quantity (g/capita/day),2022,2022,g/cap/d,19.6,E,
100,'356,India,2941,'S2941,Animal Products,674,Protein supply quantity (g/capita/day),2023,2023,g/cap/d,20.01,E,
100,'356,India,2941,'S2941,Animal Products,671,Protein supply quantity (t),2010,2010,t,5224197.03,E,
100,'356,India,2941,'S2941,Animal Products,671,Protein supply quantity (t),2011,2011,t,5311366,E,
100,'356,India,2941,'S2941,Animal Products,671,Protein supply quantity (t),2012,2012,t,5532015.47,E,
100,'356,India,2941,'S2941,Animal Products,671,Protein supply quantity (t),2013,2013,t,5658600.22,E,
100,'356,India,2941,'S2941,Animal Products,671,Protein supply quantity (t),2014,2014,t,6063562.81,E,
100,'356,India,2941,'S2941,Animal Products,671,Protein supply quantity (t),2015,2015,t,6499194.29,E,
100,'356,India,2941,'S2941,Animal Products,671,Protein supply quantity (t),2016,2016,t,6816744.9,E,
100,'356,India,2941,'S2941,Animal Products,671,Protein supply quantity (t),2017,2017,t,7222859.65,E,
100,'356,India,2941,'S2941,Animal Products,671,Protein supply quantity (t),2018,2018,t,7739086.27,E,
100,'356,India,2941,'S2941,Animal Products,671,Protein supply quantity (t),2019,2019,t,8289926.63,E,
100,'356,India,2941,'S2941,Animal Products,671,Protein supply quantity (t),2020,2020,t,9120885.85,E,
100,'356,India,2941,'S2941,Animal Products,671,Protein supply quantity (t),2021,2021,t,9610102.35,E,
100,'356,India,2941,'S2941,Animal Products,671,Protein supply quantity (t),2022,2022,t,10199778.71,E,
100,'356,India,2941,'S2941,Animal Products,671,Protein supply quantity (t),2023,2023,t,10503976.76,E,
100,'356,India,2941,'S2941,Animal Products,684,Fat supply quantity (g/capita/day),2010,2010,g/cap/d,15.3,E,
100,'356,India,2941,'S2941,Animal Products,684,Fat supply quantity (g/capita/day),2011,2011,g/cap/d,15.62,E,
100,'356,India,2941,'S2941,Animal Products,684,Fat supply quantity (g/capita/day),2012,2012,g/cap/d,16.02,E,
100,'356,India,2941,'S2941,Animal Products,684,Fat supply quantity (g/capita/day),2013,2013,g/cap/d,16.38,E,
100,'356,India,2941,'S2941,Animal Products,684,Fat supply quantity (g/capita/day),2014,2014,g/cap/d,17.08,E,
100,'356,India,2941,'S2941,Animal Products,684,Fat supply quantity (g/capita/day),2015,2015,g/cap/d,17.9,E,
100,'356,India,2941,'S2941,Animal Products,684,Fat supply quantity (g/capita/day),2016,2016,g/cap/d,18.48,E,
100,'356,India,2941,'S2941,Animal Products,684,Fat supply quantity (g/capita/day),2017,2017,g/cap/d,19.32,E,
100,'356,India,2941,'S2941,Animal Products,684,Fat supply quantity (g/capita/day),2018,2018,g/cap/d,20.34,E,
100,'356,India,2941,'S2941,Animal Products,684,Fat supply quantity (g/capita/day),2019,2019,g/cap/d,21.3,E,
100,'356,India,2941,'S2941,Animal Products,684,Fat supply quantity (g/capita/day),2020,2020,g/cap/d,22.19,E,
100,'356,India,2941,'S2941,Animal Products,684,Fat supply quantity (g/capita/day),2021,2021,g/cap/d,23.42,E,
100,'356,India,2941,'S2941,Animal Products,684,Fat supply quantity (g/capita/day),2022,2022,g/cap/d,23.98,E,
100,'356,India,2941,'S2941,Animal Products,684,Fat supply quantity (g/capita/day),2023,2023,g/cap/d,24.48,E,
100,'356,India,2941,'S2941,Animal Products,681,Fat supply quantity (t),2010,2010,t,6945245.56,E,
100,'356,India,2941,'S2941,Animal Products,681,Fat supply quantity (t),2011,2011,t,7191136.45,E,
100,'356,India,2941,'S2941,Animal Products,681,Fat supply quantity (t),2012,2012,t,7475177.17,E,
100,'356,India,2941,'S2941,Animal Products,681,Fat supply quantity (t),2013,2013,t,7746567.73,E,
100,'356,India,2941,'S2941,Animal Products,681,Fat supply quantity (t),2014,2014,t,8181375.37,E,
100,'356,India,2941,'S2941,Animal Products,681,Fat supply quantity (t),2015,2015,t,8674529,E,
100,'356,India,2941,'S2941,Animal Products,681,Fat supply quantity (t),2016,2016,t,9066106.88,E,
100,'356,India,2941,'S2941,Animal Products,681,Fat supply quantity (t),2017,2017,t,9588238.46,E,
100,'356,India,2941,'S2941,Animal Products,681,Fat supply quantity (t),2018,2018,t,10207308.12,E,
100,'356,India,2941,'S2941,Animal Products,681,Fat supply quantity (t),2019,2019,t,10796738.92,E,
100,'356,India,2941,'S2941,Animal Products,681,Fat supply quantity (t),2020,2020,t,11358702.7,E,
100,'356,India,2941,'S2941,Animal Products,681,Fat supply quantity (t),2021,2021,t,12087544.71,E,
100,'356,India,2941,'S2941,Animal Products,681,Fat supply quantity (t),2022,2022,t,12475083.89,E,
100,'356,India,2941,'S2941,Animal Products,681,Fat supply quantity (t),2023,2023,t,12847222.87,E,
100,'356,India,2905,'S2905,Cereals - Excluding Beer,5511,Production,2010,2010,1000 t,267944,E,
100,'356,India,2905,'S2905,Cereals - Excluding Beer,5511,Production,2011,2011,1000 t,287957,E,
100,'356,India,2905,'S2905,Cereals - Excluding Beer,5511,Production,2012,2012,1000 t,293388,E,
100,'356,India,2905,'S2905,Cereals - Excluding Beer,5511,Production,2013,2013,1000 t,295015,E,
100,'356,India,2905,'S2905,Cereals - Excluding Beer,5511,Production,2014,2014,1000 t,296111,E,
100,'356,India,2905,'S2905,Cereals - Excluding Beer,5511,Production,2015,2015,1000 t,285945,E,
100,'356,India,2905,'S2905,Cereals - Excluding Beer,5511,Production,2016,2016,1000 t,294533,E,
100,'356,India,2905,'S2905,Cereals - Excluding Beer,5511,Production,2017,2017,1000 t,310805,E,
100,'356,India,2905,'S2905,Cereals - Excluding Beer,5511,Production,2018,2018,1000 t,321582,E,
100,'356,India,2905,'S2905,Cereals - Excluding Beer,5511,Production,2019,2019,1000 t,321402,E,
100,'356,India,2905,'S2905,Cereals - Excluding Beer,5511,Production,2020,2020,1000 t,342140,E,
100,'356,India,2905,'S2905,Cereals - Excluding Beer,5511,Production,2021,2021,1000 t,355142,E,
100,'356,India,2905,'S2905,Cereals - Excluding Beer,5511,Production,2022,2022,1000 t,362497,E,
100,'356,India,2905,'S2905,Cereals - Excluding Beer,5511,Production,2023,2023,1000 t,374634,E,
100,'356,India,2905,'S2905,Cereals - Excluding Beer,5611,Import quantity,2010,2010,1000 t,494,E,
100,'356,India,2905,'S2905,Cereals - Excluding Beer,5611,Import quantity,2011,2011,1000 t,406,E,
100,'356,India,2905,'S2905,Cereals - Excluding Beer,5611,Import quantity,2012,2012,1000 t,835,E,
100,'356,India,2905,'S2905,Cereals - Excluding Beer,5611,Import quantity,2013,2013,1000 t,536,E,
100,'356,India,2905,'S2905,Cereals - Excluding Beer,5611,Import quantity,2014,2014,1000 t,427,E,
100,'356,India,2905,'S2905,Cereals - Excluding Beer,5611,Import quantity,2015,2015,1000 t,887,E,
100,'356,India,2905,'S2905,Cereals - Excluding Beer,5611,Import quantity,2016,2016,1000 t,2616,E,
100,'356,India,2905,'S2905,Cereals - Excluding Beer,5611,Import quantity,2017,2017,1000 t,5958,E,
100,'356,India,2905,'S2905,Cereals - Excluding Beer,5611,Import quantity,2018,2018,1000 t,685,E,
100,'356,India,2905,'S2905,Cereals - Excluding Beer,5611,Import quantity,2019,2019,1000 t,1261,E,
100,'356,India,2905,'S2905,Cereals - Excluding Beer,5611,Import quantity,2020,2020,1000 t,768,E,
100,'356,India,2905,'S2905,Cereals - Excluding Beer,5611,Import quantity,2021,2021,1000 t,556,E,
100,'356,India,2905,'S2905,Cereals - Excluding Beer,5611,Import quantity,2022,2022,1000 t,737,E,
100,'356,India,2905,'S2905,Cereals - Excluding Beer,5611,Import quantity,2023,2023,1000 t,1007,E,
100,'356,India,2905,'S2905,Cereals - Excluding Beer,5072,Stock Variation,2010,2010,1000 t,3442,E,
100,'356,India,2905,'S2905,Cereals - Excluding Beer,5072,Stock Variation,2011,2011,1000 t,6703,E,
100,'356,India,2905,'S2905,Cereals - Excluding Beer,5072,Stock Variation,2012,2012,1000 t,3434,E,
100,'356,India,2905,'S2905,Cereals - Excluding Beer,5072,Stock Variation,2013,2013,1000 t,-10796,E,
100,'356,India,2905,'S2905,Cereals - Excluding Beer,5072,Stock Variation,2014,2014,1000 t,-7124,E,
100,'356,India,2905,'S2905,Cereals - Excluding Beer,5072,Stock Variation,2015,2015,1000 t,-3591,E,
100,'356,India,2905,'S2905,Cereals - Excluding Beer,5072,Stock Variation,2016,2016,1000 t,-3875,E,
100,'356,India,2905,'S2905,Cereals - Excluding Beer,5072,Stock Variation,2017,2017,1000 t,7473,E,
100,'356,India,2905,'S2905,Cereals - Excluding Beer,5072,Stock Variation,2018,2018,1000 t,15745,E,
100,'356,India,2905,'S2905,Cereals - Excluding Beer,5072,Stock Variation,2019,2019,1000 t,12910,E,
100,'356,India,2905,'S2905,Cereals - Excluding Beer,5072,Stock Variation,2020,2020,1000 t,8655,E,
100,'356,India,2905,'S2905,Cereals - Excluding Beer,5072,Stock Variation,2021,2021,1000 t,-5376,E,
100,'356,India,2905,'S2905,Cereals - Excluding Beer,5072,Stock Variation,2022,2022,1000 t,-8463,E,
100,'356,India,2905,'S2905,Cereals - Excluding Beer,5072,Stock Variation,2023,2023,1000 t,8802,E,
100,'356,India,2905,'S2905,Cereals - Excluding Beer,5911,Export quantity,2010,2010,1000 t,6670,E,
100,'356,India,2905,'S2905,Cereals - Excluding Beer,5911,Export quantity,2011,2011,1000 t,12938,E,
100,'356,India,2905,'S2905,Cereals - Excluding Beer,5911,Export quantity,2012,2012,1000 t,25867,E,
100,'356,India,2905,'S2905,Cereals - Excluding Beer,5911,Export quantity,2013,2013,1000 t,30480,E,
100,'356,India,2905,'S2905,Cereals - Excluding Beer,5911,Export quantity,2014,2014,1000 t,26369,E,
100,'356,India,2905,'S2905,Cereals - Excluding Beer,5911,Export quantity,2015,2015,1000 t,19448,E,
100,'356,India,2905,'S2905,Cereals - Excluding Beer,5911,Export quantity,2016,2016,1000 t,16551,E,
100,'356,India,2905,'S2905,Cereals - Excluding Beer,5911,Export quantity,2017,2017,1000 t,19868,E,
100,'356,India,2905,'S2905,Cereals - Excluding Beer,5911,Export quantity,2018,2018,1000 t,20062,E,
100,'356,India,2905,'S2905,Cereals - Excluding Beer,5911,Export quantity,2019,2019,1000 t,16269,E,
100,'356,India,2905,'S2905,Cereals - Excluding Beer,5911,Export quantity,2020,2020,1000 t,25859,E,
100,'356,India,2905,'S2905,Cereals - Excluding Beer,5911,Export quantity,2021,2021,1000 t,43612,E,
100,'356,India,2905,'S2905,Cereals - Excluding Beer,5911,Export quantity,2022,2022,1000 t,46044,E,
100,'356,India,2905,'S2905,Cereals - Excluding Beer,5911,Export quantity,2023,2023,1000 t,31231,E,
100,'356,India,2905,'S2905,Cereals - Excluding Beer,5301,Domestic supply quantity,2010,2010,1000 t,258326,E,
100,'356,India,2905,'S2905,Cereals - Excluding Beer,5301,Domestic supply quantity,2011,2011,1000 t,268723,E,
100,'356,India,2905,'S2905,Cereals - Excluding Beer,5301,Domestic supply quantity,2012,2012,1000 t,264922,E,
100,'356,India,2905,'S2905,Cereals - Excluding Beer,5301,Domestic supply quantity,2013,2013,1000 t,275868,E,
100,'356,India,2905,'S2905,Cereals - Excluding Beer,5301,Domestic supply quantity,2014,2014,1000 t,277293,E,
100,'356,India,2905,'S2905,Cereals - Excluding Beer,5301,Domestic supply quantity,2015,2015,1000 t,270976,E,
100,'356,India,2905,'S2905,Cereals - Excluding Beer,5301,Domestic supply quantity,2016,2016,1000 t,284473,E,
100,'356,India,2905,'S2905,Cereals - Excluding Beer,5301,Domestic supply quantity,2017,2017,1000 t,289423,E,
100,'356,India,2905,'S2905,Cereals - Excluding Beer,5301,Domestic supply quantity,2018,2018,1000 t,286461,E,
100,'356,India,2905,'S2905,Cereals - Excluding Beer,5301,Domestic supply quantity,2019,2019,1000 t,293483,E,
100,'356,India,2905,'S2905,Cereals - Excluding Beer,5301,Domestic supply quantity,2020,2020,1000 t,308394,E,
100,'356,India,2905,'S2905,Cereals - Excluding Beer,5301,Domestic supply quantity,2021,2021,1000 t,317463,E,
100,'356,India,2905,'S2905,Cereals - Excluding Beer,5301,Domestic supply quantity,2022,2022,1000 t,325652,E,
100,'356,India,2905,'S2905,Cereals - Excluding Beer,5301,Domestic supply quantity,2023,2023,1000 t,335608,E,
100,'356,India,2905,'S2905,Cereals - Excluding Beer,5521,Feed,2010,2010,1000 t,11543,E,
100,'356,India,2905,'S2905,Cereals - Excluding Beer,5521,Feed,2011,2011,1000 t,12136,E,
100,'356,India,2905,'S2905,Cereals - Excluding Beer,5521,Feed,2012,2012,1000 t,13371,E,
100,'356,India,2905,'S2905,Cereals - Excluding Beer,5521,Feed,2013,2013,1000 t,15450,E,
100,'356,India,2905,'S2905,Cereals - Excluding Beer,5521,Feed,2014,2014,1000 t,16436,E,
100,'356,India,2905,'S2905,Cereals - Excluding Beer,5521,Feed,2015,2015,1000 t,14840,E,
100,'356,India,2905,'S2905,Cereals - Excluding Beer,5521,Feed,2016,2016,1000 t,17238,E,
100,'356,India,2905,'S2905,Cereals - Excluding Beer,5521,Feed,2017,2017,1000 t,19610,E,
100,'356,India,2905,'S2905,Cereals - Excluding Beer,5521,Feed,2018,2018,1000 t,21053,E,
100,'356,India,2905,'S2905,Cereals - Excluding Beer,5521,Feed,2019,2019,1000 t,22766,E,
100,'356,India,2905,'S2905,Cereals - Excluding Beer,5521,Feed,2020,2020,1000 t,29641,E,
100,'356,India,2905,'S2905,Cereals - Excluding Beer,5521,Feed,2021,2021,1000 t,38776,E,
100,'356,India,2905,'S2905,Cereals - Excluding Beer,5521,Feed,2022,2022,1000 t,46325,E,
100,'356,India,2905,'S2905,Cereals - Excluding Beer,5521,Feed,2023,2023,1000 t,44528,E,
100,'356,India,2905,'S2905,Cereals - Excluding Beer,5527,Seed,2010,2010,1000 t,6653,E,
100,'356,India,2905,'S2905,Cereals - Excluding Beer,5527,Seed,2011,2011,1000 t,7555,E,
100,'356,India,2905,'S2905,Cereals - Excluding Beer,5527,Seed,2012,2012,1000 t,7490,E,
100,'356,India,2905,'S2905,Cereals - Excluding Beer,5527,Seed,2013,2013,1000 t,7329,E,
100,'356,India,2905,'S2905,Cereals - Excluding Beer,5527,Seed,2014,2014,1000 t,7455,E,
100,'356,India,2905,'S2905,Cereals - Excluding Beer,5527,Seed,2015,2015,1000 t,7418,E,
100,'356,India,2905,'S2905,Cereals - Excluding Beer,5527,Seed,2016,2016,1000 t,7381,E,
100,'356,India,2905,'S2905,Cereals - Excluding Beer,5527,Seed,2017,2017,1000 t,7420,E,
100,'356,India,2905,'S2905,Cereals - Excluding Beer,5527,Seed,2018,2018,1000 t,7230,E,
100,'356,India,2905,'S2905,Cereals - Excluding Beer,5527,Seed,2019,2019,1000 t,7268,E,
100,'356,India,2905,'S2905,Cereals - Excluding Beer,5527,Seed,2020,2020,1000 t,7660,E,
100,'356,India,2905,'S2905,Cereals - Excluding Beer,5527,Seed,2021,2021,1000 t,7763,E,
100,'356,India,2905,'S2905,Cereals - Excluding Beer,5527,Seed,2022,2022,1000 t,7731,E,
100,'356,India,2905,'S2905,Cereals - Excluding Beer,5527,Seed,2023,2023,1000 t,7917,E,
100,'356,India,2905,'S2905,Cereals - Excluding Beer,5123,Losses,2010,2010,1000 t,10492,E,
100,'356,India,2905,'S2905,Cereals - Excluding Beer,5123,Losses,2011,2011,1000 t,11573,E,
100,'356,India,2905,'S2905,Cereals - Excluding Beer,5123,Losses,2012,2012,1000 t,12175,E,
100,'356,India,2905,'S2905,Cereals - Excluding Beer,5123,Losses,2013,2013,1000 t,12563,E,
100,'356,India,2905,'S2905,Cereals - Excluding Beer,5123,Losses,2014,2014,1000 t,11974,E,
100,'356,India,2905,'S2905,Cereals - Excluding Beer,5123,Losses,2015,2015,1000 t,11344,E,
100,'356,India,2905,'S2905,Cereals - Excluding Beer,5123,Losses,2016,2016,1000 t,12007,E,
100,'356,India,2905,'S2905,Cereals - Excluding Beer,5123,Losses,2017,2017,1000 t,12751,E,
100,'356,India,2905,'S2905,Cereals - Excluding Beer,5123,Losses,2018,2018,1000 t,12740,E,
100,'356,India,2905,'S2905,Cereals - Excluding Beer,5123,Losses,2019,2019,1000 t,13191,E,
100,'356,India,2905,'S2905,Cereals - Excluding Beer,5123,Losses,2020,2020,1000 t,13456,E,
100,'356,India,2905,'S2905,Cereals - Excluding Beer,5123,Losses,2021,2021,1000 t,14230,E,
100,'356,India,2905,'S2905,Cereals - Excluding Beer,5123,Losses,2022,2022,1000 t,14250,E,
100,'356,India,2905,'S2905,Cereals - Excluding Beer,5123,Losses,2023,2023,1000 t,14789,E,
100,'356,India,2905,'S2905,Cereals - Excluding Beer,5131,Processing,2010,2010,1000 t,1012,E,
100,'356,India,2905,'S2905,Cereals - Excluding Beer,5131,Processing,2011,2011,1000 t,1045,E,
100,'356,India,2905,'S2905,Cereals - Excluding Beer,5131,Processing,2012,2012,1000 t,861,E,
100,'356,India,2905,'S2905,Cereals - Excluding Beer,5131,Processing,2013,2013,1000 t,1746,E,
100,'356,India,2905,'S2905,Cereals - Excluding Beer,5131,Processing,2014,2014,1000 t,823,E,
100,'356,India,2905,'S2905,Cereals - Excluding Beer,5131,Processing,2015,2015,1000 t,841,E,
100,'356,India,2905,'S2905,Cereals - Excluding Beer,5131,Processing,2016,2016,1000 t,868,E,
100,'356,India,2905,'S2905,Cereals - Excluding Beer,5131,Processing,2017,2017,1000 t,1025,E,
100,'356,India,2905,'S2905,Cereals - Excluding Beer,5131,Processing,2018,2018,1000 t,1308,E,
100,'356,India,2905,'S2905,Cereals - Excluding Beer,5131,Processing,2019,2019,1000 t,1872,E,
100,'356,India,2905,'S2905,Cereals - Excluding Beer,5131,Processing,2020,2020,1000 t,1437,E,
100,'356,India,2905,'S2905,Cereals - Excluding Beer,5131,Processing,2021,2021,1000 t,2134,E,
100,'356,India,2905,'S2905,Cereals - Excluding Beer,5131,Processing,2022,2022,1000 t,2090,E,
100,'356,India,2905,'S2905,Cereals - Excluding Beer,5131,Processing,2023,2023,1000 t,2880,E,
100,'356,India,2905,'S2905,Cereals - Excluding Beer,5154,Other uses (non-food),2010,2010,1000 t,331,E,
100,'356,India,2905,'S2905,Cereals - Excluding Beer,5154,Other uses (non-food),2011,2011,1000 t,209,E,
100,'356,India,2905,'S2905,Cereals - Excluding Beer,5154,Other uses (non-food),2012,2012,1000 t,97,E,
100,'356,India,2905,'S2905,Cereals - Excluding Beer,5154,Other uses (non-food),2013,2013,1000 t,39,E,
100,'356,India,2905,'S2905,Cereals - Excluding Beer,5154,Other uses (non-food),2014,2014,1000 t,58,E,
100,'356,India,2905,'S2905,Cereals - Excluding Beer,5154,Other uses (non-food),2015,2015,1000 t,89,E,
100,'356,India,2905,'S2905,Cereals - Excluding Beer,5154,Other uses (non-food),2016,2016,1000 t,212,E,
100,'356,India,2905,'S2905,Cereals - Excluding Beer,5154,Other uses (non-food),2017,2017,1000 t,241,E,
100,'356,India,2905,'S2905,Cereals - Excluding Beer,5154,Other uses (non-food),2018,2018,1000 t,20,E,
100,'356,India,2905,'S2905,Cereals - Excluding Beer,5154,Other uses (non-food),2019,2019,1000 t,333,E,
100,'356,India,2905,'S2905,Cereals - Excluding Beer,5154,Other uses (non-food),2020,2020,1000 t,175,E,
100,'356,India,2905,'S2905,Cereals - Excluding Beer,5154,Other uses (non-food),2021,2021,1000 t,16,E,
100,'356,India,2905,'S2905,Cereals - Excluding Beer,5154,Other uses (non-food),2022,2022,1000 t,24,E,
100,'356,India,2905,'S2905,Cereals - Excluding Beer,5154,Other uses (non-food),2023,2023,1000 t,7,E,
100,'356,India,2905,'S2905,Cereals - Excluding Beer,5170,Residuals,2010,2010,1000 t,-202,E,
100,'356,India,2905,'S2905,Cereals - Excluding Beer,5170,Residuals,2011,2011,1000 t,-23,E,
100,'356,India,2905,'S2905,Cereals - Excluding Beer,5170,Residuals,2012,2012,1000 t,-1516,E,
100,'356,India,2905,'S2905,Cereals - Excluding Beer,5170,Residuals,2013,2013,1000 t,-930,E,
100,'356,India,2905,'S2905,Cereals - Excluding Beer,5170,Residuals,2014,2014,1000 t,-207,E,
100,'356,India,2905,'S2905,Cereals - Excluding Beer,5170,Residuals,2015,2015,1000 t,25,E,
100,'356,India,2905,'S2905,Cereals - Excluding Beer,5170,Residuals,2016,2016,1000 t,-77,E,
100,'356,India,2905,'S2905,Cereals - Excluding Beer,5170,Residuals,2017,2017,1000 t,-84,E,
100,'356,India,2905,'S2905,Cereals - Excluding Beer,5170,Residuals,2018,2018,1000 t,-81,E,
100,'356,India,2905,'S2905,Cereals - Excluding Beer,5170,Residuals,2019,2019,1000 t,-363,E,
100,'356,India,2905,'S2905,Cereals - Excluding Beer,5170,Residuals,2020,2020,1000 t,-92,E,
100,'356,India,2905,'S2905,Cereals - Excluding Beer,5170,Residuals,2021,2021,1000 t,-126,E,
100,'356,India,2905,'S2905,Cereals - Excluding Beer,5170,Residuals,2022,2022,1000 t,-133,E,
100,'356,India,2905,'S2905,Cereals - Excluding Beer,5170,Residuals,2023,2023,1000 t,-134,E,
100,'356,India,2905,'S2905,Cereals - Excluding Beer,5142,Food,2010,2010,1000 t,228497,E,
100,'356,India,2905,'S2905,Cereals - Excluding Beer,5142,Food,2011,2011,1000 t,236228,E,
100,'356,India,2905,'S2905,Cereals - Excluding Beer,5142,Food,2012,2012,1000 t,232443,E,
100,'356,India,2905,'S2905,Cereals - Excluding Beer,5142,Food,2013,2013,1000 t,239670,E,
100,'356,India,2905,'S2905,Cereals - Excluding Beer,5142,Food,2014,2014,1000 t,240754,E,
100,'356,India,2905,'S2905,Cereals - Excluding Beer,5142,Food,2015,2015,1000 t,236419,E,
100,'356,India,2905,'S2905,Cereals - Excluding Beer,5142,Food,2016,2016,1000 t,246843,E,
100,'356,India,2905,'S2905,Cereals - Excluding Beer,5142,Food,2017,2017,1000 t,248460,E,
100,'356,India,2905,'S2905,Cereals - Excluding Beer,5142,Food,2018,2018,1000 t,244191,E,
100,'356,India,2905,'S2905,Cereals - Excluding Beer,5142,Food,2019,2019,1000 t,248416,E,
100,'356,India,2905,'S2905,Cereals - Excluding Beer,5142,Food,2020,2020,1000 t,256117,E,
100,'356,India,2905,'S2905,Cereals - Excluding Beer,5142,Food,2021,2021,1000 t,254671,E,
100,'356,India,2905,'S2905,Cereals - Excluding Beer,5142,Food,2022,2022,1000 t,255365,E,
100,'356,India,2905,'S2905,Cereals - Excluding Beer,5142,Food,2023,2023,1000 t,265620,E,
100,'356,India,2905,'S2905,Cereals - Excluding Beer,645,Food supply quantity (kg/capita/yr),2010,2010,kg/cap,183.76,E,
100,'356,India,2905,'S2905,Cereals - Excluding Beer,645,Food supply quantity (kg/capita/yr),2011,2011,kg/cap,187.3,E,
100,'356,India,2905,'S2905,Cereals - Excluding Beer,645,Food supply quantity (kg/capita/yr),2012,2012,kg/cap,181.78,E,
100,'356,India,2905,'S2905,Cereals - Excluding Beer,645,Food supply quantity (kg/capita/yr),2013,2013,kg/cap,184.95,E,
100,'356,India,2905,'S2905,Cereals - Excluding Beer,645,Food supply quantity (kg/capita/yr),2014,2014,kg/cap,183.46,E,
100,'356,India,2905,'S2905,Cereals - Excluding Beer,645,Food supply quantity (kg/capita/yr),2015,2015,kg/cap,178.02,E,
100,'356,India,2905,'S2905,Cereals - Excluding Beer,645,Food supply quantity (kg/capita/yr),2016,2016,kg/cap,183.67,E,
100,'356,India,2905,'S2905,Cereals - Excluding Beer,645,Food supply quantity (kg/capita/yr),2017,2017,kg/cap,182.74,E,
100,'356,India,2905,'S2905,Cereals - Excluding Beer,645,Food supply quantity (kg/capita/yr),2018,2018,kg/cap,177.64,E,
100,'356,India,2905,'S2905,Cereals - Excluding Beer,645,Food supply quantity (kg/capita/yr),2019,2019,kg/cap,178.84,E,
100,'356,India,2905,'S2905,Cereals - Excluding Beer,645,Food supply quantity (kg/capita/yr),2020,2020,kg/cap,182.6,E,
100,'356,India,2905,'S2905,Cereals - Excluding Beer,645,Food supply quantity (kg/capita/yr),2021,2021,kg/cap,180.08,E,
100,'356,India,2905,'S2905,Cereals - Excluding Beer,645,Food supply quantity (kg/capita/yr),2022,2022,kg/cap,179.15,E,
100,'356,India,2905,'S2905,Cereals - Excluding Beer,645,Food supply quantity (kg/capita/yr),2023,2023,kg/cap,184.71,E,
100,'356,India,2905,'S2905,Cereals - Excluding Beer,664,Food supply (kcal/capita/day),2010,2010,kcal/cap/d,1345.39,E,
100,'356,India,2905,'S2905,Cereals - Excluding Beer,664,Food supply (kcal/capita/day),2011,2011,kcal/cap/d,1363.63,E,
100,'356,India,2905,'S2905,Cereals - Excluding Beer,664,Food supply (kcal/capita/day),2012,2012,kcal/cap/d,1329.02,E,
100,'356,India,2905,'S2905,Cereals - Excluding Beer,664,Food supply (kcal/capita/day),2013,2013,kcal/cap/d,1352.74,E,
100,'356,India,2905,'S2905,Cereals - Excluding Beer,664,Food supply (kcal/capita/day),2014,2014,kcal/cap/d,1338.93,E,
100,'356,India,2905,'S2905,Cereals - Excluding Beer,664,Food supply (kcal/capita/day),2015,2015,kcal/cap/d,1304.68,E,
100,'356,India,2905,'S2905,Cereals - Excluding Beer,664,Food supply (kcal/capita/day),2016,2016,kcal/cap/d,1349.19,E,
100,'356,India,2905,'S2905,Cereals - Excluding Beer,664,Food supply (kcal/capita/day),2017,2017,kcal/cap/d,1340.72,E,
100,'356,India,2905,'S2905,Cereals - Excluding Beer,664,Food supply (kcal/capita/day),2018,2018,kcal/cap/d,1301.1,E,
100,'356,India,2905,'S2905,Cereals - Excluding Beer,664,Food supply (kcal/capita/day),2019,2019,kcal/cap/d,1303.35,E,
100,'356,India,2905,'S2905,Cereals - Excluding Beer,664,Food supply (kcal/capita/day),2020,2020,kcal/cap/d,1330.2,E,
100,'356,India,2905,'S2905,Cereals - Excluding Beer,664,Food supply (kcal/capita/day),2021,2021,kcal/cap/d,1316.94,E,
100,'356,India,2905,'S2905,Cereals - Excluding Beer,664,Food supply (kcal/capita/day),2022,2022,kcal/cap/d,1318.53,E,
100,'356,India,2905,'S2905,Cereals - Excluding Beer,664,Food supply (kcal/capita/day),2023,2023,kcal/cap/d,1359.98,E,
100,'356,India,2905,'S2905,Cereals - Excluding Beer,661,Food supply (kcal),2010,2010,million Kcal,610632983.9,E,
100,'356,India,2905,'S2905,Cereals - Excluding Beer,661,Food supply (kcal),2011,2011,million Kcal,627745403.34,E,
100,'356,India,2905,'S2905,Cereals - Excluding Beer,661,Food supply (kcal),2012,2012,million Kcal,620277416.67,E,
100,'356,India,2905,'S2905,Cereals - Excluding Beer,661,Food supply (kcal),2013,2013,million Kcal,639816710.43,E,
100,'356,India,2905,'S2905,Cereals - Excluding Beer,661,Food supply (kcal),2014,2014,million Kcal,641322907.5,E,
100,'356,India,2905,'S2905,Cereals - Excluding Beer,661,Food supply (kcal),2015,2015,million Kcal,632415848.68,E,
100,'356,India,2905,'S2905,Cereals - Excluding Beer,661,Food supply (kcal),2016,2016,million Kcal,661833210.06,E,
100,'356,India,2905,'S2905,Cereals - Excluding Beer,661,Food supply (kcal),2017,2017,million Kcal,665364304.78,E,
100,'356,India,2905,'S2905,Cereals - Excluding Beer,661,Food supply (kcal),2018,2018,million Kcal,652825618.05,E,
100,'356,India,2905,'S2905,Cereals - Excluding Beer,661,Food supply (kcal),2019,2019,million Kcal,660794658.2,E,
100,'356,India,2905,'S2905,Cereals - Excluding Beer,661,Food supply (kcal),2020,2020,million Kcal,681001522.18,E,
100,'356,India,2905,'S2905,Cereals - Excluding Beer,661,Food supply (kcal),2021,2021,million Kcal,679784119.32,E,
100,'356,India,2905,'S2905,Cereals - Excluding Beer,661,Food supply (kcal),2022,2022,million Kcal,686004573.46,E,
100,'356,India,2905,'S2905,Cereals - Excluding Beer,661,Food supply (kcal),2023,2023,million Kcal,713845009.07,E,
100,'356,India,2905,'S2905,Cereals - Excluding Beer,674,Protein supply quantity (g/capita/day),2010,2010,g/cap/d,33.88,E,
100,'356,India,2905,'S2905,Cereals - Excluding Beer,674,Protein supply quantity (g/capita/day),2011,2011,g/cap/d,34.15,E,
100,'356,India,2905,'S2905,Cereals - Excluding Beer,674,Protein supply quantity (g/capita/day),2012,2012,g/cap/d,33.57,E,
100,'356,India,2905,'S2905,Cereals - Excluding Beer,674,Protein supply quantity (g/capita/day),2013,2013,g/cap/d,34.23,E,
100,'356,India,2905,'S2905,Cereals - Excluding Beer,674,Protein supply quantity (g/capita/day),2014,2014,g/cap/d,33.8,E,
100,'356,India,2905,'S2905,Cereals - Excluding Beer,674,Protein supply quantity (g/capita/day),2015,2015,g/cap/d,32.98,E,
100,'356,India,2905,'S2905,Cereals - Excluding Beer,674,Protein supply quantity (g/capita/day),2016,2016,g/cap/d,34.39,E,
100,'356,India,2905,'S2905,Cereals - Excluding Beer,674,Protein supply quantity (g/capita/day),2017,2017,g/cap/d,34.14,E,
100,'356,India,2905,'S2905,Cereals - Excluding Beer,674,Protein supply quantity (g/capita/day),2018,2018,g/cap/d,32.99,E,
100,'356,India,2905,'S2905,Cereals - Excluding Beer,674,Protein supply quantity (g/capita/day),2019,2019,g/cap/d,32.87,E,
100,'356,India,2905,'S2905,Cereals - Excluding Beer,674,Protein supply quantity (g/capita/day),2020,2020,g/cap/d,33.66,E,
100,'356,India,2905,'S2905,Cereals - Excluding Beer,674,Protein supply quantity (g/capita/day),2021,2021,g/cap/d,33.37,E,
100,'356,India,2905,'S2905,Cereals - Excluding Beer,674,Protein supply quantity (g/capita/day),2022,2022,g/cap/d,33.76,E,
100,'356,India,2905,'S2905,Cereals - Excluding Beer,674,Protein supply quantity (g/capita/day),2023,2023,g/cap/d,34.7,E,
100,'356,India,2905,'S2905,Cereals - Excluding Beer,671,Protein supply quantity (t),2010,2010,t,15378241.24,E,
100,'356,India,2905,'S2905,Cereals - Excluding Beer,671,Protein supply quantity (t),2011,2011,t,15722462.13,E,
100,'356,India,2905,'S2905,Cereals - Excluding Beer,671,Protein supply quantity (t),2012,2012,t,15665568.15,E,
100,'356,India,2905,'S2905,Cereals - Excluding Beer,671,Protein supply quantity (t),2013,2013,t,16192004.16,E,
100,'356,India,2905,'S2905,Cereals - Excluding Beer,671,Protein supply quantity (t),2014,2014,t,16188190.77,E,
100,'356,India,2905,'S2905,Cereals - Excluding Beer,671,Protein supply quantity (t),2015,2015,t,15986876.47,E,
100,'356,India,2905,'S2905,Cereals - Excluding Beer,671,Protein supply quantity (t),2016,2016,t,16870988.97,E,
100,'356,India,2905,'S2905,Cereals - Excluding Beer,671,Protein supply quantity (t),2017,2017,t,16940351.86,E,
100,'356,India,2905,'S2905,Cereals - Excluding Beer,671,Protein supply quantity (t),2018,2018,t,16552789.06,E,
100,'356,India,2905,'S2905,Cereals - Excluding Beer,671,Protein supply quantity (t),2019,2019,t,16663928.5,E,
100,'356,India,2905,'S2905,Cereals - Excluding Beer,671,Protein supply quantity (t),2020,2020,t,17234913.23,E,
100,'356,India,2905,'S2905,Cereals - Excluding Beer,671,Protein supply quantity (t),2021,2021,t,17226444.34,E,
100,'356,India,2905,'S2905,Cereals - Excluding Beer,671,Protein supply quantity (t),2022,2022,t,17564864.3,E,
100,'356,India,2905,'S2905,Cereals - Excluding Beer,671,Protein supply quantity (t),2023,2023,t,18216090.98,E,
100,'356,India,2905,'S2905,Cereals - Excluding Beer,684,Fat supply quantity (g/capita/day),2010,2010,g/cap/d,5.83,E,
100,'356,India,2905,'S2905,Cereals - Excluding Beer,684,Fat supply quantity (g/capita/day),2011,2011,g/cap/d,5.77,E,
100,'356,India,2905,'S2905,Cereals - Excluding Beer,684,Fat supply quantity (g/capita/day),2012,2012,g/cap/d,5.62,E,
100,'356,India,2905,'S2905,Cereals - Excluding Beer,684,Fat supply quantity (g/capita/day),2013,2013,g/cap/d,5.68,E,
100,'356,India,2905,'S2905,Cereals - Excluding Beer,684,Fat supply quantity (g/capita/day),2014,2014,g/cap/d,5.6,E,
100,'356,India,2905,'S2905,Cereals - Excluding Beer,684,Fat supply quantity (g/capita/day),2015,2015,g/cap/d,5.62,E,
100,'356,India,2905,'S2905,Cereals - Excluding Beer,684,Fat supply quantity (g/capita/day),2016,2016,g/cap/d,5.73,E,
100,'356,India,2905,'S2905,Cereals - Excluding Beer,684,Fat supply quantity (g/capita/day),2017,2017,g/cap/d,5.68,E,
100,'356,India,2905,'S2905,Cereals - Excluding Beer,684,Fat supply quantity (g/capita/day),2018,2018,g/cap/d,5.53,E,
100,'356,India,2905,'S2905,Cereals - Excluding Beer,684,Fat supply quantity (g/capita/day),2019,2019,g/cap/d,5.44,E,
100,'356,India,2905,'S2905,Cereals - Excluding Beer,684,Fat supply quantity (g/capita/day),2020,2020,g/cap/d,5.47,E,
100,'356,India,2905,'S2905,Cereals - Excluding Beer,684,Fat supply quantity (g/capita/day),2021,2021,g/cap/d,5.46,E,
100,'356,India,2905,'S2905,Cereals - Excluding Beer,684,Fat supply quantity (g/capita/day),2022,2022,g/cap/d,5.46,E,
100,'356,India,2905,'S2905,Cereals - Excluding Beer,684,Fat supply quantity (g/capita/day),2023,2023,g/cap/d,5.7,E,
100,'356,India,2905,'S2905,Cereals - Excluding Beer,681,Fat supply quantity (t),2010,2010,t,2645997.04,E,
100,'356,India,2905,'S2905,Cereals - Excluding Beer,681,Fat supply quantity (t),2011,2011,t,2656529.99,E,
100,'356,India,2905,'S2905,Cereals - Excluding Beer,681,Fat supply quantity (t),2012,2012,t,2621130.23,E,
100,'356,India,2905,'S2905,Cereals - Excluding Beer,681,Fat supply quantity (t),2013,2013,t,2684841.8,E,
100,'356,India,2905,'S2905,Cereals - Excluding Beer,681,Fat supply quantity (t),2014,2014,t,2683440.88,E,
100,'356,India,2905,'S2905,Cereals - Excluding Beer,681,Fat supply quantity (t),2015,2015,t,2725191.61,E,
100,'356,India,2905,'S2905,Cereals - Excluding Beer,681,Fat supply quantity (t),2016,2016,t,2811449.85,E,
100,'356,India,2905,'S2905,Cereals - Excluding Beer,681,Fat supply quantity (t),2017,2017,t,2820498.63,E,
100,'356,India,2905,'S2905,Cereals - Excluding Beer,681,Fat supply quantity (t),2018,2018,t,2773641.02,E,
100,'356,India,2905,'S2905,Cereals - Excluding Beer,681,Fat supply quantity (t),2019,2019,t,2756461.01,E,
100,'356,India,2905,'S2905,Cereals - Excluding Beer,681,Fat supply quantity (t),2020,2020,t,2801549.43,E,
100,'356,India,2905,'S2905,Cereals - Excluding Beer,681,Fat supply quantity (t),2021,2021,t,2815911.19,E,
100,'356,India,2905,'S2905,Cereals - Excluding Beer,681,Fat supply quantity (t),2022,2022,t,2840329.52,E,
100,'356,India,2905,'S2905,Cereals - Excluding Beer,681,Fat supply quantity (t),2023,2023,t,2991082.38,E,
100,'356,India,2511,'S2511,Wheat and products,5511,Production,2010,2010,1000 t,80804,I,
100,'356,India,2511,'S2511,Wheat and products,5511,Production,2011,2011,1000 t,86874,I,
100,'356,India,2511,'S2511,Wheat and products,5511,Production,2012,2012,1000 t,94880,I,
100,'356,India,2511,'S2511,Wheat and products,5511,Production,2013,2013,1000 t,93510,I,
100,'356,India,2511,'S2511,Wheat and products,5511,Production,2014,2014,1000 t,95850,I,
100,'356,India,2511,'S2511,Wheat and products,5511,Production,2015,2015,1000 t,86530,I,
100,'356,India,2511,'S2511,Wheat and products,5511,Production,2016,2016,1000 t,92290,I,
100,'356,India,2511,'S2511,Wheat and products,5511,Production,2017,2017,1000 t,98510,I,
100,'356,India,2511,'S2511,Wheat and products,5511,Production,2018,2018,1000 t,99870,I,
100,'356,India,2511,'S2511,Wheat and products,5511,Production,2019,2019,1000 t,103596,I,
100,'356,India,2511,'S2511,Wheat and products,5511,Production,2020,2020,1000 t,107861,I,
100,'356,India,2511,'S2511,Wheat and products,5511,Production,2021,2021,1000 t,109587,I,
100,'356,India,2511,'S2511,Wheat and products,5511,Production,2022,2022,1000 t,107742,I,
100,'356,India,2511,'S2511,Wheat and products,5511,Production,2023,2023,1000 t,110554,I,
100,'356,India,2511,'S2511,Wheat and products,5611,Import quantity,2010,2010,1000 t,240,I,
100,'356,India,2511,'S2511,Wheat and products,5611,Import quantity,2011,2011,1000 t,40,I,
100,'356,India,2511,'S2511,Wheat and products,5611,Import quantity,2012,2012,1000 t,90,I,
100,'356,India,2511,'S2511,Wheat and products,5611,Import quantity,2013,2013,1000 t,61,I,
100,'356,India,2511,'S2511,Wheat and products,5611,Import quantity,2014,2014,1000 t,122,I,
100,'356,India,2511,'S2511,Wheat and products,5611,Import quantity,2015,2015,1000 t,588,I,
100,'356,India,2511,'S2511,Wheat and products,5611,Import quantity,2016,2016,1000 t,2000,I,
100,'356,India,2511,'S2511,Wheat and products,5611,Import quantity,2017,2017,1000 t,5460,I,
100,'356,India,2511,'S2511,Wheat and products,5611,Import quantity,2018,2018,1000 t,224,I,
100,'356,India,2511,'S2511,Wheat and products,5611,Import quantity,2019,2019,1000 t,178,I,
100,'356,India,2511,'S2511,Wheat and products,5611,Import quantity,2020,2020,1000 t,209,I,
100,'356,India,2511,'S2511,Wheat and products,5611,Import quantity,2021,2021,1000 t,154,I,
100,'356,India,2511,'S2511,Wheat and products,5611,Import quantity,2022,2022,1000 t,155,I,
100,'356,India,2511,'S2511,Wheat and products,5611,Import quantity,2023,2023,1000 t,389,I,
100,'356,India,2511,'S2511,Wheat and products,5072,Stock Variation,2010,2010,1000 t,-757,I,
100,'356,India,2511,'S2511,Wheat and products,5072,Stock Variation,2011,2011,1000 t,4592,I,
100,'356,India,2511,'S2511,Wheat and products,5072,Stock Variation,2012,2012,1000 t,4248,I,
100,'356,India,2511,'S2511,Wheat and products,5072,Stock Variation,2013,2013,1000 t,-6369,I,
100,'356,India,2511,'S2511,Wheat and products,5072,Stock Variation,2014,2014,1000 t,-603,I,
100,'356,India,2511,'S2511,Wheat and products,5072,Stock Variation,2015,2015,1000 t,-2674,I,
100,'356,India,2511,'S2511,Wheat and products,5072,Stock Variation,2016,2016,1000 t,-4732,I,
100,'356,India,2511,'S2511,Wheat and products,5072,Stock Variation,2017,2017,1000 t,3438,I,
100,'356,India,2511,'S2511,Wheat and products,5072,Stock Variation,2018,2018,1000 t,3769,I,
100,'356,India,2511,'S2511,Wheat and products,5072,Stock Variation,2019,2019,1000 t,7715,I,
100,'356,India,2511,'S2511,Wheat and products,5072,Stock Variation,2020,2020,1000 t,3106,I,
100,'356,India,2511,'S2511,Wheat and products,5072,Stock Variation,2021,2021,1000 t,-909,I,
100,'356,India,2511,'S2511,Wheat and products,5072,Stock Variation,2022,2022,1000 t,-9994,I,
100,'356,India,2511,'S2511,Wheat and products,5072,Stock Variation,2023,2023,1000 t,-1997,I,
100,'356,India,2511,'S2511,Wheat and products,5911,Export quantity,2010,2010,1000 t,192,I,
100,'356,India,2511,'S2511,Wheat and products,5911,Export quantity,2011,2011,1000 t,833,I,
100,'356,India,2511,'S2511,Wheat and products,5911,Export quantity,2012,2012,1000 t,5094,I,
100,'356,India,2511,'S2511,Wheat and products,5911,Export quantity,2013,2013,1000 t,7217,I,
100,'356,India,2511,'S2511,Wheat and products,5911,Export quantity,2014,2014,1000 t,4609,I,
100,'356,India,2511,'S2511,Wheat and products,5911,Export quantity,2015,2015,1000 t,1221,I,
100,'356,India,2511,'S2511,Wheat and products,5911,Export quantity,2016,2016,1000 t,699,I,
100,'356,India,2511,'S2511,Wheat and products,5911,Export quantity,2017,2017,1000 t,675,I,
100,'356,India,2511,'S2511,Wheat and products,5911,Export quantity,2018,2018,1000 t,661,I,
100,'356,India,2511,'S2511,Wheat and products,5911,Export quantity,2019,2019,1000 t,704,I,
100,'356,India,2511,'S2511,Wheat and products,5911,Export quantity,2020,2020,1000 t,1507,I,
100,'356,India,2511,'S2511,Wheat and products,5911,Export quantity,2021,2021,1000 t,6914,I,
100,'356,India,2511,'S2511,Wheat and products,5911,Export quantity,2022,2022,1000 t,7988,I,
100,'356,India,2511,'S2511,Wheat and products,5911,Export quantity,2023,2023,1000 t,704,I,
100,'356,India,2511,'S2511,Wheat and products,5301,Domestic supply quantity,2010,2010,1000 t,81608,I,
100,'356,India,2511,'S2511,Wheat and products,5301,Domestic supply quantity,2011,2011,1000 t,81490,I,
100,'356,India,2511,'S2511,Wheat and products,5301,Domestic supply quantity,2012,2012,1000 t,85628,I,
100,'356,India,2511,'S2511,Wheat and products,5301,Domestic supply quantity,2013,2013,1000 t,92723,I,
100,'356,India,2511,'S2511,Wheat and products,5301,Domestic supply quantity,2014,2014,1000 t,91966,I,
100,'356,India,2511,'S2511,Wheat and products,5301,Domestic supply quantity,2015,2015,1000 t,88571,I,
100,'356,India,2511,'S2511,Wheat and products,5301,Domestic supply quantity,2016,2016,1000 t,98324,I,
100,'356,India,2511,'S2511,Wheat and products,5301,Domestic supply quantity,2017,2017,1000 t,99857,I,
100,'356,India,2511,'S2511,Wheat and products,5301,Domestic supply quantity,2018,2018,1000 t,95665,I,
100,'356,India,2511,'S2511,Wheat and products,5301,Domestic supply quantity,2019,2019,1000 t,95355,I,
100,'356,India,2511,'S2511,Wheat and products,5301,Domestic supply quantity,2020,2020,1000 t,103456,I,
100,'356,India,2511,'S2511,Wheat and products,5301,Domestic supply quantity,2021,2021,1000 t,103736,I,
100,'356,India,2511,'S2511,Wheat and products,5301,Domestic supply quantity,2022,2022,1000 t,109904,I,
100,'356,India,2511,'S2511,Wheat and products,5301,Domestic supply quantity,2023,2023,1000 t,112236,I,
100,'356,India,2511,'S2511,Wheat and products,5521,Feed,2010,2010,1000 t,2992,I,
100,'356,India,2511,'S2511,Wheat and products,5521,Feed,2011,2011,1000 t,2377,I,
100,'356,India,2511,'S2511,Wheat and products,5521,Feed,2012,2012,1000 t,3615,I,
100,'356,India,2511,'S2511,Wheat and products,5521,Feed,2013,2013,1000 t,4611,I,
100,'356,India,2511,'S2511,Wheat and products,5521,Feed,2014,2014,1000 t,3880,I,
100,'356,India,2511,'S2511,Wheat and products,5521,Feed,2015,2015,1000 t,2509,I,
100,'356,India,2511,'S2511,Wheat and products,5521,Feed,2016,2016,1000 t,2205,I,
100,'356,India,2511,'S2511,Wheat and products,5521,Feed,2017,2017,1000 t,3309,I,
100,'356,India,2511,'S2511,Wheat and products,5521,Feed,2018,2018,1000 t,3326,I,
100,'356,India,2511,'S2511,Wheat and products,5521,Feed,2019,2019,1000 t,2664,I,
100,'356,India,2511,'S2511,Wheat and products,5521,Feed,2020,2020,1000 t,6584,I,
100,'356,India,2511,'S2511,Wheat and products,5521,Feed,2021,2021,1000 t,7014,I,
100,'356,India,2511,'S2511,Wheat and products,5521,Feed,2022,2022,1000 t,6513,I,
100,'356,India,2511,'S2511,Wheat and products,5521,Feed,2023,2023,1000 t,6906,I,
100,'356,India,2511,'S2511,Wheat and products,5527,Seed,2010,2010,1000 t,2496,I,
100,'356,India,2511,'S2511,Wheat and products,5527,Seed,2011,2011,1000 t,2873,I,
100,'356,India,2511,'S2511,Wheat and products,5527,Seed,2012,2012,1000 t,2948,I,
100,'356,India,2511,'S2511,Wheat and products,5527,Seed,2013,2013,1000 t,2817,I,
100,'356,India,2511,'S2511,Wheat and products,5527,Seed,2014,2014,1000 t,2924,I,
100,'356,India,2511,'S2511,Wheat and products,5527,Seed,2015,2015,1000 t,3012,I,
100,'356,India,2511,'S2511,Wheat and products,5527,Seed,2016,2016,1000 t,2898,I,
100,'356,India,2511,'S2511,Wheat and products,5527,Seed,2017,2017,1000 t,2924,I,
100,'356,India,2511,'S2511,Wheat and products,5527,Seed,2018,2018,1000 t,2803,I,
100,'356,India,2511,'S2511,Wheat and products,5527,Seed,2019,2019,1000 t,2819,I,
100,'356,India,2511,'S2511,Wheat and products,5527,Seed,2020,2020,1000 t,3035,I,
100,'356,India,2511,'S2511,Wheat and products,5527,Seed,2021,2021,1000 t,3018,I,
100,'356,India,2511,'S2511,Wheat and products,5527,Seed,2022,2022,1000 t,2940,I,
100,'356,India,2511,'S2511,Wheat and products,5527,Seed,2023,2023,1000 t,3027,I,
100,'356,India,2511,'S2511,Wheat and products,5123,Losses,2010,2010,1000 t,3613,I,
100,'356,India,2511,'S2511,Wheat and products,5123,Losses,2011,2011,1000 t,3982,I,
100,'356,India,2511,'S2511,Wheat and products,5123,Losses,2012,2012,1000 t,4428,I,
100,'356,India,2511,'S2511,Wheat and products,5123,Losses,2013,2013,1000 t,4409,I,
100,'356,India,2511,'S2511,Wheat and products,5123,Losses,2014,2014,1000 t,5752,I,
100,'356,India,2511,'S2511,Wheat and products,5123,Losses,2015,2015,1000 t,5192,I,
100,'356,India,2511,'S2511,Wheat and products,5123,Losses,2016,2016,1000 t,5652,I,
100,'356,India,2511,'S2511,Wheat and products,5123,Losses,2017,2017,1000 t,6231,I,
100,'356,India,2511,'S2511,Wheat and products,5123,Losses,2018,2018,1000 t,5987,I,
100,'356,India,2511,'S2511,Wheat and products,5123,Losses,2019,2019,1000 t,6500,I,
100,'356,India,2511,'S2511,Wheat and products,5123,Losses,2020,2020,1000 t,6462,I,
100,'356,India,2511,'S2511,Wheat and products,5123,Losses,2021,2021,1000 t,6703,I,
100,'356,India,2511,'S2511,Wheat and products,5123,Losses,2022,2022,1000 t,6545,I,
100,'356,India,2511,'S2511,Wheat and products,5123,Losses,2023,2023,1000 t,6721,I,
100,'356,India,2511,'S2511,Wheat and products,5131,Processing,2010,2010,1000 t,0,I,
100,'356,India,2511,'S2511,Wheat and products,5131,Processing,2011,2011,1000 t,0,I,
100,'356,India,2511,'S2511,Wheat and products,5131,Processing,2012,2012,1000 t,0,I,
100,'356,India,2511,'S2511,Wheat and products,5131,Processing,2013,2013,1000 t,0,I,
100,'356,India,2511,'S2511,Wheat and products,5170,Residuals,2010,2010,1000 t,-32,I,
100,'356,India,2511,'S2511,Wheat and products,5170,Residuals,2011,2011,1000 t,-45,I,
100,'356,India,2511,'S2511,Wheat and products,5170,Residuals,2012,2012,1000 t,-1521,I,
100,'356,India,2511,'S2511,Wheat and products,5170,Residuals,2013,2013,1000 t,-49,I,
100,'356,India,2511,'S2511,Wheat and products,5170,Residuals,2014,2014,1000 t,-40,I,
100,'356,India,2511,'S2511,Wheat and products,5170,Residuals,2015,2015,1000 t,-35,I,
100,'356,India,2511,'S2511,Wheat and products,5170,Residuals,2016,2016,1000 t,-31,I,
100,'356,India,2511,'S2511,Wheat and products,5170,Residuals,2017,2017,1000 t,-31,I,
100,'356,India,2511,'S2511,Wheat and products,5170,Residuals,2018,2018,1000 t,-33,I,
100,'356,India,2511,'S2511,Wheat and products,5170,Residuals,2019,2019,1000 t,-27,I,
100,'356,India,2511,'S2511,Wheat and products,5170,Residuals,2020,2020,1000 t,-33,I,
100,'356,India,2511,'S2511,Wheat and products,5170,Residuals,2021,2021,1000 t,-46,I,
100,'356,India,2511,'S2511,Wheat and products,5170,Residuals,2022,2022,1000 t,-52,I,
100,'356,India,2511,'S2511,Wheat and products,5170,Residuals,2023,2023,1000 t,-51,I,
100,'356,India,2511,'S2511,Wheat and products,5142,Food,2010,2010,1000 t,72539,I,
100,'356,India,2511,'S2511,Wheat and products,5142,Food,2011,2011,1000 t,72303,I,
100,'356,India,2511,'S2511,Wheat and products,5142,Food,2012,2012,1000 t,76158,I,
100,'356,India,2511,'S2511,Wheat and products,5142,Food,2013,2013,1000 t,80935,I,
100,'356,India,2511,'S2511,Wheat and products,5142,Food,2014,2014,1000 t,79451,I,
100,'356,India,2511,'S2511,Wheat and products,5142,Food,2015,2015,1000 t,77893,I,
100,'356,India,2511,'S2511,Wheat and products,5142,Food,2016,2016,1000 t,87599,I,
100,'356,India,2511,'S2511,Wheat and products,5142,Food,2017,2017,1000 t,87423,I,
100,'356,India,2511,'S2511,Wheat and products,5142,Food,2018,2018,1000 t,83581,I,
100,'356,India,2511,'S2511,Wheat and products,5142,Food,2019,2019,1000 t,83399,I,
100,'356,India,2511,'S2511,Wheat and products,5142,Food,2020,2020,1000 t,87408,I,
100,'356,India,2511,'S2511,Wheat and products,5142,Food,2021,2021,1000 t,87046,I,
100,'356,India,2511,'S2511,Wheat and products,5142,Food,2022,2022,1000 t,93958,I,
100,'356,India,2511,'S2511,Wheat and products,5142,Food,2023,2023,1000 t,95634,I,
100,'356,India,2511,'S2511,Wheat and products,645,Food supply quantity (kg/capita/yr),2010,2010,kg/cap,58.34,E,
100,'356,India,2511,'S2511,Wheat and products,645,Food supply quantity (kg/capita/yr),2011,2011,kg/cap,57.33,E,
100,'356,India,2511,'S2511,Wheat and products,645,Food supply quantity (kg/capita/yr),2012,2012,kg/cap,59.56,E,
100,'356,India,2511,'S2511,Wheat and products,645,Food supply quantity (kg/capita/yr),2013,2013,kg/cap,62.46,E,
100,'356,India,2511,'S2511,Wheat and products,645,Food supply quantity (kg/capita/yr),2014,2014,kg/cap,60.54,E,
100,'356,India,2511,'S2511,Wheat and products,645,Food supply quantity (kg/capita/yr),2015,2015,kg/cap,58.65,E,
100,'356,India,2511,'S2511,Wheat and products,645,Food supply quantity (kg/capita/yr),2016,2016,kg/cap,65.18,E,
100,'356,India,2511,'S2511,Wheat and products,645,Food supply quantity (kg/capita/yr),2017,2017,kg/cap,64.3,E,
100,'356,India,2511,'S2511,Wheat and products,645,Food supply quantity (kg/capita/yr),2018,2018,kg/cap,60.8,E,
100,'356,India,2511,'S2511,Wheat and products,645,Food supply quantity (kg/capita/yr),2019,2019,kg/cap,60.04,E,
100,'356,India,2511,'S2511,Wheat and products,645,Food supply quantity (kg/capita/yr),2020,2020,kg/cap,62.32,E,
100,'356,India,2511,'S2511,Wheat and products,645,Food supply quantity (kg/capita/yr),2021,2021,kg/cap,61.55,E,
100,'356,India,2511,'S2511,Wheat and products,645,Food supply quantity (kg/capita/yr),2022,2022,kg/cap,65.92,E,
100,'356,India,2511,'S2511,Wheat and products,645,Food supply quantity (kg/capita/yr),2023,2023,kg/cap,66.5,E,
100,'356,India,2511,'S2511,Wheat and products,664,Food supply (kcal/capita/day),2010,2010,kcal/cap/d,496.23,E,
100,'356,India,2511,'S2511,Wheat and products,664,Food supply (kcal/capita/day),2011,2011,kcal/cap/d,487.59,E,
100,'356,India,2511,'S2511,Wheat and products,664,Food supply (kcal/capita/day),2012,2012,kcal/cap/d,506.45,E,
100,'356,India,2511,'S2511,Wheat and products,664,Food supply (kcal/capita/day),2013,2013,kcal/cap/d,531.19,E,
100,'356,India,2511,'S2511,Wheat and products,664,Food supply (kcal/capita/day),2014,2014,kcal/cap/d,514.75,E,
100,'356,India,2511,'S2511,Wheat and products,664,Food supply (kcal/capita/day),2015,2015,kcal/cap/d,498.73,E,
100,'356,India,2511,'S2511,Wheat and products,664,Food supply (kcal/capita/day),2016,2016,kcal/cap/d,554.23,E,
100,'356,India,2511,'S2511,Wheat and products,664,Food supply (kcal/capita/day),2017,2017,kcal/cap/d,546.64,E,
100,'356,India,2511,'S2511,Wheat and products,664,Food supply (kcal/capita/day),2018,2018,kcal/cap/d,516.83,E,
100,'356,India,2511,'S2511,Wheat and products,664,Food supply (kcal/capita/day),2019,2019,kcal/cap/d,510.41,E,
100,'356,India,2511,'S2511,Wheat and products,664,Food supply (kcal/capita/day),2020,2020,kcal/cap/d,529.73,E,
100,'356,India,2511,'S2511,Wheat and products,664,Food supply (kcal/capita/day),2021,2021,kcal/cap/d,523.21,E,
100,'356,India,2511,'S2511,Wheat and products,664,Food supply (kcal/capita/day),2022,2022,kcal/cap/d,560.27,E,
100,'356,India,2511,'S2511,Wheat and products,664,Food supply (kcal/capita/day),2023,2023,kcal/cap/d,565.23,E,
100,'356,India,2511,'S2511,Wheat and products,661,Food supply (kcal),2010,2010,million Kcal,225222123.69,I,
100,'356,India,2511,'S2511,Wheat and products,661,Food supply (kcal),2011,2011,million Kcal,224461929.44,I,
100,'356,India,2511,'S2511,Wheat and products,661,Food supply (kcal),2012,2012,million Kcal,236366861.29,I,
100,'356,India,2511,'S2511,Wheat and products,661,Food supply (kcal),2013,2013,million Kcal,251242796.57,I,
100,'356,India,2511,'S2511,Wheat and products,661,Food supply (kcal),2014,2014,million Kcal,246556634.32,I,
100,'356,India,2511,'S2511,Wheat and products,661,Food supply (kcal),2015,2015,million Kcal,241748320.2,I,
100,'356,India,2511,'S2511,Wheat and products,661,Food supply (kcal),2016,2016,million Kcal,271872991.91,I,
100,'356,India,2511,'S2511,Wheat and products,661,Food supply (kcal),2017,2017,million Kcal,271283763.81,I,
100,'356,India,2511,'S2511,Wheat and products,661,Food supply (kcal),2018,2018,million Kcal,259318037.48,I,
100,'356,India,2511,'S2511,Wheat and products,661,Food supply (kcal),2019,2019,million Kcal,258775460.95,I,
100,'356,India,2511,'S2511,Wheat and products,661,Food supply (kcal),2020,2020,million Kcal,271200526.31,I,
100,'356,India,2511,'S2511,Wheat and products,661,Food supply (kcal),2021,2021,million Kcal,270070314.46,I,
100,'356,India,2511,'S2511,Wheat and products,661,Food supply (kcal),2022,2022,million Kcal,291497475.77,I,
100,'356,India,2511,'S2511,Wheat and products,661,Food supply (kcal),2023,2023,million Kcal,296687449.55,I,
100,'356,India,2511,'S2511,Wheat and products,674,Protein supply quantity (g/capita/day),2010,2010,g/cap/d,15.66,E,
100,'356,India,2511,'S2511,Wheat and products,674,Protein supply quantity (g/capita/day),2011,2011,g/cap/d,15.4,E,
100,'356,India,2511,'S2511,Wheat and products,674,Protein supply quantity (g/capita/day),2012,2012,g/cap/d,16,E,
100,'356,India,2511,'S2511,Wheat and products,674,Protein supply quantity (g/capita/day),2013,2013,g/cap/d,16.78,E,
100,'356,India,2511,'S2511,Wheat and products,674,Protein supply quantity (g/capita/day),2014,2014,g/cap/d,16.26,E,
100,'356,India,2511,'S2511,Wheat and products,674,Protein supply quantity (g/capita/day),2015,2015,g/cap/d,15.75,E,
100,'356,India,2511,'S2511,Wheat and products,674,Protein supply quantity (g/capita/day),2016,2016,g/cap/d,17.51,E,
100,'356,India,2511,'S2511,Wheat and products,674,Protein supply quantity (g/capita/day),2017,2017,g/cap/d,17.26,E,
100,'356,India,2511,'S2511,Wheat and products,674,Protein supply quantity (g/capita/day),2018,2018,g/cap/d,16.32,E,
100,'356,India,2511,'S2511,Wheat and products,674,Protein supply quantity (g/capita/day),2019,2019,g/cap/d,16.12,E,
100,'356,India,2511,'S2511,Wheat and products,674,Protein supply quantity (g/capita/day),2020,2020,g/cap/d,16.73,E,
100,'356,India,2511,'S2511,Wheat and products,674,Protein supply quantity (g/capita/day),2021,2021,g/cap/d,16.52,E,
100,'356,India,2511,'S2511,Wheat and products,674,Protein supply quantity (g/capita/day),2022,2022,g/cap/d,17.7,E,
100,'356,India,2511,'S2511,Wheat and products,674,Protein supply quantity (g/capita/day),2023,2023,g/cap/d,17.86,E,
100,'356,India,2511,'S2511,Wheat and products,671,Protein supply quantity (t),2010,2010,t,7109203.57,I,
100,'356,India,2511,'S2511,Wheat and products,671,Protein supply quantity (t),2011,2011,t,7089571.87,I,
100,'356,India,2511,'S2511,Wheat and products,671,Protein supply quantity (t),2012,2012,t,7466558.51,I,
100,'356,India,2511,'S2511,Wheat and products,671,Protein supply quantity (t),2013,2013,t,7936511.89,I,
100,'356,India,2511,'S2511,Wheat and products,671,Protein supply quantity (t),2014,2014,t,7789041.78,I,
100,'356,India,2511,'S2511,Wheat and products,671,Protein supply quantity (t),2015,2015,t,7636856.33,I,
100,'356,India,2511,'S2511,Wheat and products,671,Protein supply quantity (t),2016,2016,t,8587571.46,I,
100,'356,India,2511,'S2511,Wheat and products,671,Protein supply quantity (t),2017,2017,t,8567303.7,I,
100,'356,India,2511,'S2511,Wheat and products,671,Protein supply quantity (t),2018,2018,t,8189668.44,I,
100,'356,India,2511,'S2511,Wheat and products,671,Protein supply quantity (t),2019,2019,t,8171316.58,I,
100,'356,India,2511,'S2511,Wheat and products,671,Protein supply quantity (t),2020,2020,t,8563923.72,I,
100,'356,India,2511,'S2511,Wheat and products,671,Protein supply quantity (t),2021,2021,t,8529738,I,
100,'356,India,2511,'S2511,Wheat and products,671,Protein supply quantity (t),2022,2022,t,9207947.52,I,
100,'356,India,2511,'S2511,Wheat and products,671,Protein supply quantity (t),2023,2023,t,9373987.35,I,
100,'356,India,2511,'S2511,Wheat and products,684,Fat supply quantity (g/capita/day),2010,2010,g/cap/d,2.33,E,
100,'356,India,2511,'S2511,Wheat and products,684,Fat supply quantity (g/capita/day),2011,2011,g/cap/d,2.27,E,
100,'356,India,2511,'S2511,Wheat and products,684,Fat supply quantity (g/capita/day),2012,2012,g/cap/d,2.36,E,
100,'356,India,2511,'S2511,Wheat and products,684,Fat supply quantity (g/capita/day),2013,2013,g/cap/d,2.47,E,
100,'356,India,2511,'S2511,Wheat and products,684,Fat supply quantity (g/capita/day),2014,2014,g/cap/d,2.4,E,
100,'356,India,2511,'S2511,Wheat and products,684,Fat supply quantity (g/capita/day),2015,2015,g/cap/d,2.32,E,
100,'356,India,2511,'S2511,Wheat and products,684,Fat supply quantity (g/capita/day),2016,2016,g/cap/d,2.59,E,
100,'356,India,2511,'S2511,Wheat and products,684,Fat supply quantity (g/capita/day),2017,2017,g/cap/d,2.56,E,
100,'356,India,2511,'S2511,Wheat and products,684,Fat supply quantity (g/capita/day),2018,2018,g/cap/d,2.42,E,
100,'356,India,2511,'S2511,Wheat and products,684,Fat supply quantity (g/capita/day),2019,2019,g/cap/d,2.4,E,
100,'356,India,2511,'S2511,Wheat and products,684,Fat supply quantity (g/capita/day),2020,2020,g/cap/d,2.49,E,
100,'356,India,2511,'S2511,Wheat and products,684,Fat supply quantity (g/capita/day),2021,2021,g/cap/d,2.45,E,
100,'356,India,2511,'S2511,Wheat and products,684,Fat supply quantity (g/capita/day),2022,2022,g/cap/d,2.62,E,
100,'356,India,2511,'S2511,Wheat and products,684,Fat supply quantity (g/capita/day),2023,2023,g/cap/d,2.63,E,
100,'356,India,2511,'S2511,Wheat and products,681,Fat supply quantity (t),2010,2010,t,1058854.67,I,
100,'356,India,2511,'S2511,Wheat and products,681,Fat supply quantity (t),2011,2011,t,1045355.41,I,
100,'356,India,2511,'S2511,Wheat and products,681,Fat supply quantity (t),2012,2012,t,1100788.67,I,
100,'356,India,2511,'S2511,Wheat and products,681,Fat supply quantity (t),2013,2013,t,1167910.67,I,
100,'356,India,2511,'S2511,Wheat and products,681,Fat supply quantity (t),2014,2014,t,1147909.89,I,
100,'356,India,2511,'S2511,Wheat and products,681,Fat supply quantity (t),2015,2015,t,1125172.08,I,
100,'356,India,2511,'S2511,Wheat and products,681,Fat supply quantity (t),2016,2016,t,1268249.07,I,
100,'356,India,2511,'S2511,Wheat and products,681,Fat supply quantity (t),2017,2017,t,1270523.85,I,
100,'356,India,2511,'S2511,Wheat and products,681,Fat supply quantity (t),2018,2018,t,1215383.38,I,
100,'356,India,2511,'S2511,Wheat and products,681,Fat supply quantity (t),2019,2019,t,1214905.63,I,
100,'356,India,2511,'S2511,Wheat and products,681,Fat supply quantity (t),2020,2020,t,1273220.69,I,
100,'356,India,2511,'S2511,Wheat and products,681,Fat supply quantity (t),2021,2021,t,1264118.68,I,
100,'356,India,2511,'S2511,Wheat and products,681,Fat supply quantity (t),2022,2022,t,1361259.04,I,
100,'356,India,2511,'S2511,Wheat and products,681,Fat supply quantity (t),2023,2023,t,1380514.25,I,
100,'356,India,2807,'S2807,Rice and products,5511,Production,2010,2010,1000 t,143963,I,
100,'356,India,2807,'S2807,Rice and products,5511,Production,2011,2011,1000 t,157900,I,
100,'356,India,2807,'S2807,Rice and products,5511,Production,2012,2012,1000 t,157800,I,
100,'356,India,2807,'S2807,Rice and products,5511,Production,2013,2013,1000 t,159200,I,
100,'356,India,2807,'S2807,Rice and products,5511,Production,2014,2014,1000 t,157200,I,
100,'356,India,2807,'S2807,Rice and products,5511,Production,2015,2015,1000 t,156540,I,
100,'356,India,2807,'S2807,Rice and products,5511,Production,2016,2016,1000 t,163700,I,
100,'356,India,2807,'S2807,Rice and products,5511,Production,2017,2017,1000 t,168500,I,
100,'356,India,2807,'S2807,Rice and products,5511,Production,2018,2018,1000 t,174717,I,
100,'356,India,2807,'S2807,Rice and products,5511,Production,2019,2019,1000 t,174717,I,
100,'356,India,2807,'S2807,Rice and products,5511,Production,2020,2020,1000 t,186500,I,
100,'356,India,2807,'S2807,Rice and products,5511,Production,2021,2021,1000 t,194200,I,
100,'356,India,2807,'S2807,Rice and products,5511,Production,2022,2022,1000 t,203624,I,
100,'356,India,2807,'S2807,Rice and products,5511,Production,2023,2023,1000 t,206727,I,
100,'356,India,2807,'S2807,Rice and products,5611,Import quantity,2010,2010,1000 t,15,I,
100,'356,India,2807,'S2807,Rice and products,5611,Import quantity,2011,2011,1000 t,17,I,
100,'356,India,2807,'S2807,Rice and products,5611,Import quantity,2012,2012,1000 t,5,I,
100,'356,India,2807,'S2807,Rice and products,5611,Import quantity,2013,2013,1000 t,7,I,
100,'356,India,2807,'S2807,Rice and products,5611,Import quantity,2014,2014,1000 t,3,I,
100,'356,India,2807,'S2807,Rice and products,5611,Import quantity,2015,2015,1000 t,3,I,
100,'356,India,2807,'S2807,Rice and products,5611,Import quantity,2016,2016,1000 t,2,I,
100,'356,India,2807,'S2807,Rice and products,5611,Import quantity,2017,2017,1000 t,3,I,
100,'356,India,2807,'S2807,Rice and products,5611,Import quantity,2018,2018,1000 t,10,I,
100,'356,India,2807,'S2807,Rice and products,5611,Import quantity,2019,2019,1000 t,9,I,
100,'356,India,2807,'S2807,Rice and products,5611,Import quantity,2020,2020,1000 t,7,I,
100,'356,India,2807,'S2807,Rice and products,5611,Import quantity,2021,2021,1000 t,5,I,
100,'356,India,2807,'S2807,Rice and products,5611,Import quantity,2022,2022,1000 t,18,I,
100,'356,India,2807,'S2807,Rice and products,5611,Import quantity,2023,2023,1000 t,9,I,
100,'356,India,2807,'S2807,Rice and products,5072,Stock Variation,2010,2010,1000 t,4498,I,
100,'356,India,2807,'S2807,Rice and products,5072,Stock Variation,2011,2011,1000 t,2399,I,
100,'356,India,2807,'S2807,Rice and products,5072,Stock Variation,2012,2012,1000 t,600,I,
100,'356,India,2807,'S2807,Rice and products,5072,Stock Variation,2013,2013,1000 t,-4048,I,
100,'356,India,2807,'S2807,Rice and products,5072,Stock Variation,2014,2014,1000 t,-7412,I,
100,'356,India,2807,'S2807,Rice and products,5072,Stock Variation,2015,2015,1000 t,-347,I,
100,'356,India,2807,'S2807,Rice and products,5072,Stock Variation,2016,2016,1000 t,3220,I,
100,'356,India,2807,'S2807,Rice and products,5072,Stock Variation,2017,2017,1000 t,3084,I,
100,'356,India,2807,'S2807,Rice and products,5072,Stock Variation,2018,2018,1000 t,10367,I,
100,'356,India,2807,'S2807,Rice and products,5072,Stock Variation,2019,2019,1000 t,6597,I,
100,'356,India,2807,'S2807,Rice and products,5072,Stock Variation,2020,2020,1000 t,4648,I,
100,'356,India,2807,'S2807,Rice and products,5072,Stock Variation,2021,2021,1000 t,-4498,I,
100,'356,India,2807,'S2807,Rice and products,5072,Stock Variation,2022,2022,1000 t,1499,I,
100,'356,India,2807,'S2807,Rice and products,5072,Stock Variation,2023,2023,1000 t,10495,I,
100,'356,India,2807,'S2807,Rice and products,5911,Export quantity,2010,2010,1000 t,3341,I,
100,'356,India,2807,'S2807,Rice and products,5911,Export quantity,2011,2011,1000 t,7508,I,
100,'356,India,2807,'S2807,Rice and products,5911,Export quantity,2012,2012,1000 t,15696,I,
100,'356,India,2807,'S2807,Rice and products,5911,Export quantity,2013,2013,1000 t,16950,I,
100,'356,India,2807,'S2807,Rice and products,5911,Export quantity,2014,2014,1000 t,16634,I,
100,'356,India,2807,'S2807,Rice and products,5911,Export quantity,2015,2015,1000 t,16431,I,
100,'356,India,2807,'S2807,Rice and products,5911,Export quantity,2016,2016,1000 t,14801,I,
100,'356,India,2807,'S2807,Rice and products,5911,Export quantity,2017,2017,1000 t,18088,I,
100,'356,India,2807,'S2807,Rice and products,5911,Export quantity,2018,2018,1000 t,17367,I,
100,'356,India,2807,'S2807,Rice and products,5911,Export quantity,2019,2019,1000 t,14597,I,
100,'356,India,2807,'S2807,Rice and products,5911,Export quantity,2020,2020,1000 t,21693,I,
100,'356,India,2807,'S2807,Rice and products,5911,Export quantity,2021,2021,1000 t,31552,I,
100,'356,India,2807,'S2807,Rice and products,5911,Export quantity,2022,2022,1000 t,33107,I,
100,'356,India,2807,'S2807,Rice and products,5911,Export quantity,2023,2023,1000 t,26530,I,
100,'356,India,2807,'S2807,Rice and products,5301,Domestic supply quantity,2010,2010,1000 t,136140,I,
100,'356,India,2807,'S2807,Rice and products,5301,Domestic supply quantity,2011,2011,1000 t,148011,I,
100,'356,India,2807,'S2807,Rice and products,5301,Domestic supply quantity,2012,2012,1000 t,141509,I,
100,'356,India,2807,'S2807,Rice and products,5301,Domestic supply quantity,2013,2013,1000 t,146305,I,
100,'356,India,2807,'S2807,Rice and products,5301,Domestic supply quantity,2014,2014,1000 t,147981,I,
100,'356,India,2807,'S2807,Rice and products,5301,Domestic supply quantity,2015,2015,1000 t,140458,I,
100,'356,India,2807,'S2807,Rice and products,5301,Domestic supply quantity,2016,2016,1000 t,145681,I,
100,'356,India,2807,'S2807,Rice and products,5301,Domestic supply quantity,2017,2017,1000 t,147331,I,
100,'356,India,2807,'S2807,Rice and products,5301,Domestic supply quantity,2018,2018,1000 t,146992,I,
100,'356,India,2807,'S2807,Rice and products,5301,Domestic supply quantity,2019,2019,1000 t,153532,I,
100,'356,India,2807,'S2807,Rice and products,5301,Domestic supply quantity,2020,2020,1000 t,160166,I,
100,'356,India,2807,'S2807,Rice and products,5301,Domestic supply quantity,2021,2021,1000 t,167151,I,
100,'356,India,2807,'S2807,Rice and products,5301,Domestic supply quantity,2022,2022,1000 t,169035,I,
100,'356,India,2807,'S2807,Rice and products,5301,Domestic supply quantity,2023,2023,1000 t,169711,I,
100,'356,India,2807,'S2807,Rice and products,5521,Feed,2010,2010,1000 t,323,I,
100,'356,India,2807,'S2807,Rice and products,5521,Feed,2011,2011,1000 t,2045,I,
100,'356,India,2807,'S2807,Rice and products,5521,Feed,2012,2012,1000 t,1542,I,
100,'356,India,2807,'S2807,Rice and products,5521,Feed,2013,2013,1000 t,2458,I,
100,'356,India,2807,'S2807,Rice and products,5521,Feed,2014,2014,1000 t,3494,I,
100,'356,India,2807,'S2807,Rice and products,5521,Feed,2015,2015,1000 t,2346,I,
100,'356,India,2807,'S2807,Rice and products,5521,Feed,2016,2016,1000 t,4124,I,
100,'356,India,2807,'S2807,Rice and products,5521,Feed,2017,2017,1000 t,4119,I,
100,'356,India,2807,'S2807,Rice and products,5521,Feed,2018,2018,1000 t,4458,I,
100,'356,India,2807,'S2807,Rice and products,5521,Feed,2019,2019,1000 t,4338,I,
100,'356,India,2807,'S2807,Rice and products,5521,Feed,2020,2020,1000 t,4962,I,
100,'356,India,2807,'S2807,Rice and products,5521,Feed,2021,2021,1000 t,13136,I,
100,'356,India,2807,'S2807,Rice and products,5521,Feed,2022,2022,1000 t,19472,I,
100,'356,India,2807,'S2807,Rice and products,5521,Feed,2023,2023,1000 t,14538,I,
100,'356,India,2807,'S2807,Rice and products,5527,Seed,2010,2010,1000 t,2667,I,
100,'356,India,2807,'S2807,Rice and products,5527,Seed,2011,2011,1000 t,3173,I,
100,'356,India,2807,'S2807,Rice and products,5527,Seed,2012,2012,1000 t,3076,I,
100,'356,India,2807,'S2807,Rice and products,5527,Seed,2013,2013,1000 t,3057,I,
100,'356,India,2807,'S2807,Rice and products,5527,Seed,2014,2014,1000 t,3085,I,
100,'356,India,2807,'S2807,Rice and products,5527,Seed,2015,2015,1000 t,3024,I,
100,'356,India,2807,'S2807,Rice and products,5527,Seed,2016,2016,1000 t,3000,I,
100,'356,India,2807,'S2807,Rice and products,5527,Seed,2017,2017,1000 t,3045,I,
100,'356,India,2807,'S2807,Rice and products,5527,Seed,2018,2018,1000 t,3019,I,
100,'356,India,2807,'S2807,Rice and products,5527,Seed,2019,2019,1000 t,3106,I,
100,'356,India,2807,'S2807,Rice and products,5527,Seed,2020,2020,1000 t,3185,I,
100,'356,India,2807,'S2807,Rice and products,5527,Seed,2021,2021,1000 t,3273,I,
100,'356,India,2807,'S2807,Rice and products,5527,Seed,2022,2022,1000 t,3366,I,
100,'356,India,2807,'S2807,Rice and products,5527,Seed,2023,2023,1000 t,3359,I,
100,'356,India,2807,'S2807,Rice and products,5123,Losses,2010,2010,1000 t,4679,I,
100,'356,India,2807,'S2807,Rice and products,5123,Losses,2011,2011,1000 t,5450,I,
100,'356,India,2807,'S2807,Rice and products,5123,Losses,2012,2012,1000 t,5764,I,
100,'356,India,2807,'S2807,Rice and products,5123,Losses,2013,2013,1000 t,6136,I,
100,'356,India,2807,'S2807,Rice and products,5123,Losses,2014,2014,1000 t,4239,I,
100,'356,India,2807,'S2807,Rice and products,5123,Losses,2015,2015,1000 t,4222,I,
100,'356,India,2807,'S2807,Rice and products,5123,Losses,2016,2016,1000 t,4415,I,
100,'356,India,2807,'S2807,Rice and products,5123,Losses,2017,2017,1000 t,4544,I,
100,'356,India,2807,'S2807,Rice and products,5123,Losses,2018,2018,1000 t,4654,I,
100,'356,India,2807,'S2807,Rice and products,5123,Losses,2019,2019,1000 t,4700,I,
100,'356,India,2807,'S2807,Rice and products,5123,Losses,2020,2020,1000 t,4797,I,
100,'356,India,2807,'S2807,Rice and products,5123,Losses,2021,2021,1000 t,5142,I,
100,'356,India,2807,'S2807,Rice and products,5123,Losses,2022,2022,1000 t,5340,I,
100,'356,India,2807,'S2807,Rice and products,5123,Losses,2023,2023,1000 t,5422,I,
100,'356,India,2807,'S2807,Rice and products,5131,Processing,2010,2010,1000 t,801,I,
100,'356,India,2807,'S2807,Rice and products,5131,Processing,2011,2011,1000 t,832,I,
100,'356,India,2807,'S2807,Rice and products,5131,Processing,2012,2012,1000 t,656,I,
100,'356,India,2807,'S2807,Rice and products,5131,Processing,2013,2013,1000 t,751,I,
100,'356,India,2807,'S2807,Rice and products,5131,Processing,2014,2014,1000 t,684,I,
100,'356,India,2807,'S2807,Rice and products,5131,Processing,2015,2015,1000 t,676,I,
100,'356,India,2807,'S2807,Rice and products,5131,Processing,2016,2016,1000 t,706,I,
100,'356,India,2807,'S2807,Rice and products,5131,Processing,2017,2017,1000 t,638,I,
100,'356,India,2807,'S2807,Rice and products,5131,Processing,2018,2018,1000 t,916,I,
100,'356,India,2807,'S2807,Rice and products,5131,Processing,2019,2019,1000 t,1059,I,
100,'356,India,2807,'S2807,Rice and products,5131,Processing,2020,2020,1000 t,704,I,
100,'356,India,2807,'S2807,Rice and products,5131,Processing,2021,2021,1000 t,657,I,
100,'356,India,2807,'S2807,Rice and products,5131,Processing,2022,2022,1000 t,465,I,
100,'356,India,2807,'S2807,Rice and products,5131,Processing,2023,2023,1000 t,1018,I,
100,'356,India,2807,'S2807,Rice and products,5154,Other uses (non-food),2010,2010,1000 t,0,I,
100,'356,India,2807,'S2807,Rice and products,5154,Other uses (non-food),2011,2011,1000 t,0,I,
100,'356,India,2807,'S2807,Rice and products,5154,Other uses (non-food),2012,2012,1000 t,0,I,
100,'356,India,2807,'S2807,Rice and products,5154,Other uses (non-food),2013,2013,1000 t,0,I,
100,'356,India,2807,'S2807,Rice and products,5154,Other uses (non-food),2014,2014,1000 t,0,I,
100,'356,India,2807,'S2807,Rice and products,5154,Other uses (non-food),2015,2015,1000 t,0,I,
100,'356,India,2807,'S2807,Rice and products,5154,Other uses (non-food),2016,2016,1000 t,0,I,
100,'356,India,2807,'S2807,Rice and products,5154,Other uses (non-food),2017,2017,1000 t,0,I,
100,'356,India,2807,'S2807,Rice and products,5154,Other uses (non-food),2018,2018,1000 t,0,I,
100,'356,India,2807,'S2807,Rice and products,5154,Other uses (non-food),2019,2019,1000 t,0,I,
100,'356,India,2807,'S2807,Rice and products,5154,Other uses (non-food),2020,2020,1000 t,0,I,
100,'356,India,2807,'S2807,Rice and products,5154,Other uses (non-food),2021,2021,1000 t,0,I,
100,'356,India,2807,'S2807,Rice and products,5154,Other uses (non-food),2022,2022,1000 t,0,I,
100,'356,India,2807,'S2807,Rice and products,5154,Other uses (non-food),2023,2023,1000 t,0,I,
100,'356,India,2807,'S2807,Rice and products,5170,Residuals,2010,2010,1000 t,0,I,
100,'356,India,2807,'S2807,Rice and products,5170,Residuals,2011,2011,1000 t,0,I,
100,'356,India,2807,'S2807,Rice and products,5170,Residuals,2012,2012,1000 t,0,I,
100,'356,India,2807,'S2807,Rice and products,5170,Residuals,2013,2013,1000 t,-81,I,
100,'356,India,2807,'S2807,Rice and products,5170,Residuals,2014,2014,1000 t,0,I,
100,'356,India,2807,'S2807,Rice and products,5170,Residuals,2015,2015,1000 t,99,I,
100,'356,India,2807,'S2807,Rice and products,5170,Residuals,2016,2016,1000 t,0,I,
100,'356,India,2807,'S2807,Rice and products,5170,Residuals,2017,2017,1000 t,0,I,
100,'356,India,2807,'S2807,Rice and products,5170,Residuals,2018,2018,1000 t,0,I,
100,'356,India,2807,'S2807,Rice and products,5170,Residuals,2019,2019,1000 t,-287,I,
100,'356,India,2807,'S2807,Rice and products,5170,Residuals,2020,2020,1000 t,0,I,
100,'356,India,2807,'S2807,Rice and products,5170,Residuals,2021,2021,1000 t,0,I,
100,'356,India,2807,'S2807,Rice and products,5170,Residuals,2022,2022,1000 t,0,I,
100,'356,India,2807,'S2807,Rice and products,5170,Residuals,2023,2023,1000 t,0,I,
100,'356,India,2807,'S2807,Rice and products,5142,Food,2010,2010,1000 t,127670,I,
100,'356,India,2807,'S2807,Rice and products,5142,Food,2011,2011,1000 t,136512,I,
100,'356,India,2807,'S2807,Rice and products,5142,Food,2012,2012,1000 t,130470,I,
100,'356,India,2807,'S2807,Rice and products,5142,Food,2013,2013,1000 t,133985,I,
100,'356,India,2807,'S2807,Rice and products,5142,Food,2014,2014,1000 t,136479,I,
100,'356,India,2807,'S2807,Rice and products,5142,Food,2015,2015,1000 t,130090,I,
100,'356,India,2807,'S2807,Rice and products,5142,Food,2016,2016,1000 t,133436,I,
100,'356,India,2807,'S2807,Rice and products,5142,Food,2017,2017,1000 t,134986,I,
100,'356,India,2807,'S2807,Rice and products,5142,Food,2018,2018,1000 t,133945,I,
100,'356,India,2807,'S2807,Rice and products,5142,Food,2019,2019,1000 t,140616,I,
100,'356,India,2807,'S2807,Rice and products,5142,Food,2020,2020,1000 t,146518,I,
100,'356,India,2807,'S2807,Rice and products,5142,Food,2021,2021,1000 t,144942,I,
100,'356,India,2807,'S2807,Rice and products,5142,Food,2022,2022,1000 t,140392,I,
100,'356,India,2807,'S2807,Rice and products,5142,Food,2023,2023,1000 t,145374,I,
100,'356,India,2807,'S2807,Rice and products,645,Food supply quantity (kg/capita/yr),2010,2010,kg/cap,102.67,E,
100,'356,India,2807,'S2807,Rice and products,645,Food supply quantity (kg/capita/yr),2011,2011,kg/cap,108.24,E,
100,'356,India,2807,'S2807,Rice and products,645,Food supply quantity (kg/capita/yr),2012,2012,kg/cap,102.04,E,
100,'356,India,2807,'S2807,Rice and products,645,Food supply quantity (kg/capita/yr),2013,2013,kg/cap,103.4,E,
100,'356,India,2807,'S2807,Rice and products,645,Food supply quantity (kg/capita/yr),2014,2014,kg/cap,104,E,
100,'356,India,2807,'S2807,Rice and products,645,Food supply quantity (kg/capita/yr),2015,2015,kg/cap,97.96,E,
100,'356,India,2807,'S2807,Rice and products,645,Food supply quantity (kg/capita/yr),2016,2016,kg/cap,99.29,E,
100,'356,India,2807,'S2807,Rice and products,645,Food supply quantity (kg/capita/yr),2017,2017,kg/cap,99.28,E,
100,'356,India,2807,'S2807,Rice and products,645,Food supply quantity (kg/capita/yr),2018,2018,kg/cap,97.44,E,
100,'356,India,2807,'S2807,Rice and products,645,Food supply quantity (kg/capita/yr),2019,2019,kg/cap,101.23,E,
100,'356,India,2807,'S2807,Rice and products,645,Food supply quantity (kg/capita/yr),2020,2020,kg/cap,104.46,E,
100,'356,India,2807,'S2807,Rice and products,645,Food supply quantity (kg/capita/yr),2021,2021,kg/cap,102.49,E,
100,'356,India,2807,'S2807,Rice and products,645,Food supply quantity (kg/capita/yr),2022,2022,kg/cap,98.49,E,
100,'356,India,2807,'S2807,Rice and products,645,Food supply quantity (kg/capita/yr),2023,2023,kg/cap,101.09,E,
100,'356,India,2807,'S2807,Rice and products,664,Food supply (kcal/capita/day),2010,2010,kcal/cap/d,655.85,E,
100,'356,India,2807,'S2807,Rice and products,664,Food supply (kcal/capita/day),2011,2011,kcal/cap/d,691.31,E,
100,'356,India,2807,'S2807,Rice and products,664,Food supply (kcal/capita/day),2012,2012,kcal/cap/d,651.7,E,
100,'356,India,2807,'S2807,Rice and products,664,Food supply (kcal/capita/day),2013,2013,kcal/cap/d,660.51,E,
100,'356,India,2807,'S2807,Rice and products,664,Food supply (kcal/capita/day),2014,2014,kcal/cap/d,664.26,E,
100,'356,India,2807,'S2807,Rice and products,664,Food supply (kcal/capita/day),2015,2015,kcal/cap/d,625.72,E,
100,'356,India,2807,'S2807,Rice and products,664,Food supply (kcal/capita/day),2016,2016,kcal/cap/d,634.24,E,
100,'356,India,2807,'S2807,Rice and products,664,Food supply (kcal/capita/day),2017,2017,kcal/cap/d,634.18,E,
100,'356,India,2807,'S2807,Rice and products,664,Food supply (kcal/capita/day),2018,2018,kcal/cap/d,622.69,E,
100,'356,India,2807,'S2807,Rice and products,664,Food supply (kcal/capita/day),2019,2019,kcal/cap/d,646.96,E,
100,'356,India,2807,'S2807,Rice and products,664,Food supply (kcal/capita/day),2020,2020,kcal/cap/d,667.26,E,
100,'356,India,2807,'S2807,Rice and products,664,Food supply (kcal/capita/day),2021,2021,kcal/cap/d,654.87,E,
100,'356,India,2807,'S2807,Rice and products,664,Food supply (kcal/capita/day),2022,2022,kcal/cap/d,629.31,E,
100,'356,India,2807,'S2807,Rice and products,664,Food supply (kcal/capita/day),2023,2023,kcal/cap/d,646.08,E,
100,'356,India,2807,'S2807,Rice and products,661,Food supply (kcal),2010,2010,million Kcal,297669187.3,I,
100,'356,India,2807,'S2807,Rice and products,661,Food supply (kcal),2011,2011,million Kcal,318240396.3,I,
100,'356,India,2807,'S2807,Rice and products,661,Food supply (kcal),2012,2012,million Kcal,304159851.95,I,
100,'356,India,2807,'S2807,Rice and products,661,Food supply (kcal),2013,2013,million Kcal,312406809.22,I,
100,'356,India,2807,'S2807,Rice and products,661,Food supply (kcal),2014,2014,million Kcal,318166545.32,I,
100,'356,India,2807,'S2807,Rice and products,661,Food supply (kcal),2015,2015,million Kcal,303306661.63,I,
100,'356,India,2807,'S2807,Rice and products,661,Food supply (kcal),2016,2016,million Kcal,311120384.6,I,
100,'356,India,2807,'S2807,Rice and products,661,Food supply (kcal),2017,2017,million Kcal,314726137.97,I,
100,'356,India,2807,'S2807,Rice and products,661,Food supply (kcal),2018,2018,million Kcal,312434045.19,I,
100,'356,India,2807,'S2807,Rice and products,661,Food supply (kcal),2019,2019,million Kcal,328005463.13,I,
100,'356,India,2807,'S2807,Rice and products,661,Food supply (kcal),2020,2020,million Kcal,341606765.71,I,
100,'356,India,2807,'S2807,Rice and products,661,Food supply (kcal),2021,2021,million Kcal,338033355.84,I,
100,'356,India,2807,'S2807,Rice and products,661,Food supply (kcal),2022,2022,million Kcal,327418303.25,I,
100,'356,India,2807,'S2807,Rice and products,661,Food supply (kcal),2023,2023,million Kcal,339126925.47,I,
100,'356,India,2807,'S2807,Rice and products,674,Protein supply quantity (g/capita/day),2010,2010,g/cap/d,13.35,E,
100,'356,India,2807,'S2807,Rice and products,674,Protein supply quantity (g/capita/day),2011,2011,g/cap/d,14.07,E,
100,'356,India,2807,'S2807,Rice and products,674,Protein supply quantity (g/capita/day),2012,2012,g/cap/d,13.26,E,
100,'356,India,2807,'S2807,Rice and products,674,Protein supply quantity (g/capita/day),2013,2013,g/cap/d,13.44,E,
100,'356,India,2807,'S2807,Rice and products,674,Protein supply quantity (g/capita/day),2014,2014,g/cap/d,13.52,E,
100,'356,India,2807,'S2807,Rice and products,674,Protein supply quantity (g/capita/day),2015,2015,g/cap/d,12.73,E,
100,'356,India,2807,'S2807,Rice and products,674,Protein supply quantity (g/capita/day),2016,2016,g/cap/d,12.91,E,
100,'356,India,2807,'S2807,Rice and products,674,Protein supply quantity (g/capita/day),2017,2017,g/cap/d,12.91,E,
100,'356,India,2807,'S2807,Rice and products,674,Protein supply quantity (g/capita/day),2018,2018,g/cap/d,12.68,E,
100,'356,India,2807,'S2807,Rice and products,674,Protein supply quantity (g/capita/day),2019,2019,g/cap/d,13.17,E,
100,'356,India,2807,'S2807,Rice and products,674,Protein supply quantity (g/capita/day),2020,2020,g/cap/d,13.58,E,
100,'356,India,2807,'S2807,Rice and products,674,Protein supply quantity (g/capita/day),2021,2021,g/cap/d,13.33,E,
100,'356,India,2807,'S2807,Rice and products,674,Protein supply quantity (g/capita/day),2022,2022,g/cap/d,12.81,E,
100,'356,India,2807,'S2807,Rice and products,674,Protein supply quantity (g/capita/day),2023,2023,g/cap/d,13.15,E,
100,'356,India,2807,'S2807,Rice and products,671,Protein supply quantity (t),2010,2010,t,6057576,I,
100,'356,India,2807,'S2807,Rice and products,671,Protein supply quantity (t),2011,2011,t,6476085.38,I,
100,'356,India,2807,'S2807,Rice and products,671,Protein supply quantity (t),2012,2012,t,6189659.35,I,
100,'356,India,2807,'S2807,Rice and products,671,Protein supply quantity (t),2013,2013,t,6358151.02,I,
100,'356,India,2807,'S2807,Rice and products,671,Protein supply quantity (t),2014,2014,t,6474812.94,I,
100,'356,India,2807,'S2807,Rice and products,671,Protein supply quantity (t),2015,2015,t,6172545.14,I,
100,'356,India,2807,'S2807,Rice and products,671,Protein supply quantity (t),2016,2016,t,6331872.49,I,
100,'356,India,2807,'S2807,Rice and products,671,Protein supply quantity (t),2017,2017,t,6405530.73,I,
100,'356,India,2807,'S2807,Rice and products,671,Protein supply quantity (t),2018,2018,t,6359987,I,
100,'356,India,2807,'S2807,Rice and products,671,Protein supply quantity (t),2019,2019,t,6676234.72,I,
100,'356,India,2807,'S2807,Rice and products,671,Protein supply quantity (t),2020,2020,t,6952694.46,I,
100,'356,India,2807,'S2807,Rice and products,671,Protein supply quantity (t),2021,2021,t,6881707.53,I,
100,'356,India,2807,'S2807,Rice and products,671,Protein supply quantity (t),2022,2022,t,6665937.4,I,
100,'356,India,2807,'S2807,Rice and products,671,Protein supply quantity (t),2023,2023,t,6902962.14,I,
100,'356,India,2807,'S2807,Rice and products,684,Fat supply quantity (g/capita/day),2010,2010,g/cap/d,1.72,E,
100,'356,India,2807,'S2807,Rice and products,684,Fat supply quantity (g/capita/day),2011,2011,g/cap/d,1.81,E,
100,'356,India,2807,'S2807,Rice and products,684,Fat supply quantity (g/capita/day),2012,2012,g/cap/d,1.7,E,
100,'356,India,2807,'S2807,Rice and products,684,Fat supply quantity (g/capita/day),2013,2013,g/cap/d,1.73,E,
100,'356,India,2807,'S2807,Rice and products,684,Fat supply quantity (g/capita/day),2014,2014,g/cap/d,1.74,E,
100,'356,India,2807,'S2807,Rice and products,684,Fat supply quantity (g/capita/day),2015,2015,g/cap/d,1.64,E,
100,'356,India,2807,'S2807,Rice and products,684,Fat supply quantity (g/capita/day),2016,2016,g/cap/d,1.66,E,
100,'356,India,2807,'S2807,Rice and products,684,Fat supply quantity (g/capita/day),2017,2017,g/cap/d,1.66,E,
100,'356,India,2807,'S2807,Rice and products,684,Fat supply quantity (g/capita/day),2018,2018,g/cap/d,1.63,E,
100,'356,India,2807,'S2807,Rice and products,684,Fat supply quantity (g/capita/day),2019,2019,g/cap/d,1.7,E,
100,'356,India,2807,'S2807,Rice and products,684,Fat supply quantity (g/capita/day),2020,2020,g/cap/d,1.75,E,
100,'356,India,2807,'S2807,Rice and products,684,Fat supply quantity (g/capita/day),2021,2021,g/cap/d,1.71,E,
100,'356,India,2807,'S2807,Rice and products,684,Fat supply quantity (g/capita/day),2022,2022,g/cap/d,1.65,E,
100,'356,India,2807,'S2807,Rice and products,684,Fat supply quantity (g/capita/day),2023,2023,g/cap/d,1.69,E,
100,'356,India,2807,'S2807,Rice and products,681,Fat supply quantity (t),2010,2010,t,778826.7,I,
100,'356,India,2807,'S2807,Rice and products,681,Fat supply quantity (t),2011,2011,t,832451.82,I,
100,'356,India,2807,'S2807,Rice and products,681,Fat supply quantity (t),2012,2012,t,794242.67,I,
100,'356,India,2807,'S2807,Rice and products,681,Fat supply quantity (t),2013,2013,t,816968.91,I,
100,'356,India,2807,'S2807,Rice and products,681,Fat supply quantity (t),2014,2014,t,831096.24,I,
100,'356,India,2807,'S2807,Rice and products,681,Fat supply quantity (t),2015,2015,t,793613.33,I,
100,'356,India,2807,'S2807,Rice and products,681,Fat supply quantity (t),2016,2016,t,814100.02,I,
100,'356,India,2807,'S2807,Rice and products,681,Fat supply quantity (t),2017,2017,t,823404.82,I,
100,'356,India,2807,'S2807,Rice and products,681,Fat supply quantity (t),2018,2018,t,818770.76,I,
100,'356,India,2807,'S2807,Rice and products,681,Fat supply quantity (t),2019,2019,t,859718.57,I,
100,'356,India,2807,'S2807,Rice and products,681,Fat supply quantity (t),2020,2020,t,893826.55,I,
100,'356,India,2807,'S2807,Rice and products,681,Fat supply quantity (t),2021,2021,t,884646.2,I,
100,'356,India,2807,'S2807,Rice and products,681,Fat supply quantity (t),2022,2022,t,857163.12,I,
100,'356,India,2807,'S2807,Rice and products,681,Fat supply quantity (t),2023,2023,t,888116.69,I,
100,'356,India,2513,'S2513,Barley and products,5511,Production,2010,2010,1000 t,1355,I,
100,'356,India,2513,'S2513,Barley and products,5511,Production,2011,2011,1000 t,1663,I,
100,'356,India,2513,'S2513,Barley and products,5511,Production,2012,2012,1000 t,1620,I,
100,'356,India,2513,'S2513,Barley and products,5511,Production,2013,2013,1000 t,1750,I,
100,'356,India,2513,'S2513,Barley and products,5511,Production,2014,2014,1000 t,1830,I,
100,'356,India,2513,'S2513,Barley and products,5511,Production,2015,2015,1000 t,1613,I,
100,'356,India,2513,'S2513,Barley and products,5511,Production,2016,2016,1000 t,1440,I,
100,'356,India,2513,'S2513,Barley and products,5511,Production,2017,2017,1000 t,1747,I,
100,'356,India,2513,'S2513,Barley and products,5511,Production,2018,2018,1000 t,1781,I,
100,'356,India,2513,'S2513,Barley and products,5511,Production,2019,2019,1000 t,1633,I,
100,'356,India,2513,'S2513,Barley and products,5511,Production,2020,2020,1000 t,1722,I,
100,'356,India,2513,'S2513,Barley and products,5511,Production,2021,2021,1000 t,1656,I,
100,'356,India,2513,'S2513,Barley and products,5511,Production,2022,2022,1000 t,1371,I,
100,'356,India,2513,'S2513,Barley and products,5511,Production,2023,2023,1000 t,1913,I,
100,'356,India,2513,'S2513,Barley and products,5611,Import quantity,2010,2010,1000 t,5,I,
100,'356,India,2513,'S2513,Barley and products,5611,Import quantity,2011,2011,1000 t,6,I,
100,'356,India,2513,'S2513,Barley and products,5611,Import quantity,2012,2012,1000 t,41,I,
100,'356,India,2513,'S2513,Barley and products,5611,Import quantity,2013,2013,1000 t,12,I,
100,'356,India,2513,'S2513,Barley and products,5611,Import quantity,2014,2014,1000 t,15,I,
100,'356,India,2513,'S2513,Barley and products,5611,Import quantity,2015,2015,1000 t,22,I,
100,'356,India,2513,'S2513,Barley and products,5611,Import quantity,2016,2016,1000 t,159,I,
100,'356,India,2513,'S2513,Barley and products,5611,Import quantity,2017,2017,1000 t,268,I,
100,'356,India,2513,'S2513,Barley and products,5611,Import quantity,2018,2018,1000 t,111,I,
100,'356,India,2513,'S2513,Barley and products,5611,Import quantity,2019,2019,1000 t,277,I,
100,'356,India,2513,'S2513,Barley and products,5611,Import quantity,2020,2020,1000 t,76,I,
100,'356,India,2513,'S2513,Barley and products,5611,Import quantity,2021,2021,1000 t,22,I,
100,'356,India,2513,'S2513,Barley and products,5611,Import quantity,2022,2022,1000 t,183,I,
100,'356,India,2513,'S2513,Barley and products,5611,Import quantity,2023,2023,1000 t,192,I,
100,'356,India,2513,'S2513,Barley and products,5072,Stock Variation,2010,2010,1000 t,-18,I,
100,'356,India,2513,'S2513,Barley and products,5072,Stock Variation,2011,2011,1000 t,-3,I,
100,'356,India,2513,'S2513,Barley and products,5072,Stock Variation,2012,2012,1000 t,4,I,
100,'356,India,2513,'S2513,Barley and products,5072,Stock Variation,2013,2013,1000 t,-64,I,
100,'356,India,2513,'S2513,Barley and products,5072,Stock Variation,2014,2014,1000 t,59,I,
100,'356,India,2513,'S2513,Barley and products,5072,Stock Variation,2015,2015,1000 t,60,I,
100,'356,India,2513,'S2513,Barley and products,5072,Stock Variation,2016,2016,1000 t,81,I,
100,'356,India,2513,'S2513,Barley and products,5072,Stock Variation,2017,2017,1000 t,165,I,
100,'356,India,2513,'S2513,Barley and products,5072,Stock Variation,2018,2018,1000 t,53,I,
100,'356,India,2513,'S2513,Barley and products,5072,Stock Variation,2019,2019,1000 t,-150,I,
100,'356,India,2513,'S2513,Barley and products,5072,Stock Variation,2020,2020,1000 t,-145,I,
100,'356,India,2513,'S2513,Barley and products,5072,Stock Variation,2021,2021,1000 t,-366,I,
100,'356,India,2513,'S2513,Barley and products,5072,Stock Variation,2022,2022,1000 t,6,I,
100,'356,India,2513,'S2513,Barley and products,5072,Stock Variation,2023,2023,1000 t,109,I,
100,'356,India,2513,'S2513,Barley and products,5911,Export quantity,2010,2010,1000 t,39,I,
100,'356,India,2513,'S2513,Barley and products,5911,Export quantity,2011,2011,1000 t,48,I,
100,'356,India,2513,'S2513,Barley and products,5911,Export quantity,2012,2012,1000 t,120,I,
100,'356,India,2513,'S2513,Barley and products,5911,Export quantity,2013,2013,1000 t,556,I,
100,'356,India,2513,'S2513,Barley and products,5911,Export quantity,2014,2014,1000 t,518,I,
100,'356,India,2513,'S2513,Barley and products,5911,Export quantity,2015,2015,1000 t,98,I,
100,'356,India,2513,'S2513,Barley and products,5911,Export quantity,2016,2016,1000 t,19,I,
100,'356,India,2513,'S2513,Barley and products,5911,Export quantity,2017,2017,1000 t,19,I,
100,'356,India,2513,'S2513,Barley and products,5911,Export quantity,2018,2018,1000 t,27,I,
100,'356,India,2513,'S2513,Barley and products,5911,Export quantity,2019,2019,1000 t,23,I,
100,'356,India,2513,'S2513,Barley and products,5911,Export quantity,2020,2020,1000 t,19,I,
100,'356,India,2513,'S2513,Barley and products,5911,Export quantity,2021,2021,1000 t,26,I,
100,'356,India,2513,'S2513,Barley and products,5911,Export quantity,2022,2022,1000 t,30,I,
100,'356,India,2513,'S2513,Barley and products,5911,Export quantity,2023,2023,1000 t,31,I,
100,'356,India,2513,'S2513,Barley and products,5301,Domestic supply quantity,2010,2010,1000 t,1339,I,
100,'356,India,2513,'S2513,Barley and products,5301,Domestic supply quantity,2011,2011,1000 t,1624,I,
100,'356,India,2513,'S2513,Barley and products,5301,Domestic supply quantity,2012,2012,1000 t,1537,I,
100,'356,India,2513,'S2513,Barley and products,5301,Domestic supply quantity,2013,2013,1000 t,1270,I,
100,'356,India,2513,'S2513,Barley and products,5301,Domestic supply quantity,2014,2014,1000 t,1268,I,
100,'356,India,2513,'S2513,Barley and products,5301,Domestic supply quantity,2015,2015,1000 t,1477,I,
100,'356,India,2513,'S2513,Barley and products,5301,Domestic supply quantity,2016,2016,1000 t,1499,I,
100,'356,India,2513,'S2513,Barley and products,5301,Domestic supply quantity,2017,2017,1000 t,1832,I,
100,'356,India,2513,'S2513,Barley and products,5301,Domestic supply quantity,2018,2018,1000 t,1811,I,
100,'356,India,2513,'S2513,Barley and products,5301,Domestic supply quantity,2019,2019,1000 t,2037,I,
100,'356,India,2513,'S2513,Barley and products,5301,Domestic supply quantity,2020,2020,1000 t,1925,I,
100,'356,India,2513,'S2513,Barley and products,5301,Domestic supply quantity,2021,2021,1000 t,2019,I,
100,'356,India,2513,'S2513,Barley and products,5301,Domestic supply quantity,2022,2022,1000 t,1518,I,
100,'356,India,2513,'S2513,Barley and products,5301,Domestic supply quantity,2023,2023,1000 t,1965,I,
100,'356,India,2513,'S2513,Barley and products,5521,Feed,2010,2010,1000 t,146,I,
100,'356,India,2513,'S2513,Barley and products,5521,Feed,2011,2011,1000 t,179,I,
100,'356,India,2513,'S2513,Barley and products,5521,Feed,2012,2012,1000 t,170,I,
100,'356,India,2513,'S2513,Barley and products,5521,Feed,2013,2013,1000 t,133,I,
100,'356,India,2513,'S2513,Barley and products,5521,Feed,2014,2014,1000 t,144,I,
100,'356,India,2513,'S2513,Barley and products,5521,Feed,2015,2015,1000 t,167,I,
100,'356,India,2513,'S2513,Barley and products,5521,Feed,2016,2016,1000 t,172,I,
100,'356,India,2513,'S2513,Barley and products,5521,Feed,2017,2017,1000 t,217,I,
100,'356,India,2513,'S2513,Barley and products,5521,Feed,2018,2018,1000 t,203,I,
100,'356,India,2513,'S2513,Barley and products,5521,Feed,2019,2019,1000 t,255,I,
100,'356,India,2513,'S2513,Barley and products,5521,Feed,2020,2020,1000 t,255,I,
100,'356,India,2513,'S2513,Barley and products,5521,Feed,2021,2021,1000 t,212,I,
100,'356,India,2513,'S2513,Barley and products,5521,Feed,2022,2022,1000 t,154,I,
100,'356,India,2513,'S2513,Barley and products,5521,Feed,2023,2023,1000 t,150,I,
100,'356,India,2513,'S2513,Barley and products,5527,Seed,2010,2010,1000 t,65,I,
100,'356,India,2513,'S2513,Barley and products,5527,Seed,2011,2011,1000 t,75,I,
100,'356,India,2513,'S2513,Barley and products,5527,Seed,2012,2012,1000 t,68,I,
100,'356,India,2513,'S2513,Barley and products,5527,Seed,2013,2013,1000 t,71,I,
100,'356,India,2513,'S2513,Barley and products,5527,Seed,2014,2014,1000 t,70,I,
100,'356,India,2513,'S2513,Barley and products,5527,Seed,2015,2015,1000 t,73,I,
100,'356,India,2513,'S2513,Barley and products,5527,Seed,2016,2016,1000 t,61,I,
100,'356,India,2513,'S2513,Barley and products,5527,Seed,2017,2017,1000 t,67,I,
100,'356,India,2513,'S2513,Barley and products,5527,Seed,2018,2018,1000 t,67,I,
100,'356,India,2513,'S2513,Barley and products,5527,Seed,2019,2019,1000 t,60,I,
100,'356,India,2513,'S2513,Barley and products,5527,Seed,2020,2020,1000 t,62,I,
100,'356,India,2513,'S2513,Barley and products,5527,Seed,2021,2021,1000 t,62,I,
100,'356,India,2513,'S2513,Barley and products,5527,Seed,2022,2022,1000 t,48,I,
100,'356,India,2513,'S2513,Barley and products,5527,Seed,2023,2023,1000 t,65,I,
100,'356,India,2513,'S2513,Barley and products,5123,Losses,2010,2010,1000 t,54,I,
100,'356,India,2513,'S2513,Barley and products,5123,Losses,2011,2011,1000 t,70,I,
100,'356,India,2513,'S2513,Barley and products,5123,Losses,2012,2012,1000 t,71,I,
100,'356,India,2513,'S2513,Barley and products,5123,Losses,2013,2013,1000 t,79,I,
100,'356,India,2513,'S2513,Barley and products,5123,Losses,2014,2014,1000 t,41,I,
100,'356,India,2513,'S2513,Barley and products,5123,Losses,2015,2015,1000 t,75,I,
100,'356,India,2513,'S2513,Barley and products,5123,Losses,2016,2016,1000 t,67,I,
100,'356,India,2513,'S2513,Barley and products,5123,Losses,2017,2017,1000 t,45,I,
100,'356,India,2513,'S2513,Barley and products,5123,Losses,2018,2018,1000 t,42,I,
100,'356,India,2513,'S2513,Barley and products,5123,Losses,2019,2019,1000 t,59,I,
100,'356,India,2513,'S2513,Barley and products,5123,Losses,2020,2020,1000 t,56,I,
100,'356,India,2513,'S2513,Barley and products,5123,Losses,2021,2021,1000 t,51,I,
100,'356,India,2513,'S2513,Barley and products,5123,Losses,2022,2022,1000 t,47,I,
100,'356,India,2513,'S2513,Barley and products,5123,Losses,2023,2023,1000 t,64,I,
100,'356,India,2513,'S2513,Barley and products,5131,Processing,2010,2010,1000 t,103,I,
100,'356,India,2513,'S2513,Barley and products,5131,Processing,2011,2011,1000 t,116,I,
100,'356,India,2513,'S2513,Barley and products,5131,Processing,2012,2012,1000 t,105,I,
100,'356,India,2513,'S2513,Barley and products,5131,Processing,2013,2013,1000 t,102,I,
100,'356,India,2513,'S2513,Barley and products,5131,Processing,2014,2014,1000 t,39,I,
100,'356,India,2513,'S2513,Barley and products,5131,Processing,2015,2015,1000 t,41,I,
100,'356,India,2513,'S2513,Barley and products,5131,Processing,2016,2016,1000 t,43,I,
100,'356,India,2513,'S2513,Barley and products,5131,Processing,2017,2017,1000 t,44,I,
100,'356,India,2513,'S2513,Barley and products,5131,Processing,2018,2018,1000 t,46,I,
100,'356,India,2513,'S2513,Barley and products,5131,Processing,2019,2019,1000 t,417,I,
100,'356,India,2513,'S2513,Barley and products,5131,Processing,2020,2020,1000 t,247,I,
100,'356,India,2513,'S2513,Barley and products,5131,Processing,2021,2021,1000 t,431,I,
100,'356,India,2513,'S2513,Barley and products,5131,Processing,2022,2022,1000 t,499,I,
100,'356,India,2513,'S2513,Barley and products,5131,Processing,2023,2023,1000 t,573,I,
100,'356,India,2513,'S2513,Barley and products,5170,Residuals,2010,2010,1000 t,0,I,
100,'356,India,2513,'S2513,Barley and products,5170,Residuals,2011,2011,1000 t,0,I,
100,'356,India,2513,'S2513,Barley and products,5170,Residuals,2012,2012,1000 t,0,I,
100,'356,India,2513,'S2513,Barley and products,5170,Residuals,2013,2013,1000 t,0,I,
100,'356,India,2513,'S2513,Barley and products,5170,Residuals,2014,2014,1000 t,0,I,
100,'356,India,2513,'S2513,Barley and products,5170,Residuals,2015,2015,1000 t,0,I,
100,'356,India,2513,'S2513,Barley and products,5170,Residuals,2016,2016,1000 t,0,I,
100,'356,India,2513,'S2513,Barley and products,5170,Residuals,2017,2017,1000 t,0,I,
100,'356,India,2513,'S2513,Barley and products,5170,Residuals,2018,2018,1000 t,0,I,
100,'356,India,2513,'S2513,Barley and products,5170,Residuals,2019,2019,1000 t,0,I,
100,'356,India,2513,'S2513,Barley and products,5170,Residuals,2020,2020,1000 t,0,I,
100,'356,India,2513,'S2513,Barley and products,5170,Residuals,2021,2021,1000 t,-2,I,
100,'356,India,2513,'S2513,Barley and products,5170,Residuals,2022,2022,1000 t,0,I,
100,'356,India,2513,'S2513,Barley and products,5170,Residuals,2023,2023,1000 t,0,I,
100,'356,India,2513,'S2513,Barley and products,5142,Food,2010,2010,1000 t,970,I,
100,'356,India,2513,'S2513,Barley and products,5142,Food,2011,2011,1000 t,1185,I,
100,'356,India,2513,'S2513,Barley and products,5142,Food,2012,2012,1000 t,1123,I,
100,'356,India,2513,'S2513,Barley and products,5142,Food,2013,2013,1000 t,885,I,
100,'356,India,2513,'S2513,Barley and products,5142,Food,2014,2014,1000 t,973,I,
100,'356,India,2513,'S2513,Barley and products,5142,Food,2015,2015,1000 t,1121,I,
100,'356,India,2513,'S2513,Barley and products,5142,Food,2016,2016,1000 t,1157,I,
100,'356,India,2513,'S2513,Barley and products,5142,Food,2017,2017,1000 t,1459,I,
100,'356,India,2513,'S2513,Barley and products,5142,Food,2018,2018,1000 t,1453,I,
100,'356,India,2513,'S2513,Barley and products,5142,Food,2019,2019,1000 t,1245,I,
100,'356,India,2513,'S2513,Barley and products,5142,Food,2020,2020,1000 t,1305,I,
100,'356,India,2513,'S2513,Barley and products,5142,Food,2021,2021,1000 t,1266,I,
100,'356,India,2513,'S2513,Barley and products,5142,Food,2022,2022,1000 t,770,I,
100,'356,India,2513,'S2513,Barley and products,5142,Food,2023,2023,1000 t,1113,I,
100,'356,India,2513,'S2513,Barley and products,645,Food supply quantity (kg/capita/yr),2010,2010,kg/cap,0.78,E,
100,'356,India,2513,'S2513,Barley and products,645,Food supply quantity (kg/capita/yr),2011,2011,kg/cap,0.94,E,
100,'356,India,2513,'S2513,Barley and products,645,Food supply quantity (kg/capita/yr),2012,2012,kg/cap,0.88,E,
100,'356,India,2513,'S2513,Barley and products,645,Food supply quantity (kg/capita/yr),2013,2013,kg/cap,0.68,E,
100,'356,India,2513,'S2513,Barley and products,645,Food supply quantity (kg/capita/yr),2014,2014,kg/cap,0.74,E,
100,'356,India,2513,'S2513,Barley and products,645,Food supply quantity (kg/capita/yr),2015,2015,kg/cap,0.84,E,
100,'356,India,2513,'S2513,Barley and products,645,Food supply quantity (kg/capita/yr),2016,2016,kg/cap,0.86,E,
100,'356,India,2513,'S2513,Barley and products,645,Food supply quantity (kg/capita/yr),2017,2017,kg/cap,1.07,E,
100,'356,India,2513,'S2513,Barley and products,645,Food supply quantity (kg/capita/yr),2018,2018,kg/cap,1.06,E,
100,'356,India,2513,'S2513,Barley and products,645,Food supply quantity (kg/capita/yr),2019,2019,kg/cap,0.9,E,
100,'356,India,2513,'S2513,Barley and products,645,Food supply quantity (kg/capita/yr),2020,2020,kg/cap,0.93,E,
100,'356,India,2513,'S2513,Barley and products,645,Food supply quantity (kg/capita/yr),2021,2021,kg/cap,0.89,E,
100,'356,India,2513,'S2513,Barley and products,645,Food supply quantity (kg/capita/yr),2022,2022,kg/cap,0.54,E,
100,'356,India,2513,'S2513,Barley and products,645,Food supply quantity (kg/capita/yr),2023,2023,kg/cap,0.77,E,
100,'356,India,2513,'S2513,Barley and products,664,Food supply (kcal/capita/day),2010,2010,kcal/cap/d,4.87,E,
100,'356,India,2513,'S2513,Barley and products,664,Food supply (kcal/capita/day),2011,2011,kcal/cap/d,5.86,E,
100,'356,India,2513,'S2513,Barley and products,664,Food supply (kcal/capita/day),2012,2012,kcal/cap/d,5.48,E,
100,'356,India,2513,'S2513,Barley and products,664,Food supply (kcal/capita/day),2013,2013,kcal/cap/d,4.26,E,
100,'356,India,2513,'S2513,Barley and products,664,Food supply (kcal/capita/day),2014,2014,kcal/cap/d,4.63,E,
100,'356,India,2513,'S2513,Barley and products,664,Food supply (kcal/capita/day),2015,2015,kcal/cap/d,5.27,E,
100,'356,India,2513,'S2513,Barley and products,664,Food supply (kcal/capita/day),2016,2016,kcal/cap/d,5.37,E,
100,'356,India,2513,'S2513,Barley and products,664,Food supply (kcal/capita/day),2017,2017,kcal/cap/d,6.7,E,
100,'356,India,2513,'S2513,Barley and products,664,Food supply (kcal/capita/day),2018,2018,kcal/cap/d,6.55,E,
100,'356,India,2513,'S2513,Barley and products,664,Food supply (kcal/capita/day),2019,2019,kcal/cap/d,5.59,E,
100,'356,India,2513,'S2513,Barley and products,664,Food supply (kcal/capita/day),2020,2020,kcal/cap/d,5.77,E,
100,'356,India,2513,'S2513,Barley and products,664,Food supply (kcal/capita/day),2021,2021,kcal/cap/d,5.54,E,
100,'356,India,2513,'S2513,Barley and products,664,Food supply (kcal/capita/day),2022,2022,kcal/cap/d,3.38,E,
100,'356,India,2513,'S2513,Barley and products,664,Food supply (kcal/capita/day),2023,2023,kcal/cap/d,4.79,E,
100,'356,India,2513,'S2513,Barley and products,661,Food supply (kcal),2010,2010,million Kcal,2209072.46,I,
100,'356,India,2513,'S2513,Barley and products,661,Food supply (kcal),2011,2011,million Kcal,2699837.84,I,
100,'356,India,2513,'S2513,Barley and products,661,Food supply (kcal),2012,2012,million Kcal,2559909.22,I,
100,'356,India,2513,'S2513,Barley and products,661,Food supply (kcal),2013,2013,million Kcal,2013770.81,I,
100,'356,India,2513,'S2513,Barley and products,661,Food supply (kcal),2014,2014,million Kcal,2216440.87,I,
100,'356,India,2513,'S2513,Barley and products,661,Food supply (kcal),2015,2015,million Kcal,2553427.38,I,
100,'356,India,2513,'S2513,Barley and products,661,Food supply (kcal),2016,2016,million Kcal,2634745.63,I,
100,'356,India,2513,'S2513,Barley and products,661,Food supply (kcal),2017,2017,million Kcal,3323716.7,I,
100,'356,India,2513,'S2513,Barley and products,661,Food supply (kcal),2018,2018,million Kcal,3284480.27,I,
100,'356,India,2513,'S2513,Barley and products,661,Food supply (kcal),2019,2019,million Kcal,2836513.49,I,
100,'356,India,2513,'S2513,Barley and products,661,Food supply (kcal),2020,2020,million Kcal,2952485.93,I,
100,'356,India,2513,'S2513,Barley and products,661,Food supply (kcal),2021,2021,million Kcal,2857180.33,I,
100,'356,India,2513,'S2513,Barley and products,661,Food supply (kcal),2022,2022,million Kcal,1757012.1,I,
100,'356,India,2513,'S2513,Barley and products,661,Food supply (kcal),2023,2023,million Kcal,2511978.83,I,
100,'356,India,2513,'S2513,Barley and products,674,Protein supply quantity (g/capita/day),2010,2010,g/cap/d,0.14,E,
100,'356,India,2513,'S2513,Barley and products,674,Protein supply quantity (g/capita/day),2011,2011,g/cap/d,0.16,E,
100,'356,India,2513,'S2513,Barley and products,674,Protein supply quantity (g/capita/day),2012,2012,g/cap/d,0.15,E,
100,'356,India,2513,'S2513,Barley and products,674,Protein supply quantity (g/capita/day),2013,2013,g/cap/d,0.12,E,
100,'356,India,2513,'S2513,Barley and products,674,Protein supply quantity (g/capita/day),2014,2014,g/cap/d,0.13,E,
100,'356,India,2513,'S2513,Barley and products,674,Protein supply quantity (g/capita/day),2015,2015,g/cap/d,0.15,E,
100,'356,India,2513,'S2513,Barley and products,674,Protein supply quantity (g/capita/day),2016,2016,g/cap/d,0.15,E,
100,'356,India,2513,'S2513,Barley and products,674,Protein supply quantity (g/capita/day),2017,2017,g/cap/d,0.19,E,
100,'356,India,2513,'S2513,Barley and products,674,Protein supply quantity (g/capita/day),2018,2018,g/cap/d,0.18,E,
100,'356,India,2513,'S2513,Barley and products,674,Protein supply quantity (g/capita/day),2019,2019,g/cap/d,0.16,E,
100,'356,India,2513,'S2513,Barley and products,674,Protein supply quantity (g/capita/day),2020,2020,g/cap/d,0.16,E,
100,'356,India,2513,'S2513,Barley and products,674,Protein supply quantity (g/capita/day),2021,2021,g/cap/d,0.15,E,
100,'356,India,2513,'S2513,Barley and products,674,Protein supply quantity (g/capita/day),2022,2022,g/cap/d,0.09,E,
100,'356,India,2513,'S2513,Barley and products,674,Protein supply quantity (g/capita/day),2023,2023,g/cap/d,0.13,E,
100,'356,India,2513,'S2513,Barley and products,671,Protein supply quantity (t),2010,2010,t,61832.29,I,
100,'356,India,2513,'S2513,Barley and products,671,Protein supply quantity (t),2011,2011,t,75606.28,I,
100,'356,India,2513,'S2513,Barley and products,671,Protein supply quantity (t),2012,2012,t,71673.74,I,
100,'356,India,2513,'S2513,Barley and products,671,Protein supply quantity (t),2013,2013,t,56335.11,I,
100,'356,India,2513,'S2513,Barley and products,671,Protein supply quantity (t),2014,2014,t,62019.98,I,
100,'356,India,2513,'S2513,Barley and products,671,Protein supply quantity (t),2015,2015,t,71475.67,I,
100,'356,India,2513,'S2513,Barley and products,671,Protein supply quantity (t),2016,2016,t,73753.59,I,
100,'356,India,2513,'S2513,Barley and products,671,Protein supply quantity (t),2017,2017,t,93092.85,I,
100,'356,India,2513,'S2513,Barley and products,671,Protein supply quantity (t),2018,2018,t,90546.74,I,
100,'356,India,2513,'S2513,Barley and products,671,Protein supply quantity (t),2019,2019,t,79410.65,I,
100,'356,India,2513,'S2513,Barley and products,671,Protein supply quantity (t),2020,2020,t,81583.18,I,
100,'356,India,2513,'S2513,Barley and products,671,Protein supply quantity (t),2021,2021,t,78564.76,I,
100,'356,India,2513,'S2513,Barley and products,671,Protein supply quantity (t),2022,2022,t,49305.84,I,
100,'356,India,2513,'S2513,Barley and products,671,Protein supply quantity (t),2023,2023,t,69067.89,I,
100,'356,India,2513,'S2513,Barley and products,684,Fat supply quantity (g/capita/day),2010,2010,g/cap/d,0.03,E,
100,'356,India,2513,'S2513,Barley and products,684,Fat supply quantity (g/capita/day),2011,2011,g/cap/d,0.03,E,
100,'356,India,2513,'S2513,Barley and products,684,Fat supply quantity (g/capita/day),2012,2012,g/cap/d,0.03,E,
100,'356,India,2513,'S2513,Barley and products,684,Fat supply quantity (g/capita/day),2013,2013,g/cap/d,0.02,E,
100,'356,India,2513,'S2513,Barley and products,684,Fat supply quantity (g/capita/day),2014,2014,g/cap/d,0.02,E,
100,'356,India,2513,'S2513,Barley and products,684,Fat supply quantity (g/capita/day),2015,2015,g/cap/d,0.03,E,
100,'356,India,2513,'S2513,Barley and products,684,Fat supply quantity (g/capita/day),2016,2016,g/cap/d,0.03,E,
100,'356,India,2513,'S2513,Barley and products,684,Fat supply quantity (g/capita/day),2017,2017,g/cap/d,0.04,E,
100,'356,India,2513,'S2513,Barley and products,684,Fat supply quantity (g/capita/day),2018,2018,g/cap/d,0.03,E,
100,'356,India,2513,'S2513,Barley and products,684,Fat supply quantity (g/capita/day),2019,2019,g/cap/d,0.03,E,
100,'356,India,2513,'S2513,Barley and products,684,Fat supply quantity (g/capita/day),2020,2020,g/cap/d,0.03,E,
100,'356,India,2513,'S2513,Barley and products,684,Fat supply quantity (g/capita/day),2021,2021,g/cap/d,0.03,E,
100,'356,India,2513,'S2513,Barley and products,684,Fat supply quantity (g/capita/day),2022,2022,g/cap/d,0.02,E,
100,'356,India,2513,'S2513,Barley and products,684,Fat supply quantity (g/capita/day),2023,2023,g/cap/d,0.02,E,
100,'356,India,2513,'S2513,Barley and products,681,Fat supply quantity (t),2010,2010,t,11794.5,I,
100,'356,India,2513,'S2513,Barley and products,681,Fat supply quantity (t),2011,2011,t,14439.73,I,
100,'356,India,2513,'S2513,Barley and products,681,Fat supply quantity (t),2012,2012,t,13682.01,I,
100,'356,India,2513,'S2513,Barley and products,681,Fat supply quantity (t),2013,2013,t,10730.8,I,
100,'356,India,2513,'S2513,Barley and products,681,Fat supply quantity (t),2014,2014,t,11820.89,I,
100,'356,India,2513,'S2513,Barley and products,681,Fat supply quantity (t),2015,2015,t,13635.62,I,
100,'356,India,2513,'S2513,Barley and products,681,Fat supply quantity (t),2016,2016,t,14070.87,I,
100,'356,India,2513,'S2513,Barley and products,681,Fat supply quantity (t),2017,2017,t,17786.37,I,
100,'356,India,2513,'S2513,Barley and products,681,Fat supply quantity (t),2018,2018,t,16609.68,I,
100,'356,India,2513,'S2513,Barley and products,681,Fat supply quantity (t),2019,2019,t,15155.19,I,
100,'356,India,2513,'S2513,Barley and products,681,Fat supply quantity (t),2020,2020,t,15056.86,I,
100,'356,India,2513,'S2513,Barley and products,681,Fat supply quantity (t),2021,2021,t,14313.86,I,
100,'356,India,2513,'S2513,Barley and products,681,Fat supply quantity (t),2022,2022,t,9465.61,I,
100,'356,India,2513,'S2513,Barley and products,681,Fat supply quantity (t),2023,2023,t,12581.22,I,
100,'356,India,2514,'S2514,Maize and products,5511,Production,2010,2010,1000 t,21726,I,
100,'356,India,2514,'S2514,Maize and products,5511,Production,2011,2011,1000 t,21760,I,
100,'356,India,2514,'S2514,Maize and products,5511,Production,2012,2012,1000 t,22260,I,
100,'356,India,2514,'S2514,Maize and products,5511,Production,2013,2013,1000 t,24260,I,
100,'356,India,2514,'S2514,Maize and products,5511,Production,2014,2014,1000 t,24260,I,
100,'356,India,2514,'S2514,Maize and products,5511,Production,2015,2015,1000 t,24170,I,
100,'356,India,2514,'S2514,Maize and products,5511,Production,2016,2016,1000 t,22570,I,
100,'356,India,2514,'S2514,Maize and products,5511,Production,2017,2017,1000 t,25900,I,
100,'356,India,2514,'S2514,Maize and products,5511,Production,2018,2018,1000 t,28753,I,
100,'356,India,2514,'S2514,Maize and products,5511,Production,2019,2019,1000 t,27715,I,
100,'356,India,2514,'S2514,Maize and products,5511,Production,2020,2020,1000 t,28766,I,
100,'356,India,2514,'S2514,Maize and products,5511,Production,2021,2021,1000 t,31647,I,
100,'356,India,2514,'S2514,Maize and products,5511,Production,2022,2022,1000 t,33730,I,
100,'356,India,2514,'S2514,Maize and products,5511,Production,2023,2023,1000 t,38085,I,
100,'356,India,2514,'S2514,Maize and products,5611,Import quantity,2010,2010,1000 t,18,I,
100,'356,India,2514,'S2514,Maize and products,5611,Import quantity,2011,2011,1000 t,20,I,
100,'356,India,2514,'S2514,Maize and products,5611,Import quantity,2012,2012,1000 t,12,I,
100,'356,India,2514,'S2514,Maize and products,5611,Import quantity,2013,2013,1000 t,18,I,
100,'356,India,2514,'S2514,Maize and products,5611,Import quantity,2014,2014,1000 t,14,I,
100,'356,India,2514,'S2514,Maize and products,5611,Import quantity,2015,2015,1000 t,41,I,
100,'356,India,2514,'S2514,Maize and products,5611,Import quantity,2016,2016,1000 t,194,I,
100,'356,India,2514,'S2514,Maize and products,5611,Import quantity,2017,2017,1000 t,90,I,
100,'356,India,2514,'S2514,Maize and products,5611,Import quantity,2018,2018,1000 t,51,I,
100,'356,India,2514,'S2514,Maize and products,5611,Import quantity,2019,2019,1000 t,464,I,
100,'356,India,2514,'S2514,Maize and products,5611,Import quantity,2020,2020,1000 t,305,I,
100,'356,India,2514,'S2514,Maize and products,5611,Import quantity,2021,2021,1000 t,155,I,
100,'356,India,2514,'S2514,Maize and products,5611,Import quantity,2022,2022,1000 t,128,I,
100,'356,India,2514,'S2514,Maize and products,5611,Import quantity,2023,2023,1000 t,135,I,
100,'356,India,2514,'S2514,Maize and products,5072,Stock Variation,2010,2010,1000 t,-218,I,
100,'356,India,2514,'S2514,Maize and products,5072,Stock Variation,2011,2011,1000 t,-278,I,
100,'356,India,2514,'S2514,Maize and products,5072,Stock Variation,2012,2012,1000 t,-375,I,
100,'356,India,2514,'S2514,Maize and products,5072,Stock Variation,2013,2013,1000 t,-259,I,
100,'356,India,2514,'S2514,Maize and products,5072,Stock Variation,2014,2014,1000 t,795,I,
100,'356,India,2514,'S2514,Maize and products,5072,Stock Variation,2015,2015,1000 t,690,I,
100,'356,India,2514,'S2514,Maize and products,5072,Stock Variation,2016,2016,1000 t,-1258,I,
100,'356,India,2514,'S2514,Maize and products,5072,Stock Variation,2017,2017,1000 t,487,I,
100,'356,India,2514,'S2514,Maize and products,5072,Stock Variation,2018,2018,1000 t,992,I,
100,'356,India,2514,'S2514,Maize and products,5072,Stock Variation,2019,2019,1000 t,-983,I,
100,'356,India,2514,'S2514,Maize and products,5072,Stock Variation,2020,2020,1000 t,517,I,
100,'356,India,2514,'S2514,Maize and products,5072,Stock Variation,2021,2021,1000 t,184,I,
100,'356,India,2514,'S2514,Maize and products,5072,Stock Variation,2022,2022,1000 t,367,I,
100,'356,India,2514,'S2514,Maize and products,5072,Stock Variation,2023,2023,1000 t,263,I,
100,'356,India,2514,'S2514,Maize and products,5911,Export quantity,2010,2010,1000 t,2391,I,
100,'356,India,2514,'S2514,Maize and products,5911,Export quantity,2011,2011,1000 t,4166,I,
100,'356,India,2514,'S2514,Maize and products,5911,Export quantity,2012,2012,1000 t,4595,I,
100,'356,India,2514,'S2514,Maize and products,5911,Export quantity,2013,2013,1000 t,5188,I,
100,'356,India,2514,'S2514,Maize and products,5911,Export quantity,2014,2014,1000 t,4069,I,
100,'356,India,2514,'S2514,Maize and products,5911,Export quantity,2015,2015,1000 t,1409,I,
100,'356,India,2514,'S2514,Maize and products,5911,Export quantity,2016,2016,1000 t,827,I,
100,'356,India,2514,'S2514,Maize and products,5911,Export quantity,2017,2017,1000 t,884,I,
100,'356,India,2514,'S2514,Maize and products,5911,Export quantity,2018,2018,1000 t,1728,I,
100,'356,India,2514,'S2514,Maize and products,5911,Export quantity,2019,2019,1000 t,736,I,
100,'356,India,2514,'S2514,Maize and products,5911,Export quantity,2020,2020,1000 t,2414,I,
100,'356,India,2514,'S2514,Maize and products,5911,Export quantity,2021,2021,1000 t,4853,I,
100,'356,India,2514,'S2514,Maize and products,5911,Export quantity,2022,2022,1000 t,4630,I,
100,'356,India,2514,'S2514,Maize and products,5911,Export quantity,2023,2023,1000 t,3693,I,
100,'356,India,2514,'S2514,Maize and products,5301,Domestic supply quantity,2010,2010,1000 t,19570,I,
100,'356,India,2514,'S2514,Maize and products,5301,Domestic supply quantity,2011,2011,1000 t,17892,I,
100,'356,India,2514,'S2514,Maize and products,5301,Domestic supply quantity,2012,2012,1000 t,18052,I,
100,'356,India,2514,'S2514,Maize and products,5301,Domestic supply quantity,2013,2013,1000 t,19349,I,
100,'356,India,2514,'S2514,Maize and products,5301,Domestic supply quantity,2014,2014,1000 t,19410,I,
100,'356,India,2514,'S2514,Maize and products,5301,Domestic supply quantity,2015,2015,1000 t,22113,I,
100,'356,India,2514,'S2514,Maize and products,5301,Domestic supply quantity,2016,2016,1000 t,23195,I,
100,'356,India,2514,'S2514,Maize and products,5301,Domestic supply quantity,2017,2017,1000 t,24619,I,
100,'356,India,2514,'S2514,Maize and products,5301,Domestic supply quantity,2018,2018,1000 t,26084,I,
100,'356,India,2514,'S2514,Maize and products,5301,Domestic supply quantity,2019,2019,1000 t,28426,I,
100,'356,India,2514,'S2514,Maize and products,5301,Domestic supply quantity,2020,2020,1000 t,26140,I,
100,'356,India,2514,'S2514,Maize and products,5301,Domestic supply quantity,2021,2021,1000 t,26765,I,
100,'356,India,2514,'S2514,Maize and products,5301,Domestic supply quantity,2022,2022,1000 t,28861,I,
100,'356,India,2514,'S2514,Maize and products,5301,Domestic supply quantity,2023,2023,1000 t,34264,I,
100,'356,India,2514,'S2514,Maize and products,5521,Feed,2010,2010,1000 t,7789,I,
100,'356,India,2514,'S2514,Maize and products,5521,Feed,2011,2011,1000 t,7138,I,
100,'356,India,2514,'S2514,Maize and products,5521,Feed,2012,2012,1000 t,7207,I,
100,'356,India,2514,'S2514,Maize and products,5521,Feed,2013,2013,1000 t,7818,I,
100,'356,India,2514,'S2514,Maize and products,5521,Feed,2014,2014,1000 t,8661,I,
100,'356,India,2514,'S2514,Maize and products,5521,Feed,2015,2015,1000 t,9431,I,
100,'356,India,2514,'S2514,Maize and products,5521,Feed,2016,2016,1000 t,10476,I,
100,'356,India,2514,'S2514,Maize and products,5521,Feed,2017,2017,1000 t,11686,I,
100,'356,India,2514,'S2514,Maize and products,5521,Feed,2018,2018,1000 t,12707,I,
100,'356,India,2514,'S2514,Maize and products,5521,Feed,2019,2019,1000 t,15055,I,
100,'356,India,2514,'S2514,Maize and products,5521,Feed,2020,2020,1000 t,16057,I,
100,'356,India,2514,'S2514,Maize and products,5521,Feed,2021,2021,1000 t,16352,I,
100,'356,India,2514,'S2514,Maize and products,5521,Feed,2022,2022,1000 t,18188,I,
100,'356,India,2514,'S2514,Maize and products,5521,Feed,2023,2023,1000 t,20708,I,
100,'356,India,2514,'S2514,Maize and products,5527,Seed,2010,2010,1000 t,883,I,
100,'356,India,2514,'S2514,Maize and products,5527,Seed,2011,2011,1000 t,921,I,
100,'356,India,2514,'S2514,Maize and products,5527,Seed,2012,2012,1000 t,911,I,
100,'356,India,2514,'S2514,Maize and products,5527,Seed,2013,2013,1000 t,953,I,
100,'356,India,2514,'S2514,Maize and products,5527,Seed,2014,2014,1000 t,941,I,
100,'356,India,2514,'S2514,Maize and products,5527,Seed,2015,2015,1000 t,878,I,
100,'356,India,2514,'S2514,Maize and products,5527,Seed,2016,2016,1000 t,1002,I,
100,'356,India,2514,'S2514,Maize and products,5527,Seed,2017,2017,1000 t,971,I,
100,'356,India,2514,'S2514,Maize and products,5527,Seed,2018,2018,1000 t,941,I,
100,'356,India,2514,'S2514,Maize and products,5527,Seed,2019,2019,1000 t,915,I,
100,'356,India,2514,'S2514,Maize and products,5527,Seed,2020,2020,1000 t,977,I,
100,'356,India,2514,'S2514,Maize and products,5527,Seed,2021,2021,1000 t,1014,I,
100,'356,India,2514,'S2514,Maize and products,5527,Seed,2022,2022,1000 t,1018,I,
100,'356,India,2514,'S2514,Maize and products,5527,Seed,2023,2023,1000 t,1098,I,
100,'356,India,2514,'S2514,Maize and products,5123,Losses,2010,2010,1000 t,1207,I,
100,'356,India,2514,'S2514,Maize and products,5123,Losses,2011,2011,1000 t,1150,I,
100,'356,India,2514,'S2514,Maize and products,5123,Losses,2012,2012,1000 t,1123,I,
100,'356,India,2514,'S2514,Maize and products,5123,Losses,2013,2013,1000 t,1181,I,
100,'356,India,2514,'S2514,Maize and products,5123,Losses,2014,2014,1000 t,1141,I,
100,'356,India,2514,'S2514,Maize and products,5123,Losses,2015,2015,1000 t,1056,I,
100,'356,India,2514,'S2514,Maize and products,5123,Losses,2016,2016,1000 t,1201,I,
100,'356,India,2514,'S2514,Maize and products,5123,Losses,2017,2017,1000 t,1190,I,
100,'356,India,2514,'S2514,Maize and products,5123,Losses,2018,2018,1000 t,1309,I,
100,'356,India,2514,'S2514,Maize and products,5123,Losses,2019,2019,1000 t,1296,I,
100,'356,India,2514,'S2514,Maize and products,5123,Losses,2020,2020,1000 t,1341,I,
100,'356,India,2514,'S2514,Maize and products,5123,Losses,2021,2021,1000 t,1500,I,
100,'356,India,2514,'S2514,Maize and products,5123,Losses,2022,2022,1000 t,1577,I,
100,'356,India,2514,'S2514,Maize and products,5123,Losses,2023,2023,1000 t,1781,I,
100,'356,India,2514,'S2514,Maize and products,5131,Processing,2010,2010,1000 t,107,I,
100,'356,India,2514,'S2514,Maize and products,5131,Processing,2011,2011,1000 t,97,I,
100,'356,India,2514,'S2514,Maize and products,5131,Processing,2012,2012,1000 t,100,I,
100,'356,India,2514,'S2514,Maize and products,5131,Processing,2013,2013,1000 t,894,I,
100,'356,India,2514,'S2514,Maize and products,5131,Processing,2014,2014,1000 t,100,I,
100,'356,India,2514,'S2514,Maize and products,5131,Processing,2015,2015,1000 t,123,I,
100,'356,India,2514,'S2514,Maize and products,5131,Processing,2016,2016,1000 t,119,I,
100,'356,India,2514,'S2514,Maize and products,5131,Processing,2017,2017,1000 t,343,I,
100,'356,India,2514,'S2514,Maize and products,5131,Processing,2018,2018,1000 t,346,I,
100,'356,India,2514,'S2514,Maize and products,5131,Processing,2019,2019,1000 t,397,I,
100,'356,India,2514,'S2514,Maize and products,5131,Processing,2020,2020,1000 t,486,I,
100,'356,India,2514,'S2514,Maize and products,5131,Processing,2021,2021,1000 t,1046,I,
100,'356,India,2514,'S2514,Maize and products,5131,Processing,2022,2022,1000 t,1127,I,
100,'356,India,2514,'S2514,Maize and products,5131,Processing,2023,2023,1000 t,1289,I,
100,'356,India,2514,'S2514,Maize and products,5154,Other uses (non-food),2010,2010,1000 t,331,I,
100,'356,India,2514,'S2514,Maize and products,5154,Other uses (non-food),2011,2011,1000 t,209,I,
100,'356,India,2514,'S2514,Maize and products,5154,Other uses (non-food),2012,2012,1000 t,97,I,
100,'356,India,2514,'S2514,Maize and products,5154,Other uses (non-food),2013,2013,1000 t,39,I,
100,'356,India,2514,'S2514,Maize and products,5154,Other uses (non-food),2014,2014,1000 t,58,I,
100,'356,India,2514,'S2514,Maize and products,5154,Other uses (non-food),2015,2015,1000 t,89,I,
100,'356,India,2514,'S2514,Maize and products,5154,Other uses (non-food),2016,2016,1000 t,212,I,
100,'356,India,2514,'S2514,Maize and products,5154,Other uses (non-food),2017,2017,1000 t,241,I,
100,'356,India,2514,'S2514,Maize and products,5154,Other uses (non-food),2018,2018,1000 t,20,I,
100,'356,India,2514,'S2514,Maize and products,5154,Other uses (non-food),2019,2019,1000 t,333,I,
100,'356,India,2514,'S2514,Maize and products,5154,Other uses (non-food),2020,2020,1000 t,175,I,
100,'356,India,2514,'S2514,Maize and products,5154,Other uses (non-food),2021,2021,1000 t,16,I,
100,'356,India,2514,'S2514,Maize and products,5154,Other uses (non-food),2022,2022,1000 t,24,I,
100,'356,India,2514,'S2514,Maize and products,5154,Other uses (non-food),2023,2023,1000 t,7,I,
100,'356,India,2514,'S2514,Maize and products,5170,Residuals,2010,2010,1000 t,57,I,
100,'356,India,2514,'S2514,Maize and products,5170,Residuals,2011,2011,1000 t,58,I,
100,'356,India,2514,'S2514,Maize and products,5170,Residuals,2012,2012,1000 t,53,I,
100,'356,India,2514,'S2514,Maize and products,5170,Residuals,2013,2013,1000 t,-734,I,
100,'356,India,2514,'S2514,Maize and products,5170,Residuals,2014,2014,1000 t,0,I,
100,'356,India,2514,'S2514,Maize and products,5170,Residuals,2015,2015,1000 t,0,I,
100,'356,India,2514,'S2514,Maize and products,5170,Residuals,2016,2016,1000 t,0,I,
100,'356,India,2514,'S2514,Maize and products,5170,Residuals,2017,2017,1000 t,0,I,
100,'356,India,2514,'S2514,Maize and products,5170,Residuals,2018,2018,1000 t,1,I,
100,'356,India,2514,'S2514,Maize and products,5170,Residuals,2019,2019,1000 t,1,I,
100,'356,India,2514,'S2514,Maize and products,5170,Residuals,2020,2020,1000 t,0,I,
100,'356,India,2514,'S2514,Maize and products,5170,Residuals,2021,2021,1000 t,-16,I,
100,'356,India,2514,'S2514,Maize and products,5170,Residuals,2022,2022,1000 t,0,I,
100,'356,India,2514,'S2514,Maize and products,5170,Residuals,2023,2023,1000 t,0,I,
100,'356,India,2514,'S2514,Maize and products,5142,Food,2010,2010,1000 t,9196,I,
100,'356,India,2514,'S2514,Maize and products,5142,Food,2011,2011,1000 t,8319,I,
100,'356,India,2514,'S2514,Maize and products,5142,Food,2012,2012,1000 t,8560,I,
100,'356,India,2514,'S2514,Maize and products,5142,Food,2013,2013,1000 t,9199,I,
100,'356,India,2514,'S2514,Maize and products,5142,Food,2014,2014,1000 t,8508,I,
100,'356,India,2514,'S2514,Maize and products,5142,Food,2015,2015,1000 t,10535,I,
100,'356,India,2514,'S2514,Maize and products,5142,Food,2016,2016,1000 t,10185,I,
100,'356,India,2514,'S2514,Maize and products,5142,Food,2017,2017,1000 t,10189,I,
100,'356,India,2514,'S2514,Maize and products,5142,Food,2018,2018,1000 t,10760,I,
100,'356,India,2514,'S2514,Maize and products,5142,Food,2019,2019,1000 t,10429,I,
100,'356,India,2514,'S2514,Maize and products,5142,Food,2020,2020,1000 t,7105,I,
100,'356,India,2514,'S2514,Maize and products,5142,Food,2021,2021,1000 t,6853,I,
100,'356,India,2514,'S2514,Maize and products,5142,Food,2022,2022,1000 t,6927,I,
100,'356,India,2514,'S2514,Maize and products,5142,Food,2023,2023,1000 t,9380,I,
100,'356,India,2514,'S2514,Maize and products,645,Food supply quantity (kg/capita/yr),2010,2010,kg/cap,7.4,E,
100,'356,India,2514,'S2514,Maize and products,645,Food supply quantity (kg/capita/yr),2011,2011,kg/cap,6.6,E,
100,'356,India,2514,'S2514,Maize and products,645,Food supply quantity (kg/capita/yr),2012,2012,kg/cap,6.69,E,
100,'356,India,2514,'S2514,Maize and products,645,Food supply quantity (kg/capita/yr),2013,2013,kg/cap,7.1,E,
100,'356,India,2514,'S2514,Maize and products,645,Food supply quantity (kg/capita/yr),2014,2014,kg/cap,6.48,E,
100,'356,India,2514,'S2514,Maize and products,645,Food supply quantity (kg/capita/yr),2015,2015,kg/cap,7.93,E,
100,'356,India,2514,'S2514,Maize and products,645,Food supply quantity (kg/capita/yr),2016,2016,kg/cap,7.58,E,
100,'356,India,2514,'S2514,Maize and products,645,Food supply quantity (kg/capita/yr),2017,2017,kg/cap,7.49,E,
100,'356,India,2514,'S2514,Maize and products,645,Food supply quantity (kg/capita/yr),2018,2018,kg/cap,7.83,E,
100,'356,India,2514,'S2514,Maize and products,645,Food supply quantity (kg/capita/yr),2019,2019,kg/cap,7.51,E,
100,'356,India,2514,'S2514,Maize and products,645,Food supply quantity (kg/capita/yr),2020,2020,kg/cap,5.07,E,
100,'356,India,2514,'S2514,Maize and products,645,Food supply quantity (kg/capita/yr),2021,2021,kg/cap,4.85,E,
100,'356,India,2514,'S2514,Maize and products,645,Food supply quantity (kg/capita/yr),2022,2022,kg/cap,4.86,E,
100,'356,India,2514,'S2514,Maize and products,645,Food supply quantity (kg/capita/yr),2023,2023,kg/cap,6.52,E,
100,'356,India,2514,'S2514,Maize and products,664,Food supply (kcal/capita/day),2010,2010,kcal/cap/d,57.27,E,
100,'356,India,2514,'S2514,Maize and products,664,Food supply (kcal/capita/day),2011,2011,kcal/cap/d,51.07,E,
100,'356,India,2514,'S2514,Maize and products,664,Food supply (kcal/capita/day),2012,2012,kcal/cap/d,51.85,E,
100,'356,India,2514,'S2514,Maize and products,664,Food supply (kcal/capita/day),2013,2013,kcal/cap/d,54.98,E,
100,'356,India,2514,'S2514,Maize and products,664,Food supply (kcal/capita/day),2014,2014,kcal/cap/d,50.21,E,
100,'356,India,2514,'S2514,Maize and products,664,Food supply (kcal/capita/day),2015,2015,kcal/cap/d,61.43,E,
100,'356,India,2514,'S2514,Maize and products,664,Food supply (kcal/capita/day),2016,2016,kcal/cap/d,58.69,E,
100,'356,India,2514,'S2514,Maize and products,664,Food supply (kcal/capita/day),2017,2017,kcal/cap/d,58.03,E,
100,'356,India,2514,'S2514,Maize and products,664,Food supply (kcal/capita/day),2018,2018,kcal/cap/d,60.63,E,
100,'356,India,2514,'S2514,Maize and products,664,Food supply (kcal/capita/day),2019,2019,kcal/cap/d,58.15,E,
100,'356,India,2514,'S2514,Maize and products,664,Food supply (kcal/capita/day),2020,2020,kcal/cap/d,39.23,E,
100,'356,India,2514,'S2514,Maize and products,664,Food supply (kcal/capita/day),2021,2021,kcal/cap/d,40.93,E,
100,'356,India,2514,'S2514,Maize and products,664,Food supply (kcal/capita/day),2022,2022,kcal/cap/d,41.69,E,
100,'356,India,2514,'S2514,Maize and products,664,Food supply (kcal/capita/day),2023,2023,kcal/cap/d,55.81,E,
100,'356,India,2514,'S2514,Maize and products,661,Food supply (kcal),2010,2010,million Kcal,25993040.99,I,
100,'356,India,2514,'S2514,Maize and products,661,Food supply (kcal),2011,2011,million Kcal,23511641.95,I,
100,'356,India,2514,'S2514,Maize and products,661,Food supply (kcal),2012,2012,million Kcal,24199620.06,I,
100,'356,India,2514,'S2514,Maize and products,661,Food supply (kcal),2013,2013,million Kcal,26005242.41,I,
100,'356,India,2514,'S2514,Maize and products,661,Food supply (kcal),2014,2014,million Kcal,24051656.77,I,
100,'356,India,2514,'S2514,Maize and products,661,Food supply (kcal),2015,2015,million Kcal,29778441.21,I,
100,'356,India,2514,'S2514,Maize and products,661,Food supply (kcal),2016,2016,million Kcal,28789618.5,I,
100,'356,India,2514,'S2514,Maize and products,661,Food supply (kcal),2017,2017,million Kcal,28800892.86,I,
100,'356,India,2514,'S2514,Maize and products,661,Food supply (kcal),2018,2018,million Kcal,30420466.14,I,
100,'356,India,2514,'S2514,Maize and products,661,Food supply (kcal),2019,2019,million Kcal,29483716.26,I,
100,'356,India,2514,'S2514,Maize and products,661,Food supply (kcal),2020,2020,million Kcal,20083234.88,I,
100,'356,India,2514,'S2514,Maize and products,661,Food supply (kcal),2021,2021,million Kcal,21126311.12,I,
100,'356,India,2514,'S2514,Maize and products,661,Food supply (kcal),2022,2022,million Kcal,21692016.67,I,
100,'356,India,2514,'S2514,Maize and products,661,Food supply (kcal),2023,2023,million Kcal,29293091.08,I,
100,'356,India,2514,'S2514,Maize and products,674,Protein supply quantity (g/capita/day),2010,2010,g/cap/d,1.18,E,
100,'356,India,2514,'S2514,Maize and products,674,Protein supply quantity (g/capita/day),2011,2011,g/cap/d,1.06,E,
100,'356,India,2514,'S2514,Maize and products,674,Protein supply quantity (g/capita/day),2012,2012,g/cap/d,1.07,E,
100,'356,India,2514,'S2514,Maize and products,674,Protein supply quantity (g/capita/day),2013,2013,g/cap/d,1.14,E,
100,'356,India,2514,'S2514,Maize and products,674,Protein supply quantity (g/capita/day),2014,2014,g/cap/d,1.04,E,
100,'356,India,2514,'S2514,Maize and products,674,Protein supply quantity (g/capita/day),2015,2015,g/cap/d,1.27,E,
100,'356,India,2514,'S2514,Maize and products,674,Protein supply quantity (g/capita/day),2016,2016,g/cap/d,1.21,E,
100,'356,India,2514,'S2514,Maize and products,674,Protein supply quantity (g/capita/day),2017,2017,g/cap/d,1.2,E,
100,'356,India,2514,'S2514,Maize and products,674,Protein supply quantity (g/capita/day),2018,2018,g/cap/d,1.25,E,
100,'356,India,2514,'S2514,Maize and products,674,Protein supply quantity (g/capita/day),2019,2019,g/cap/d,1.2,E,
100,'356,India,2514,'S2514,Maize and products,674,Protein supply quantity (g/capita/day),2020,2020,g/cap/d,0.81,E,
100,'356,India,2514,'S2514,Maize and products,674,Protein supply quantity (g/capita/day),2021,2021,g/cap/d,0.87,E,
100,'356,India,2514,'S2514,Maize and products,674,Protein supply quantity (g/capita/day),2022,2022,g/cap/d,0.89,E,
100,'356,India,2514,'S2514,Maize and products,674,Protein supply quantity (g/capita/day),2023,2023,g/cap/d,1.18,E,
100,'356,India,2514,'S2514,Maize and products,671,Protein supply quantity (t),2010,2010,t,537670.28,I,
100,'356,India,2514,'S2514,Maize and products,671,Protein supply quantity (t),2011,2011,t,486328.45,I,
100,'356,India,2514,'S2514,Maize and products,671,Protein supply quantity (t),2012,2012,t,500587.84,I,
100,'356,India,2514,'S2514,Maize and products,671,Protein supply quantity (t),2013,2013,t,537940.07,I,
100,'356,India,2514,'S2514,Maize and products,671,Protein supply quantity (t),2014,2014,t,497521.8,I,
100,'356,India,2514,'S2514,Maize and products,671,Protein supply quantity (t),2015,2015,t,615970.75,I,
100,'356,India,2514,'S2514,Maize and products,671,Protein supply quantity (t),2016,2016,t,595520.39,I,
100,'356,India,2514,'S2514,Maize and products,671,Protein supply quantity (t),2017,2017,t,595756.35,I,
100,'356,India,2514,'S2514,Maize and products,671,Protein supply quantity (t),2018,2018,t,629284.45,I,
100,'356,India,2514,'S2514,Maize and products,671,Protein supply quantity (t),2019,2019,t,609908.97,I,
100,'356,India,2514,'S2514,Maize and products,671,Protein supply quantity (t),2020,2020,t,415432.37,I,
100,'356,India,2514,'S2514,Maize and products,671,Protein supply quantity (t),2021,2021,t,446953.05,I,
100,'356,India,2514,'S2514,Maize and products,671,Protein supply quantity (t),2022,2022,t,460686.16,I,
100,'356,India,2514,'S2514,Maize and products,671,Protein supply quantity (t),2023,2023,t,621698.02,I,
100,'356,India,2514,'S2514,Maize and products,684,Fat supply quantity (g/capita/day),2010,2010,g/cap/d,0.49,E,
100,'356,India,2514,'S2514,Maize and products,684,Fat supply quantity (g/capita/day),2011,2011,g/cap/d,0.43,E,
100,'356,India,2514,'S2514,Maize and products,684,Fat supply quantity (g/capita/day),2012,2012,g/cap/d,0.44,E,
100,'356,India,2514,'S2514,Maize and products,684,Fat supply quantity (g/capita/day),2013,2013,g/cap/d,0.47,E,
100,'356,India,2514,'S2514,Maize and products,684,Fat supply quantity (g/capita/day),2014,2014,g/cap/d,0.43,E,
100,'356,India,2514,'S2514,Maize and products,684,Fat supply quantity (g/capita/day),2015,2015,g/cap/d,0.52,E,
100,'356,India,2514,'S2514,Maize and products,684,Fat supply quantity (g/capita/day),2016,2016,g/cap/d,0.5,E,
100,'356,India,2514,'S2514,Maize and products,684,Fat supply quantity (g/capita/day),2017,2017,g/cap/d,0.49,E,
100,'356,India,2514,'S2514,Maize and products,684,Fat supply quantity (g/capita/day),2018,2018,g/cap/d,0.52,E,
100,'356,India,2514,'S2514,Maize and products,684,Fat supply quantity (g/capita/day),2019,2019,g/cap/d,0.49,E,
100,'356,India,2514,'S2514,Maize and products,684,Fat supply quantity (g/capita/day),2020,2020,g/cap/d,0.33,E,
100,'356,India,2514,'S2514,Maize and products,684,Fat supply quantity (g/capita/day),2021,2021,g/cap/d,0.34,E,
100,'356,India,2514,'S2514,Maize and products,684,Fat supply quantity (g/capita/day),2022,2022,g/cap/d,0.35,E,
100,'356,India,2514,'S2514,Maize and products,684,Fat supply quantity (g/capita/day),2023,2023,g/cap/d,0.47,E,
100,'356,India,2514,'S2514,Maize and products,681,Fat supply quantity (t),2010,2010,t,220862.85,I,
100,'356,India,2514,'S2514,Maize and products,681,Fat supply quantity (t),2011,2011,t,199782.52,I,
100,'356,India,2514,'S2514,Maize and products,681,Fat supply quantity (t),2012,2012,t,205619.72,I,
100,'356,India,2514,'S2514,Maize and products,681,Fat supply quantity (t),2013,2013,t,220961.3,I,
100,'356,India,2514,'S2514,Maize and products,681,Fat supply quantity (t),2014,2014,t,204364.1,I,
100,'356,India,2514,'S2514,Maize and products,681,Fat supply quantity (t),2015,2015,t,253027.74,I,
100,'356,India,2514,'S2514,Maize and products,681,Fat supply quantity (t),2016,2016,t,244624.64,I,
100,'356,India,2514,'S2514,Maize and products,681,Fat supply quantity (t),2017,2017,t,244719.61,I,
100,'356,India,2514,'S2514,Maize and products,681,Fat supply quantity (t),2018,2018,t,258473.03,I,
100,'356,India,2514,'S2514,Maize and products,681,Fat supply quantity (t),2019,2019,t,250513.06,I,
100,'356,India,2514,'S2514,Maize and products,681,Fat supply quantity (t),2020,2020,t,170645.02,I,
100,'356,India,2514,'S2514,Maize and products,681,Fat supply quantity (t),2021,2021,t,176522.13,I,
100,'356,India,2514,'S2514,Maize and products,681,Fat supply quantity (t),2022,2022,t,180718.99,I,
100,'356,India,2514,'S2514,Maize and products,681,Fat supply quantity (t),2023,2023,t,244169.62,I,
100,'356,India,2515,'S2515,Rye and products,5611,Import quantity,2010,2010,1000 t,0,I,
100,'356,India,2515,'S2515,Rye and products,5611,Import quantity,2011,2011,1000 t,0,I,
100,'356,India,2515,'S2515,Rye and products,5611,Import quantity,2012,2012,1000 t,0,I,
100,'356,India,2515,'S2515,Rye and products,5611,Import quantity,2013,2013,1000 t,0,I,
100,'356,India,2515,'S2515,Rye and products,5611,Import quantity,2015,2015,1000 t,0,I,
100,'356,India,2515,'S2515,Rye and products,5072,Stock Variation,2010,2010,1000 t,0,I,
100,'356,India,2515,'S2515,Rye and products,5072,Stock Variation,2011,2011,1000 t,0,I,
100,'356,India,2515,'S2515,Rye and products,5072,Stock Variation,2012,2012,1000 t,0,I,
100,'356,India,2515,'S2515,Rye and products,5072,Stock Variation,2013,2013,1000 t,0,I,
100,'356,India,2515,'S2515,Rye and products,5072,Stock Variation,2014,2014,1000 t,0,I,
100,'356,India,2515,'S2515,Rye and products,5072,Stock Variation,2015,2015,1000 t,0,I,
100,'356,India,2515,'S2515,Rye and products,5072,Stock Variation,2016,2016,1000 t,0,I,
100,'356,India,2515,'S2515,Rye and products,5072,Stock Variation,2017,2017,1000 t,0,I,
100,'356,India,2515,'S2515,Rye and products,5072,Stock Variation,2018,2018,1000 t,0,I,
100,'356,India,2515,'S2515,Rye and products,5072,Stock Variation,2019,2019,1000 t,0,I,
100,'356,India,2515,'S2515,Rye and products,5072,Stock Variation,2020,2020,1000 t,0,I,
100,'356,India,2515,'S2515,Rye and products,5072,Stock Variation,2021,2021,1000 t,0,I,
100,'356,India,2515,'S2515,Rye and products,5072,Stock Variation,2022,2022,1000 t,0,I,
100,'356,India,2515,'S2515,Rye and products,5072,Stock Variation,2023,2023,1000 t,0,I,
100,'356,India,2515,'S2515,Rye and products,5911,Export quantity,2010,2010,1000 t,0,I,
100,'356,India,2515,'S2515,Rye and products,5911,Export quantity,2011,2011,1000 t,0,I,
100,'356,India,2515,'S2515,Rye and products,5911,Export quantity,2012,2012,1000 t,0,I,
100,'356,India,2515,'S2515,Rye and products,5911,Export quantity,2013,2013,1000 t,0,I,
100,'356,India,2515,'S2515,Rye and products,5911,Export quantity,2014,2014,1000 t,0,I,
100,'356,India,2515,'S2515,Rye and products,5911,Export quantity,2015,2015,1000 t,0,I,
100,'356,India,2515,'S2515,Rye and products,5911,Export quantity,2016,2016,1000 t,0,I,
100,'356,India,2515,'S2515,Rye and products,5911,Export quantity,2017,2017,1000 t,0,I,
100,'356,India,2515,'S2515,Rye and products,5911,Export quantity,2018,2018,1000 t,0,I,
100,'356,India,2515,'S2515,Rye and products,5911,Export quantity,2019,2019,1000 t,0,I,
100,'356,India,2515,'S2515,Rye and products,5911,Export quantity,2020,2020,1000 t,0,I,
100,'356,India,2515,'S2515,Rye and products,5911,Export quantity,2021,2021,1000 t,0,I,
100,'356,India,2515,'S2515,Rye and products,5911,Export quantity,2022,2022,1000 t,0,I,
100,'356,India,2515,'S2515,Rye and products,5911,Export quantity,2023,2023,1000 t,0,I,
100,'356,India,2515,'S2515,Rye and products,5301,Domestic supply quantity,2010,2010,1000 t,0,I,
100,'356,India,2515,'S2515,Rye and products,5301,Domestic supply quantity,2011,2011,1000 t,0,I,
100,'356,India,2515,'S2515,Rye and products,5301,Domestic supply quantity,2012,2012,1000 t,0,I,
100,'356,India,2515,'S2515,Rye and products,5301,Domestic supply quantity,2013,2013,1000 t,0,I,
100,'356,India,2515,'S2515,Rye and products,5301,Domestic supply quantity,2014,2014,1000 t,0,I,
100,'356,India,2515,'S2515,Rye and products,5301,Domestic supply quantity,2015,2015,1000 t,0,I,
100,'356,India,2515,'S2515,Rye and products,5301,Domestic supply quantity,2016,2016,1000 t,0,I,
100,'356,India,2515,'S2515,Rye and products,5301,Domestic supply quantity,2017,2017,1000 t,0,I,
100,'356,India,2515,'S2515,Rye and products,5301,Domestic supply quantity,2018,2018,1000 t,0,I,
100,'356,India,2515,'S2515,Rye and products,5301,Domestic supply quantity,2019,2019,1000 t,0,I,
100,'356,India,2515,'S2515,Rye and products,5301,Domestic supply quantity,2020,2020,1000 t,0,I,
100,'356,India,2515,'S2515,Rye and products,5301,Domestic supply quantity,2021,2021,1000 t,0,I,
100,'356,India,2515,'S2515,Rye and products,5301,Domestic supply quantity,2022,2022,1000 t,0,I,
100,'356,India,2515,'S2515,Rye and products,5301,Domestic supply quantity,2023,2023,1000 t,0,I,
100,'356,India,2515,'S2515,Rye and products,5521,Feed,2015,2015,1000 t,0,I,
100,'356,India,2515,'S2515,Rye and products,5170,Residuals,2010,2010,1000 t,0,I,
100,'356,India,2515,'S2515,Rye and products,5170,Residuals,2011,2011,1000 t,0,I,
100,'356,India,2515,'S2515,Rye and products,5170,Residuals,2012,2012,1000 t,0,I,
100,'356,India,2515,'S2515,Rye and products,5170,Residuals,2013,2013,1000 t,0,I,
100,'356,India,2515,'S2515,Rye and products,5170,Residuals,2014,2014,1000 t,0,I,
100,'356,India,2515,'S2515,Rye and products,5170,Residuals,2015,2015,1000 t,0,I,
100,'356,India,2515,'S2515,Rye and products,5170,Residuals,2016,2016,1000 t,0,I,
100,'356,India,2515,'S2515,Rye and products,5170,Residuals,2017,2017,1000 t,0,I,
100,'356,India,2515,'S2515,Rye and products,5170,Residuals,2018,2018,1000 t,0,I,
100,'356,India,2515,'S2515,Rye and products,5170,Residuals,2019,2019,1000 t,0,I,
100,'356,India,2515,'S2515,Rye and products,5170,Residuals,2020,2020,1000 t,0,I,
100,'356,India,2515,'S2515,Rye and products,5170,Residuals,2021,2021,1000 t,0,I,
100,'356,India,2515,'S2515,Rye and products,5170,Residuals,2022,2022,1000 t,0,I,
100,'356,India,2515,'S2515,Rye and products,5170,Residuals,2023,2023,1000 t,0,I,
100,'356,India,2515,'S2515,Rye and products,5142,Food,2015,2015,1000 t,0,I,
100,'356,India,2515,'S2515,Rye and products,5142,Food,2020,2020,1000 t,0,I,
100,'356,India,2515,'S2515,Rye and products,5142,Food,2022,2022,1000 t,0,I,
100,'356,India,2515,'S2515,Rye and products,5142,Food,2023,2023,1000 t,0,I,
100,'356,India,2515,'S2515,Rye and products,645,Food supply quantity (kg/capita/yr),2015,2015,kg/cap,0,E,
100,'356,India,2515,'S2515,Rye and products,645,Food supply quantity (kg/capita/yr),2020,2020,kg/cap,0,E,
100,'356,India,2515,'S2515,Rye and products,645,Food supply quantity (kg/capita/yr),2022,2022,kg/cap,0,E,
100,'356,India,2515,'S2515,Rye and products,645,Food supply quantity (kg/capita/yr),2023,2023,kg/cap,0,E,
100,'356,India,2515,'S2515,Rye and products,664,Food supply (kcal/capita/day),2015,2015,kcal/cap/d,0,E,
100,'356,India,2515,'S2515,Rye and products,664,Food supply (kcal/capita/day),2020,2020,kcal/cap/d,0,E,
100,'356,India,2515,'S2515,Rye and products,664,Food supply (kcal/capita/day),2022,2022,kcal/cap/d,0,E,
100,'356,India,2515,'S2515,Rye and products,664,Food supply (kcal/capita/day),2023,2023,kcal/cap/d,0,E,
100,'356,India,2515,'S2515,Rye and products,661,Food supply (kcal),2015,2015,million Kcal,5.32,I,
100,'356,India,2515,'S2515,Rye and products,661,Food supply (kcal),2020,2020,million Kcal,0,I,
100,'356,India,2515,'S2515,Rye and products,661,Food supply (kcal),2022,2022,million Kcal,0,I,
100,'356,India,2515,'S2515,Rye and products,661,Food supply (kcal),2023,2023,million Kcal,0,I,
100,'356,India,2515,'S2515,Rye and products,674,Protein supply quantity (g/capita/day),2015,2015,g/cap/d,0,E,
100,'356,India,2515,'S2515,Rye and products,674,Protein supply quantity (g/capita/day),2020,2020,g/cap/d,0,E,
100,'356,India,2515,'S2515,Rye and products,674,Protein supply quantity (g/capita/day),2022,2022,g/cap/d,0,E,
100,'356,India,2515,'S2515,Rye and products,674,Protein supply quantity (g/capita/day),2023,2023,g/cap/d,0,E,
100,'356,India,2515,'S2515,Rye and products,671,Protein supply quantity (t),2015,2015,t,0.18,I,
100,'356,India,2515,'S2515,Rye and products,671,Protein supply quantity (t),2020,2020,t,0,I,
100,'356,India,2515,'S2515,Rye and products,671,Protein supply quantity (t),2022,2022,t,0,I,
100,'356,India,2515,'S2515,Rye and products,671,Protein supply quantity (t),2023,2023,t,0,I,
100,'356,India,2515,'S2515,Rye and products,684,Fat supply quantity (g/capita/day),2015,2015,g/cap/d,0,E,
100,'356,India,2515,'S2515,Rye and products,684,Fat supply quantity (g/capita/day),2020,2020,g/cap/d,0,E,
100,'356,India,2515,'S2515,Rye and products,684,Fat supply quantity (g/capita/day),2022,2022,g/cap/d,0,E,
100,'356,India,2515,'S2515,Rye and products,684,Fat supply quantity (g/capita/day),2023,2023,g/cap/d,0,E,
100,'356,India,2515,'S2515,Rye and products,681,Fat supply quantity (t),2015,2015,t,0.03,I,
100,'356,India,2515,'S2515,Rye and products,681,Fat supply quantity (t),2020,2020,t,0,I,
100,'356,India,2515,'S2515,Rye and products,681,Fat supply quantity (t),2022,2022,t,0,I,
100,'356,India,2515,'S2515,Rye and products,681,Fat supply quantity (t),2023,2023,t,0,I,
100,'356,India,2516,'S2516,Oats,5611,Import quantity,2010,2010,1000 t,25,I,
100,'356,India,2516,'S2516,Oats,5611,Import quantity,2011,2011,1000 t,44,I,
100,'356,India,2516,'S2516,Oats,5611,Import quantity,2012,2012,1000 t,43,I,
100,'356,India,2516,'S2516,Oats,5611,Import quantity,2013,2013,1000 t,51,I,
100,'356,India,2516,'S2516,Oats,5611,Import quantity,2014,2014,1000 t,66,I,
100,'356,India,2516,'S2516,Oats,5611,Import quantity,2015,2015,1000 t,71,I,
100,'356,India,2516,'S2516,Oats,5611,Import quantity,2016,2016,1000 t,84,I,
100,'356,India,2516,'S2516,Oats,5611,Import quantity,2017,2017,1000 t,76,I,
100,'356,India,2516,'S2516,Oats,5611,Import quantity,2018,2018,1000 t,90,I,
100,'356,India,2516,'S2516,Oats,5611,Import quantity,2019,2019,1000 t,92,I,
100,'356,India,2516,'S2516,Oats,5611,Import quantity,2020,2020,1000 t,97,I,
100,'356,India,2516,'S2516,Oats,5611,Import quantity,2021,2021,1000 t,131,I,
100,'356,India,2516,'S2516,Oats,5611,Import quantity,2022,2022,1000 t,119,I,
100,'356,India,2516,'S2516,Oats,5611,Import quantity,2023,2023,1000 t,135,I,
100,'356,India,2516,'S2516,Oats,5072,Stock Variation,2010,2010,1000 t,0,I,
100,'356,India,2516,'S2516,Oats,5072,Stock Variation,2011,2011,1000 t,0,I,
100,'356,India,2516,'S2516,Oats,5072,Stock Variation,2012,2012,1000 t,0,I,
100,'356,India,2516,'S2516,Oats,5072,Stock Variation,2013,2013,1000 t,0,I,
100,'356,India,2516,'S2516,Oats,5072,Stock Variation,2014,2014,1000 t,0,I,
100,'356,India,2516,'S2516,Oats,5072,Stock Variation,2015,2015,1000 t,0,I,
100,'356,India,2516,'S2516,Oats,5072,Stock Variation,2016,2016,1000 t,0,I,
100,'356,India,2516,'S2516,Oats,5072,Stock Variation,2017,2017,1000 t,0,I,
100,'356,India,2516,'S2516,Oats,5072,Stock Variation,2018,2018,1000 t,0,I,
100,'356,India,2516,'S2516,Oats,5072,Stock Variation,2019,2019,1000 t,0,I,
100,'356,India,2516,'S2516,Oats,5072,Stock Variation,2020,2020,1000 t,0,I,
100,'356,India,2516,'S2516,Oats,5072,Stock Variation,2021,2021,1000 t,0,I,
100,'356,India,2516,'S2516,Oats,5072,Stock Variation,2022,2022,1000 t,0,I,
100,'356,India,2516,'S2516,Oats,5072,Stock Variation,2023,2023,1000 t,0,I,
100,'356,India,2516,'S2516,Oats,5911,Export quantity,2010,2010,1000 t,0,I,
100,'356,India,2516,'S2516,Oats,5911,Export quantity,2011,2011,1000 t,0,I,
100,'356,India,2516,'S2516,Oats,5911,Export quantity,2012,2012,1000 t,3,I,
100,'356,India,2516,'S2516,Oats,5911,Export quantity,2013,2013,1000 t,1,I,
100,'356,India,2516,'S2516,Oats,5911,Export quantity,2014,2014,1000 t,1,I,
100,'356,India,2516,'S2516,Oats,5911,Export quantity,2015,2015,1000 t,1,I,
100,'356,India,2516,'S2516,Oats,5911,Export quantity,2016,2016,1000 t,1,I,
100,'356,India,2516,'S2516,Oats,5911,Export quantity,2017,2017,1000 t,1,I,
100,'356,India,2516,'S2516,Oats,5911,Export quantity,2018,2018,1000 t,1,I,
100,'356,India,2516,'S2516,Oats,5911,Export quantity,2019,2019,1000 t,2,I,
100,'356,India,2516,'S2516,Oats,5911,Export quantity,2020,2020,1000 t,2,I,
100,'356,India,2516,'S2516,Oats,5911,Export quantity,2021,2021,1000 t,3,I,
100,'356,India,2516,'S2516,Oats,5911,Export quantity,2022,2022,1000 t,2,I,
100,'356,India,2516,'S2516,Oats,5911,Export quantity,2023,2023,1000 t,3,I,
100,'356,India,2516,'S2516,Oats,5301,Domestic supply quantity,2010,2010,1000 t,25,I,
100,'356,India,2516,'S2516,Oats,5301,Domestic supply quantity,2011,2011,1000 t,44,I,
100,'356,India,2516,'S2516,Oats,5301,Domestic supply quantity,2012,2012,1000 t,41,I,
100,'356,India,2516,'S2516,Oats,5301,Domestic supply quantity,2013,2013,1000 t,49,I,
100,'356,India,2516,'S2516,Oats,5301,Domestic supply quantity,2014,2014,1000 t,65,I,
100,'356,India,2516,'S2516,Oats,5301,Domestic supply quantity,2015,2015,1000 t,71,I,
100,'356,India,2516,'S2516,Oats,5301,Domestic supply quantity,2016,2016,1000 t,83,I,
100,'356,India,2516,'S2516,Oats,5301,Domestic supply quantity,2017,2017,1000 t,75,I,
100,'356,India,2516,'S2516,Oats,5301,Domestic supply quantity,2018,2018,1000 t,89,I,
100,'356,India,2516,'S2516,Oats,5301,Domestic supply quantity,2019,2019,1000 t,91,I,
100,'356,India,2516,'S2516,Oats,5301,Domestic supply quantity,2020,2020,1000 t,94,I,
100,'356,India,2516,'S2516,Oats,5301,Domestic supply quantity,2021,2021,1000 t,127,I,
100,'356,India,2516,'S2516,Oats,5301,Domestic supply quantity,2022,2022,1000 t,116,I,
100,'356,India,2516,'S2516,Oats,5301,Domestic supply quantity,2023,2023,1000 t,132,I,
100,'356,India,2516,'S2516,Oats,5521,Feed,2010,2010,1000 t,7,I,
100,'356,India,2516,'S2516,Oats,5521,Feed,2011,2011,1000 t,9,I,
100,'356,India,2516,'S2516,Oats,5521,Feed,2012,2012,1000 t,4,I,
100,'356,India,2516,'S2516,Oats,5521,Feed,2013,2013,1000 t,6,I,
100,'356,India,2516,'S2516,Oats,5521,Feed,2014,2014,1000 t,15,I,
100,'356,India,2516,'S2516,Oats,5521,Feed,2015,2015,1000 t,17,I,
100,'356,India,2516,'S2516,Oats,5521,Feed,2016,2016,1000 t,28,I,
100,'356,India,2516,'S2516,Oats,5521,Feed,2017,2017,1000 t,24,I,
100,'356,India,2516,'S2516,Oats,5521,Feed,2018,2018,1000 t,19,I,
100,'356,India,2516,'S2516,Oats,5521,Feed,2019,2019,1000 t,26,I,
100,'356,India,2516,'S2516,Oats,5521,Feed,2020,2020,1000 t,29,I,
100,'356,India,2516,'S2516,Oats,5521,Feed,2021,2021,1000 t,45,I,
100,'356,India,2516,'S2516,Oats,5521,Feed,2022,2022,1000 t,50,I,
100,'356,India,2516,'S2516,Oats,5521,Feed,2023,2023,1000 t,47,I,
100,'356,India,2516,'S2516,Oats,5170,Residuals,2010,2010,1000 t,0,I,
100,'356,India,2516,'S2516,Oats,5170,Residuals,2011,2011,1000 t,0,I,
100,'356,India,2516,'S2516,Oats,5170,Residuals,2012,2012,1000 t,0,I,
100,'356,India,2516,'S2516,Oats,5170,Residuals,2013,2013,1000 t,0,I,
100,'356,India,2516,'S2516,Oats,5170,Residuals,2014,2014,1000 t,0,I,
100,'356,India,2516,'S2516,Oats,5170,Residuals,2015,2015,1000 t,0,I,
100,'356,India,2516,'S2516,Oats,5170,Residuals,2016,2016,1000 t,0,I,
100,'356,India,2516,'S2516,Oats,5170,Residuals,2017,2017,1000 t,0,I,
100,'356,India,2516,'S2516,Oats,5170,Residuals,2018,2018,1000 t,0,I,
100,'356,India,2516,'S2516,Oats,5170,Residuals,2019,2019,1000 t,0,I,
100,'356,India,2516,'S2516,Oats,5170,Residuals,2020,2020,1000 t,0,I,
100,'356,India,2516,'S2516,Oats,5170,Residuals,2021,2021,1000 t,0,I,
100,'356,India,2516,'S2516,Oats,5170,Residuals,2022,2022,1000 t,0,I,
100,'356,India,2516,'S2516,Oats,5170,Residuals,2023,2023,1000 t,0,I,
100,'356,India,2516,'S2516,Oats,5142,Food,2010,2010,1000 t,19,I,
100,'356,India,2516,'S2516,Oats,5142,Food,2011,2011,1000 t,35,I,
100,'356,India,2516,'S2516,Oats,5142,Food,2012,2012,1000 t,36,I,
100,'356,India,2516,'S2516,Oats,5142,Food,2013,2013,1000 t,44,I,
100,'356,India,2516,'S2516,Oats,5142,Food,2014,2014,1000 t,50,I,
100,'356,India,2516,'S2516,Oats,5142,Food,2015,2015,1000 t,53,I,
100,'356,India,2516,'S2516,Oats,5142,Food,2016,2016,1000 t,55,I,
100,'356,India,2516,'S2516,Oats,5142,Food,2017,2017,1000 t,50,I,
100,'356,India,2516,'S2516,Oats,5142,Food,2018,2018,1000 t,70,I,
100,'356,India,2516,'S2516,Oats,5142,Food,2019,2019,1000 t,65,I,
100,'356,India,2516,'S2516,Oats,5142,Food,2020,2020,1000 t,65,I,
100,'356,India,2516,'S2516,Oats,5142,Food,2021,2021,1000 t,82,I,
100,'356,India,2516,'S2516,Oats,5142,Food,2022,2022,1000 t,66,I,
100,'356,India,2516,'S2516,Oats,5142,Food,2023,2023,1000 t,85,I,
100,'356,India,2516,'S2516,Oats,645,Food supply quantity (kg/capita/yr),2010,2010,kg/cap,0.02,E,
100,'356,India,2516,'S2516,Oats,645,Food supply quantity (kg/capita/yr),2011,2011,kg/cap,0.03,E,
100,'356,India,2516,'S2516,Oats,645,Food supply quantity (kg/capita/yr),2012,2012,kg/cap,0.03,E,
100,'356,India,2516,'S2516,Oats,645,Food supply quantity (kg/capita/yr),2013,2013,kg/cap,0.03,E,
100,'356,India,2516,'S2516,Oats,645,Food supply quantity (kg/capita/yr),2014,2014,kg/cap,0.04,E,
100,'356,India,2516,'S2516,Oats,645,Food supply quantity (kg/capita/yr),2015,2015,kg/cap,0.04,E,
100,'356,India,2516,'S2516,Oats,645,Food supply quantity (kg/capita/yr),2016,2016,kg/cap,0.04,E,
100,'356,India,2516,'S2516,Oats,645,Food supply quantity (kg/capita/yr),2017,2017,kg/cap,0.04,E,
100,'356,India,2516,'S2516,Oats,645,Food supply quantity (kg/capita/yr),2018,2018,kg/cap,0.05,E,
100,'356,India,2516,'S2516,Oats,645,Food supply quantity (kg/capita/yr),2019,2019,kg/cap,0.05,E,
100,'356,India,2516,'S2516,Oats,645,Food supply quantity (kg/capita/yr),2020,2020,kg/cap,0.05,E,
100,'356,India,2516,'S2516,Oats,645,Food supply quantity (kg/capita/yr),2021,2021,kg/cap,0.06,E,
100,'356,India,2516,'S2516,Oats,645,Food supply quantity (kg/capita/yr),2022,2022,kg/cap,0.05,E,
100,'356,India,2516,'S2516,Oats,645,Food supply quantity (kg/capita/yr),2023,2023,kg/cap,0.06,E,
100,'356,India,2516,'S2516,Oats,664,Food supply (kcal/capita/day),2010,2010,kcal/cap/d,0.09,E,
100,'356,India,2516,'S2516,Oats,664,Food supply (kcal/capita/day),2011,2011,kcal/cap/d,0.16,E,
100,'356,India,2516,'S2516,Oats,664,Food supply (kcal/capita/day),2012,2012,kcal/cap/d,0.16,E,
100,'356,India,2516,'S2516,Oats,664,Food supply (kcal/capita/day),2013,2013,kcal/cap/d,0.19,E,
100,'356,India,2516,'S2516,Oats,664,Food supply (kcal/capita/day),2014,2014,kcal/cap/d,0.22,E,
100,'356,India,2516,'S2516,Oats,664,Food supply (kcal/capita/day),2015,2015,kcal/cap/d,0.23,E,
100,'356,India,2516,'S2516,Oats,664,Food supply (kcal/capita/day),2016,2016,kcal/cap/d,0.24,E,
100,'356,India,2516,'S2516,Oats,664,Food supply (kcal/capita/day),2017,2017,kcal/cap/d,0.21,E,
100,'356,India,2516,'S2516,Oats,664,Food supply (kcal/capita/day),2018,2018,kcal/cap/d,0.29,E,
100,'356,India,2516,'S2516,Oats,664,Food supply (kcal/capita/day),2019,2019,kcal/cap/d,0.27,E,
100,'356,India,2516,'S2516,Oats,664,Food supply (kcal/capita/day),2020,2020,kcal/cap/d,0.27,E,
100,'356,India,2516,'S2516,Oats,664,Food supply (kcal/capita/day),2021,2021,kcal/cap/d,0.33,E,
100,'356,India,2516,'S2516,Oats,664,Food supply (kcal/capita/day),2022,2022,kcal/cap/d,0.27,E,
100,'356,India,2516,'S2516,Oats,664,Food supply (kcal/capita/day),2023,2023,kcal/cap/d,0.34,E,
100,'356,India,2516,'S2516,Oats,661,Food supply (kcal),2010,2010,million Kcal,39368.76,I,
100,'356,India,2516,'S2516,Oats,661,Food supply (kcal),2011,2011,million Kcal,72644.16,I,
100,'356,India,2516,'S2516,Oats,661,Food supply (kcal),2012,2012,million Kcal,76535.28,I,
100,'356,India,2516,'S2516,Oats,661,Food supply (kcal),2013,2013,million Kcal,91895.16,I,
100,'356,India,2516,'S2516,Oats,661,Food supply (kcal),2014,2014,million Kcal,104196,I,
100,'356,India,2516,'S2516,Oats,661,Food supply (kcal),2015,2015,million Kcal,111925.57,I,
100,'356,India,2516,'S2516,Oats,661,Food supply (kcal),2016,2016,million Kcal,115831.7,I,
100,'356,India,2516,'S2516,Oats,661,Food supply (kcal),2017,2017,million Kcal,105397.01,I,
100,'356,India,2516,'S2516,Oats,661,Food supply (kcal),2018,2018,million Kcal,146319.6,I,
100,'356,India,2516,'S2516,Oats,661,Food supply (kcal),2019,2019,million Kcal,136366.38,I,
100,'356,India,2516,'S2516,Oats,661,Food supply (kcal),2020,2020,million Kcal,136683.6,I,
100,'356,India,2516,'S2516,Oats,661,Food supply (kcal),2021,2021,million Kcal,172462.11,I,
100,'356,India,2516,'S2516,Oats,661,Food supply (kcal),2022,2022,million Kcal,138598.98,I,
100,'356,India,2516,'S2516,Oats,661,Food supply (kcal),2023,2023,million Kcal,177921.91,I,
100,'356,India,2516,'S2516,Oats,674,Protein supply quantity (g/capita/day),2010,2010,g/cap/d,0,E,
100,'356,India,2516,'S2516,Oats,674,Protein supply quantity (g/capita/day),2011,2011,g/cap/d,0.01,E,
100,'356,India,2516,'S2516,Oats,674,Protein supply quantity (g/capita/day),2012,2012,g/cap/d,0.01,E,
100,'356,India,2516,'S2516,Oats,674,Protein supply quantity (g/capita/day),2013,2013,g/cap/d,0.01,E,
100,'356,India,2516,'S2516,Oats,674,Protein supply quantity (g/capita/day),2014,2014,g/cap/d,0.01,E,
100,'356,India,2516,'S2516,Oats,674,Protein supply quantity (g/capita/day),2015,2015,g/cap/d,0.01,E,
100,'356,India,2516,'S2516,Oats,674,Protein supply quantity (g/capita/day),2016,2016,g/cap/d,0.01,E,
100,'356,India,2516,'S2516,Oats,674,Protein supply quantity (g/capita/day),2017,2017,g/cap/d,0.01,E,
100,'356,India,2516,'S2516,Oats,674,Protein supply quantity (g/capita/day),2018,2018,g/cap/d,0.01,E,
100,'356,India,2516,'S2516,Oats,674,Protein supply quantity (g/capita/day),2019,2019,g/cap/d,0.01,E,
100,'356,India,2516,'S2516,Oats,674,Protein supply quantity (g/capita/day),2020,2020,g/cap/d,0.01,E,
100,'356,India,2516,'S2516,Oats,674,Protein supply quantity (g/capita/day),2021,2021,g/cap/d,0.01,E,
100,'356,India,2516,'S2516,Oats,674,Protein supply quantity (g/capita/day),2022,2022,g/cap/d,0.01,E,
100,'356,India,2516,'S2516,Oats,674,Protein supply quantity (g/capita/day),2023,2023,g/cap/d,0.01,E,
100,'356,India,2516,'S2516,Oats,671,Protein supply quantity (t),2010,2010,t,1439.29,I,
100,'356,India,2516,'S2516,Oats,671,Protein supply quantity (t),2011,2011,t,2655.81,I,
100,'356,India,2516,'S2516,Oats,671,Protein supply quantity (t),2012,2012,t,2798.06,I,
100,'356,India,2516,'S2516,Oats,671,Protein supply quantity (t),2013,2013,t,3359.61,I,
100,'356,India,2516,'S2516,Oats,671,Protein supply quantity (t),2014,2014,t,3809.32,I,
100,'356,India,2516,'S2516,Oats,671,Protein supply quantity (t),2015,2015,t,4091.9,I,
100,'356,India,2516,'S2516,Oats,671,Protein supply quantity (t),2016,2016,t,4234.71,I,
100,'356,India,2516,'S2516,Oats,671,Protein supply quantity (t),2017,2017,t,3853.22,I,
100,'356,India,2516,'S2516,Oats,671,Protein supply quantity (t),2018,2018,t,5349.32,I,
100,'356,India,2516,'S2516,Oats,671,Protein supply quantity (t),2019,2019,t,4985.44,I,
100,'356,India,2516,'S2516,Oats,671,Protein supply quantity (t),2020,2020,t,4997.03,I,
100,'356,India,2516,'S2516,Oats,671,Protein supply quantity (t),2021,2021,t,6305.07,I,
100,'356,India,2516,'S2516,Oats,671,Protein supply quantity (t),2022,2022,t,5067.06,I,
100,'356,India,2516,'S2516,Oats,671,Protein supply quantity (t),2023,2023,t,6504.67,I,
100,'356,India,2516,'S2516,Oats,684,Fat supply quantity (g/capita/day),2010,2010,g/cap/d,0,E,
100,'356,India,2516,'S2516,Oats,684,Fat supply quantity (g/capita/day),2011,2011,g/cap/d,0,E,
100,'356,India,2516,'S2516,Oats,684,Fat supply quantity (g/capita/day),2012,2012,g/cap/d,0,E,
100,'356,India,2516,'S2516,Oats,684,Fat supply quantity (g/capita/day),2013,2013,g/cap/d,0,E,
100,'356,India,2516,'S2516,Oats,684,Fat supply quantity (g/capita/day),2014,2014,g/cap/d,0,E,
100,'356,India,2516,'S2516,Oats,684,Fat supply quantity (g/capita/day),2015,2015,g/cap/d,0,E,
100,'356,India,2516,'S2516,Oats,684,Fat supply quantity (g/capita/day),2016,2016,g/cap/d,0,E,
100,'356,India,2516,'S2516,Oats,684,Fat supply quantity (g/capita/day),2017,2017,g/cap/d,0,E,
100,'356,India,2516,'S2516,Oats,684,Fat supply quantity (g/capita/day),2018,2018,g/cap/d,0.01,E,
100,'356,India,2516,'S2516,Oats,684,Fat supply quantity (g/capita/day),2019,2019,g/cap/d,0.01,E,
100,'356,India,2516,'S2516,Oats,684,Fat supply quantity (g/capita/day),2020,2020,g/cap/d,0.01,E,
100,'356,India,2516,'S2516,Oats,684,Fat supply quantity (g/capita/day),2021,2021,g/cap/d,0.01,E,
100,'356,India,2516,'S2516,Oats,684,Fat supply quantity (g/capita/day),2022,2022,g/cap/d,0.01,E,
100,'356,India,2516,'S2516,Oats,684,Fat supply quantity (g/capita/day),2023,2023,g/cap/d,0.01,E,
100,'356,India,2516,'S2516,Oats,681,Fat supply quantity (t),2010,2010,t,751.39,I,
100,'356,India,2516,'S2516,Oats,681,Fat supply quantity (t),2011,2011,t,1386.49,I,
100,'356,India,2516,'S2516,Oats,681,Fat supply quantity (t),2012,2012,t,1460.75,I,
100,'356,India,2516,'S2516,Oats,681,Fat supply quantity (t),2013,2013,t,1753.91,I,
100,'356,India,2516,'S2516,Oats,681,Fat supply quantity (t),2014,2014,t,1988.69,I,
100,'356,India,2516,'S2516,Oats,681,Fat supply quantity (t),2015,2015,t,2136.21,I,
100,'356,India,2516,'S2516,Oats,681,Fat supply quantity (t),2016,2016,t,2210.77,I,
100,'356,India,2516,'S2516,Oats,681,Fat supply quantity (t),2017,2017,t,2011.61,I,
100,'356,India,2516,'S2516,Oats,681,Fat supply quantity (t),2018,2018,t,2792.66,I,
100,'356,India,2516,'S2516,Oats,681,Fat supply quantity (t),2019,2019,t,2602.69,I,
100,'356,India,2516,'S2516,Oats,681,Fat supply quantity (t),2020,2020,t,2608.75,I,
100,'356,India,2516,'S2516,Oats,681,Fat supply quantity (t),2021,2021,t,3291.62,I,
100,'356,India,2516,'S2516,Oats,681,Fat supply quantity (t),2022,2022,t,2645.3,I,
100,'356,India,2516,'S2516,Oats,681,Fat supply quantity (t),2023,2023,t,3395.82,I,
100,'356,India,2517,'S2517,Millet and products,5511,Production,2010,2010,1000 t,13293,I,
100,'356,India,2517,'S2517,Millet and products,5511,Production,2011,2011,1000 t,12660,I,
100,'356,India,2517,'S2517,Millet and products,5511,Production,2012,2012,1000 t,10750,I,
100,'356,India,2517,'S2517,Millet and products,5511,Production,2013,2013,1000 t,10910,I,
100,'356,India,2517,'S2517,Millet and products,5511,Production,2014,2014,1000 t,11420,I,
100,'356,India,2517,'S2517,Millet and products,5511,Production,2015,2015,1000 t,11630,I,
100,'356,India,2517,'S2517,Millet and products,5511,Production,2016,2016,1000 t,10280,I,
100,'356,India,2517,'S2517,Millet and products,5511,Production,2017,2017,1000 t,11557,I,
100,'356,India,2517,'S2517,Millet and products,5511,Production,2018,2018,1000 t,11633,I,
100,'356,India,2517,'S2517,Millet and products,5511,Production,2019,2019,1000 t,10236,I,
100,'356,India,2517,'S2517,Millet and products,5511,Production,2020,2020,1000 t,12488,I,
100,'356,India,2517,'S2517,Millet and products,5511,Production,2021,2021,1000 t,13208,I,
100,'356,India,2517,'S2517,Millet and products,5511,Production,2022,2022,1000 t,11849,I,
100,'356,India,2517,'S2517,Millet and products,5511,Production,2023,2023,1000 t,13507,I,
100,'356,India,2517,'S2517,Millet and products,5611,Import quantity,2010,2010,1000 t,1,I,
100,'356,India,2517,'S2517,Millet and products,5611,Import quantity,2011,2011,1000 t,0,I,
100,'356,India,2517,'S2517,Millet and products,5611,Import quantity,2012,2012,1000 t,0,I,
100,'356,India,2517,'S2517,Millet and products,5611,Import quantity,2013,2013,1000 t,0,I,
100,'356,India,2517,'S2517,Millet and products,5611,Import quantity,2017,2017,1000 t,0,I,
100,'356,India,2517,'S2517,Millet and products,5611,Import quantity,2018,2018,1000 t,0,I,
100,'356,India,2517,'S2517,Millet and products,5611,Import quantity,2019,2019,1000 t,0,I,
100,'356,India,2517,'S2517,Millet and products,5611,Import quantity,2020,2020,1000 t,0,I,
100,'356,India,2517,'S2517,Millet and products,5611,Import quantity,2021,2021,1000 t,0,I,
100,'356,India,2517,'S2517,Millet and products,5611,Import quantity,2022,2022,1000 t,0,I,
100,'356,India,2517,'S2517,Millet and products,5611,Import quantity,2023,2023,1000 t,0,I,
100,'356,India,2517,'S2517,Millet and products,5072,Stock Variation,2010,2010,1000 t,-47,I,
100,'356,India,2517,'S2517,Millet and products,5072,Stock Variation,2011,2011,1000 t,-16,I,
100,'356,India,2517,'S2517,Millet and products,5072,Stock Variation,2012,2012,1000 t,-503,I,
100,'356,India,2517,'S2517,Millet and products,5072,Stock Variation,2013,2013,1000 t,-49,I,
100,'356,India,2517,'S2517,Millet and products,5072,Stock Variation,2014,2014,1000 t,177,I,
100,'356,India,2517,'S2517,Millet and products,5072,Stock Variation,2015,2015,1000 t,-1118,I,
100,'356,India,2517,'S2517,Millet and products,5072,Stock Variation,2016,2016,1000 t,-1059,I,
100,'356,India,2517,'S2517,Millet and products,5072,Stock Variation,2017,2017,1000 t,439,I,
100,'356,India,2517,'S2517,Millet and products,5072,Stock Variation,2018,2018,1000 t,698,I,
100,'356,India,2517,'S2517,Millet and products,5072,Stock Variation,2019,2019,1000 t,-166,I,
100,'356,India,2517,'S2517,Millet and products,5072,Stock Variation,2020,2020,1000 t,289,I,
100,'356,India,2517,'S2517,Millet and products,5072,Stock Variation,2021,2021,1000 t,8,I,
100,'356,India,2517,'S2517,Millet and products,5072,Stock Variation,2022,2022,1000 t,-1,I,
100,'356,India,2517,'S2517,Millet and products,5072,Stock Variation,2023,2023,1000 t,56,I,
100,'356,India,2517,'S2517,Millet and products,5911,Export quantity,2010,2010,1000 t,157,I,
100,'356,India,2517,'S2517,Millet and products,5911,Export quantity,2011,2011,1000 t,133,I,
100,'356,India,2517,'S2517,Millet and products,5911,Export quantity,2012,2012,1000 t,109,I,
100,'356,India,2517,'S2517,Millet and products,5911,Export quantity,2013,2013,1000 t,83,I,
100,'356,India,2517,'S2517,Millet and products,5911,Export quantity,2014,2014,1000 t,80,I,
100,'356,India,2517,'S2517,Millet and products,5911,Export quantity,2015,2015,1000 t,96,I,
100,'356,India,2517,'S2517,Millet and products,5911,Export quantity,2016,2016,1000 t,76,I,
100,'356,India,2517,'S2517,Millet and products,5911,Export quantity,2017,2017,1000 t,73,I,
100,'356,India,2517,'S2517,Millet and products,5911,Export quantity,2018,2018,1000 t,74,I,
100,'356,India,2517,'S2517,Millet and products,5911,Export quantity,2019,2019,1000 t,75,I,
100,'356,India,2517,'S2517,Millet and products,5911,Export quantity,2020,2020,1000 t,76,I,
100,'356,India,2517,'S2517,Millet and products,5911,Export quantity,2021,2021,1000 t,91,I,
100,'356,India,2517,'S2517,Millet and products,5911,Export quantity,2022,2022,1000 t,100,I,
100,'356,India,2517,'S2517,Millet and products,5911,Export quantity,2023,2023,1000 t,103,I,
100,'356,India,2517,'S2517,Millet and products,5301,Domestic supply quantity,2010,2010,1000 t,13183,I,
100,'356,India,2517,'S2517,Millet and products,5301,Domestic supply quantity,2011,2011,1000 t,12543,I,
100,'356,India,2517,'S2517,Millet and products,5301,Domestic supply quantity,2012,2012,1000 t,11143,I,
100,'356,India,2517,'S2517,Millet and products,5301,Domestic supply quantity,2013,2013,1000 t,10876,I,
100,'356,India,2517,'S2517,Millet and products,5301,Domestic supply quantity,2014,2014,1000 t,11163,I,
100,'356,India,2517,'S2517,Millet and products,5301,Domestic supply quantity,2015,2015,1000 t,12652,I,
100,'356,India,2517,'S2517,Millet and products,5301,Domestic supply quantity,2016,2016,1000 t,11263,I,
100,'356,India,2517,'S2517,Millet and products,5301,Domestic supply quantity,2017,2017,1000 t,11045,I,
100,'356,India,2517,'S2517,Millet and products,5301,Domestic supply quantity,2018,2018,1000 t,10861,I,
100,'356,India,2517,'S2517,Millet and products,5301,Domestic supply quantity,2019,2019,1000 t,10326,I,
100,'356,India,2517,'S2517,Millet and products,5301,Domestic supply quantity,2020,2020,1000 t,12123,I,
100,'356,India,2517,'S2517,Millet and products,5301,Domestic supply quantity,2021,2021,1000 t,13109,I,
100,'356,India,2517,'S2517,Millet and products,5301,Domestic supply quantity,2022,2022,1000 t,11750,I,
100,'356,India,2517,'S2517,Millet and products,5301,Domestic supply quantity,2023,2023,1000 t,13348,I,
100,'356,India,2517,'S2517,Millet and products,5521,Feed,2010,2010,1000 t,185,I,
100,'356,India,2517,'S2517,Millet and products,5521,Feed,2011,2011,1000 t,177,I,
100,'356,India,2517,'S2517,Millet and products,5521,Feed,2012,2012,1000 t,150,I,
100,'356,India,2517,'S2517,Millet and products,5521,Feed,2013,2013,1000 t,153,I,
100,'356,India,2517,'S2517,Millet and products,5521,Feed,2014,2014,1000 t,160,I,
100,'356,India,2517,'S2517,Millet and products,5521,Feed,2015,2015,1000 t,158,I,
100,'356,India,2517,'S2517,Millet and products,5521,Feed,2016,2016,1000 t,0,I,
100,'356,India,2517,'S2517,Millet and products,5521,Feed,2017,2017,1000 t,159,I,
100,'356,India,2517,'S2517,Millet and products,5521,Feed,2018,2018,1000 t,82,I,
100,'356,India,2517,'S2517,Millet and products,5521,Feed,2019,2019,1000 t,141,I,
100,'356,India,2517,'S2517,Millet and products,5521,Feed,2020,2020,1000 t,1200,I,
100,'356,India,2517,'S2517,Millet and products,5521,Feed,2021,2021,1000 t,1400,I,
100,'356,India,2517,'S2517,Millet and products,5521,Feed,2022,2022,1000 t,1400,I,
100,'356,India,2517,'S2517,Millet and products,5521,Feed,2023,2023,1000 t,1600,I,
100,'356,India,2517,'S2517,Millet and products,5527,Seed,2010,2010,1000 t,317,I,
100,'356,India,2517,'S2517,Millet and products,5527,Seed,2011,2011,1000 t,295,I,
100,'356,India,2517,'S2517,Millet and products,5527,Seed,2012,2012,1000 t,297,I,
100,'356,India,2517,'S2517,Millet and products,5527,Seed,2013,2013,1000 t,250,I,
100,'356,India,2517,'S2517,Millet and products,5527,Seed,2014,2014,1000 t,264,I,
100,'356,India,2517,'S2517,Millet and products,5527,Seed,2015,2015,1000 t,250,I,
100,'356,India,2517,'S2517,Millet and products,5527,Seed,2016,2016,1000 t,243,I,
100,'356,India,2517,'S2517,Millet and products,5527,Seed,2017,2017,1000 t,248,I,
100,'356,India,2517,'S2517,Millet and products,5527,Seed,2018,2018,1000 t,250,I,
100,'356,India,2517,'S2517,Millet and products,5527,Seed,2019,2019,1000 t,237,I,
100,'356,India,2517,'S2517,Millet and products,5527,Seed,2020,2020,1000 t,251,I,
100,'356,India,2517,'S2517,Millet and products,5527,Seed,2021,2021,1000 t,257,I,
100,'356,India,2517,'S2517,Millet and products,5527,Seed,2022,2022,1000 t,238,I,
100,'356,India,2517,'S2517,Millet and products,5527,Seed,2023,2023,1000 t,253,I,
100,'356,India,2517,'S2517,Millet and products,5123,Losses,2010,2010,1000 t,601,I,
100,'356,India,2517,'S2517,Millet and products,5123,Losses,2011,2011,1000 t,573,I,
100,'356,India,2517,'S2517,Millet and products,5123,Losses,2012,2012,1000 t,497,I,
100,'356,India,2517,'S2517,Millet and products,5123,Losses,2013,2013,1000 t,503,I,
100,'356,India,2517,'S2517,Millet and products,5123,Losses,2014,2014,1000 t,539,I,
100,'356,India,2517,'S2517,Millet and products,5123,Losses,2015,2015,1000 t,544,I,
100,'356,India,2517,'S2517,Millet and products,5123,Losses,2016,2016,1000 t,477,I,
100,'356,India,2517,'S2517,Millet and products,5123,Losses,2017,2017,1000 t,531,I,
100,'356,India,2517,'S2517,Millet and products,5123,Losses,2018,2018,1000 t,530,I,
100,'356,India,2517,'S2517,Millet and products,5123,Losses,2019,2019,1000 t,475,I,
100,'356,India,2517,'S2517,Millet and products,5123,Losses,2020,2020,1000 t,579,I,
100,'356,India,2517,'S2517,Millet and products,5123,Losses,2021,2021,1000 t,611,I,
100,'356,India,2517,'S2517,Millet and products,5123,Losses,2022,2022,1000 t,549,I,
100,'356,India,2517,'S2517,Millet and products,5123,Losses,2023,2023,1000 t,625,I,
100,'356,India,2517,'S2517,Millet and products,5131,Processing,2010,2010,1000 t,0,I,
100,'356,India,2517,'S2517,Millet and products,5131,Processing,2011,2011,1000 t,0,I,
100,'356,India,2517,'S2517,Millet and products,5131,Processing,2012,2012,1000 t,0,I,
100,'356,India,2517,'S2517,Millet and products,5131,Processing,2013,2013,1000 t,0,I,
100,'356,India,2517,'S2517,Millet and products,5170,Residuals,2010,2010,1000 t,0,I,
100,'356,India,2517,'S2517,Millet and products,5170,Residuals,2011,2011,1000 t,0,I,
100,'356,India,2517,'S2517,Millet and products,5170,Residuals,2012,2012,1000 t,0,I,
100,'356,India,2517,'S2517,Millet and products,5170,Residuals,2013,2013,1000 t,0,I,
100,'356,India,2517,'S2517,Millet and products,5170,Residuals,2014,2014,1000 t,0,I,
100,'356,India,2517,'S2517,Millet and products,5170,Residuals,2015,2015,1000 t,0,I,
100,'356,India,2517,'S2517,Millet and products,5170,Residuals,2016,2016,1000 t,-6,I,
100,'356,India,2517,'S2517,Millet and products,5170,Residuals,2017,2017,1000 t,0,I,
100,'356,India,2517,'S2517,Millet and products,5170,Residuals,2018,2018,1000 t,0,I,
100,'356,India,2517,'S2517,Millet and products,5170,Residuals,2019,2019,1000 t,0,I,
100,'356,India,2517,'S2517,Millet and products,5170,Residuals,2020,2020,1000 t,0,I,
100,'356,India,2517,'S2517,Millet and products,5170,Residuals,2021,2021,1000 t,1,I,
100,'356,India,2517,'S2517,Millet and products,5170,Residuals,2022,2022,1000 t,0,I,
100,'356,India,2517,'S2517,Millet and products,5170,Residuals,2023,2023,1000 t,-1,I,
100,'356,India,2517,'S2517,Millet and products,5142,Food,2010,2010,1000 t,12080,I,
100,'356,India,2517,'S2517,Millet and products,5142,Food,2011,2011,1000 t,11498,I,
100,'356,India,2517,'S2517,Millet and products,5142,Food,2012,2012,1000 t,10200,I,
100,'356,India,2517,'S2517,Millet and products,5142,Food,2013,2013,1000 t,9971,I,
100,'356,India,2517,'S2517,Millet and products,5142,Food,2014,2014,1000 t,10200,I,
100,'356,India,2517,'S2517,Millet and products,5142,Food,2015,2015,1000 t,11700,I,
100,'356,India,2517,'S2517,Millet and products,5142,Food,2016,2016,1000 t,10550,I,
100,'356,India,2517,'S2517,Millet and products,5142,Food,2017,2017,1000 t,10108,I,
100,'356,India,2517,'S2517,Millet and products,5142,Food,2018,2018,1000 t,10000,I,
100,'356,India,2517,'S2517,Millet and products,5142,Food,2019,2019,1000 t,9474,I,
100,'356,India,2517,'S2517,Millet and products,5142,Food,2020,2020,1000 t,10093,I,
100,'356,India,2517,'S2517,Millet and products,5142,Food,2021,2021,1000 t,10840,I,
100,'356,India,2517,'S2517,Millet and products,5142,Food,2022,2022,1000 t,9564,I,
100,'356,India,2517,'S2517,Millet and products,5142,Food,2023,2023,1000 t,10871,I,
100,'356,India,2517,'S2517,Millet and products,645,Food supply quantity (kg/capita/yr),2010,2010,kg/cap,9.71,E,
100,'356,India,2517,'S2517,Millet and products,645,Food supply quantity (kg/capita/yr),2011,2011,kg/cap,9.12,E,
100,'356,India,2517,'S2517,Millet and products,645,Food supply quantity (kg/capita/yr),2012,2012,kg/cap,7.98,E,
100,'356,India,2517,'S2517,Millet and products,645,Food supply quantity (kg/capita/yr),2013,2013,kg/cap,7.69,E,
100,'356,India,2517,'S2517,Millet and products,645,Food supply quantity (kg/capita/yr),2014,2014,kg/cap,7.77,E,
100,'356,India,2517,'S2517,Millet and products,645,Food supply quantity (kg/capita/yr),2015,2015,kg/cap,8.81,E,
100,'356,India,2517,'S2517,Millet and products,645,Food supply quantity (kg/capita/yr),2016,2016,kg/cap,7.85,E,
100,'356,India,2517,'S2517,Millet and products,645,Food supply quantity (kg/capita/yr),2017,2017,kg/cap,7.43,E,
100,'356,India,2517,'S2517,Millet and products,645,Food supply quantity (kg/capita/yr),2018,2018,kg/cap,7.27,E,
100,'356,India,2517,'S2517,Millet and products,645,Food supply quantity (kg/capita/yr),2019,2019,kg/cap,6.82,E,
100,'356,India,2517,'S2517,Millet and products,645,Food supply quantity (kg/capita/yr),2020,2020,kg/cap,7.2,E,
100,'356,India,2517,'S2517,Millet and products,645,Food supply quantity (kg/capita/yr),2021,2021,kg/cap,7.67,E,
100,'356,India,2517,'S2517,Millet and products,645,Food supply quantity (kg/capita/yr),2022,2022,kg/cap,6.71,E,
100,'356,India,2517,'S2517,Millet and products,645,Food supply quantity (kg/capita/yr),2023,2023,kg/cap,7.56,E,
100,'356,India,2517,'S2517,Millet and products,664,Food supply (kcal/capita/day),2010,2010,kcal/cap/d,87.13,E,
100,'356,India,2517,'S2517,Millet and products,664,Food supply (kcal/capita/day),2011,2011,kcal/cap/d,81.76,E,
100,'356,India,2517,'S2517,Millet and products,664,Food supply (kcal/capita/day),2012,2012,kcal/cap/d,71.54,E,
100,'356,India,2517,'S2517,Millet and products,664,Food supply (kcal/capita/day),2013,2013,kcal/cap/d,69.01,E,
100,'356,India,2517,'S2517,Millet and products,664,Food supply (kcal/capita/day),2014,2014,kcal/cap/d,69.71,E,
100,'356,India,2517,'S2517,Millet and products,664,Food supply (kcal/capita/day),2015,2015,kcal/cap/d,79.02,E,
100,'356,India,2517,'S2517,Millet and products,664,Food supply (kcal/capita/day),2016,2016,kcal/cap/d,70.41,E,
100,'356,India,2517,'S2517,Millet and products,664,Food supply (kcal/capita/day),2017,2017,kcal/cap/d,66.67,E,
100,'356,India,2517,'S2517,Millet and products,664,Food supply (kcal/capita/day),2018,2018,kcal/cap/d,65.24,E,
100,'356,India,2517,'S2517,Millet and products,664,Food supply (kcal/capita/day),2019,2019,kcal/cap/d,61.17,E,
100,'356,India,2517,'S2517,Millet and products,664,Food supply (kcal/capita/day),2020,2020,kcal/cap/d,64.54,E,
100,'356,India,2517,'S2517,Millet and products,664,Food supply (kcal/capita/day),2021,2021,kcal/cap/d,68.75,E,
100,'356,India,2517,'S2517,Millet and products,664,Food supply (kcal/capita/day),2022,2022,kcal/cap/d,60.18,E,
100,'356,India,2517,'S2517,Millet and products,664,Food supply (kcal/capita/day),2023,2023,kcal/cap/d,67.8,E,
100,'356,India,2517,'S2517,Millet and products,661,Food supply (kcal),2010,2010,million Kcal,39545571.12,I,
100,'356,India,2517,'S2517,Millet and products,661,Food supply (kcal),2011,2011,million Kcal,37638641.25,I,
100,'356,India,2517,'S2517,Millet and products,661,Food supply (kcal),2012,2012,million Kcal,33390720,I,
100,'356,India,2517,'S2517,Millet and products,661,Food supply (kcal),2013,2013,million Kcal,32639670.87,I,
100,'356,India,2517,'S2517,Millet and products,661,Food supply (kcal),2014,2014,million Kcal,33390720,I,
100,'356,India,2517,'S2517,Millet and products,661,Food supply (kcal),2015,2015,million Kcal,38301120,I,
100,'356,India,2517,'S2517,Millet and products,661,Food supply (kcal),2016,2016,million Kcal,34536480,I,
100,'356,India,2517,'S2517,Millet and products,661,Food supply (kcal),2017,2017,million Kcal,33088000,I,
100,'356,India,2517,'S2517,Millet and products,661,Food supply (kcal),2018,2018,million Kcal,32736000,I,
100,'356,India,2517,'S2517,Millet and products,661,Food supply (kcal),2019,2019,million Kcal,31013014.63,I,
100,'356,India,2517,'S2517,Millet and products,661,Food supply (kcal),2020,2020,million Kcal,33039462.72,I,
100,'356,India,2517,'S2517,Millet and products,661,Food supply (kcal),2021,2021,million Kcal,35485824,I,
100,'356,India,2517,'S2517,Millet and products,661,Food supply (kcal),2022,2022,million Kcal,31308710.4,I,
100,'356,India,2517,'S2517,Millet and products,661,Food supply (kcal),2023,2023,million Kcal,35586323.52,I,
100,'356,India,2517,'S2517,Millet and products,674,Protein supply quantity (g/capita/day),2010,2010,g/cap/d,2.33,E,
100,'356,India,2517,'S2517,Millet and products,674,Protein supply quantity (g/capita/day),2011,2011,g/cap/d,2.18,E,
100,'356,India,2517,'S2517,Millet and products,674,Protein supply quantity (g/capita/day),2012,2012,g/cap/d,1.91,E,
100,'356,India,2517,'S2517,Millet and products,674,Protein supply quantity (g/capita/day),2013,2013,g/cap/d,1.84,E,
100,'356,India,2517,'S2517,Millet and products,674,Protein supply quantity (g/capita/day),2014,2014,g/cap/d,1.86,E,
100,'356,India,2517,'S2517,Millet and products,674,Protein supply quantity (g/capita/day),2015,2015,g/cap/d,2.11,E,
100,'356,India,2517,'S2517,Millet and products,674,Protein supply quantity (g/capita/day),2016,2016,g/cap/d,1.88,E,
100,'356,India,2517,'S2517,Millet and products,674,Protein supply quantity (g/capita/day),2017,2017,g/cap/d,1.78,E,
100,'356,India,2517,'S2517,Millet and products,674,Protein supply quantity (g/capita/day),2018,2018,g/cap/d,1.74,E,
100,'356,India,2517,'S2517,Millet and products,674,Protein supply quantity (g/capita/day),2019,2019,g/cap/d,1.63,E,
100,'356,India,2517,'S2517,Millet and products,674,Protein supply quantity (g/capita/day),2020,2020,g/cap/d,1.72,E,
100,'356,India,2517,'S2517,Millet and products,674,Protein supply quantity (g/capita/day),2021,2021,g/cap/d,1.84,E,
100,'356,India,2517,'S2517,Millet and products,674,Protein supply quantity (g/capita/day),2022,2022,g/cap/d,1.61,E,
100,'356,India,2517,'S2517,Millet and products,674,Protein supply quantity (g/capita/day),2023,2023,g/cap/d,1.81,E,
100,'356,India,2517,'S2517,Millet and products,671,Protein supply quantity (t),2010,2010,t,1056046.5,I,
100,'356,India,2517,'S2517,Millet and products,671,Protein supply quantity (t),2011,2011,t,1005122.81,I,
100,'356,India,2517,'S2517,Millet and products,671,Protein supply quantity (t),2012,2012,t,891684,I,
100,'356,India,2517,'S2517,Millet and products,671,Protein supply quantity (t),2013,2013,t,871627.57,I,
100,'356,India,2517,'S2517,Millet and products,671,Protein supply quantity (t),2014,2014,t,891684,I,
100,'356,India,2517,'S2517,Millet and products,671,Protein supply quantity (t),2015,2015,t,1022814,I,
100,'356,India,2517,'S2517,Millet and products,671,Protein supply quantity (t),2016,2016,t,922281,I,
100,'356,India,2517,'S2517,Millet and products,671,Protein supply quantity (t),2017,2017,t,883600,I,
100,'356,India,2517,'S2517,Millet and products,671,Protein supply quantity (t),2018,2018,t,874200,I,
100,'356,India,2517,'S2517,Millet and products,671,Protein supply quantity (t),2019,2019,t,828188.46,I,
100,'356,India,2517,'S2517,Millet and products,671,Protein supply quantity (t),2020,2020,t,882303.83,I,
100,'356,India,2517,'S2517,Millet and products,671,Protein supply quantity (t),2021,2021,t,947632.8,I,
100,'356,India,2517,'S2517,Millet and products,671,Protein supply quantity (t),2022,2022,t,836084.88,I,
100,'356,India,2517,'S2517,Millet and products,671,Protein supply quantity (t),2023,2023,t,950316.59,I,
100,'356,India,2517,'S2517,Millet and products,684,Fat supply quantity (g/capita/day),2010,2010,g/cap/d,0.94,E,
100,'356,India,2517,'S2517,Millet and products,684,Fat supply quantity (g/capita/day),2011,2011,g/cap/d,0.88,E,
100,'356,India,2517,'S2517,Millet and products,684,Fat supply quantity (g/capita/day),2012,2012,g/cap/d,0.77,E,
100,'356,India,2517,'S2517,Millet and products,684,Fat supply quantity (g/capita/day),2013,2013,g/cap/d,0.74,E,
100,'356,India,2517,'S2517,Millet and products,684,Fat supply quantity (g/capita/day),2014,2014,g/cap/d,0.75,E,
100,'356,India,2517,'S2517,Millet and products,684,Fat supply quantity (g/capita/day),2015,2015,g/cap/d,0.85,E,
100,'356,India,2517,'S2517,Millet and products,684,Fat supply quantity (g/capita/day),2016,2016,g/cap/d,0.76,E,
100,'356,India,2517,'S2517,Millet and products,684,Fat supply quantity (g/capita/day),2017,2017,g/cap/d,0.72,E,
100,'356,India,2517,'S2517,Millet and products,684,Fat supply quantity (g/capita/day),2018,2018,g/cap/d,0.7,E,
100,'356,India,2517,'S2517,Millet and products,684,Fat supply quantity (g/capita/day),2019,2019,g/cap/d,0.66,E,
100,'356,India,2517,'S2517,Millet and products,684,Fat supply quantity (g/capita/day),2020,2020,g/cap/d,0.7,E,
100,'356,India,2517,'S2517,Millet and products,684,Fat supply quantity (g/capita/day),2021,2021,g/cap/d,0.74,E,
100,'356,India,2517,'S2517,Millet and products,684,Fat supply quantity (g/capita/day),2022,2022,g/cap/d,0.65,E,
100,'356,India,2517,'S2517,Millet and products,684,Fat supply quantity (g/capita/day),2023,2023,g/cap/d,0.73,E,
100,'356,India,2517,'S2517,Millet and products,681,Fat supply quantity (t),2010,2010,t,426912.42,I,
100,'356,India,2517,'S2517,Millet and products,681,Fat supply quantity (t),2011,2011,t,406326.24,I,
100,'356,India,2517,'S2517,Millet and products,681,Fat supply quantity (t),2012,2012,t,360468,I,
100,'356,India,2517,'S2517,Millet and products,681,Fat supply quantity (t),2013,2013,t,352360.08,I,
100,'356,India,2517,'S2517,Millet and products,681,Fat supply quantity (t),2014,2014,t,360468,I,
100,'356,India,2517,'S2517,Millet and products,681,Fat supply quantity (t),2015,2015,t,413478,I,
100,'356,India,2517,'S2517,Millet and products,681,Fat supply quantity (t),2016,2016,t,372837,I,
100,'356,India,2517,'S2517,Millet and products,681,Fat supply quantity (t),2017,2017,t,357200,I,
100,'356,India,2517,'S2517,Millet and products,681,Fat supply quantity (t),2018,2018,t,353400,I,
100,'356,India,2517,'S2517,Millet and products,681,Fat supply quantity (t),2019,2019,t,334799.59,I,
100,'356,India,2517,'S2517,Millet and products,681,Fat supply quantity (t),2020,2020,t,356676.02,I,
100,'356,India,2517,'S2517,Millet and products,681,Fat supply quantity (t),2021,2021,t,383085.6,I,
100,'356,India,2517,'S2517,Millet and products,681,Fat supply quantity (t),2022,2022,t,337991.76,I,
100,'356,India,2517,'S2517,Millet and products,681,Fat supply quantity (t),2023,2023,t,384170.54,I,
100,'356,India,2518,'S2518,Sorghum and products,5511,Production,2010,2010,1000 t,6698,I,
100,'356,India,2518,'S2518,Sorghum and products,5511,Production,2011,2011,1000 t,7003,I,
100,'356,India,2518,'S2518,Sorghum and products,5511,Production,2012,2012,1000 t,5980,I,
100,'356,India,2518,'S2518,Sorghum and products,5511,Production,2013,2013,1000 t,5280,I,
100,'356,India,2518,'S2518,Sorghum and products,5511,Production,2014,2014,1000 t,5540,I,
100,'356,India,2518,'S2518,Sorghum and products,5511,Production,2015,2015,1000 t,5450,I,
100,'356,India,2518,'S2518,Sorghum and products,5511,Production,2016,2016,1000 t,4240,I,
100,'356,India,2518,'S2518,Sorghum and products,5511,Production,2017,2017,1000 t,4568,I,
100,'356,India,2518,'S2518,Sorghum and products,5511,Production,2018,2018,1000 t,4803,I,
100,'356,India,2518,'S2518,Sorghum and products,5511,Production,2019,2019,1000 t,3475,I,
100,'356,India,2518,'S2518,Sorghum and products,5511,Production,2020,2020,1000 t,4772,I,
100,'356,India,2518,'S2518,Sorghum and products,5511,Production,2021,2021,1000 t,4812,I,
100,'356,India,2518,'S2518,Sorghum and products,5511,Production,2022,2022,1000 t,4151,I,
100,'356,India,2518,'S2518,Sorghum and products,5511,Production,2023,2023,1000 t,3814,I,
100,'356,India,2518,'S2518,Sorghum and products,5611,Import quantity,2010,2010,1000 t,0,I,
100,'356,India,2518,'S2518,Sorghum and products,5611,Import quantity,2011,2011,1000 t,0,I,
100,'356,India,2518,'S2518,Sorghum and products,5611,Import quantity,2012,2012,1000 t,0,I,
100,'356,India,2518,'S2518,Sorghum and products,5611,Import quantity,2013,2013,1000 t,0,I,
100,'356,India,2518,'S2518,Sorghum and products,5611,Import quantity,2020,2020,1000 t,0,I,
100,'356,India,2518,'S2518,Sorghum and products,5611,Import quantity,2021,2021,1000 t,0,I,
100,'356,India,2518,'S2518,Sorghum and products,5611,Import quantity,2022,2022,1000 t,0,I,
100,'356,India,2518,'S2518,Sorghum and products,5611,Import quantity,2023,2023,1000 t,0,I,
100,'356,India,2518,'S2518,Sorghum and products,5072,Stock Variation,2010,2010,1000 t,-16,I,
100,'356,India,2518,'S2518,Sorghum and products,5072,Stock Variation,2011,2011,1000 t,9,I,
100,'356,India,2518,'S2518,Sorghum and products,5072,Stock Variation,2012,2012,1000 t,-540,I,
100,'356,India,2518,'S2518,Sorghum and products,5072,Stock Variation,2013,2013,1000 t,-7,I,
100,'356,India,2518,'S2518,Sorghum and products,5072,Stock Variation,2014,2014,1000 t,-144,I,
100,'356,India,2518,'S2518,Sorghum and products,5072,Stock Variation,2015,2015,1000 t,-207,I,
100,'356,India,2518,'S2518,Sorghum and products,5072,Stock Variation,2016,2016,1000 t,-123,I,
100,'356,India,2518,'S2518,Sorghum and products,5072,Stock Variation,2017,2017,1000 t,-139,I,
100,'356,India,2518,'S2518,Sorghum and products,5072,Stock Variation,2018,2018,1000 t,-126,I,
100,'356,India,2518,'S2518,Sorghum and products,5072,Stock Variation,2019,2019,1000 t,-103,I,
100,'356,India,2518,'S2518,Sorghum and products,5072,Stock Variation,2020,2020,1000 t,241,I,
100,'356,India,2518,'S2518,Sorghum and products,5072,Stock Variation,2021,2021,1000 t,205,I,
100,'356,India,2518,'S2518,Sorghum and products,5072,Stock Variation,2022,2022,1000 t,-340,I,
100,'356,India,2518,'S2518,Sorghum and products,5072,Stock Variation,2023,2023,1000 t,-123,I,
100,'356,India,2518,'S2518,Sorghum and products,5911,Export quantity,2010,2010,1000 t,130,I,
100,'356,India,2518,'S2518,Sorghum and products,5911,Export quantity,2011,2011,1000 t,38,I,
100,'356,India,2518,'S2518,Sorghum and products,5911,Export quantity,2012,2012,1000 t,149,I,
100,'356,India,2518,'S2518,Sorghum and products,5911,Export quantity,2013,2013,1000 t,219,I,
100,'356,India,2518,'S2518,Sorghum and products,5911,Export quantity,2014,2014,1000 t,77,I,
100,'356,India,2518,'S2518,Sorghum and products,5911,Export quantity,2015,2015,1000 t,118,I,
100,'356,India,2518,'S2518,Sorghum and products,5911,Export quantity,2016,2016,1000 t,66,I,
100,'356,India,2518,'S2518,Sorghum and products,5911,Export quantity,2017,2017,1000 t,20,I,
100,'356,India,2518,'S2518,Sorghum and products,5911,Export quantity,2018,2018,1000 t,111,I,
100,'356,India,2518,'S2518,Sorghum and products,5911,Export quantity,2019,2019,1000 t,49,I,
100,'356,India,2518,'S2518,Sorghum and products,5911,Export quantity,2020,2020,1000 t,37,I,
100,'356,India,2518,'S2518,Sorghum and products,5911,Export quantity,2021,2021,1000 t,57,I,
100,'356,India,2518,'S2518,Sorghum and products,5911,Export quantity,2022,2022,1000 t,40,I,
100,'356,India,2518,'S2518,Sorghum and products,5911,Export quantity,2023,2023,1000 t,35,I,
100,'356,India,2518,'S2518,Sorghum and products,5301,Domestic supply quantity,2010,2010,1000 t,6584,I,
100,'356,India,2518,'S2518,Sorghum and products,5301,Domestic supply quantity,2011,2011,1000 t,6955,I,
100,'356,India,2518,'S2518,Sorghum and products,5301,Domestic supply quantity,2012,2012,1000 t,6371,I,
100,'356,India,2518,'S2518,Sorghum and products,5301,Domestic supply quantity,2013,2013,1000 t,5068,I,
100,'356,India,2518,'S2518,Sorghum and products,5301,Domestic supply quantity,2014,2014,1000 t,5607,I,
100,'356,India,2518,'S2518,Sorghum and products,5301,Domestic supply quantity,2015,2015,1000 t,5539,I,
100,'356,India,2518,'S2518,Sorghum and products,5301,Domestic supply quantity,2016,2016,1000 t,4297,I,
100,'356,India,2518,'S2518,Sorghum and products,5301,Domestic supply quantity,2017,2017,1000 t,4687,I,
100,'356,India,2518,'S2518,Sorghum and products,5301,Domestic supply quantity,2018,2018,1000 t,4819,I,
100,'356,India,2518,'S2518,Sorghum and products,5301,Domestic supply quantity,2019,2019,1000 t,3530,I,
100,'356,India,2518,'S2518,Sorghum and products,5301,Domestic supply quantity,2020,2020,1000 t,4495,I,
100,'356,India,2518,'S2518,Sorghum and products,5301,Domestic supply quantity,2021,2021,1000 t,4550,I,
100,'356,India,2518,'S2518,Sorghum and products,5301,Domestic supply quantity,2022,2022,1000 t,4451,I,
100,'356,India,2518,'S2518,Sorghum and products,5301,Domestic supply quantity,2023,2023,1000 t,3902,I,
100,'356,India,2518,'S2518,Sorghum and products,5521,Feed,2010,2010,1000 t,100,I,
100,'356,India,2518,'S2518,Sorghum and products,5521,Feed,2011,2011,1000 t,106,I,
100,'356,India,2518,'S2518,Sorghum and products,5521,Feed,2012,2012,1000 t,89,I,
100,'356,India,2518,'S2518,Sorghum and products,5521,Feed,2013,2013,1000 t,77,I,
100,'356,India,2518,'S2518,Sorghum and products,5521,Feed,2014,2014,1000 t,81,I,
100,'356,India,2518,'S2518,Sorghum and products,5521,Feed,2015,2015,1000 t,79,I,
100,'356,India,2518,'S2518,Sorghum and products,5521,Feed,2016,2016,1000 t,62,I,
100,'356,India,2518,'S2518,Sorghum and products,5521,Feed,2017,2017,1000 t,67,I,
100,'356,India,2518,'S2518,Sorghum and products,5521,Feed,2018,2018,1000 t,70,I,
100,'356,India,2518,'S2518,Sorghum and products,5521,Feed,2019,2019,1000 t,51,I,
100,'356,India,2518,'S2518,Sorghum and products,5521,Feed,2020,2020,1000 t,500,I,
100,'356,India,2518,'S2518,Sorghum and products,5521,Feed,2021,2021,1000 t,550,I,
100,'356,India,2518,'S2518,Sorghum and products,5521,Feed,2022,2022,1000 t,450,I,
100,'356,India,2518,'S2518,Sorghum and products,5521,Feed,2023,2023,1000 t,450,I,
100,'356,India,2518,'S2518,Sorghum and products,5527,Seed,2010,2010,1000 t,225,I,
100,'356,India,2518,'S2518,Sorghum and products,5527,Seed,2011,2011,1000 t,218,I,
100,'356,India,2518,'S2518,Sorghum and products,5527,Seed,2012,2012,1000 t,189,I,
100,'356,India,2518,'S2518,Sorghum and products,5527,Seed,2013,2013,1000 t,181,I,
100,'356,India,2518,'S2518,Sorghum and products,5527,Seed,2014,2014,1000 t,172,I,
100,'356,India,2518,'S2518,Sorghum and products,5527,Seed,2015,2015,1000 t,181,I,
100,'356,India,2518,'S2518,Sorghum and products,5527,Seed,2016,2016,1000 t,178,I,
100,'356,India,2518,'S2518,Sorghum and products,5527,Seed,2017,2017,1000 t,166,I,
100,'356,India,2518,'S2518,Sorghum and products,5527,Seed,2018,2018,1000 t,151,I,
100,'356,India,2518,'S2518,Sorghum and products,5527,Seed,2019,2019,1000 t,130,I,
100,'356,India,2518,'S2518,Sorghum and products,5527,Seed,2020,2020,1000 t,150,I,
100,'356,India,2518,'S2518,Sorghum and products,5527,Seed,2021,2021,1000 t,138,I,
100,'356,India,2518,'S2518,Sorghum and products,5527,Seed,2022,2022,1000 t,121,I,
100,'356,India,2518,'S2518,Sorghum and products,5527,Seed,2023,2023,1000 t,114,I,
100,'356,India,2518,'S2518,Sorghum and products,5123,Losses,2010,2010,1000 t,339,I,
100,'356,India,2518,'S2518,Sorghum and products,5123,Losses,2011,2011,1000 t,349,I,
100,'356,India,2518,'S2518,Sorghum and products,5123,Losses,2012,2012,1000 t,293,I,
100,'356,India,2518,'S2518,Sorghum and products,5123,Losses,2013,2013,1000 t,255,I,
100,'356,India,2518,'S2518,Sorghum and products,5123,Losses,2014,2014,1000 t,262,I,
100,'356,India,2518,'S2518,Sorghum and products,5123,Losses,2015,2015,1000 t,255,I,
100,'356,India,2518,'S2518,Sorghum and products,5123,Losses,2016,2016,1000 t,197,I,
100,'356,India,2518,'S2518,Sorghum and products,5123,Losses,2017,2017,1000 t,210,I,
100,'356,India,2518,'S2518,Sorghum and products,5123,Losses,2018,2018,1000 t,219,I,
100,'356,India,2518,'S2518,Sorghum and products,5123,Losses,2019,2019,1000 t,161,I,
100,'356,India,2518,'S2518,Sorghum and products,5123,Losses,2020,2020,1000 t,221,I,
100,'356,India,2518,'S2518,Sorghum and products,5123,Losses,2021,2021,1000 t,223,I,
100,'356,India,2518,'S2518,Sorghum and products,5123,Losses,2022,2022,1000 t,192,I,
100,'356,India,2518,'S2518,Sorghum and products,5123,Losses,2023,2023,1000 t,177,I,
100,'356,India,2518,'S2518,Sorghum and products,5131,Processing,2010,2010,1000 t,0,I,
100,'356,India,2518,'S2518,Sorghum and products,5131,Processing,2011,2011,1000 t,0,I,
100,'356,India,2518,'S2518,Sorghum and products,5131,Processing,2012,2012,1000 t,0,I,
100,'356,India,2518,'S2518,Sorghum and products,5131,Processing,2013,2013,1000 t,0,I,
100,'356,India,2518,'S2518,Sorghum and products,5170,Residuals,2010,2010,1000 t,0,I,
100,'356,India,2518,'S2518,Sorghum and products,5170,Residuals,2011,2011,1000 t,0,I,
100,'356,India,2518,'S2518,Sorghum and products,5170,Residuals,2012,2012,1000 t,0,I,
100,'356,India,2518,'S2518,Sorghum and products,5170,Residuals,2013,2013,1000 t,0,I,
100,'356,India,2518,'S2518,Sorghum and products,5170,Residuals,2014,2014,1000 t,0,I,
100,'356,India,2518,'S2518,Sorghum and products,5170,Residuals,2015,2015,1000 t,0,I,
100,'356,India,2518,'S2518,Sorghum and products,5170,Residuals,2016,2016,1000 t,0,I,
100,'356,India,2518,'S2518,Sorghum and products,5170,Residuals,2017,2017,1000 t,0,I,
100,'356,India,2518,'S2518,Sorghum and products,5170,Residuals,2018,2018,1000 t,0,I,
100,'356,India,2518,'S2518,Sorghum and products,5170,Residuals,2019,2019,1000 t,0,I,
100,'356,India,2518,'S2518,Sorghum and products,5170,Residuals,2020,2020,1000 t,0,I,
100,'356,India,2518,'S2518,Sorghum and products,5170,Residuals,2021,2021,1000 t,-1,I,
100,'356,India,2518,'S2518,Sorghum and products,5170,Residuals,2022,2022,1000 t,0,I,
100,'356,India,2518,'S2518,Sorghum and products,5170,Residuals,2023,2023,1000 t,0,I,
100,'356,India,2518,'S2518,Sorghum and products,5142,Food,2010,2010,1000 t,5920,I,
100,'356,India,2518,'S2518,Sorghum and products,5142,Food,2011,2011,1000 t,6282,I,
100,'356,India,2518,'S2518,Sorghum and products,5142,Food,2012,2012,1000 t,5800,I,
100,'356,India,2518,'S2518,Sorghum and products,5142,Food,2013,2013,1000 t,4555,I,
100,'356,India,2518,'S2518,Sorghum and products,5142,Food,2014,2014,1000 t,5093,I,
100,'356,India,2518,'S2518,Sorghum and products,5142,Food,2015,2015,1000 t,5024,I,
100,'356,India,2518,'S2518,Sorghum and products,5142,Food,2016,2016,1000 t,3861,I,
100,'356,India,2518,'S2518,Sorghum and products,5142,Food,2017,2017,1000 t,4243,I,
100,'356,India,2518,'S2518,Sorghum and products,5142,Food,2018,2018,1000 t,4380,I,
100,'356,India,2518,'S2518,Sorghum and products,5142,Food,2019,2019,1000 t,3188,I,
100,'356,India,2518,'S2518,Sorghum and products,5142,Food,2020,2020,1000 t,3624,I,
100,'356,India,2518,'S2518,Sorghum and products,5142,Food,2021,2021,1000 t,3640,I,
100,'356,India,2518,'S2518,Sorghum and products,5142,Food,2022,2022,1000 t,3687,I,
100,'356,India,2518,'S2518,Sorghum and products,5142,Food,2023,2023,1000 t,3162,I,
100,'356,India,2518,'S2518,Sorghum and products,645,Food supply quantity (kg/capita/yr),2010,2010,kg/cap,4.76,E,
100,'356,India,2518,'S2518,Sorghum and products,645,Food supply quantity (kg/capita/yr),2011,2011,kg/cap,4.98,E,
100,'356,India,2518,'S2518,Sorghum and products,645,Food supply quantity (kg/capita/yr),2012,2012,kg/cap,4.54,E,
100,'356,India,2518,'S2518,Sorghum and products,645,Food supply quantity (kg/capita/yr),2013,2013,kg/cap,3.52,E,
100,'356,India,2518,'S2518,Sorghum and products,645,Food supply quantity (kg/capita/yr),2014,2014,kg/cap,3.88,E,
100,'356,India,2518,'S2518,Sorghum and products,645,Food supply quantity (kg/capita/yr),2015,2015,kg/cap,3.78,E,
100,'356,India,2518,'S2518,Sorghum and products,645,Food supply quantity (kg/capita/yr),2016,2016,kg/cap,2.87,E,
100,'356,India,2518,'S2518,Sorghum and products,645,Food supply quantity (kg/capita/yr),2017,2017,kg/cap,3.12,E,
100,'356,India,2518,'S2518,Sorghum and products,645,Food supply quantity (kg/capita/yr),2018,2018,kg/cap,3.19,E,
100,'356,India,2518,'S2518,Sorghum and products,645,Food supply quantity (kg/capita/yr),2019,2019,kg/cap,2.3,E,
100,'356,India,2518,'S2518,Sorghum and products,645,Food supply quantity (kg/capita/yr),2020,2020,kg/cap,2.58,E,
100,'356,India,2518,'S2518,Sorghum and products,645,Food supply quantity (kg/capita/yr),2021,2021,kg/cap,2.57,E,
100,'356,India,2518,'S2518,Sorghum and products,645,Food supply quantity (kg/capita/yr),2022,2022,kg/cap,2.59,E,
100,'356,India,2518,'S2518,Sorghum and products,645,Food supply quantity (kg/capita/yr),2023,2023,kg/cap,2.2,E,
100,'356,India,2518,'S2518,Sorghum and products,664,Food supply (kcal/capita/day),2010,2010,kcal/cap/d,43.12,E,
100,'356,India,2518,'S2518,Sorghum and products,664,Food supply (kcal/capita/day),2011,2011,kcal/cap/d,45.11,E,
100,'356,India,2518,'S2518,Sorghum and products,664,Food supply (kcal/capita/day),2012,2012,kcal/cap/d,41.08,E,
100,'356,India,2518,'S2518,Sorghum and products,664,Food supply (kcal/capita/day),2013,2013,kcal/cap/d,31.84,E,
100,'356,India,2518,'S2518,Sorghum and products,664,Food supply (kcal/capita/day),2014,2014,kcal/cap/d,35.15,E,
100,'356,India,2518,'S2518,Sorghum and products,664,Food supply (kcal/capita/day),2015,2015,kcal/cap/d,34.27,E,
100,'356,India,2518,'S2518,Sorghum and products,664,Food supply (kcal/capita/day),2016,2016,kcal/cap/d,26.02,E,
100,'356,India,2518,'S2518,Sorghum and products,664,Food supply (kcal/capita/day),2017,2017,kcal/cap/d,28.27,E,
100,'356,India,2518,'S2518,Sorghum and products,664,Food supply (kcal/capita/day),2018,2018,kcal/cap/d,28.86,E,
100,'356,India,2518,'S2518,Sorghum and products,664,Food supply (kcal/capita/day),2019,2019,kcal/cap/d,20.79,E,
100,'356,India,2518,'S2518,Sorghum and products,664,Food supply (kcal/capita/day),2020,2020,kcal/cap/d,23.4,E,
100,'356,India,2518,'S2518,Sorghum and products,664,Food supply (kcal/capita/day),2021,2021,kcal/cap/d,23.31,E,
100,'356,India,2518,'S2518,Sorghum and products,664,Food supply (kcal/capita/day),2022,2022,kcal/cap/d,23.43,E,
100,'356,India,2518,'S2518,Sorghum and products,664,Food supply (kcal/capita/day),2023,2023,kcal/cap/d,19.91,E,
100,'356,India,2518,'S2518,Sorghum and products,661,Food supply (kcal),2010,2010,million Kcal,19571905.03,I,
100,'356,India,2518,'S2518,Sorghum and products,661,Food supply (kcal),2011,2011,million Kcal,20768503.55,I,
100,'356,India,2518,'S2518,Sorghum and products,661,Food supply (kcal),2012,2012,million Kcal,19174800,I,
100,'356,India,2518,'S2518,Sorghum and products,661,Food supply (kcal),2013,2013,million Kcal,15058316.94,I,
100,'356,India,2518,'S2518,Sorghum and products,661,Food supply (kcal),2014,2014,million Kcal,16836544.78,I,
100,'356,India,2518,'S2518,Sorghum and products,661,Food supply (kcal),2015,2015,million Kcal,16609679.75,I,
100,'356,India,2518,'S2518,Sorghum and products,661,Food supply (kcal),2016,2016,million Kcal,12763094.67,I,
100,'356,India,2518,'S2518,Sorghum and products,661,Food supply (kcal),2017,2017,million Kcal,14028523.17,I,
100,'356,India,2518,'S2518,Sorghum and products,661,Food supply (kcal),2018,2018,million Kcal,14479396.18,I,
100,'356,India,2518,'S2518,Sorghum and products,661,Food supply (kcal),2019,2019,million Kcal,10540049.58,I,
100,'356,India,2518,'S2518,Sorghum and products,661,Food supply (kcal),2020,2020,million Kcal,11979621.6,I,
100,'356,India,2518,'S2518,Sorghum and products,661,Food supply (kcal),2021,2021,million Kcal,12034831.8,I,
100,'356,India,2518,'S2518,Sorghum and products,661,Food supply (kcal),2022,2022,million Kcal,12189883.2,I,
100,'356,India,2518,'S2518,Sorghum and products,661,Food supply (kcal),2023,2023,million Kcal,10452580.2,I,
100,'356,India,2518,'S2518,Sorghum and products,674,Protein supply quantity (g/capita/day),2010,2010,g/cap/d,1.2,E,
100,'356,India,2518,'S2518,Sorghum and products,674,Protein supply quantity (g/capita/day),2011,2011,g/cap/d,1.26,E,
100,'356,India,2518,'S2518,Sorghum and products,674,Protein supply quantity (g/capita/day),2012,2012,g/cap/d,1.15,E,
100,'356,India,2518,'S2518,Sorghum and products,674,Protein supply quantity (g/capita/day),2013,2013,g/cap/d,0.89,E,
100,'356,India,2518,'S2518,Sorghum and products,674,Protein supply quantity (g/capita/day),2014,2014,g/cap/d,0.98,E,
100,'356,India,2518,'S2518,Sorghum and products,674,Protein supply quantity (g/capita/day),2015,2015,g/cap/d,0.96,E,
100,'356,India,2518,'S2518,Sorghum and products,674,Protein supply quantity (g/capita/day),2016,2016,g/cap/d,0.73,E,
100,'356,India,2518,'S2518,Sorghum and products,674,Protein supply quantity (g/capita/day),2017,2017,g/cap/d,0.79,E,
100,'356,India,2518,'S2518,Sorghum and products,674,Protein supply quantity (g/capita/day),2018,2018,g/cap/d,0.8,E,
100,'356,India,2518,'S2518,Sorghum and products,674,Protein supply quantity (g/capita/day),2019,2019,g/cap/d,0.58,E,
100,'356,India,2518,'S2518,Sorghum and products,674,Protein supply quantity (g/capita/day),2020,2020,g/cap/d,0.65,E,
100,'356,India,2518,'S2518,Sorghum and products,674,Protein supply quantity (g/capita/day),2021,2021,g/cap/d,0.65,E,
100,'356,India,2518,'S2518,Sorghum and products,674,Protein supply quantity (g/capita/day),2022,2022,g/cap/d,0.65,E,
100,'356,India,2518,'S2518,Sorghum and products,674,Protein supply quantity (g/capita/day),2023,2023,g/cap/d,0.56,E,
100,'356,India,2518,'S2518,Sorghum and products,671,Protein supply quantity (t),2010,2010,t,545538.73,I,
100,'356,India,2518,'S2518,Sorghum and products,671,Protein supply quantity (t),2011,2011,t,578892.2,I,
100,'356,India,2518,'S2518,Sorghum and products,671,Protein supply quantity (t),2012,2012,t,534470,I,
100,'356,India,2518,'S2518,Sorghum and products,671,Protein supply quantity (t),2013,2013,t,419728.95,I,
100,'356,India,2518,'S2518,Sorghum and products,671,Protein supply quantity (t),2014,2014,t,469294.5,I,
100,'356,India,2518,'S2518,Sorghum and products,671,Protein supply quantity (t),2015,2015,t,462970.96,I,
100,'356,India,2518,'S2518,Sorghum and products,671,Protein supply quantity (t),2016,2016,t,355752.93,I,
100,'356,India,2518,'S2518,Sorghum and products,671,Protein supply quantity (t),2017,2017,t,391024.93,I,
100,'356,India,2518,'S2518,Sorghum and products,671,Protein supply quantity (t),2018,2018,t,403592.36,I,
100,'356,India,2518,'S2518,Sorghum and products,671,Protein supply quantity (t),2019,2019,t,293788.74,I,
100,'356,India,2518,'S2518,Sorghum and products,671,Protein supply quantity (t),2020,2020,t,333914.74,I,
100,'356,India,2518,'S2518,Sorghum and products,671,Protein supply quantity (t),2021,2021,t,335453.65,I,
100,'356,India,2518,'S2518,Sorghum and products,671,Protein supply quantity (t),2022,2022,t,339775.48,I,
100,'356,India,2518,'S2518,Sorghum and products,671,Protein supply quantity (t),2023,2023,t,291350.66,I,
100,'356,India,2518,'S2518,Sorghum and products,684,Fat supply quantity (g/capita/day),2010,2010,g/cap/d,0.32,E,
100,'356,India,2518,'S2518,Sorghum and products,684,Fat supply quantity (g/capita/day),2011,2011,g/cap/d,0.34,E,
100,'356,India,2518,'S2518,Sorghum and products,684,Fat supply quantity (g/capita/day),2012,2012,g/cap/d,0.31,E,
100,'356,India,2518,'S2518,Sorghum and products,684,Fat supply quantity (g/capita/day),2013,2013,g/cap/d,0.24,E,
100,'356,India,2518,'S2518,Sorghum and products,684,Fat supply quantity (g/capita/day),2014,2014,g/cap/d,0.26,E,
100,'356,India,2518,'S2518,Sorghum and products,684,Fat supply quantity (g/capita/day),2015,2015,g/cap/d,0.26,E,
100,'356,India,2518,'S2518,Sorghum and products,684,Fat supply quantity (g/capita/day),2016,2016,g/cap/d,0.19,E,
100,'356,India,2518,'S2518,Sorghum and products,684,Fat supply quantity (g/capita/day),2017,2017,g/cap/d,0.21,E,
100,'356,India,2518,'S2518,Sorghum and products,684,Fat supply quantity (g/capita/day),2018,2018,g/cap/d,0.22,E,
100,'356,India,2518,'S2518,Sorghum and products,684,Fat supply quantity (g/capita/day),2019,2019,g/cap/d,0.16,E,
100,'356,India,2518,'S2518,Sorghum and products,684,Fat supply quantity (g/capita/day),2020,2020,g/cap/d,0.17,E,
100,'356,India,2518,'S2518,Sorghum and products,684,Fat supply quantity (g/capita/day),2021,2021,g/cap/d,0.17,E,
100,'356,India,2518,'S2518,Sorghum and products,684,Fat supply quantity (g/capita/day),2022,2022,g/cap/d,0.18,E,
100,'356,India,2518,'S2518,Sorghum and products,684,Fat supply quantity (g/capita/day),2023,2023,g/cap/d,0.15,E,
100,'356,India,2518,'S2518,Sorghum and products,681,Fat supply quantity (t),2010,2010,t,146226.88,I,
100,'356,India,2518,'S2518,Sorghum and products,681,Fat supply quantity (t),2011,2011,t,155166.98,I,
100,'356,India,2518,'S2518,Sorghum and products,681,Fat supply quantity (t),2012,2012,t,143260,I,
100,'356,India,2518,'S2518,Sorghum and products,681,Fat supply quantity (t),2013,2013,t,112504.67,I,
100,'356,India,2518,'S2518,Sorghum and products,681,Fat supply quantity (t),2014,2014,t,125790.28,I,
100,'356,India,2518,'S2518,Sorghum and products,681,Fat supply quantity (t),2015,2015,t,124095.31,I,
100,'356,India,2518,'S2518,Sorghum and products,681,Fat supply quantity (t),2016,2016,t,95356.45,I,
100,'356,India,2518,'S2518,Sorghum and products,681,Fat supply quantity (t),2017,2017,t,104810.81,I,
100,'356,India,2518,'S2518,Sorghum and products,681,Fat supply quantity (t),2018,2018,t,108179.4,I,
100,'356,India,2518,'S2518,Sorghum and products,681,Fat supply quantity (t),2019,2019,t,78747.5,I,
100,'356,India,2518,'S2518,Sorghum and products,681,Fat supply quantity (t),2020,2020,t,89502.92,I,
100,'356,India,2518,'S2518,Sorghum and products,681,Fat supply quantity (t),2021,2021,t,89915.41,I,
100,'356,India,2518,'S2518,Sorghum and products,681,Fat supply quantity (t),2022,2022,t,91073.84,I,
100,'356,India,2518,'S2518,Sorghum and products,681,Fat supply quantity (t),2023,2023,t,78093.99,I,
100,'356,India,2520,'S2520,"Cereals, other",5511,Production,2010,2010,1000 t,106,I,
100,'356,India,2520,'S2520,"Cereals, other",5511,Production,2011,2011,1000 t,97,I,
100,'356,India,2520,'S2520,"Cereals, other",5511,Production,2012,2012,1000 t,98,I,
100,'356,India,2520,'S2520,"Cereals, other",5511,Production,2013,2013,1000 t,105,I,
100,'356,India,2520,'S2520,"Cereals, other",5511,Production,2014,2014,1000 t,12,I,
100,'356,India,2520,'S2520,"Cereals, other",5511,Production,2015,2015,1000 t,12,I,
100,'356,India,2520,'S2520,"Cereals, other",5511,Production,2016,2016,1000 t,13,I,
100,'356,India,2520,'S2520,"Cereals, other",5511,Production,2017,2017,1000 t,23,I,
100,'356,India,2520,'S2520,"Cereals, other",5511,Production,2018,2018,1000 t,26,I,
100,'356,India,2520,'S2520,"Cereals, other",5511,Production,2019,2019,1000 t,30,I,
100,'356,India,2520,'S2520,"Cereals, other",5511,Production,2020,2020,1000 t,31,I,
100,'356,India,2520,'S2520,"Cereals, other",5511,Production,2021,2021,1000 t,32,I,
100,'356,India,2520,'S2520,"Cereals, other",5511,Production,2022,2022,1000 t,30,I,
100,'356,India,2520,'S2520,"Cereals, other",5511,Production,2023,2023,1000 t,34,I,
100,'356,India,2520,'S2520,"Cereals, other",5611,Import quantity,2010,2010,1000 t,190,I,
100,'356,India,2520,'S2520,"Cereals, other",5611,Import quantity,2011,2011,1000 t,279,I,
100,'356,India,2520,'S2520,"Cereals, other",5611,Import quantity,2012,2012,1000 t,644,I,
100,'356,India,2520,'S2520,"Cereals, other",5611,Import quantity,2013,2013,1000 t,387,I,
100,'356,India,2520,'S2520,"Cereals, other",5611,Import quantity,2014,2014,1000 t,208,I,
100,'356,India,2520,'S2520,"Cereals, other",5611,Import quantity,2015,2015,1000 t,161,I,
100,'356,India,2520,'S2520,"Cereals, other",5611,Import quantity,2016,2016,1000 t,178,I,
100,'356,India,2520,'S2520,"Cereals, other",5611,Import quantity,2017,2017,1000 t,61,I,
100,'356,India,2520,'S2520,"Cereals, other",5611,Import quantity,2018,2018,1000 t,197,I,
100,'356,India,2520,'S2520,"Cereals, other",5611,Import quantity,2019,2019,1000 t,241,I,
100,'356,India,2520,'S2520,"Cereals, other",5611,Import quantity,2020,2020,1000 t,74,I,
100,'356,India,2520,'S2520,"Cereals, other",5611,Import quantity,2021,2021,1000 t,89,I,
100,'356,India,2520,'S2520,"Cereals, other",5611,Import quantity,2022,2022,1000 t,135,I,
100,'356,India,2520,'S2520,"Cereals, other",5611,Import quantity,2023,2023,1000 t,146,I,
100,'356,India,2520,'S2520,"Cereals, other",5072,Stock Variation,2010,2010,1000 t,0,I,
100,'356,India,2520,'S2520,"Cereals, other",5072,Stock Variation,2011,2011,1000 t,0,I,
100,'356,India,2520,'S2520,"Cereals, other",5072,Stock Variation,2012,2012,1000 t,0,I,
100,'356,India,2520,'S2520,"Cereals, other",5072,Stock Variation,2013,2013,1000 t,0,I,
100,'356,India,2520,'S2520,"Cereals, other",5072,Stock Variation,2014,2014,1000 t,5,I,
100,'356,India,2520,'S2520,"Cereals, other",5072,Stock Variation,2015,2015,1000 t,6,I,
100,'356,India,2520,'S2520,"Cereals, other",5072,Stock Variation,2016,2016,1000 t,-4,I,
100,'356,India,2520,'S2520,"Cereals, other",5072,Stock Variation,2017,2017,1000 t,0,I,
100,'356,India,2520,'S2520,"Cereals, other",5072,Stock Variation,2018,2018,1000 t,-8,I,
100,'356,India,2520,'S2520,"Cereals, other",5072,Stock Variation,2019,2019,1000 t,0,I,
100,'356,India,2520,'S2520,"Cereals, other",5072,Stock Variation,2020,2020,1000 t,0,I,
100,'356,India,2520,'S2520,"Cereals, other",5072,Stock Variation,2021,2021,1000 t,0,I,
100,'356,India,2520,'S2520,"Cereals, other",5072,Stock Variation,2022,2022,1000 t,0,I,
100,'356,India,2520,'S2520,"Cereals, other",5072,Stock Variation,2023,2023,1000 t,0,I,
100,'356,India,2520,'S2520,"Cereals, other",5911,Export quantity,2010,2010,1000 t,419,I,
100,'356,India,2520,'S2520,"Cereals, other",5911,Export quantity,2011,2011,1000 t,212,I,
100,'356,India,2520,'S2520,"Cereals, other",5911,Export quantity,2012,2012,1000 t,101,I,
100,'356,India,2520,'S2520,"Cereals, other",5911,Export quantity,2013,2013,1000 t,265,I,
100,'356,India,2520,'S2520,"Cereals, other",5911,Export quantity,2014,2014,1000 t,381,I,
100,'356,India,2520,'S2520,"Cereals, other",5911,Export quantity,2015,2015,1000 t,73,I,
100,'356,India,2520,'S2520,"Cereals, other",5911,Export quantity,2016,2016,1000 t,63,I,
100,'356,India,2520,'S2520,"Cereals, other",5911,Export quantity,2017,2017,1000 t,108,I,
100,'356,India,2520,'S2520,"Cereals, other",5911,Export quantity,2018,2018,1000 t,91,I,
100,'356,India,2520,'S2520,"Cereals, other",5911,Export quantity,2019,2019,1000 t,84,I,
100,'356,India,2520,'S2520,"Cereals, other",5911,Export quantity,2020,2020,1000 t,109,I,
100,'356,India,2520,'S2520,"Cereals, other",5911,Export quantity,2021,2021,1000 t,115,I,
100,'356,India,2520,'S2520,"Cereals, other",5911,Export quantity,2022,2022,1000 t,147,I,
100,'356,India,2520,'S2520,"Cereals, other",5911,Export quantity,2023,2023,1000 t,131,I,
100,'356,India,2520,'S2520,"Cereals, other",5301,Domestic supply quantity,2010,2010,1000 t,-124,I,
100,'356,India,2520,'S2520,"Cereals, other",5301,Domestic supply quantity,2011,2011,1000 t,164,I,
100,'356,India,2520,'S2520,"Cereals, other",5301,Domestic supply quantity,2012,2012,1000 t,641,I,
100,'356,India,2520,'S2520,"Cereals, other",5301,Domestic supply quantity,2013,2013,1000 t,227,I,
100,'356,India,2520,'S2520,"Cereals, other",5301,Domestic supply quantity,2014,2014,1000 t,-166,I,
100,'356,India,2520,'S2520,"Cereals, other",5301,Domestic supply quantity,2015,2015,1000 t,95,I,
100,'356,India,2520,'S2520,"Cereals, other",5301,Domestic supply quantity,2016,2016,1000 t,131,I,
100,'356,India,2520,'S2520,"Cereals, other",5301,Domestic supply quantity,2017,2017,1000 t,-23,I,
100,'356,India,2520,'S2520,"Cereals, other",5301,Domestic supply quantity,2018,2018,1000 t,140,I,
100,'356,India,2520,'S2520,"Cereals, other",5301,Domestic supply quantity,2019,2019,1000 t,187,I,
100,'356,India,2520,'S2520,"Cereals, other",5301,Domestic supply quantity,2020,2020,1000 t,-4,I,
100,'356,India,2520,'S2520,"Cereals, other",5301,Domestic supply quantity,2021,2021,1000 t,5,I,
100,'356,India,2520,'S2520,"Cereals, other",5301,Domestic supply quantity,2022,2022,1000 t,18,I,
100,'356,India,2520,'S2520,"Cereals, other",5301,Domestic supply quantity,2023,2023,1000 t,50,I,
100,'356,India,2520,'S2520,"Cereals, other",5521,Feed,2011,2011,1000 t,105,I,
100,'356,India,2520,'S2520,"Cereals, other",5521,Feed,2012,2012,1000 t,594,I,
100,'356,India,2520,'S2520,"Cereals, other",5521,Feed,2013,2013,1000 t,195,I,
100,'356,India,2520,'S2520,"Cereals, other",5521,Feed,2015,2015,1000 t,133,I,
100,'356,India,2520,'S2520,"Cereals, other",5521,Feed,2016,2016,1000 t,171,I,
100,'356,India,2520,'S2520,"Cereals, other",5521,Feed,2017,2017,1000 t,28,I,
100,'356,India,2520,'S2520,"Cereals, other",5521,Feed,2018,2018,1000 t,187,I,
100,'356,India,2520,'S2520,"Cereals, other",5521,Feed,2019,2019,1000 t,235,I,
100,'356,India,2520,'S2520,"Cereals, other",5521,Feed,2020,2020,1000 t,54,I,
100,'356,India,2520,'S2520,"Cereals, other",5521,Feed,2021,2021,1000 t,67,I,
100,'356,India,2520,'S2520,"Cereals, other",5521,Feed,2022,2022,1000 t,98,I,
100,'356,India,2520,'S2520,"Cereals, other",5521,Feed,2023,2023,1000 t,129,I,
100,'356,India,2520,'S2520,"Cereals, other",5170,Residuals,2010,2010,1000 t,-228,I,
100,'356,India,2520,'S2520,"Cereals, other",5170,Residuals,2011,2011,1000 t,-36,I,
100,'356,India,2520,'S2520,"Cereals, other",5170,Residuals,2012,2012,1000 t,-48,I,
100,'356,India,2520,'S2520,"Cereals, other",5170,Residuals,2013,2013,1000 t,-65,I,
100,'356,India,2520,'S2520,"Cereals, other",5170,Residuals,2014,2014,1000 t,-166,I,
100,'356,India,2520,'S2520,"Cereals, other",5170,Residuals,2015,2015,1000 t,-39,I,
100,'356,India,2520,'S2520,"Cereals, other",5170,Residuals,2016,2016,1000 t,-40,I,
100,'356,India,2520,'S2520,"Cereals, other",5170,Residuals,2017,2017,1000 t,-53,I,
100,'356,India,2520,'S2520,"Cereals, other",5170,Residuals,2018,2018,1000 t,-49,I,
100,'356,India,2520,'S2520,"Cereals, other",5170,Residuals,2019,2019,1000 t,-49,I,
100,'356,India,2520,'S2520,"Cereals, other",5170,Residuals,2020,2020,1000 t,-59,I,
100,'356,India,2520,'S2520,"Cereals, other",5170,Residuals,2021,2021,1000 t,-63,I,
100,'356,India,2520,'S2520,"Cereals, other",5170,Residuals,2022,2022,1000 t,-81,I,
100,'356,India,2520,'S2520,"Cereals, other",5170,Residuals,2023,2023,1000 t,-81,I,
100,'356,India,2520,'S2520,"Cereals, other",5142,Food,2010,2010,1000 t,104,I,
100,'356,India,2520,'S2520,"Cereals, other",5142,Food,2011,2011,1000 t,95,I,
100,'356,India,2520,'S2520,"Cereals, other",5142,Food,2012,2012,1000 t,95,I,
100,'356,India,2520,'S2520,"Cereals, other",5142,Food,2013,2013,1000 t,97,I,
100,'356,India,2520,'S2520,"Cereals, other",5142,Food,2014,2014,1000 t,0,I,
100,'356,India,2520,'S2520,"Cereals, other",5142,Food,2015,2015,1000 t,2,I,
100,'356,India,2520,'S2520,"Cereals, other",5142,Food,2016,2016,1000 t,0,I,
100,'356,India,2520,'S2520,"Cereals, other",5142,Food,2017,2017,1000 t,2,I,
100,'356,India,2520,'S2520,"Cereals, other",5142,Food,2018,2018,1000 t,2,I,
100,'356,India,2520,'S2520,"Cereals, other",5142,Food,2019,2019,1000 t,1,I,
100,'356,India,2520,'S2520,"Cereals, other",5142,Food,2020,2020,1000 t,1,I,
100,'356,India,2520,'S2520,"Cereals, other",5142,Food,2021,2021,1000 t,1,I,
100,'356,India,2520,'S2520,"Cereals, other",5142,Food,2022,2022,1000 t,1,I,
100,'356,India,2520,'S2520,"Cereals, other",5142,Food,2023,2023,1000 t,2,I,
100,'356,India,2520,'S2520,"Cereals, other",645,Food supply quantity (kg/capita/yr),2010,2010,kg/cap,0.08,E,
100,'356,India,2520,'S2520,"Cereals, other",645,Food supply quantity (kg/capita/yr),2011,2011,kg/cap,0.08,E,
100,'356,India,2520,'S2520,"Cereals, other",645,Food supply quantity (kg/capita/yr),2012,2012,kg/cap,0.07,E,
100,'356,India,2520,'S2520,"Cereals, other",645,Food supply quantity (kg/capita/yr),2013,2013,kg/cap,0.07,E,
100,'356,India,2520,'S2520,"Cereals, other",645,Food supply quantity (kg/capita/yr),2014,2014,kg/cap,0,E,
100,'356,India,2520,'S2520,"Cereals, other",645,Food supply quantity (kg/capita/yr),2015,2015,kg/cap,0,E,
100,'356,India,2520,'S2520,"Cereals, other",645,Food supply quantity (kg/capita/yr),2016,2016,kg/cap,0,E,
100,'356,India,2520,'S2520,"Cereals, other",645,Food supply quantity (kg/capita/yr),2017,2017,kg/cap,0,E,
100,'356,India,2520,'S2520,"Cereals, other",645,Food supply quantity (kg/capita/yr),2018,2018,kg/cap,0,E,
100,'356,India,2520,'S2520,"Cereals, other",645,Food supply quantity (kg/capita/yr),2019,2019,kg/cap,0,E,
100,'356,India,2520,'S2520,"Cereals, other",645,Food supply quantity (kg/capita/yr),2020,2020,kg/cap,0,E,
100,'356,India,2520,'S2520,"Cereals, other",645,Food supply quantity (kg/capita/yr),2021,2021,kg/cap,0,E,
100,'356,India,2520,'S2520,"Cereals, other",645,Food supply quantity (kg/capita/yr),2022,2022,kg/cap,0,E,
100,'356,India,2520,'S2520,"Cereals, other",645,Food supply quantity (kg/capita/yr),2023,2023,kg/cap,0,E,
100,'356,India,2520,'S2520,"Cereals, other",664,Food supply (kcal/capita/day),2010,2010,kcal/cap/d,0.84,E,
100,'356,India,2520,'S2520,"Cereals, other",664,Food supply (kcal/capita/day),2011,2011,kcal/cap/d,0.76,E,
100,'356,India,2520,'S2520,"Cereals, other",664,Food supply (kcal/capita/day),2012,2012,kcal/cap/d,0.75,E,
100,'356,India,2520,'S2520,"Cereals, other",664,Food supply (kcal/capita/day),2013,2013,kcal/cap/d,0.76,E,
100,'356,India,2520,'S2520,"Cereals, other",664,Food supply (kcal/capita/day),2014,2014,kcal/cap/d,0,E,
100,'356,India,2520,'S2520,"Cereals, other",664,Food supply (kcal/capita/day),2015,2015,kcal/cap/d,0.01,E,
100,'356,India,2520,'S2520,"Cereals, other",664,Food supply (kcal/capita/day),2016,2016,kcal/cap/d,0,E,
100,'356,India,2520,'S2520,"Cereals, other",664,Food supply (kcal/capita/day),2017,2017,kcal/cap/d,0.02,E,
100,'356,India,2520,'S2520,"Cereals, other",664,Food supply (kcal/capita/day),2018,2018,kcal/cap/d,0.01,E,
100,'356,India,2520,'S2520,"Cereals, other",664,Food supply (kcal/capita/day),2019,2019,kcal/cap/d,0.01,E,
100,'356,India,2520,'S2520,"Cereals, other",664,Food supply (kcal/capita/day),2020,2020,kcal/cap/d,0.01,E,
100,'356,India,2520,'S2520,"Cereals, other",664,Food supply (kcal/capita/day),2021,2021,kcal/cap/d,0.01,E,
100,'356,India,2520,'S2520,"Cereals, other",664,Food supply (kcal/capita/day),2022,2022,kcal/cap/d,0,E,
100,'356,India,2520,'S2520,"Cereals, other",664,Food supply (kcal/capita/day),2023,2023,kcal/cap/d,0.02,E,
100,'356,India,2520,'S2520,"Cereals, other",661,Food supply (kcal),2010,2010,million Kcal,382714.54,I,
100,'356,India,2520,'S2520,"Cereals, other",661,Food supply (kcal),2011,2011,million Kcal,351808.84,I,
100,'356,India,2520,'S2520,"Cereals, other",661,Food supply (kcal),2012,2012,million Kcal,349118.87,I,
100,'356,India,2520,'S2520,"Cereals, other",661,Food supply (kcal),2013,2013,million Kcal,358208.45,I,
100,'356,India,2520,'S2520,"Cereals, other",661,Food supply (kcal),2014,2014,million Kcal,169.45,I,
100,'356,India,2520,'S2520,"Cereals, other",661,Food supply (kcal),2015,2015,million Kcal,6267.62,I,
100,'356,India,2520,'S2520,"Cereals, other",661,Food supply (kcal),2016,2016,million Kcal,63.06,I,
100,'356,India,2520,'S2520,"Cereals, other",661,Food supply (kcal),2017,2017,million Kcal,7873.26,I,
100,'356,India,2520,'S2520,"Cereals, other",661,Food supply (kcal),2018,2018,million Kcal,6873.18,I,
100,'356,India,2520,'S2520,"Cereals, other",661,Food supply (kcal),2019,2019,million Kcal,4073.78,I,
100,'356,India,2520,'S2520,"Cereals, other",661,Food supply (kcal),2020,2020,million Kcal,2741.44,I,
100,'356,India,2520,'S2520,"Cereals, other",661,Food supply (kcal),2021,2021,million Kcal,3839.67,I,
100,'356,India,2520,'S2520,"Cereals, other",661,Food supply (kcal),2022,2022,million Kcal,2573.08,I,
100,'356,India,2520,'S2520,"Cereals, other",661,Food supply (kcal),2023,2023,million Kcal,8738.51,I,
100,'356,India,2520,'S2520,"Cereals, other",674,Protein supply quantity (g/capita/day),2010,2010,g/cap/d,0.02,E,
100,'356,India,2520,'S2520,"Cereals, other",674,Protein supply quantity (g/capita/day),2011,2011,g/cap/d,0.02,E,
100,'356,India,2520,'S2520,"Cereals, other",674,Protein supply quantity (g/capita/day),2012,2012,g/cap/d,0.02,E,
100,'356,India,2520,'S2520,"Cereals, other",674,Protein supply quantity (g/capita/day),2013,2013,g/cap/d,0.02,E,
100,'356,India,2520,'S2520,"Cereals, other",674,Protein supply quantity (g/capita/day),2014,2014,g/cap/d,0,E,
100,'356,India,2520,'S2520,"Cereals, other",674,Protein supply quantity (g/capita/day),2015,2015,g/cap/d,0,E,
100,'356,India,2520,'S2520,"Cereals, other",674,Protein supply quantity (g/capita/day),2016,2016,g/cap/d,0,E,
100,'356,India,2520,'S2520,"Cereals, other",674,Protein supply quantity (g/capita/day),2017,2017,g/cap/d,0,E,
100,'356,India,2520,'S2520,"Cereals, other",674,Protein supply quantity (g/capita/day),2018,2018,g/cap/d,0,E,
100,'356,India,2520,'S2520,"Cereals, other",674,Protein supply quantity (g/capita/day),2019,2019,g/cap/d,0,E,
100,'356,India,2520,'S2520,"Cereals, other",674,Protein supply quantity (g/capita/day),2020,2020,g/cap/d,0,E,
100,'356,India,2520,'S2520,"Cereals, other",674,Protein supply quantity (g/capita/day),2021,2021,g/cap/d,0,E,
100,'356,India,2520,'S2520,"Cereals, other",674,Protein supply quantity (g/capita/day),2022,2022,g/cap/d,0,E,
100,'356,India,2520,'S2520,"Cereals, other",674,Protein supply quantity (g/capita/day),2023,2023,g/cap/d,0,E,
100,'356,India,2520,'S2520,"Cereals, other",671,Protein supply quantity (t),2010,2010,t,8934.57,I,
100,'356,India,2520,'S2520,"Cereals, other",671,Protein supply quantity (t),2011,2011,t,8199.34,I,
100,'356,India,2520,'S2520,"Cereals, other",671,Protein supply quantity (t),2012,2012,t,8136.65,I,
100,'356,India,2520,'S2520,"Cereals, other",671,Protein supply quantity (t),2013,2013,t,8349.94,I,
100,'356,India,2520,'S2520,"Cereals, other",671,Protein supply quantity (t),2014,2014,t,6.45,I,
100,'356,India,2520,'S2520,"Cereals, other",671,Protein supply quantity (t),2015,2015,t,151.54,I,
100,'356,India,2520,'S2520,"Cereals, other",671,Protein supply quantity (t),2016,2016,t,2.4,I,
100,'356,India,2520,'S2520,"Cereals, other",671,Protein supply quantity (t),2017,2017,t,190.08,I,
100,'356,India,2520,'S2520,"Cereals, other",671,Protein supply quantity (t),2018,2018,t,160.74,I,
100,'356,India,2520,'S2520,"Cereals, other",671,Protein supply quantity (t),2019,2019,t,94.94,I,
100,'356,India,2520,'S2520,"Cereals, other",671,Protein supply quantity (t),2020,2020,t,63.89,I,
100,'356,India,2520,'S2520,"Cereals, other",671,Protein supply quantity (t),2021,2021,t,89.49,I,
100,'356,India,2520,'S2520,"Cereals, other",671,Protein supply quantity (t),2022,2022,t,59.97,I,
100,'356,India,2520,'S2520,"Cereals, other",671,Protein supply quantity (t),2023,2023,t,203.66,I,
100,'356,India,2520,'S2520,"Cereals, other",684,Fat supply quantity (g/capita/day),2010,2010,g/cap/d,0,E,
100,'356,India,2520,'S2520,"Cereals, other",684,Fat supply quantity (g/capita/day),2011,2011,g/cap/d,0,E,
100,'356,India,2520,'S2520,"Cereals, other",684,Fat supply quantity (g/capita/day),2012,2012,g/cap/d,0,E,
100,'356,India,2520,'S2520,"Cereals, other",684,Fat supply quantity (g/capita/day),2013,2013,g/cap/d,0,E,
100,'356,India,2520,'S2520,"Cereals, other",684,Fat supply quantity (g/capita/day),2014,2014,g/cap/d,0,E,
100,'356,India,2520,'S2520,"Cereals, other",684,Fat supply quantity (g/capita/day),2015,2015,g/cap/d,0,E,
100,'356,India,2520,'S2520,"Cereals, other",684,Fat supply quantity (g/capita/day),2016,2016,g/cap/d,0,E,
100,'356,India,2520,'S2520,"Cereals, other",684,Fat supply quantity (g/capita/day),2017,2017,g/cap/d,0,E,
100,'356,India,2520,'S2520,"Cereals, other",684,Fat supply quantity (g/capita/day),2018,2018,g/cap/d,0,E,
100,'356,India,2520,'S2520,"Cereals, other",684,Fat supply quantity (g/capita/day),2019,2019,g/cap/d,0,E,
100,'356,India,2520,'S2520,"Cereals, other",684,Fat supply quantity (g/capita/day),2020,2020,g/cap/d,0,E,
100,'356,India,2520,'S2520,"Cereals, other",684,Fat supply quantity (g/capita/day),2021,2021,g/cap/d,0,E,
100,'356,India,2520,'S2520,"Cereals, other",684,Fat supply quantity (g/capita/day),2022,2022,g/cap/d,0,E,
100,'356,India,2520,'S2520,"Cereals, other",684,Fat supply quantity (g/capita/day),2023,2023,g/cap/d,0,E,
100,'356,India,2520,'S2520,"Cereals, other",681,Fat supply quantity (t),2010,2010,t,1767.64,I,
100,'356,India,2520,'S2520,"Cereals, other",681,Fat supply quantity (t),2011,2011,t,1620.8,I,
100,'356,India,2520,'S2520,"Cereals, other",681,Fat supply quantity (t),2012,2012,t,1608.41,I,
100,'356,India,2520,'S2520,"Cereals, other",681,Fat supply quantity (t),2013,2013,t,1651.45,I,
100,'356,India,2520,'S2520,"Cereals, other",681,Fat supply quantity (t),2014,2014,t,2.79,I,
100,'356,India,2520,'S2520,"Cereals, other",681,Fat supply quantity (t),2015,2015,t,33.27,I,
100,'356,India,2520,'S2520,"Cereals, other",681,Fat supply quantity (t),2016,2016,t,1.04,I,
100,'356,India,2520,'S2520,"Cereals, other",681,Fat supply quantity (t),2017,2017,t,41.56,I,
100,'356,India,2520,'S2520,"Cereals, other",681,Fat supply quantity (t),2018,2018,t,32.11,I,
100,'356,India,2520,'S2520,"Cereals, other",681,Fat supply quantity (t),2019,2019,t,18.77,I,
100,'356,India,2520,'S2520,"Cereals, other",681,Fat supply quantity (t),2020,2020,t,12.63,I,
100,'356,India,2520,'S2520,"Cereals, other",681,Fat supply quantity (t),2021,2021,t,17.69,I,
100,'356,India,2520,'S2520,"Cereals, other",681,Fat supply quantity (t),2022,2022,t,11.85,I,
100,'356,India,2520,'S2520,"Cereals, other",681,Fat supply quantity (t),2023,2023,t,40.26,I,
100,'356,India,2907,'S2907,Starchy Roots,5511,Production,2010,2010,1000 t,45736,E,
100,'356,India,2907,'S2907,Starchy Roots,5511,Production,2011,2011,1000 t,51466,E,
100,'356,India,2907,'S2907,Starchy Roots,5511,Production,2012,2012,1000 t,51307,E,
100,'356,India,2907,'S2907,Starchy Roots,5511,Production,2013,2013,1000 t,53717,E,
100,'356,India,2907,'S2907,Starchy Roots,5511,Production,2014,2014,1000 t,55627,E,
100,'356,India,2907,'S2907,Starchy Roots,5511,Production,2015,2015,1000 t,53615,E,
100,'356,India,2907,'S2907,Starchy Roots,5511,Production,2016,2016,1000 t,49221,E,
100,'356,India,2907,'S2907,Starchy Roots,5511,Production,2017,2017,1000 t,54242,E,
100,'356,India,2907,'S2907,Starchy Roots,5511,Production,2018,2018,1000 t,57766,E,
100,'356,India,2907,'S2907,Starchy Roots,5511,Production,2019,2019,1000 t,56327,E,
100,'356,India,2907,'S2907,Starchy Roots,5511,Production,2020,2020,1000 t,55768,E,
100,'356,India,2907,'S2907,Starchy Roots,5511,Production,2021,2021,1000 t,62297,E,
100,'356,India,2907,'S2907,Starchy Roots,5511,Production,2022,2022,1000 t,63578,E,
100,'356,India,2907,'S2907,Starchy Roots,5511,Production,2023,2023,1000 t,67374,E,
100,'356,India,2907,'S2907,Starchy Roots,5611,Import quantity,2010,2010,1000 t,21,E,
100,'356,India,2907,'S2907,Starchy Roots,5611,Import quantity,2011,2011,1000 t,30,E,
100,'356,India,2907,'S2907,Starchy Roots,5611,Import quantity,2012,2012,1000 t,32,E,
100,'356,India,2907,'S2907,Starchy Roots,5611,Import quantity,2013,2013,1000 t,101,E,
100,'356,India,2907,'S2907,Starchy Roots,5611,Import quantity,2014,2014,1000 t,111,E,
100,'356,India,2907,'S2907,Starchy Roots,5611,Import quantity,2015,2015,1000 t,70,E,
100,'356,India,2907,'S2907,Starchy Roots,5611,Import quantity,2016,2016,1000 t,87,E,
100,'356,India,2907,'S2907,Starchy Roots,5611,Import quantity,2017,2017,1000 t,279,E,
100,'356,India,2907,'S2907,Starchy Roots,5611,Import quantity,2018,2018,1000 t,66,E,
100,'356,India,2907,'S2907,Starchy Roots,5611,Import quantity,2019,2019,1000 t,72,E,
100,'356,India,2907,'S2907,Starchy Roots,5611,Import quantity,2020,2020,1000 t,72,E,
100,'356,India,2907,'S2907,Starchy Roots,5611,Import quantity,2021,2021,1000 t,21,E,
100,'356,India,2907,'S2907,Starchy Roots,5611,Import quantity,2022,2022,1000 t,24,E,
100,'356,India,2907,'S2907,Starchy Roots,5611,Import quantity,2023,2023,1000 t,32,E,
100,'356,India,2907,'S2907,Starchy Roots,5072,Stock Variation,2010,2010,1000 t,-3247,E,
100,'356,India,2907,'S2907,Starchy Roots,5072,Stock Variation,2011,2011,1000 t,-244,E,
100,'356,India,2907,'S2907,Starchy Roots,5072,Stock Variation,2012,2012,1000 t,-1438,E,
100,'356,India,2907,'S2907,Starchy Roots,5072,Stock Variation,2013,2013,1000 t,413,E,
100,'356,India,2907,'S2907,Starchy Roots,5072,Stock Variation,2014,2014,1000 t,151,E,
100,'356,India,2907,'S2907,Starchy Roots,5072,Stock Variation,2015,2015,1000 t,34,E,
100,'356,India,2907,'S2907,Starchy Roots,5072,Stock Variation,2016,2016,1000 t,-3672,E,
100,'356,India,2907,'S2907,Starchy Roots,5072,Stock Variation,2017,2017,1000 t,-1167,E,
100,'356,India,2907,'S2907,Starchy Roots,5072,Stock Variation,2018,2018,1000 t,-410,E,
100,'356,India,2907,'S2907,Starchy Roots,5072,Stock Variation,2019,2019,1000 t,-1041,E,
100,'356,India,2907,'S2907,Starchy Roots,5072,Stock Variation,2020,2020,1000 t,-2406,E,
100,'356,India,2907,'S2907,Starchy Roots,5072,Stock Variation,2021,2021,1000 t,716,E,
100,'356,India,2907,'S2907,Starchy Roots,5072,Stock Variation,2022,2022,1000 t,158,E,
100,'356,India,2907,'S2907,Starchy Roots,5072,Stock Variation,2023,2023,1000 t,125,E,
100,'356,India,2907,'S2907,Starchy Roots,5911,Export quantity,2010,2010,1000 t,223,E,
100,'356,India,2907,'S2907,Starchy Roots,5911,Export quantity,2011,2011,1000 t,314,E,
100,'356,India,2907,'S2907,Starchy Roots,5911,Export quantity,2012,2012,1000 t,183,E,
100,'356,India,2907,'S2907,Starchy Roots,5911,Export quantity,2013,2013,1000 t,259,E,
100,'356,India,2907,'S2907,Starchy Roots,5911,Export quantity,2014,2014,1000 t,432,E,
100,'356,India,2907,'S2907,Starchy Roots,5911,Export quantity,2015,2015,1000 t,280,E,
100,'356,India,2907,'S2907,Starchy Roots,5911,Export quantity,2016,2016,1000 t,282,E,
100,'356,India,2907,'S2907,Starchy Roots,5911,Export quantity,2017,2017,1000 t,425,E,
100,'356,India,2907,'S2907,Starchy Roots,5911,Export quantity,2018,2018,1000 t,435,E,
100,'356,India,2907,'S2907,Starchy Roots,5911,Export quantity,2019,2019,1000 t,532,E,
100,'356,India,2907,'S2907,Starchy Roots,5911,Export quantity,2020,2020,1000 t,462,E,
100,'356,India,2907,'S2907,Starchy Roots,5911,Export quantity,2021,2021,1000 t,657,E,
100,'356,India,2907,'S2907,Starchy Roots,5911,Export quantity,2022,2022,1000 t,788,E,
100,'356,India,2907,'S2907,Starchy Roots,5911,Export quantity,2023,2023,1000 t,963,E,
100,'356,India,2907,'S2907,Starchy Roots,5301,Domestic supply quantity,2010,2010,1000 t,48781,E,
100,'356,India,2907,'S2907,Starchy Roots,5301,Domestic supply quantity,2011,2011,1000 t,51427,E,
100,'356,India,2907,'S2907,Starchy Roots,5301,Domestic supply quantity,2012,2012,1000 t,52594,E,
100,'356,India,2907,'S2907,Starchy Roots,5301,Domestic supply quantity,2013,2013,1000 t,53146,E,
100,'356,India,2907,'S2907,Starchy Roots,5301,Domestic supply quantity,2014,2014,1000 t,55155,E,
100,'356,India,2907,'S2907,Starchy Roots,5301,Domestic supply quantity,2015,2015,1000 t,53371,E,
100,'356,India,2907,'S2907,Starchy Roots,5301,Domestic supply quantity,2016,2016,1000 t,52698,E,
100,'356,India,2907,'S2907,Starchy Roots,5301,Domestic supply quantity,2017,2017,1000 t,55263,E,
100,'356,India,2907,'S2907,Starchy Roots,5301,Domestic supply quantity,2018,2018,1000 t,57808,E,
100,'356,India,2907,'S2907,Starchy Roots,5301,Domestic supply quantity,2019,2019,1000 t,56907,E,
100,'356,India,2907,'S2907,Starchy Roots,5301,Domestic supply quantity,2020,2020,1000 t,57785,E,
100,'356,India,2907,'S2907,Starchy Roots,5301,Domestic supply quantity,2021,2021,1000 t,60945,E,
100,'356,India,2907,'S2907,Starchy Roots,5301,Domestic supply quantity,2022,2022,1000 t,62656,E,
100,'356,India,2907,'S2907,Starchy Roots,5301,Domestic supply quantity,2023,2023,1000 t,66318,E,
100,'356,India,2907,'S2907,Starchy Roots,5521,Feed,2010,2010,1000 t,552,E,
100,'356,India,2907,'S2907,Starchy Roots,5521,Feed,2011,2011,1000 t,633,E,
100,'356,India,2907,'S2907,Starchy Roots,5521,Feed,2012,2012,1000 t,623,E,
100,'356,India,2907,'S2907,Starchy Roots,5521,Feed,2013,2013,1000 t,678,E,
100,'356,India,2907,'S2907,Starchy Roots,5521,Feed,2014,2014,1000 t,674,E,
100,'356,India,2907,'S2907,Starchy Roots,5521,Feed,2015,2015,1000 t,708,E,
100,'356,India,2907,'S2907,Starchy Roots,5521,Feed,2016,2016,1000 t,641,E,
100,'356,India,2907,'S2907,Starchy Roots,5521,Feed,2017,2017,1000 t,712,E,
100,'356,India,2907,'S2907,Starchy Roots,5521,Feed,2018,2018,1000 t,763,E,
100,'356,India,2907,'S2907,Starchy Roots,5521,Feed,2019,2019,1000 t,740,E,
100,'356,India,2907,'S2907,Starchy Roots,5521,Feed,2020,2020,1000 t,763,E,
100,'356,India,2907,'S2907,Starchy Roots,5521,Feed,2021,2021,1000 t,809,E,
100,'356,India,2907,'S2907,Starchy Roots,5521,Feed,2022,2022,1000 t,834,E,
100,'356,India,2907,'S2907,Starchy Roots,5521,Feed,2023,2023,1000 t,823,E,
100,'356,India,2907,'S2907,Starchy Roots,5527,Seed,2010,2010,1000 t,2686,E,
100,'356,India,2907,'S2907,Starchy Roots,5527,Seed,2011,2011,1000 t,3109,E,
100,'356,India,2907,'S2907,Starchy Roots,5527,Seed,2012,2012,1000 t,3047,E,
100,'356,India,2907,'S2907,Starchy Roots,5527,Seed,2013,2013,1000 t,3330,E,
100,'356,India,2907,'S2907,Starchy Roots,5527,Seed,2014,2014,1000 t,3407,E,
100,'356,India,2907,'S2907,Starchy Roots,5527,Seed,2015,2015,1000 t,3526,E,
100,'356,India,2907,'S2907,Starchy Roots,5527,Seed,2016,2016,1000 t,3189,E,
100,'356,India,2907,'S2907,Starchy Roots,5527,Seed,2017,2017,1000 t,3570,E,
100,'356,India,2907,'S2907,Starchy Roots,5527,Seed,2018,2018,1000 t,3768,E,
100,'356,India,2907,'S2907,Starchy Roots,5527,Seed,2019,2019,1000 t,3686,E,
100,'356,India,2907,'S2907,Starchy Roots,5527,Seed,2020,2020,1000 t,3566,E,
100,'356,India,2907,'S2907,Starchy Roots,5527,Seed,2021,2021,1000 t,3983,E,
100,'356,India,2907,'S2907,Starchy Roots,5527,Seed,2022,2022,1000 t,4126,E,
100,'356,India,2907,'S2907,Starchy Roots,5527,Seed,2023,2023,1000 t,4417,E,
100,'356,India,2907,'S2907,Starchy Roots,5123,Losses,2010,2010,1000 t,8797,E,
100,'356,India,2907,'S2907,Starchy Roots,5123,Losses,2011,2011,1000 t,10102,E,
100,'356,India,2907,'S2907,Starchy Roots,5123,Losses,2012,2012,1000 t,9944,E,
100,'356,India,2907,'S2907,Starchy Roots,5123,Losses,2013,2013,1000 t,10747,E,
100,'356,India,2907,'S2907,Starchy Roots,5123,Losses,2014,2014,1000 t,11034,E,
100,'356,India,2907,'S2907,Starchy Roots,5123,Losses,2015,2015,1000 t,11216,E,
100,'356,India,2907,'S2907,Starchy Roots,5123,Losses,2016,2016,1000 t,10189,E,
100,'356,India,2907,'S2907,Starchy Roots,5123,Losses,2017,2017,1000 t,11358,E,
100,'356,India,2907,'S2907,Starchy Roots,5123,Losses,2018,2018,1000 t,12000,E,
100,'356,India,2907,'S2907,Starchy Roots,5123,Losses,2019,2019,1000 t,11724,E,
100,'356,India,2907,'S2907,Starchy Roots,5123,Losses,2020,2020,1000 t,11991,E,
100,'356,India,2907,'S2907,Starchy Roots,5123,Losses,2021,2021,1000 t,12954,E,
100,'356,India,2907,'S2907,Starchy Roots,5123,Losses,2022,2022,1000 t,13525,E,
100,'356,India,2907,'S2907,Starchy Roots,5123,Losses,2023,2023,1000 t,14449,E,
100,'356,India,2907,'S2907,Starchy Roots,5131,Processing,2010,2010,1000 t,11,E,
100,'356,India,2907,'S2907,Starchy Roots,5131,Processing,2011,2011,1000 t,11,E,
100,'356,India,2907,'S2907,Starchy Roots,5131,Processing,2012,2012,1000 t,11,E,
100,'356,India,2907,'S2907,Starchy Roots,5131,Processing,2013,2013,1000 t,12,E,
100,'356,India,2907,'S2907,Starchy Roots,5131,Processing,2014,2014,1000 t,11,E,
100,'356,India,2907,'S2907,Starchy Roots,5131,Processing,2015,2015,1000 t,13,E,
100,'356,India,2907,'S2907,Starchy Roots,5131,Processing,2016,2016,1000 t,15,E,
100,'356,India,2907,'S2907,Starchy Roots,5131,Processing,2017,2017,1000 t,15,E,
100,'356,India,2907,'S2907,Starchy Roots,5131,Processing,2018,2018,1000 t,16,E,
100,'356,India,2907,'S2907,Starchy Roots,5131,Processing,2019,2019,1000 t,12,E,
100,'356,India,2907,'S2907,Starchy Roots,5131,Processing,2020,2020,1000 t,12,E,
100,'356,India,2907,'S2907,Starchy Roots,5131,Processing,2021,2021,1000 t,12,E,
100,'356,India,2907,'S2907,Starchy Roots,5131,Processing,2022,2022,1000 t,12,E,
100,'356,India,2907,'S2907,Starchy Roots,5131,Processing,2023,2023,1000 t,13,E,
100,'356,India,2907,'S2907,Starchy Roots,5154,Other uses (non-food),2010,2010,1000 t,5,E,
100,'356,India,2907,'S2907,Starchy Roots,5154,Other uses (non-food),2011,2011,1000 t,7,E,
100,'356,India,2907,'S2907,Starchy Roots,5154,Other uses (non-food),2012,2012,1000 t,8,E,
100,'356,India,2907,'S2907,Starchy Roots,5154,Other uses (non-food),2013,2013,1000 t,12,E,
100,'356,India,2907,'S2907,Starchy Roots,5154,Other uses (non-food),2014,2014,1000 t,32,E,
100,'356,India,2907,'S2907,Starchy Roots,5154,Other uses (non-food),2015,2015,1000 t,27,E,
100,'356,India,2907,'S2907,Starchy Roots,5154,Other uses (non-food),2016,2016,1000 t,16,E,
100,'356,India,2907,'S2907,Starchy Roots,5154,Other uses (non-food),2017,2017,1000 t,25,E,
100,'356,India,2907,'S2907,Starchy Roots,5154,Other uses (non-food),2018,2018,1000 t,25,E,
100,'356,India,2907,'S2907,Starchy Roots,5154,Other uses (non-food),2019,2019,1000 t,9,E,
100,'356,India,2907,'S2907,Starchy Roots,5154,Other uses (non-food),2020,2020,1000 t,22,E,
100,'356,India,2907,'S2907,Starchy Roots,5154,Other uses (non-food),2021,2021,1000 t,11,E,
100,'356,India,2907,'S2907,Starchy Roots,5170,Residuals,2010,2010,1000 t,-2,E,
100,'356,India,2907,'S2907,Starchy Roots,5170,Residuals,2011,2011,1000 t,-1,E,
100,'356,India,2907,'S2907,Starchy Roots,5170,Residuals,2012,2012,1000 t,-1,E,
100,'356,India,2907,'S2907,Starchy Roots,5170,Residuals,2013,2013,1000 t,-5,E,
100,'356,India,2907,'S2907,Starchy Roots,5170,Residuals,2014,2014,1000 t,-6,E,
100,'356,India,2907,'S2907,Starchy Roots,5170,Residuals,2015,2015,1000 t,-8,E,
100,'356,India,2907,'S2907,Starchy Roots,5170,Residuals,2016,2016,1000 t,-9,E,
100,'356,India,2907,'S2907,Starchy Roots,5170,Residuals,2017,2017,1000 t,-10,E,
100,'356,India,2907,'S2907,Starchy Roots,5170,Residuals,2018,2018,1000 t,-9,E,
100,'356,India,2907,'S2907,Starchy Roots,5170,Residuals,2019,2019,1000 t,-9,E,
100,'356,India,2907,'S2907,Starchy Roots,5170,Residuals,2020,2020,1000 t,-10,E,
100,'356,India,2907,'S2907,Starchy Roots,5170,Residuals,2021,2021,1000 t,-12,E,
100,'356,India,2907,'S2907,Starchy Roots,5170,Residuals,2022,2022,1000 t,-14,E,
100,'356,India,2907,'S2907,Starchy Roots,5170,Residuals,2023,2023,1000 t,-18,E,
100,'356,India,2907,'S2907,Starchy Roots,5142,Food,2010,2010,1000 t,36731,E,
100,'356,India,2907,'S2907,Starchy Roots,5142,Food,2011,2011,1000 t,37566,E,
100,'356,India,2907,'S2907,Starchy Roots,5142,Food,2012,2012,1000 t,38963,E,
100,'356,India,2907,'S2907,Starchy Roots,5142,Food,2013,2013,1000 t,38371,E,
100,'356,India,2907,'S2907,Starchy Roots,5142,Food,2014,2014,1000 t,40003,E,
100,'356,India,2907,'S2907,Starchy Roots,5142,Food,2015,2015,1000 t,37889,E,
100,'356,India,2907,'S2907,Starchy Roots,5142,Food,2016,2016,1000 t,38657,E,
100,'356,India,2907,'S2907,Starchy Roots,5142,Food,2017,2017,1000 t,39593,E,
100,'356,India,2907,'S2907,Starchy Roots,5142,Food,2018,2018,1000 t,41245,E,
100,'356,India,2907,'S2907,Starchy Roots,5142,Food,2019,2019,1000 t,40747,E,
100,'356,India,2907,'S2907,Starchy Roots,5142,Food,2020,2020,1000 t,41441,E,
100,'356,India,2907,'S2907,Starchy Roots,5142,Food,2021,2021,1000 t,43190,E,
100,'356,India,2907,'S2907,Starchy Roots,5142,Food,2022,2022,1000 t,44172,E,
100,'356,India,2907,'S2907,Starchy Roots,5142,Food,2023,2023,1000 t,46634,E,
100,'356,India,2907,'S2907,Starchy Roots,645,Food supply quantity (kg/capita/yr),2010,2010,kg/cap,29.54,E,
100,'356,India,2907,'S2907,Starchy Roots,645,Food supply quantity (kg/capita/yr),2011,2011,kg/cap,29.79,E,
100,'356,India,2907,'S2907,Starchy Roots,645,Food supply quantity (kg/capita/yr),2012,2012,kg/cap,30.47,E,
100,'356,India,2907,'S2907,Starchy Roots,645,Food supply quantity (kg/capita/yr),2013,2013,kg/cap,29.61,E,
100,'356,India,2907,'S2907,Starchy Roots,645,Food supply quantity (kg/capita/yr),2014,2014,kg/cap,30.48,E,
100,'356,India,2907,'S2907,Starchy Roots,645,Food supply quantity (kg/capita/yr),2015,2015,kg/cap,28.53,E,
100,'356,India,2907,'S2907,Starchy Roots,645,Food supply quantity (kg/capita/yr),2016,2016,kg/cap,28.76,E,
100,'356,India,2907,'S2907,Starchy Roots,645,Food supply quantity (kg/capita/yr),2017,2017,kg/cap,29.12,E,
100,'356,India,2907,'S2907,Starchy Roots,645,Food supply quantity (kg/capita/yr),2018,2018,kg/cap,30,E,
100,'356,India,2907,'S2907,Starchy Roots,645,Food supply quantity (kg/capita/yr),2019,2019,kg/cap,29.33,E,
100,'356,India,2907,'S2907,Starchy Roots,645,Food supply quantity (kg/capita/yr),2020,2020,kg/cap,29.55,E,
100,'356,India,2907,'S2907,Starchy Roots,645,Food supply quantity (kg/capita/yr),2021,2021,kg/cap,30.54,E,
100,'356,India,2907,'S2907,Starchy Roots,645,Food supply quantity (kg/capita/yr),2022,2022,kg/cap,30.99,E,
100,'356,India,2907,'S2907,Starchy Roots,645,Food supply quantity (kg/capita/yr),2023,2023,kg/cap,32.43,E,
100,'356,India,2907,'S2907,Starchy Roots,664,Food supply (kcal/capita/day),2010,2010,kcal/cap/d,56.5,E,
100,'356,India,2907,'S2907,Starchy Roots,664,Food supply (kcal/capita/day),2011,2011,kcal/cap/d,56.89,E,
100,'356,India,2907,'S2907,Starchy Roots,664,Food supply (kcal/capita/day),2012,2012,kcal/cap/d,58.34,E,
100,'356,India,2907,'S2907,Starchy Roots,664,Food supply (kcal/capita/day),2013,2013,kcal/cap/d,56.09,E,
100,'356,India,2907,'S2907,Starchy Roots,664,Food supply (kcal/capita/day),2014,2014,kcal/cap/d,57.92,E,
100,'356,India,2907,'S2907,Starchy Roots,664,Food supply (kcal/capita/day),2015,2015,kcal/cap/d,52.97,E,
100,'356,India,2907,'S2907,Starchy Roots,664,Food supply (kcal/capita/day),2016,2016,kcal/cap/d,53.49,E,
100,'356,India,2907,'S2907,Starchy Roots,664,Food supply (kcal/capita/day),2017,2017,kcal/cap/d,54.02,E,
100,'356,India,2907,'S2907,Starchy Roots,664,Food supply (kcal/capita/day),2018,2018,kcal/cap/d,55.9,E,
100,'356,India,2907,'S2907,Starchy Roots,664,Food supply (kcal/capita/day),2019,2019,kcal/cap/d,55.34,E,
100,'356,India,2907,'S2907,Starchy Roots,664,Food supply (kcal/capita/day),2020,2020,kcal/cap/d,56.32,E,
100,'356,India,2907,'S2907,Starchy Roots,664,Food supply (kcal/capita/day),2021,2021,kcal/cap/d,57.43,E,
100,'356,India,2907,'S2907,Starchy Roots,664,Food supply (kcal/capita/day),2022,2022,kcal/cap/d,57.84,E,
100,'356,India,2907,'S2907,Starchy Roots,664,Food supply (kcal/capita/day),2023,2023,kcal/cap/d,60.39,E,
100,'356,India,2907,'S2907,Starchy Roots,661,Food supply (kcal),2010,2010,million Kcal,25644228.77,E,
100,'356,India,2907,'S2907,Starchy Roots,661,Food supply (kcal),2011,2011,million Kcal,26189638.45,E,
100,'356,India,2907,'S2907,Starchy Roots,661,Food supply (kcal),2012,2012,million Kcal,27229331.23,E,
100,'356,India,2907,'S2907,Starchy Roots,661,Food supply (kcal),2013,2013,million Kcal,26530973.14,E,
100,'356,India,2907,'S2907,Starchy Roots,661,Food supply (kcal),2014,2014,million Kcal,27744621.31,E,
100,'356,India,2907,'S2907,Starchy Roots,661,Food supply (kcal),2015,2015,million Kcal,25673672.3,E,
100,'356,India,2907,'S2907,Starchy Roots,661,Food supply (kcal),2016,2016,million Kcal,26238290.69,E,
100,'356,India,2907,'S2907,Starchy Roots,661,Food supply (kcal),2017,2017,million Kcal,26808843.93,E,
100,'356,India,2907,'S2907,Starchy Roots,661,Food supply (kcal),2018,2018,million Kcal,28047690.41,E,
100,'356,India,2907,'S2907,Starchy Roots,661,Food supply (kcal),2019,2019,million Kcal,28055018.98,E,
100,'356,India,2907,'S2907,Starchy Roots,661,Food supply (kcal),2020,2020,million Kcal,28831659.73,E,
100,'356,India,2907,'S2907,Starchy Roots,661,Food supply (kcal),2021,2021,million Kcal,29642485.25,E,
100,'356,India,2907,'S2907,Starchy Roots,661,Food supply (kcal),2022,2022,million Kcal,30091474.7,E,
100,'356,India,2907,'S2907,Starchy Roots,661,Food supply (kcal),2023,2023,million Kcal,31696765.67,E,
100,'356,India,2907,'S2907,Starchy Roots,674,Protein supply quantity (g/capita/day),2010,2010,g/cap/d,1.06,E,
100,'356,India,2907,'S2907,Starchy Roots,674,Protein supply quantity (g/capita/day),2011,2011,g/cap/d,1.07,E,
100,'356,India,2907,'S2907,Starchy Roots,674,Protein supply quantity (g/capita/day),2012,2012,g/cap/d,1.09,E,
100,'356,India,2907,'S2907,Starchy Roots,674,Protein supply quantity (g/capita/day),2013,2013,g/cap/d,1.09,E,
100,'356,India,2907,'S2907,Starchy Roots,674,Protein supply quantity (g/capita/day),2014,2014,g/cap/d,1.11,E,
100,'356,India,2907,'S2907,Starchy Roots,674,Protein supply quantity (g/capita/day),2015,2015,g/cap/d,1.11,E,
100,'356,India,2907,'S2907,Starchy Roots,674,Protein supply quantity (g/capita/day),2016,2016,g/cap/d,1.12,E,
100,'356,India,2907,'S2907,Starchy Roots,674,Protein supply quantity (g/capita/day),2017,2017,g/cap/d,1.14,E,
100,'356,India,2907,'S2907,Starchy Roots,674,Protein supply quantity (g/capita/day),2018,2018,g/cap/d,1.16,E,
100,'356,India,2907,'S2907,Starchy Roots,674,Protein supply quantity (g/capita/day),2019,2019,g/cap/d,1.14,E,
100,'356,India,2907,'S2907,Starchy Roots,674,Protein supply quantity (g/capita/day),2020,2020,g/cap/d,1.13,E,
100,'356,India,2907,'S2907,Starchy Roots,674,Protein supply quantity (g/capita/day),2021,2021,g/cap/d,1.16,E,
100,'356,India,2907,'S2907,Starchy Roots,674,Protein supply quantity (g/capita/day),2022,2022,g/cap/d,1.19,E,
100,'356,India,2907,'S2907,Starchy Roots,674,Protein supply quantity (g/capita/day),2023,2023,g/cap/d,1.26,E,
100,'356,India,2907,'S2907,Starchy Roots,671,Protein supply quantity (t),2010,2010,t,480267.92,E,
100,'356,India,2907,'S2907,Starchy Roots,671,Protein supply quantity (t),2011,2011,t,492980.23,E,
100,'356,India,2907,'S2907,Starchy Roots,671,Protein supply quantity (t),2012,2012,t,507198.19,E,
100,'356,India,2907,'S2907,Starchy Roots,671,Protein supply quantity (t),2013,2013,t,514250.39,E,
100,'356,India,2907,'S2907,Starchy Roots,671,Protein supply quantity (t),2014,2014,t,529450.9,E,
100,'356,India,2907,'S2907,Starchy Roots,671,Protein supply quantity (t),2015,2015,t,538785.17,E,
100,'356,India,2907,'S2907,Starchy Roots,671,Protein supply quantity (t),2016,2016,t,549860.45,E,
100,'356,India,2907,'S2907,Starchy Roots,671,Protein supply quantity (t),2017,2017,t,563669.62,E,
100,'356,India,2907,'S2907,Starchy Roots,671,Protein supply quantity (t),2018,2018,t,584059.72,E,
100,'356,India,2907,'S2907,Starchy Roots,671,Protein supply quantity (t),2019,2019,t,578991.33,E,
100,'356,India,2907,'S2907,Starchy Roots,671,Protein supply quantity (t),2020,2020,t,579590.49,E,
100,'356,India,2907,'S2907,Starchy Roots,671,Protein supply quantity (t),2021,2021,t,596744.09,E,
100,'356,India,2907,'S2907,Starchy Roots,671,Protein supply quantity (t),2022,2022,t,619211.16,E,
100,'356,India,2907,'S2907,Starchy Roots,671,Protein supply quantity (t),2023,2023,t,661335.39,E,
100,'356,India,2907,'S2907,Starchy Roots,684,Fat supply quantity (g/capita/day),2010,2010,g/cap/d,0.08,E,
100,'356,India,2907,'S2907,Starchy Roots,684,Fat supply quantity (g/capita/day),2011,2011,g/cap/d,0.08,E,
100,'356,India,2907,'S2907,Starchy Roots,684,Fat supply quantity (g/capita/day),2012,2012,g/cap/d,0.08,E,
100,'356,India,2907,'S2907,Starchy Roots,684,Fat supply quantity (g/capita/day),2013,2013,g/cap/d,0.08,E,
100,'356,India,2907,'S2907,Starchy Roots,684,Fat supply quantity (g/capita/day),2014,2014,g/cap/d,0.08,E,
100,'356,India,2907,'S2907,Starchy Roots,684,Fat supply quantity (g/capita/day),2015,2015,g/cap/d,0.07,E,
100,'356,India,2907,'S2907,Starchy Roots,684,Fat supply quantity (g/capita/day),2016,2016,g/cap/d,0.08,E,
100,'356,India,2907,'S2907,Starchy Roots,684,Fat supply quantity (g/capita/day),2017,2017,g/cap/d,0.08,E,
100,'356,India,2907,'S2907,Starchy Roots,684,Fat supply quantity (g/capita/day),2018,2018,g/cap/d,0.08,E,
100,'356,India,2907,'S2907,Starchy Roots,684,Fat supply quantity (g/capita/day),2019,2019,g/cap/d,0.08,E,
100,'356,India,2907,'S2907,Starchy Roots,684,Fat supply quantity (g/capita/day),2020,2020,g/cap/d,0.08,E,
100,'356,India,2907,'S2907,Starchy Roots,684,Fat supply quantity (g/capita/day),2021,2021,g/cap/d,0.08,E,
100,'356,India,2907,'S2907,Starchy Roots,684,Fat supply quantity (g/capita/day),2022,2022,g/cap/d,0.08,E,
100,'356,India,2907,'S2907,Starchy Roots,684,Fat supply quantity (g/capita/day),2023,2023,g/cap/d,0.08,E,
100,'356,India,2907,'S2907,Starchy Roots,681,Fat supply quantity (t),2010,2010,t,36382.54,E,
100,'356,India,2907,'S2907,Starchy Roots,681,Fat supply quantity (t),2011,2011,t,37045.94,E,
100,'356,India,2907,'S2907,Starchy Roots,681,Fat supply quantity (t),2012,2012,t,38715.85,E,
100,'356,India,2907,'S2907,Starchy Roots,681,Fat supply quantity (t),2013,2013,t,37499.96,E,
100,'356,India,2907,'S2907,Starchy Roots,681,Fat supply quantity (t),2014,2014,t,39066.44,E,
100,'356,India,2907,'S2907,Starchy Roots,681,Fat supply quantity (t),2015,2015,t,36352.94,E,
100,'356,India,2907,'S2907,Starchy Roots,681,Fat supply quantity (t),2016,2016,t,37315.33,E,
100,'356,India,2907,'S2907,Starchy Roots,681,Fat supply quantity (t),2017,2017,t,37971.84,E,
100,'356,India,2907,'S2907,Starchy Roots,681,Fat supply quantity (t),2018,2018,t,39895.53,E,
100,'356,India,2907,'S2907,Starchy Roots,681,Fat supply quantity (t),2019,2019,t,39475.94,E,
100,'356,India,2907,'S2907,Starchy Roots,681,Fat supply quantity (t),2020,2020,t,40515.29,E,
100,'356,India,2907,'S2907,Starchy Roots,681,Fat supply quantity (t),2021,2021,t,41622.49,E,
100,'356,India,2907,'S2907,Starchy Roots,681,Fat supply quantity (t),2022,2022,t,42282.95,E,
100,'356,India,2907,'S2907,Starchy Roots,681,Fat supply quantity (t),2023,2023,t,44504.35,E,
100,'356,India,2532,'S2532,Cassava and products,5511,Production,2010,2010,1000 t,8060,I,
100,'356,India,2532,'S2532,Cassava and products,5511,Production,2011,2011,1000 t,8076,I,
100,'356,India,2532,'S2532,Cassava and products,5511,Production,2012,2012,1000 t,8747,I,
100,'356,India,2532,'S2532,Cassava and products,5511,Production,2013,2013,1000 t,7237,I,
100,'356,India,2532,'S2532,Cassava and products,5511,Production,2014,2014,1000 t,8139,I,
100,'356,India,2532,'S2532,Cassava and products,5511,Production,2015,2015,1000 t,4373,I,
100,'356,India,2532,'S2532,Cassava and products,5511,Production,2016,2016,1000 t,4344,I,
100,'356,India,2532,'S2532,Cassava and products,5511,Production,2017,2017,1000 t,4171,I,
100,'356,India,2532,'S2532,Cassava and products,5511,Production,2018,2018,1000 t,4950,I,
100,'356,India,2532,'S2532,Cassava and products,5511,Production,2019,2019,1000 t,4976,I,
100,'356,India,2532,'S2532,Cassava and products,5511,Production,2020,2020,1000 t,6060,I,
100,'356,India,2532,'S2532,Cassava and products,5511,Production,2021,2021,1000 t,6941,I,
100,'356,India,2532,'S2532,Cassava and products,5511,Production,2022,2022,1000 t,6213,I,
100,'356,India,2532,'S2532,Cassava and products,5511,Production,2023,2023,1000 t,5938,I,
100,'356,India,2532,'S2532,Cassava and products,5611,Import quantity,2010,2010,1000 t,4,I,
100,'356,India,2532,'S2532,Cassava and products,5611,Import quantity,2011,2011,1000 t,9,I,
100,'356,India,2532,'S2532,Cassava and products,5611,Import quantity,2012,2012,1000 t,10,I,
100,'356,India,2532,'S2532,Cassava and products,5611,Import quantity,2013,2013,1000 t,79,I,
100,'356,India,2532,'S2532,Cassava and products,5611,Import quantity,2014,2014,1000 t,74,I,
100,'356,India,2532,'S2532,Cassava and products,5611,Import quantity,2015,2015,1000 t,33,I,
100,'356,India,2532,'S2532,Cassava and products,5611,Import quantity,2016,2016,1000 t,63,I,
100,'356,India,2532,'S2532,Cassava and products,5611,Import quantity,2017,2017,1000 t,247,I,
100,'356,India,2532,'S2532,Cassava and products,5611,Import quantity,2018,2018,1000 t,35,I,
100,'356,India,2532,'S2532,Cassava and products,5611,Import quantity,2019,2019,1000 t,58,I,
100,'356,India,2532,'S2532,Cassava and products,5611,Import quantity,2020,2020,1000 t,46,I,
100,'356,India,2532,'S2532,Cassava and products,5611,Import quantity,2021,2021,1000 t,2,I,
100,'356,India,2532,'S2532,Cassava and products,5611,Import quantity,2022,2022,1000 t,1,I,
100,'356,India,2532,'S2532,Cassava and products,5611,Import quantity,2023,2023,1000 t,9,I,
100,'356,India,2532,'S2532,Cassava and products,5072,Stock Variation,2010,2010,1000 t,0,I,
100,'356,India,2532,'S2532,Cassava and products,5072,Stock Variation,2011,2011,1000 t,0,I,
100,'356,India,2532,'S2532,Cassava and products,5072,Stock Variation,2012,2012,1000 t,1,I,
100,'356,India,2532,'S2532,Cassava and products,5072,Stock Variation,2013,2013,1000 t,39,I,
100,'356,India,2532,'S2532,Cassava and products,5072,Stock Variation,2014,2014,1000 t,0,I,
100,'356,India,2532,'S2532,Cassava and products,5072,Stock Variation,2015,2015,1000 t,0,I,
100,'356,India,2532,'S2532,Cassava and products,5072,Stock Variation,2016,2016,1000 t,0,I,
100,'356,India,2532,'S2532,Cassava and products,5072,Stock Variation,2017,2017,1000 t,0,I,
100,'356,India,2532,'S2532,Cassava and products,5072,Stock Variation,2018,2018,1000 t,0,I,
100,'356,India,2532,'S2532,Cassava and products,5072,Stock Variation,2019,2019,1000 t,0,I,
100,'356,India,2532,'S2532,Cassava and products,5072,Stock Variation,2020,2020,1000 t,0,I,
100,'356,India,2532,'S2532,Cassava and products,5072,Stock Variation,2021,2021,1000 t,0,I,
100,'356,India,2532,'S2532,Cassava and products,5072,Stock Variation,2022,2022,1000 t,5,I,
100,'356,India,2532,'S2532,Cassava and products,5072,Stock Variation,2023,2023,1000 t,0,I,
100,'356,India,2532,'S2532,Cassava and products,5911,Export quantity,2010,2010,1000 t,11,I,
100,'356,India,2532,'S2532,Cassava and products,5911,Export quantity,2011,2011,1000 t,14,I,
100,'356,India,2532,'S2532,Cassava and products,5911,Export quantity,2012,2012,1000 t,17,I,
100,'356,India,2532,'S2532,Cassava and products,5911,Export quantity,2013,2013,1000 t,21,I,
100,'356,India,2532,'S2532,Cassava and products,5911,Export quantity,2014,2014,1000 t,19,I,
100,'356,India,2532,'S2532,Cassava and products,5911,Export quantity,2015,2015,1000 t,15,I,
100,'356,India,2532,'S2532,Cassava and products,5911,Export quantity,2016,2016,1000 t,19,I,
100,'356,India,2532,'S2532,Cassava and products,5911,Export quantity,2017,2017,1000 t,22,I,
100,'356,India,2532,'S2532,Cassava and products,5911,Export quantity,2018,2018,1000 t,31,I,
100,'356,India,2532,'S2532,Cassava and products,5911,Export quantity,2019,2019,1000 t,28,I,
100,'356,India,2532,'S2532,Cassava and products,5911,Export quantity,2020,2020,1000 t,37,I,
100,'356,India,2532,'S2532,Cassava and products,5911,Export quantity,2021,2021,1000 t,94,I,
100,'356,India,2532,'S2532,Cassava and products,5911,Export quantity,2022,2022,1000 t,100,I,
100,'356,India,2532,'S2532,Cassava and products,5911,Export quantity,2023,2023,1000 t,91,I,
100,'356,India,2532,'S2532,Cassava and products,5301,Domestic supply quantity,2010,2010,1000 t,8053,I,
100,'356,India,2532,'S2532,Cassava and products,5301,Domestic supply quantity,2011,2011,1000 t,8072,I,
100,'356,India,2532,'S2532,Cassava and products,5301,Domestic supply quantity,2012,2012,1000 t,8739,I,
100,'356,India,2532,'S2532,Cassava and products,5301,Domestic supply quantity,2013,2013,1000 t,7255,I,
100,'356,India,2532,'S2532,Cassava and products,5301,Domestic supply quantity,2014,2014,1000 t,8194,I,
100,'356,India,2532,'S2532,Cassava and products,5301,Domestic supply quantity,2015,2015,1000 t,4391,I,
100,'356,India,2532,'S2532,Cassava and products,5301,Domestic supply quantity,2016,2016,1000 t,4388,I,
100,'356,India,2532,'S2532,Cassava and products,5301,Domestic supply quantity,2017,2017,1000 t,4395,I,
100,'356,India,2532,'S2532,Cassava and products,5301,Domestic supply quantity,2018,2018,1000 t,4954,I,
100,'356,India,2532,'S2532,Cassava and products,5301,Domestic supply quantity,2019,2019,1000 t,5006,I,
100,'356,India,2532,'S2532,Cassava and products,5301,Domestic supply quantity,2020,2020,1000 t,6069,I,
100,'356,India,2532,'S2532,Cassava and products,5301,Domestic supply quantity,2021,2021,1000 t,6849,I,
100,'356,India,2532,'S2532,Cassava and products,5301,Domestic supply quantity,2022,2022,1000 t,6110,I,
100,'356,India,2532,'S2532,Cassava and products,5301,Domestic supply quantity,2023,2023,1000 t,5856,I,
100,'356,India,2532,'S2532,Cassava and products,5521,Feed,2010,2010,1000 t,5,I,
100,'356,India,2532,'S2532,Cassava and products,5521,Feed,2011,2011,1000 t,5,I,
100,'356,India,2532,'S2532,Cassava and products,5521,Feed,2012,2012,1000 t,5,I,
100,'356,India,2532,'S2532,Cassava and products,5521,Feed,2013,2013,1000 t,5,I,
100,'356,India,2532,'S2532,Cassava and products,5521,Feed,2014,2014,1000 t,0,I,
100,'356,India,2532,'S2532,Cassava and products,5521,Feed,2015,2015,1000 t,0,I,
100,'356,India,2532,'S2532,Cassava and products,5521,Feed,2016,2016,1000 t,0,I,
100,'356,India,2532,'S2532,Cassava and products,5521,Feed,2017,2017,1000 t,0,I,
100,'356,India,2532,'S2532,Cassava and products,5521,Feed,2018,2018,1000 t,16,I,
100,'356,India,2532,'S2532,Cassava and products,5521,Feed,2019,2019,1000 t,13,I,
100,'356,India,2532,'S2532,Cassava and products,5521,Feed,2020,2020,1000 t,56,I,
100,'356,India,2532,'S2532,Cassava and products,5521,Feed,2021,2021,1000 t,32,I,
100,'356,India,2532,'S2532,Cassava and products,5521,Feed,2022,2022,1000 t,38,I,
100,'356,India,2532,'S2532,Cassava and products,5521,Feed,2023,2023,1000 t,37,I,
100,'356,India,2532,'S2532,Cassava and products,5123,Losses,2010,2010,1000 t,413,I,
100,'356,India,2532,'S2532,Cassava and products,5123,Losses,2011,2011,1000 t,414,I,
100,'356,India,2532,'S2532,Cassava and products,5123,Losses,2012,2012,1000 t,448,I,
100,'356,India,2532,'S2532,Cassava and products,5123,Losses,2013,2013,1000 t,371,I,
100,'356,India,2532,'S2532,Cassava and products,5123,Losses,2014,2014,1000 t,422,I,
100,'356,India,2532,'S2532,Cassava and products,5123,Losses,2015,2015,1000 t,227,I,
100,'356,India,2532,'S2532,Cassava and products,5123,Losses,2016,2016,1000 t,225,I,
100,'356,India,2532,'S2532,Cassava and products,5123,Losses,2017,2017,1000 t,216,I,
100,'356,India,2532,'S2532,Cassava and products,5123,Losses,2018,2018,1000 t,241,I,
100,'356,India,2532,'S2532,Cassava and products,5123,Losses,2019,2019,1000 t,245,I,
100,'356,India,2532,'S2532,Cassava and products,5123,Losses,2020,2020,1000 t,258,I,
100,'356,India,2532,'S2532,Cassava and products,5123,Losses,2021,2021,1000 t,328,I,
100,'356,India,2532,'S2532,Cassava and products,5123,Losses,2022,2022,1000 t,284,I,
100,'356,India,2532,'S2532,Cassava and products,5123,Losses,2023,2023,1000 t,271,I,
100,'356,India,2532,'S2532,Cassava and products,5131,Processing,2010,2010,1000 t,0,I,
100,'356,India,2532,'S2532,Cassava and products,5131,Processing,2011,2011,1000 t,0,I,
100,'356,India,2532,'S2532,Cassava and products,5131,Processing,2012,2012,1000 t,0,I,
100,'356,India,2532,'S2532,Cassava and products,5131,Processing,2013,2013,1000 t,0,I,
100,'356,India,2532,'S2532,Cassava and products,5170,Residuals,2010,2010,1000 t,0,I,
100,'356,India,2532,'S2532,Cassava and products,5170,Residuals,2011,2011,1000 t,0,I,
100,'356,India,2532,'S2532,Cassava and products,5170,Residuals,2012,2012,1000 t,0,I,
100,'356,India,2532,'S2532,Cassava and products,5170,Residuals,2013,2013,1000 t,0,I,
100,'356,India,2532,'S2532,Cassava and products,5170,Residuals,2014,2014,1000 t,0,I,
100,'356,India,2532,'S2532,Cassava and products,5170,Residuals,2015,2015,1000 t,0,I,
100,'356,India,2532,'S2532,Cassava and products,5170,Residuals,2016,2016,1000 t,0,I,
100,'356,India,2532,'S2532,Cassava and products,5170,Residuals,2017,2017,1000 t,0,I,
100,'356,India,2532,'S2532,Cassava and products,5170,Residuals,2018,2018,1000 t,0,I,
100,'356,India,2532,'S2532,Cassava and products,5170,Residuals,2019,2019,1000 t,0,I,
100,'356,India,2532,'S2532,Cassava and products,5170,Residuals,2020,2020,1000 t,0,I,
100,'356,India,2532,'S2532,Cassava and products,5170,Residuals,2021,2021,1000 t,0,I,
100,'356,India,2532,'S2532,Cassava and products,5170,Residuals,2022,2022,1000 t,0,I,
100,'356,India,2532,'S2532,Cassava and products,5170,Residuals,2023,2023,1000 t,0,I,
100,'356,India,2532,'S2532,Cassava and products,5142,Food,2010,2010,1000 t,7635,I,
100,'356,India,2532,'S2532,Cassava and products,5142,Food,2011,2011,1000 t,7653,I,
100,'356,India,2532,'S2532,Cassava and products,5142,Food,2012,2012,1000 t,8286,I,
100,'356,India,2532,'S2532,Cassava and products,5142,Food,2013,2013,1000 t,6880,I,
100,'356,India,2532,'S2532,Cassava and products,5142,Food,2014,2014,1000 t,7772,I,
100,'356,India,2532,'S2532,Cassava and products,5142,Food,2015,2015,1000 t,4164,I,
100,'356,India,2532,'S2532,Cassava and products,5142,Food,2016,2016,1000 t,4163,I,
100,'356,India,2532,'S2532,Cassava and products,5142,Food,2017,2017,1000 t,4179,I,
100,'356,India,2532,'S2532,Cassava and products,5142,Food,2018,2018,1000 t,4697,I,
100,'356,India,2532,'S2532,Cassava and products,5142,Food,2019,2019,1000 t,4748,I,
100,'356,India,2532,'S2532,Cassava and products,5142,Food,2020,2020,1000 t,5755,I,
100,'356,India,2532,'S2532,Cassava and products,5142,Food,2021,2021,1000 t,6489,I,
100,'356,India,2532,'S2532,Cassava and products,5142,Food,2022,2022,1000 t,5788,I,
100,'356,India,2532,'S2532,Cassava and products,5142,Food,2023,2023,1000 t,5548,I,
100,'356,India,2532,'S2532,Cassava and products,645,Food supply quantity (kg/capita/yr),2010,2010,kg/cap,6.14,E,
100,'356,India,2532,'S2532,Cassava and products,645,Food supply quantity (kg/capita/yr),2011,2011,kg/cap,6.07,E,
100,'356,India,2532,'S2532,Cassava and products,645,Food supply quantity (kg/capita/yr),2012,2012,kg/cap,6.48,E,
100,'356,India,2532,'S2532,Cassava and products,645,Food supply quantity (kg/capita/yr),2013,2013,kg/cap,5.31,E,
100,'356,India,2532,'S2532,Cassava and products,645,Food supply quantity (kg/capita/yr),2014,2014,kg/cap,5.92,E,
100,'356,India,2532,'S2532,Cassava and products,645,Food supply quantity (kg/capita/yr),2015,2015,kg/cap,3.14,E,
100,'356,India,2532,'S2532,Cassava and products,645,Food supply quantity (kg/capita/yr),2016,2016,kg/cap,3.1,E,
100,'356,India,2532,'S2532,Cassava and products,645,Food supply quantity (kg/capita/yr),2017,2017,kg/cap,3.07,E,
100,'356,India,2532,'S2532,Cassava and products,645,Food supply quantity (kg/capita/yr),2018,2018,kg/cap,3.42,E,
100,'356,India,2532,'S2532,Cassava and products,645,Food supply quantity (kg/capita/yr),2019,2019,kg/cap,3.42,E,
100,'356,India,2532,'S2532,Cassava and products,645,Food supply quantity (kg/capita/yr),2020,2020,kg/cap,4.1,E,
100,'356,India,2532,'S2532,Cassava and products,645,Food supply quantity (kg/capita/yr),2021,2021,kg/cap,4.59,E,
100,'356,India,2532,'S2532,Cassava and products,645,Food supply quantity (kg/capita/yr),2022,2022,kg/cap,4.06,E,
100,'356,India,2532,'S2532,Cassava and products,645,Food supply quantity (kg/capita/yr),2023,2023,kg/cap,3.86,E,
100,'356,India,2532,'S2532,Cassava and products,664,Food supply (kcal/capita/day),2010,2010,kcal/cap/d,14.43,E,
100,'356,India,2532,'S2532,Cassava and products,664,Food supply (kcal/capita/day),2011,2011,kcal/cap/d,14.26,E,
100,'356,India,2532,'S2532,Cassava and products,664,Food supply (kcal/capita/day),2012,2012,kcal/cap/d,15.23,E,
100,'356,India,2532,'S2532,Cassava and products,664,Food supply (kcal/capita/day),2013,2013,kcal/cap/d,12.42,E,
100,'356,India,2532,'S2532,Cassava and products,664,Food supply (kcal/capita/day),2014,2014,kcal/cap/d,13.89,E,
100,'356,India,2532,'S2532,Cassava and products,664,Food supply (kcal/capita/day),2015,2015,kcal/cap/d,7.35,E,
100,'356,India,2532,'S2532,Cassava and products,664,Food supply (kcal/capita/day),2016,2016,kcal/cap/d,7.25,E,
100,'356,India,2532,'S2532,Cassava and products,664,Food supply (kcal/capita/day),2017,2017,kcal/cap/d,7.13,E,
100,'356,India,2532,'S2532,Cassava and products,664,Food supply (kcal/capita/day),2018,2018,kcal/cap/d,8.02,E,
100,'356,India,2532,'S2532,Cassava and products,664,Food supply (kcal/capita/day),2019,2019,kcal/cap/d,8.88,E,
100,'356,India,2532,'S2532,Cassava and products,664,Food supply (kcal/capita/day),2020,2020,kcal/cap/d,10.67,E,
100,'356,India,2532,'S2532,Cassava and products,664,Food supply (kcal/capita/day),2021,2021,kcal/cap/d,10.8,E,
100,'356,India,2532,'S2532,Cassava and products,664,Food supply (kcal/capita/day),2022,2022,kcal/cap/d,9.56,E,
100,'356,India,2532,'S2532,Cassava and products,664,Food supply (kcal/capita/day),2023,2023,kcal/cap/d,9.08,E,
100,'356,India,2532,'S2532,Cassava and products,661,Food supply (kcal),2010,2010,million Kcal,6548710.72,I,
100,'356,India,2532,'S2532,Cassava and products,661,Food supply (kcal),2011,2011,million Kcal,6563561.72,I,
100,'356,India,2532,'S2532,Cassava and products,661,Food supply (kcal),2012,2012,million Kcal,7107148.21,I,
100,'356,India,2532,'S2532,Cassava and products,661,Food supply (kcal),2013,2013,million Kcal,5874950.45,I,
100,'356,India,2532,'S2532,Cassava and products,661,Food supply (kcal),2014,2014,million Kcal,6653054.26,I,
100,'356,India,2532,'S2532,Cassava and products,661,Food supply (kcal),2015,2015,million Kcal,3564953.26,I,
100,'356,India,2532,'S2532,Cassava and products,661,Food supply (kcal),2016,2016,million Kcal,3557655.45,I,
100,'356,India,2532,'S2532,Cassava and products,661,Food supply (kcal),2017,2017,million Kcal,3537805.64,I,
100,'356,India,2532,'S2532,Cassava and products,661,Food supply (kcal),2018,2018,million Kcal,4025220.43,I,
100,'356,India,2532,'S2532,Cassava and products,661,Food supply (kcal),2019,2019,million Kcal,4500731.2,I,
100,'356,India,2532,'S2532,Cassava and products,661,Food supply (kcal),2020,2020,million Kcal,5463224.84,I,
100,'356,India,2532,'S2532,Cassava and products,661,Food supply (kcal),2021,2021,million Kcal,5576407.93,I,
100,'356,India,2532,'S2532,Cassava and products,661,Food supply (kcal),2022,2022,million Kcal,4975020.66,I,
100,'356,India,2532,'S2532,Cassava and products,661,Food supply (kcal),2023,2023,million Kcal,4766315.63,I,
100,'356,India,2532,'S2532,Cassava and products,674,Protein supply quantity (g/capita/day),2010,2010,g/cap/d,0.06,E,
100,'356,India,2532,'S2532,Cassava and products,674,Protein supply quantity (g/capita/day),2011,2011,g/cap/d,0.06,E,
100,'356,India,2532,'S2532,Cassava and products,674,Protein supply quantity (g/capita/day),2012,2012,g/cap/d,0.07,E,
100,'356,India,2532,'S2532,Cassava and products,674,Protein supply quantity (g/capita/day),2013,2013,g/cap/d,0.05,E,
100,'356,India,2532,'S2532,Cassava and products,674,Protein supply quantity (g/capita/day),2014,2014,g/cap/d,0.06,E,
100,'356,India,2532,'S2532,Cassava and products,674,Protein supply quantity (g/capita/day),2015,2015,g/cap/d,0.03,E,
100,'356,India,2532,'S2532,Cassava and products,674,Protein supply quantity (g/capita/day),2016,2016,g/cap/d,0.03,E,
100,'356,India,2532,'S2532,Cassava and products,674,Protein supply quantity (g/capita/day),2017,2017,g/cap/d,0.03,E,
100,'356,India,2532,'S2532,Cassava and products,674,Protein supply quantity (g/capita/day),2018,2018,g/cap/d,0.04,E,
100,'356,India,2532,'S2532,Cassava and products,674,Protein supply quantity (g/capita/day),2019,2019,g/cap/d,0.04,E,
100,'356,India,2532,'S2532,Cassava and products,674,Protein supply quantity (g/capita/day),2020,2020,g/cap/d,0.05,E,
100,'356,India,2532,'S2532,Cassava and products,674,Protein supply quantity (g/capita/day),2021,2021,g/cap/d,0.05,E,
100,'356,India,2532,'S2532,Cassava and products,674,Protein supply quantity (g/capita/day),2022,2022,g/cap/d,0.04,E,
100,'356,India,2532,'S2532,Cassava and products,674,Protein supply quantity (g/capita/day),2023,2023,g/cap/d,0.04,E,
100,'356,India,2532,'S2532,Cassava and products,671,Protein supply quantity (t),2010,2010,t,29003.01,I,
100,'356,India,2532,'S2532,Cassava and products,671,Protein supply quantity (t),2011,2011,t,29060.26,I,
100,'356,India,2532,'S2532,Cassava and products,671,Protein supply quantity (t),2012,2012,t,31475.9,I,
100,'356,India,2532,'S2532,Cassava and products,671,Protein supply quantity (t),2013,2013,t,25868.36,I,
100,'356,India,2532,'S2532,Cassava and products,671,Protein supply quantity (t),2014,2014,t,29311.46,I,
100,'356,India,2532,'S2532,Cassava and products,671,Protein supply quantity (t),2015,2015,t,15725.59,I,
100,'356,India,2532,'S2532,Cassava and products,671,Protein supply quantity (t),2016,2016,t,15627.03,I,
100,'356,India,2532,'S2532,Cassava and products,671,Protein supply quantity (t),2017,2017,t,15110.19,I,
100,'356,India,2532,'S2532,Cassava and products,671,Protein supply quantity (t),2018,2018,t,17802.85,I,
100,'356,India,2532,'S2532,Cassava and products,671,Protein supply quantity (t),2019,2019,t,19934.18,I,
100,'356,India,2532,'S2532,Cassava and products,671,Protein supply quantity (t),2020,2020,t,24268.31,I,
100,'356,India,2532,'S2532,Cassava and products,671,Protein supply quantity (t),2021,2021,t,24894.22,I,
100,'356,India,2532,'S2532,Cassava and products,671,Protein supply quantity (t),2022,2022,t,22250.32,I,
100,'356,India,2532,'S2532,Cassava and products,671,Protein supply quantity (t),2023,2023,t,21280.25,I,
100,'356,India,2532,'S2532,Cassava and products,684,Fat supply quantity (g/capita/day),2010,2010,g/cap/d,0.02,E,
100,'356,India,2532,'S2532,Cassava and products,684,Fat supply quantity (g/capita/day),2011,2011,g/cap/d,0.02,E,
100,'356,India,2532,'S2532,Cassava and products,684,Fat supply quantity (g/capita/day),2012,2012,g/cap/d,0.02,E,
100,'356,India,2532,'S2532,Cassava and products,684,Fat supply quantity (g/capita/day),2013,2013,g/cap/d,0.02,E,
100,'356,India,2532,'S2532,Cassava and products,684,Fat supply quantity (g/capita/day),2014,2014,g/cap/d,0.02,E,
100,'356,India,2532,'S2532,Cassava and products,684,Fat supply quantity (g/capita/day),2015,2015,g/cap/d,0.01,E,
100,'356,India,2532,'S2532,Cassava and products,684,Fat supply quantity (g/capita/day),2016,2016,g/cap/d,0.01,E,
100,'356,India,2532,'S2532,Cassava and products,684,Fat supply quantity (g/capita/day),2017,2017,g/cap/d,0.01,E,
100,'356,India,2532,'S2532,Cassava and products,684,Fat supply quantity (g/capita/day),2018,2018,g/cap/d,0.01,E,
100,'356,India,2532,'S2532,Cassava and products,684,Fat supply quantity (g/capita/day),2019,2019,g/cap/d,0.01,E,
100,'356,India,2532,'S2532,Cassava and products,684,Fat supply quantity (g/capita/day),2020,2020,g/cap/d,0.02,E,
100,'356,India,2532,'S2532,Cassava and products,684,Fat supply quantity (g/capita/day),2021,2021,g/cap/d,0.02,E,
100,'356,India,2532,'S2532,Cassava and products,684,Fat supply quantity (g/capita/day),2022,2022,g/cap/d,0.01,E,
100,'356,India,2532,'S2532,Cassava and products,684,Fat supply quantity (g/capita/day),2023,2023,g/cap/d,0.01,E,
100,'356,India,2532,'S2532,Cassava and products,681,Fat supply quantity (t),2010,2010,t,9327.11,I,
100,'356,India,2532,'S2532,Cassava and products,681,Fat supply quantity (t),2011,2011,t,9346.45,I,
100,'356,India,2532,'S2532,Cassava and products,681,Fat supply quantity (t),2012,2012,t,10123.78,I,
100,'356,India,2532,'S2532,Cassava and products,681,Fat supply quantity (t),2013,2013,t,8302.64,I,
100,'356,India,2532,'S2532,Cassava and products,681,Fat supply quantity (t),2014,2014,t,9438.32,I,
100,'356,India,2532,'S2532,Cassava and products,681,Fat supply quantity (t),2015,2015,t,5059.98,I,
100,'356,India,2532,'S2532,Cassava and products,681,Fat supply quantity (t),2016,2016,t,5032.74,I,
100,'356,India,2532,'S2532,Cassava and products,681,Fat supply quantity (t),2017,2017,t,4904.32,I,
100,'356,India,2532,'S2532,Cassava and products,681,Fat supply quantity (t),2018,2018,t,5727.9,I,
100,'356,India,2532,'S2532,Cassava and products,681,Fat supply quantity (t),2019,2019,t,6397.92,I,
100,'356,India,2532,'S2532,Cassava and products,681,Fat supply quantity (t),2020,2020,t,7785.49,I,
100,'356,India,2532,'S2532,Cassava and products,681,Fat supply quantity (t),2021,2021,t,7995.57,I,
100,'356,India,2532,'S2532,Cassava and products,681,Fat supply quantity (t),2022,2022,t,7142.34,I,
100,'356,India,2532,'S2532,Cassava and products,681,Fat supply quantity (t),2023,2023,t,6834.84,I,
100,'356,India,2531,'S2531,Potatoes and products,5511,Production,2010,2010,1000 t,36577,I,
100,'356,India,2531,'S2531,Potatoes and products,5511,Production,2011,2011,1000 t,42339,I,
100,'356,India,2531,'S2531,Potatoes and products,5511,Production,2012,2012,1000 t,41483,I,
100,'356,India,2531,'S2531,Potatoes and products,5511,Production,2013,2013,1000 t,45344,I,
100,'356,India,2531,'S2531,Potatoes and products,5511,Production,2014,2014,1000 t,46395,I,
100,'356,India,2531,'S2531,Potatoes and products,5511,Production,2015,2015,1000 t,48009,I,
100,'356,India,2531,'S2531,Potatoes and products,5511,Production,2016,2016,1000 t,43417,I,
100,'356,India,2531,'S2531,Potatoes and products,5511,Production,2017,2017,1000 t,48605,I,
100,'356,India,2531,'S2531,Potatoes and products,5511,Production,2018,2018,1000 t,51310,I,
100,'356,India,2531,'S2531,Potatoes and products,5511,Production,2019,2019,1000 t,50190,I,
100,'356,India,2531,'S2531,Potatoes and products,5511,Production,2020,2020,1000 t,48562,I,
100,'356,India,2531,'S2531,Potatoes and products,5511,Production,2021,2021,1000 t,54230,I,
100,'356,India,2531,'S2531,Potatoes and products,5511,Production,2022,2022,1000 t,56176,I,
100,'356,India,2531,'S2531,Potatoes and products,5511,Production,2023,2023,1000 t,60142,I,
100,'356,India,2531,'S2531,Potatoes and products,5611,Import quantity,2010,2010,1000 t,17,I,
100,'356,India,2531,'S2531,Potatoes and products,5611,Import quantity,2011,2011,1000 t,21,I,
100,'356,India,2531,'S2531,Potatoes and products,5611,Import quantity,2012,2012,1000 t,22,I,
100,'356,India,2531,'S2531,Potatoes and products,5611,Import quantity,2013,2013,1000 t,22,I,
100,'356,India,2531,'S2531,Potatoes and products,5611,Import quantity,2014,2014,1000 t,38,I,
100,'356,India,2531,'S2531,Potatoes and products,5611,Import quantity,2015,2015,1000 t,36,I,
100,'356,India,2531,'S2531,Potatoes and products,5611,Import quantity,2016,2016,1000 t,23,I,
100,'356,India,2531,'S2531,Potatoes and products,5611,Import quantity,2017,2017,1000 t,32,I,
100,'356,India,2531,'S2531,Potatoes and products,5611,Import quantity,2018,2018,1000 t,31,I,
100,'356,India,2531,'S2531,Potatoes and products,5611,Import quantity,2019,2019,1000 t,14,I,
100,'356,India,2531,'S2531,Potatoes and products,5611,Import quantity,2020,2020,1000 t,27,I,
100,'356,India,2531,'S2531,Potatoes and products,5611,Import quantity,2021,2021,1000 t,19,I,
100,'356,India,2531,'S2531,Potatoes and products,5611,Import quantity,2022,2022,1000 t,22,I,
100,'356,India,2531,'S2531,Potatoes and products,5611,Import quantity,2023,2023,1000 t,23,I,
100,'356,India,2531,'S2531,Potatoes and products,5072,Stock Variation,2010,2010,1000 t,-3251,I,
100,'356,India,2531,'S2531,Potatoes and products,5072,Stock Variation,2011,2011,1000 t,-183,I,
100,'356,India,2531,'S2531,Potatoes and products,5072,Stock Variation,2012,2012,1000 t,-1380,I,
100,'356,India,2531,'S2531,Potatoes and products,5072,Stock Variation,2013,2013,1000 t,402,I,
100,'356,India,2531,'S2531,Potatoes and products,5072,Stock Variation,2014,2014,1000 t,140,I,
100,'356,India,2531,'S2531,Potatoes and products,5072,Stock Variation,2015,2015,1000 t,21,I,
100,'356,India,2531,'S2531,Potatoes and products,5072,Stock Variation,2016,2016,1000 t,-3683,I,
100,'356,India,2531,'S2531,Potatoes and products,5072,Stock Variation,2017,2017,1000 t,-1181,I,
100,'356,India,2531,'S2531,Potatoes and products,5072,Stock Variation,2018,2018,1000 t,-427,I,
100,'356,India,2531,'S2531,Potatoes and products,5072,Stock Variation,2019,2019,1000 t,-1053,I,
100,'356,India,2531,'S2531,Potatoes and products,5072,Stock Variation,2020,2020,1000 t,-2500,I,
100,'356,India,2531,'S2531,Potatoes and products,5072,Stock Variation,2021,2021,1000 t,639,I,
100,'356,India,2531,'S2531,Potatoes and products,5072,Stock Variation,2022,2022,1000 t,100,I,
100,'356,India,2531,'S2531,Potatoes and products,5072,Stock Variation,2023,2023,1000 t,0,I,
100,'356,India,2531,'S2531,Potatoes and products,5911,Export quantity,2010,2010,1000 t,209,I,
100,'356,India,2531,'S2531,Potatoes and products,5911,Export quantity,2011,2011,1000 t,298,I,
100,'356,India,2531,'S2531,Potatoes and products,5911,Export quantity,2012,2012,1000 t,163,I,
100,'356,India,2531,'S2531,Potatoes and products,5911,Export quantity,2013,2013,1000 t,233,I,
100,'356,India,2531,'S2531,Potatoes and products,5911,Export quantity,2014,2014,1000 t,405,I,
100,'356,India,2531,'S2531,Potatoes and products,5911,Export quantity,2015,2015,1000 t,256,I,
100,'356,India,2531,'S2531,Potatoes and products,5911,Export quantity,2016,2016,1000 t,252,I,
100,'356,India,2531,'S2531,Potatoes and products,5911,Export quantity,2017,2017,1000 t,392,I,
100,'356,India,2531,'S2531,Potatoes and products,5911,Export quantity,2018,2018,1000 t,393,I,
100,'356,India,2531,'S2531,Potatoes and products,5911,Export quantity,2019,2019,1000 t,494,I,
100,'356,India,2531,'S2531,Potatoes and products,5911,Export quantity,2020,2020,1000 t,412,I,
100,'356,India,2531,'S2531,Potatoes and products,5911,Export quantity,2021,2021,1000 t,547,I,
100,'356,India,2531,'S2531,Potatoes and products,5911,Export quantity,2022,2022,1000 t,677,I,
100,'356,India,2531,'S2531,Potatoes and products,5911,Export quantity,2023,2023,1000 t,861,I,
100,'356,India,2531,'S2531,Potatoes and products,5301,Domestic supply quantity,2010,2010,1000 t,39637,I,
100,'356,India,2531,'S2531,Potatoes and products,5301,Domestic supply quantity,2011,2011,1000 t,42245,I,
100,'356,India,2531,'S2531,Potatoes and products,5301,Domestic supply quantity,2012,2012,1000 t,42722,I,
100,'356,India,2531,'S2531,Potatoes and products,5301,Domestic supply quantity,2013,2013,1000 t,44731,I,
100,'356,India,2531,'S2531,Potatoes and products,5301,Domestic supply quantity,2014,2014,1000 t,45887,I,
100,'356,India,2531,'S2531,Potatoes and products,5301,Domestic supply quantity,2015,2015,1000 t,47768,I,
100,'356,India,2531,'S2531,Potatoes and products,5301,Domestic supply quantity,2016,2016,1000 t,46871,I,
100,'356,India,2531,'S2531,Potatoes and products,5301,Domestic supply quantity,2017,2017,1000 t,49426,I,
100,'356,India,2531,'S2531,Potatoes and products,5301,Domestic supply quantity,2018,2018,1000 t,51375,I,
100,'356,India,2531,'S2531,Potatoes and products,5301,Domestic supply quantity,2019,2019,1000 t,50763,I,
100,'356,India,2531,'S2531,Potatoes and products,5301,Domestic supply quantity,2020,2020,1000 t,50677,I,
100,'356,India,2531,'S2531,Potatoes and products,5301,Domestic supply quantity,2021,2021,1000 t,53062,I,
100,'356,India,2531,'S2531,Potatoes and products,5301,Domestic supply quantity,2022,2022,1000 t,55421,I,
100,'356,India,2531,'S2531,Potatoes and products,5301,Domestic supply quantity,2023,2023,1000 t,59304,I,
100,'356,India,2531,'S2531,Potatoes and products,5521,Feed,2010,2010,1000 t,524,I,
100,'356,India,2531,'S2531,Potatoes and products,5521,Feed,2011,2011,1000 t,606,I,
100,'356,India,2531,'S2531,Potatoes and products,5521,Feed,2012,2012,1000 t,595,I,
100,'356,India,2531,'S2531,Potatoes and products,5521,Feed,2013,2013,1000 t,650,I,
100,'356,India,2531,'S2531,Potatoes and products,5521,Feed,2014,2014,1000 t,657,I,
100,'356,India,2531,'S2531,Potatoes and products,5521,Feed,2015,2015,1000 t,689,I,
100,'356,India,2531,'S2531,Potatoes and products,5521,Feed,2016,2016,1000 t,616,I,
100,'356,India,2531,'S2531,Potatoes and products,5521,Feed,2017,2017,1000 t,688,I,
100,'356,India,2531,'S2531,Potatoes and products,5521,Feed,2018,2018,1000 t,727,I,
100,'356,India,2531,'S2531,Potatoes and products,5521,Feed,2019,2019,1000 t,710,I,
100,'356,India,2531,'S2531,Potatoes and products,5521,Feed,2020,2020,1000 t,693,I,
100,'356,India,2531,'S2531,Potatoes and products,5521,Feed,2021,2021,1000 t,757,I,
100,'356,India,2531,'S2531,Potatoes and products,5521,Feed,2022,2022,1000 t,777,I,
100,'356,India,2531,'S2531,Potatoes and products,5521,Feed,2023,2023,1000 t,766,I,
100,'356,India,2531,'S2531,Potatoes and products,5527,Seed,2010,2010,1000 t,2686,I,
100,'356,India,2531,'S2531,Potatoes and products,5527,Seed,2011,2011,1000 t,3109,I,
100,'356,India,2531,'S2531,Potatoes and products,5527,Seed,2012,2012,1000 t,3047,I,
100,'356,India,2531,'S2531,Potatoes and products,5527,Seed,2013,2013,1000 t,3330,I,
100,'356,India,2531,'S2531,Potatoes and products,5527,Seed,2014,2014,1000 t,3407,I,
100,'356,India,2531,'S2531,Potatoes and products,5527,Seed,2015,2015,1000 t,3526,I,
100,'356,India,2531,'S2531,Potatoes and products,5527,Seed,2016,2016,1000 t,3189,I,
100,'356,India,2531,'S2531,Potatoes and products,5527,Seed,2017,2017,1000 t,3570,I,
100,'356,India,2531,'S2531,Potatoes and products,5527,Seed,2018,2018,1000 t,3768,I,
100,'356,India,2531,'S2531,Potatoes and products,5527,Seed,2019,2019,1000 t,3686,I,
100,'356,India,2531,'S2531,Potatoes and products,5527,Seed,2020,2020,1000 t,3566,I,
100,'356,India,2531,'S2531,Potatoes and products,5527,Seed,2021,2021,1000 t,3983,I,
100,'356,India,2531,'S2531,Potatoes and products,5527,Seed,2022,2022,1000 t,4126,I,
100,'356,India,2531,'S2531,Potatoes and products,5527,Seed,2023,2023,1000 t,4417,I,
100,'356,India,2531,'S2531,Potatoes and products,5123,Losses,2010,2010,1000 t,8302,I,
100,'356,India,2531,'S2531,Potatoes and products,5123,Losses,2011,2011,1000 t,9610,I,
100,'356,India,2531,'S2531,Potatoes and products,5123,Losses,2012,2012,1000 t,9415,I,
100,'356,India,2531,'S2531,Potatoes and products,5123,Losses,2013,2013,1000 t,10292,I,
100,'356,India,2531,'S2531,Potatoes and products,5123,Losses,2014,2014,1000 t,10530,I,
100,'356,India,2531,'S2531,Potatoes and products,5123,Losses,2015,2015,1000 t,10897,I,
100,'356,India,2531,'S2531,Potatoes and products,5123,Losses,2016,2016,1000 t,9854,I,
100,'356,India,2531,'S2531,Potatoes and products,5123,Losses,2017,2017,1000 t,11032,I,
100,'356,India,2531,'S2531,Potatoes and products,5123,Losses,2018,2018,1000 t,11646,I,
100,'356,India,2531,'S2531,Potatoes and products,5123,Losses,2019,2019,1000 t,11392,I,
100,'356,India,2531,'S2531,Potatoes and products,5123,Losses,2020,2020,1000 t,11643,I,
100,'356,India,2531,'S2531,Potatoes and products,5123,Losses,2021,2021,1000 t,12540,I,
100,'356,India,2531,'S2531,Potatoes and products,5123,Losses,2022,2022,1000 t,13151,I,
100,'356,India,2531,'S2531,Potatoes and products,5123,Losses,2023,2023,1000 t,14079,I,
100,'356,India,2531,'S2531,Potatoes and products,5131,Processing,2010,2010,1000 t,0,I,
100,'356,India,2531,'S2531,Potatoes and products,5131,Processing,2011,2011,1000 t,0,I,
100,'356,India,2531,'S2531,Potatoes and products,5131,Processing,2012,2012,1000 t,0,I,
100,'356,India,2531,'S2531,Potatoes and products,5131,Processing,2013,2013,1000 t,0,I,
100,'356,India,2531,'S2531,Potatoes and products,5154,Other uses (non-food),2010,2010,1000 t,5,I,
100,'356,India,2531,'S2531,Potatoes and products,5154,Other uses (non-food),2011,2011,1000 t,7,I,
100,'356,India,2531,'S2531,Potatoes and products,5154,Other uses (non-food),2012,2012,1000 t,8,I,
100,'356,India,2531,'S2531,Potatoes and products,5154,Other uses (non-food),2013,2013,1000 t,12,I,
100,'356,India,2531,'S2531,Potatoes and products,5154,Other uses (non-food),2014,2014,1000 t,32,I,
100,'356,India,2531,'S2531,Potatoes and products,5154,Other uses (non-food),2015,2015,1000 t,27,I,
100,'356,India,2531,'S2531,Potatoes and products,5154,Other uses (non-food),2016,2016,1000 t,16,I,
100,'356,India,2531,'S2531,Potatoes and products,5154,Other uses (non-food),2017,2017,1000 t,25,I,
100,'356,India,2531,'S2531,Potatoes and products,5154,Other uses (non-food),2018,2018,1000 t,25,I,
100,'356,India,2531,'S2531,Potatoes and products,5154,Other uses (non-food),2019,2019,1000 t,9,I,
100,'356,India,2531,'S2531,Potatoes and products,5154,Other uses (non-food),2020,2020,1000 t,22,I,
100,'356,India,2531,'S2531,Potatoes and products,5154,Other uses (non-food),2021,2021,1000 t,11,I,
100,'356,India,2531,'S2531,Potatoes and products,5170,Residuals,2010,2010,1000 t,0,I,
100,'356,India,2531,'S2531,Potatoes and products,5170,Residuals,2011,2011,1000 t,0,I,
100,'356,India,2531,'S2531,Potatoes and products,5170,Residuals,2012,2012,1000 t,0,I,
100,'356,India,2531,'S2531,Potatoes and products,5170,Residuals,2013,2013,1000 t,0,I,
100,'356,India,2531,'S2531,Potatoes and products,5170,Residuals,2014,2014,1000 t,0,I,
100,'356,India,2531,'S2531,Potatoes and products,5170,Residuals,2015,2015,1000 t,0,I,
100,'356,India,2531,'S2531,Potatoes and products,5170,Residuals,2016,2016,1000 t,0,I,
100,'356,India,2531,'S2531,Potatoes and products,5170,Residuals,2017,2017,1000 t,0,I,
100,'356,India,2531,'S2531,Potatoes and products,5170,Residuals,2018,2018,1000 t,0,I,
100,'356,India,2531,'S2531,Potatoes and products,5170,Residuals,2019,2019,1000 t,0,I,
100,'356,India,2531,'S2531,Potatoes and products,5170,Residuals,2020,2020,1000 t,0,I,
100,'356,India,2531,'S2531,Potatoes and products,5170,Residuals,2021,2021,1000 t,0,I,
100,'356,India,2531,'S2531,Potatoes and products,5170,Residuals,2022,2022,1000 t,-5,I,
100,'356,India,2531,'S2531,Potatoes and products,5170,Residuals,2023,2023,1000 t,-10,I,
100,'356,India,2531,'S2531,Potatoes and products,5142,Food,2010,2010,1000 t,28119,I,
100,'356,India,2531,'S2531,Potatoes and products,5142,Food,2011,2011,1000 t,28913,I,
100,'356,India,2531,'S2531,Potatoes and products,5142,Food,2012,2012,1000 t,29656,I,
100,'356,India,2531,'S2531,Potatoes and products,5142,Food,2013,2013,1000 t,30447,I,
100,'356,India,2531,'S2531,Potatoes and products,5142,Food,2014,2014,1000 t,31261,I,
100,'356,India,2531,'S2531,Potatoes and products,5142,Food,2015,2015,1000 t,32629,I,
100,'356,India,2531,'S2531,Potatoes and products,5142,Food,2016,2016,1000 t,33197,I,
100,'356,India,2531,'S2531,Potatoes and products,5142,Food,2017,2017,1000 t,34111,I,
100,'356,India,2531,'S2531,Potatoes and products,5142,Food,2018,2018,1000 t,35209,I,
100,'356,India,2531,'S2531,Potatoes and products,5142,Food,2019,2019,1000 t,34967,I,
100,'356,India,2531,'S2531,Potatoes and products,5142,Food,2020,2020,1000 t,34752,I,
100,'356,India,2531,'S2531,Potatoes and products,5142,Food,2021,2021,1000 t,35771,I,
100,'356,India,2531,'S2531,Potatoes and products,5142,Food,2022,2022,1000 t,37373,I,
100,'356,India,2531,'S2531,Potatoes and products,5142,Food,2023,2023,1000 t,40052,I,
100,'356,India,2531,'S2531,Potatoes and products,645,Food supply quantity (kg/capita/yr),2010,2010,kg/cap,22.61,E,
100,'356,India,2531,'S2531,Potatoes and products,645,Food supply quantity (kg/capita/yr),2011,2011,kg/cap,22.92,E,
100,'356,India,2531,'S2531,Potatoes and products,645,Food supply quantity (kg/capita/yr),2012,2012,kg/cap,23.19,E,
100,'356,India,2531,'S2531,Potatoes and products,645,Food supply quantity (kg/capita/yr),2013,2013,kg/cap,23.5,E,
100,'356,India,2531,'S2531,Potatoes and products,645,Food supply quantity (kg/capita/yr),2014,2014,kg/cap,23.82,E,
100,'356,India,2531,'S2531,Potatoes and products,645,Food supply quantity (kg/capita/yr),2015,2015,kg/cap,24.57,E,
100,'356,India,2531,'S2531,Potatoes and products,645,Food supply quantity (kg/capita/yr),2016,2016,kg/cap,24.7,E,
100,'356,India,2531,'S2531,Potatoes and products,645,Food supply quantity (kg/capita/yr),2017,2017,kg/cap,25.09,E,
100,'356,India,2531,'S2531,Potatoes and products,645,Food supply quantity (kg/capita/yr),2018,2018,kg/cap,25.61,E,
100,'356,India,2531,'S2531,Potatoes and products,645,Food supply quantity (kg/capita/yr),2019,2019,kg/cap,25.17,E,
100,'356,India,2531,'S2531,Potatoes and products,645,Food supply quantity (kg/capita/yr),2020,2020,kg/cap,24.78,E,
100,'356,India,2531,'S2531,Potatoes and products,645,Food supply quantity (kg/capita/yr),2021,2021,kg/cap,25.29,E,
100,'356,India,2531,'S2531,Potatoes and products,645,Food supply quantity (kg/capita/yr),2022,2022,kg/cap,26.22,E,
100,'356,India,2531,'S2531,Potatoes and products,645,Food supply quantity (kg/capita/yr),2023,2023,kg/cap,27.85,E,
100,'356,India,2531,'S2531,Potatoes and products,664,Food supply (kcal/capita/day),2010,2010,kcal/cap/d,39.94,E,
100,'356,India,2531,'S2531,Potatoes and products,664,Food supply (kcal/capita/day),2011,2011,kcal/cap/d,40.49,E,
100,'356,India,2531,'S2531,Potatoes and products,664,Food supply (kcal/capita/day),2012,2012,kcal/cap/d,40.96,E,
100,'356,India,2531,'S2531,Potatoes and products,664,Food supply (kcal/capita/day),2013,2013,kcal/cap/d,41.49,E,
100,'356,India,2531,'S2531,Potatoes and products,664,Food supply (kcal/capita/day),2014,2014,kcal/cap/d,42.03,E,
100,'356,India,2531,'S2531,Potatoes and products,664,Food supply (kcal/capita/day),2015,2015,kcal/cap/d,43.37,E,
100,'356,India,2531,'S2531,Potatoes and products,664,Food supply (kcal/capita/day),2016,2016,kcal/cap/d,43.62,E,
100,'356,India,2531,'S2531,Potatoes and products,664,Food supply (kcal/capita/day),2017,2017,kcal/cap/d,44.29,E,
100,'356,India,2531,'S2531,Potatoes and products,664,Food supply (kcal/capita/day),2018,2018,kcal/cap/d,45.24,E,
100,'356,India,2531,'S2531,Potatoes and products,664,Food supply (kcal/capita/day),2019,2019,kcal/cap/d,44.45,E,
100,'356,India,2531,'S2531,Potatoes and products,664,Food supply (kcal/capita/day),2020,2020,kcal/cap/d,43.85,E,
100,'356,India,2531,'S2531,Potatoes and products,664,Food supply (kcal/capita/day),2021,2021,kcal/cap/d,44.84,E,
100,'356,India,2531,'S2531,Potatoes and products,664,Food supply (kcal/capita/day),2022,2022,kcal/cap/d,46.35,E,
100,'356,India,2531,'S2531,Potatoes and products,664,Food supply (kcal/capita/day),2023,2023,kcal/cap/d,49.36,E,
100,'356,India,2531,'S2531,Potatoes and products,661,Food supply (kcal),2010,2010,million Kcal,18129467.13,I,
100,'356,India,2531,'S2531,Potatoes and products,661,Food supply (kcal),2011,2011,million Kcal,18638357.22,I,
100,'356,India,2531,'S2531,Potatoes and products,661,Food supply (kcal),2012,2012,million Kcal,19114476.14,I,
100,'356,India,2531,'S2531,Potatoes and products,661,Food supply (kcal),2013,2013,million Kcal,19623658.55,I,
100,'356,India,2531,'S2531,Potatoes and products,661,Food supply (kcal),2014,2014,million Kcal,20132571.08,I,
100,'356,India,2531,'S2531,Potatoes and products,661,Food supply (kcal),2015,2015,million Kcal,21024935.91,I,
100,'356,India,2531,'S2531,Potatoes and products,661,Food supply (kcal),2016,2016,million Kcal,21397760.88,I,
100,'356,India,2531,'S2531,Potatoes and products,661,Food supply (kcal),2017,2017,million Kcal,21982394.89,I,
100,'356,India,2531,'S2531,Potatoes and products,661,Food supply (kcal),2018,2018,million Kcal,22698060.18,I,
100,'356,India,2531,'S2531,Potatoes and products,661,Food supply (kcal),2019,2019,million Kcal,22535628.44,I,
100,'356,India,2531,'S2531,Potatoes and products,661,Food supply (kcal),2020,2020,million Kcal,22448302.36,I,
100,'356,India,2531,'S2531,Potatoes and products,661,Food supply (kcal),2021,2021,million Kcal,23148104.63,I,
100,'356,India,2531,'S2531,Potatoes and products,661,Food supply (kcal),2022,2022,million Kcal,24116223.12,I,
100,'356,India,2531,'S2531,Potatoes and products,661,Food supply (kcal),2023,2023,million Kcal,25906999.41,I,
100,'356,India,2531,'S2531,Potatoes and products,674,Protein supply quantity (g/capita/day),2010,2010,g/cap/d,0.97,E,
100,'356,India,2531,'S2531,Potatoes and products,674,Protein supply quantity (g/capita/day),2011,2011,g/cap/d,0.98,E,
100,'356,India,2531,'S2531,Potatoes and products,674,Protein supply quantity (g/capita/day),2012,2012,g/cap/d,1,E,
100,'356,India,2531,'S2531,Potatoes and products,674,Protein supply quantity (g/capita/day),2013,2013,g/cap/d,1.01,E,
100,'356,India,2531,'S2531,Potatoes and products,674,Protein supply quantity (g/capita/day),2014,2014,g/cap/d,1.02,E,
100,'356,India,2531,'S2531,Potatoes and products,674,Protein supply quantity (g/capita/day),2015,2015,g/cap/d,1.05,E,
100,'356,India,2531,'S2531,Potatoes and products,674,Protein supply quantity (g/capita/day),2016,2016,g/cap/d,1.06,E,
100,'356,India,2531,'S2531,Potatoes and products,674,Protein supply quantity (g/capita/day),2017,2017,g/cap/d,1.08,E,
100,'356,India,2531,'S2531,Potatoes and products,674,Protein supply quantity (g/capita/day),2018,2018,g/cap/d,1.1,E,
100,'356,India,2531,'S2531,Potatoes and products,674,Protein supply quantity (g/capita/day),2019,2019,g/cap/d,1.08,E,
100,'356,India,2531,'S2531,Potatoes and products,674,Protein supply quantity (g/capita/day),2020,2020,g/cap/d,1.06,E,
100,'356,India,2531,'S2531,Potatoes and products,674,Protein supply quantity (g/capita/day),2021,2021,g/cap/d,1.09,E,
100,'356,India,2531,'S2531,Potatoes and products,674,Protein supply quantity (g/capita/day),2022,2022,g/cap/d,1.13,E,
100,'356,India,2531,'S2531,Potatoes and products,674,Protein supply quantity (g/capita/day),2023,2023,g/cap/d,1.2,E,
100,'356,India,2531,'S2531,Potatoes and products,671,Protein supply quantity (t),2010,2010,t,440689.07,I,
100,'356,India,2531,'S2531,Potatoes and products,671,Protein supply quantity (t),2011,2011,t,453101.53,I,
100,'356,India,2531,'S2531,Potatoes and products,671,Protein supply quantity (t),2012,2012,t,464682.38,I,
100,'356,India,2531,'S2531,Potatoes and products,671,Protein supply quantity (t),2013,2013,t,477084.42,I,
100,'356,India,2531,'S2531,Potatoes and products,671,Protein supply quantity (t),2014,2014,t,489639.19,I,
100,'356,India,2531,'S2531,Potatoes and products,671,Protein supply quantity (t),2015,2015,t,511199.36,I,
100,'356,India,2531,'S2531,Potatoes and products,671,Protein supply quantity (t),2016,2016,t,520192.17,I,
100,'356,India,2531,'S2531,Potatoes and products,671,Protein supply quantity (t),2017,2017,t,534457.07,I,
100,'356,India,2531,'S2531,Potatoes and products,671,Protein supply quantity (t),2018,2018,t,551765.54,I,
100,'356,India,2531,'S2531,Potatoes and products,671,Protein supply quantity (t),2019,2019,t,547902.62,I,
100,'356,India,2531,'S2531,Potatoes and products,671,Protein supply quantity (t),2020,2020,t,545229.75,I,
100,'356,India,2531,'S2531,Potatoes and products,671,Protein supply quantity (t),2021,2021,t,561785.75,I,
100,'356,India,2531,'S2531,Potatoes and products,671,Protein supply quantity (t),2022,2022,t,586011.11,I,
100,'356,India,2531,'S2531,Potatoes and products,671,Protein supply quantity (t),2023,2023,t,628858.46,I,
100,'356,India,2531,'S2531,Potatoes and products,684,Fat supply quantity (g/capita/day),2010,2010,g/cap/d,0.05,E,
100,'356,India,2531,'S2531,Potatoes and products,684,Fat supply quantity (g/capita/day),2011,2011,g/cap/d,0.05,E,
100,'356,India,2531,'S2531,Potatoes and products,684,Fat supply quantity (g/capita/day),2012,2012,g/cap/d,0.06,E,
100,'356,India,2531,'S2531,Potatoes and products,684,Fat supply quantity (g/capita/day),2013,2013,g/cap/d,0.06,E,
100,'356,India,2531,'S2531,Potatoes and products,684,Fat supply quantity (g/capita/day),2014,2014,g/cap/d,0.06,E,
100,'356,India,2531,'S2531,Potatoes and products,684,Fat supply quantity (g/capita/day),2015,2015,g/cap/d,0.06,E,
100,'356,India,2531,'S2531,Potatoes and products,684,Fat supply quantity (g/capita/day),2016,2016,g/cap/d,0.06,E,
100,'356,India,2531,'S2531,Potatoes and products,684,Fat supply quantity (g/capita/day),2017,2017,g/cap/d,0.06,E,
100,'356,India,2531,'S2531,Potatoes and products,684,Fat supply quantity (g/capita/day),2018,2018,g/cap/d,0.06,E,
100,'356,India,2531,'S2531,Potatoes and products,684,Fat supply quantity (g/capita/day),2019,2019,g/cap/d,0.06,E,
100,'356,India,2531,'S2531,Potatoes and products,684,Fat supply quantity (g/capita/day),2020,2020,g/cap/d,0.06,E,
100,'356,India,2531,'S2531,Potatoes and products,684,Fat supply quantity (g/capita/day),2021,2021,g/cap/d,0.06,E,
100,'356,India,2531,'S2531,Potatoes and products,684,Fat supply quantity (g/capita/day),2022,2022,g/cap/d,0.06,E,
100,'356,India,2531,'S2531,Potatoes and products,684,Fat supply quantity (g/capita/day),2023,2023,g/cap/d,0.07,E,
100,'356,India,2531,'S2531,Potatoes and products,681,Fat supply quantity (t),2010,2010,t,24620.04,I,
100,'356,India,2531,'S2531,Potatoes and products,681,Fat supply quantity (t),2011,2011,t,25207.81,I,
100,'356,India,2531,'S2531,Potatoes and products,681,Fat supply quantity (t),2012,2012,t,26049.19,I,
100,'356,India,2531,'S2531,Potatoes and products,681,Fat supply quantity (t),2013,2013,t,26596.05,I,
100,'356,India,2531,'S2531,Potatoes and products,681,Fat supply quantity (t),2014,2014,t,27210.01,I,
100,'356,India,2531,'S2531,Potatoes and products,681,Fat supply quantity (t),2015,2015,t,28562.16,I,
100,'356,India,2531,'S2531,Potatoes and products,681,Fat supply quantity (t),2016,2016,t,29049.43,I,
100,'356,India,2531,'S2531,Potatoes and products,681,Fat supply quantity (t),2017,2017,t,29820.45,I,
100,'356,India,2531,'S2531,Potatoes and products,681,Fat supply quantity (t),2018,2018,t,30831.18,I,
100,'356,India,2531,'S2531,Potatoes and products,681,Fat supply quantity (t),2019,2019,t,30509.16,I,
100,'356,India,2531,'S2531,Potatoes and products,681,Fat supply quantity (t),2020,2020,t,30404.22,I,
100,'356,India,2531,'S2531,Potatoes and products,681,Fat supply quantity (t),2021,2021,t,31308.23,I,
100,'356,India,2531,'S2531,Potatoes and products,681,Fat supply quantity (t),2022,2022,t,32619.14,I,
100,'356,India,2531,'S2531,Potatoes and products,681,Fat supply quantity (t),2023,2023,t,35091.75,I,
100,'356,India,2533,'S2533,Sweet potatoes,5511,Production,2010,2010,1000 t,1095,I,
100,'356,India,2533,'S2533,Sweet potatoes,5511,Production,2011,2011,1000 t,1047,I,
100,'356,India,2533,'S2533,Sweet potatoes,5511,Production,2012,2012,1000 t,1073,I,
100,'356,India,2533,'S2533,Sweet potatoes,5511,Production,2013,2013,1000 t,1132,I,
100,'356,India,2533,'S2533,Sweet potatoes,5511,Production,2014,2014,1000 t,1088,I,
100,'356,India,2533,'S2533,Sweet potatoes,5511,Production,2015,2015,1000 t,1228,I,
100,'356,India,2533,'S2533,Sweet potatoes,5511,Production,2016,2016,1000 t,1454,I,
100,'356,India,2533,'S2533,Sweet potatoes,5511,Production,2017,2017,1000 t,1460,I,
100,'356,India,2533,'S2533,Sweet potatoes,5511,Production,2018,2018,1000 t,1500,I,
100,'356,India,2533,'S2533,Sweet potatoes,5511,Production,2019,2019,1000 t,1156,I,
100,'356,India,2533,'S2533,Sweet potatoes,5511,Production,2020,2020,1000 t,1141,I,
100,'356,India,2533,'S2533,Sweet potatoes,5511,Production,2021,2021,1000 t,1121,I,
100,'356,India,2533,'S2533,Sweet potatoes,5511,Production,2022,2022,1000 t,1184,I,
100,'356,India,2533,'S2533,Sweet potatoes,5511,Production,2023,2023,1000 t,1289,I,
100,'356,India,2533,'S2533,Sweet potatoes,5611,Import quantity,2010,2010,1000 t,0,I,
100,'356,India,2533,'S2533,Sweet potatoes,5611,Import quantity,2011,2011,1000 t,0,I,
100,'356,India,2533,'S2533,Sweet potatoes,5611,Import quantity,2012,2012,1000 t,0,I,
100,'356,India,2533,'S2533,Sweet potatoes,5611,Import quantity,2013,2013,1000 t,0,I,
100,'356,India,2533,'S2533,Sweet potatoes,5611,Import quantity,2019,2019,1000 t,0,I,
100,'356,India,2533,'S2533,Sweet potatoes,5611,Import quantity,2021,2021,1000 t,0,I,
100,'356,India,2533,'S2533,Sweet potatoes,5611,Import quantity,2022,2022,1000 t,0,I,
100,'356,India,2533,'S2533,Sweet potatoes,5072,Stock Variation,2010,2010,1000 t,4,I,
100,'356,India,2533,'S2533,Sweet potatoes,5072,Stock Variation,2011,2011,1000 t,-62,I,
100,'356,India,2533,'S2533,Sweet potatoes,5072,Stock Variation,2012,2012,1000 t,-59,I,
100,'356,India,2533,'S2533,Sweet potatoes,5072,Stock Variation,2013,2013,1000 t,-29,I,
100,'356,India,2533,'S2533,Sweet potatoes,5072,Stock Variation,2014,2014,1000 t,11,I,
100,'356,India,2533,'S2533,Sweet potatoes,5072,Stock Variation,2015,2015,1000 t,13,I,
100,'356,India,2533,'S2533,Sweet potatoes,5072,Stock Variation,2016,2016,1000 t,11,I,
100,'356,India,2533,'S2533,Sweet potatoes,5072,Stock Variation,2017,2017,1000 t,13,I,
100,'356,India,2533,'S2533,Sweet potatoes,5072,Stock Variation,2018,2018,1000 t,17,I,
100,'356,India,2533,'S2533,Sweet potatoes,5072,Stock Variation,2019,2019,1000 t,12,I,
100,'356,India,2533,'S2533,Sweet potatoes,5072,Stock Variation,2020,2020,1000 t,94,I,
100,'356,India,2533,'S2533,Sweet potatoes,5072,Stock Variation,2021,2021,1000 t,76,I,
100,'356,India,2533,'S2533,Sweet potatoes,5072,Stock Variation,2022,2022,1000 t,53,I,
100,'356,India,2533,'S2533,Sweet potatoes,5072,Stock Variation,2023,2023,1000 t,125,I,
100,'356,India,2533,'S2533,Sweet potatoes,5911,Export quantity,2010,2010,1000 t,1,I,
100,'356,India,2533,'S2533,Sweet potatoes,5911,Export quantity,2011,2011,1000 t,1,I,
100,'356,India,2533,'S2533,Sweet potatoes,5911,Export quantity,2012,2012,1000 t,1,I,
100,'356,India,2533,'S2533,Sweet potatoes,5911,Export quantity,2013,2013,1000 t,1,I,
100,'356,India,2533,'S2533,Sweet potatoes,5911,Export quantity,2014,2014,1000 t,0,I,
100,'356,India,2533,'S2533,Sweet potatoes,5911,Export quantity,2015,2015,1000 t,0,I,
100,'356,India,2533,'S2533,Sweet potatoes,5911,Export quantity,2016,2016,1000 t,0,I,
100,'356,India,2533,'S2533,Sweet potatoes,5911,Export quantity,2017,2017,1000 t,0,I,
100,'356,India,2533,'S2533,Sweet potatoes,5911,Export quantity,2018,2018,1000 t,0,I,
100,'356,India,2533,'S2533,Sweet potatoes,5911,Export quantity,2019,2019,1000 t,1,I,
100,'356,India,2533,'S2533,Sweet potatoes,5911,Export quantity,2020,2020,1000 t,1,I,
100,'356,India,2533,'S2533,Sweet potatoes,5911,Export quantity,2021,2021,1000 t,1,I,
100,'356,India,2533,'S2533,Sweet potatoes,5911,Export quantity,2022,2022,1000 t,1,I,
100,'356,India,2533,'S2533,Sweet potatoes,5911,Export quantity,2023,2023,1000 t,1,I,
100,'356,India,2533,'S2533,Sweet potatoes,5301,Domestic supply quantity,2010,2010,1000 t,1090,I,
100,'356,India,2533,'S2533,Sweet potatoes,5301,Domestic supply quantity,2011,2011,1000 t,1108,I,
100,'356,India,2533,'S2533,Sweet potatoes,5301,Domestic supply quantity,2012,2012,1000 t,1131,I,
100,'356,India,2533,'S2533,Sweet potatoes,5301,Domestic supply quantity,2013,2013,1000 t,1160,I,
100,'356,India,2533,'S2533,Sweet potatoes,5301,Domestic supply quantity,2014,2014,1000 t,1076,I,
100,'356,India,2533,'S2533,Sweet potatoes,5301,Domestic supply quantity,2015,2015,1000 t,1215,I,
100,'356,India,2533,'S2533,Sweet potatoes,5301,Domestic supply quantity,2016,2016,1000 t,1442,I,
100,'356,India,2533,'S2533,Sweet potatoes,5301,Domestic supply quantity,2017,2017,1000 t,1446,I,
100,'356,India,2533,'S2533,Sweet potatoes,5301,Domestic supply quantity,2018,2018,1000 t,1483,I,
100,'356,India,2533,'S2533,Sweet potatoes,5301,Domestic supply quantity,2019,2019,1000 t,1144,I,
100,'356,India,2533,'S2533,Sweet potatoes,5301,Domestic supply quantity,2020,2020,1000 t,1046,I,
100,'356,India,2533,'S2533,Sweet potatoes,5301,Domestic supply quantity,2021,2021,1000 t,1044,I,
100,'356,India,2533,'S2533,Sweet potatoes,5301,Domestic supply quantity,2022,2022,1000 t,1130,I,
100,'356,India,2533,'S2533,Sweet potatoes,5301,Domestic supply quantity,2023,2023,1000 t,1162,I,
100,'356,India,2533,'S2533,Sweet potatoes,5521,Feed,2010,2010,1000 t,23,I,
100,'356,India,2533,'S2533,Sweet potatoes,5521,Feed,2011,2011,1000 t,22,I,
100,'356,India,2533,'S2533,Sweet potatoes,5521,Feed,2012,2012,1000 t,22,I,
100,'356,India,2533,'S2533,Sweet potatoes,5521,Feed,2013,2013,1000 t,24,I,
100,'356,India,2533,'S2533,Sweet potatoes,5521,Feed,2014,2014,1000 t,16,I,
100,'356,India,2533,'S2533,Sweet potatoes,5521,Feed,2015,2015,1000 t,19,I,
100,'356,India,2533,'S2533,Sweet potatoes,5521,Feed,2016,2016,1000 t,26,I,
100,'356,India,2533,'S2533,Sweet potatoes,5521,Feed,2017,2017,1000 t,24,I,
100,'356,India,2533,'S2533,Sweet potatoes,5521,Feed,2018,2018,1000 t,21,I,
100,'356,India,2533,'S2533,Sweet potatoes,5521,Feed,2019,2019,1000 t,17,I,
100,'356,India,2533,'S2533,Sweet potatoes,5521,Feed,2020,2020,1000 t,14,I,
100,'356,India,2533,'S2533,Sweet potatoes,5521,Feed,2021,2021,1000 t,19,I,
100,'356,India,2533,'S2533,Sweet potatoes,5521,Feed,2022,2022,1000 t,18,I,
100,'356,India,2533,'S2533,Sweet potatoes,5521,Feed,2023,2023,1000 t,20,I,
100,'356,India,2533,'S2533,Sweet potatoes,5123,Losses,2010,2010,1000 t,82,I,
100,'356,India,2533,'S2533,Sweet potatoes,5123,Losses,2011,2011,1000 t,79,I,
100,'356,India,2533,'S2533,Sweet potatoes,5123,Losses,2012,2012,1000 t,81,I,
100,'356,India,2533,'S2533,Sweet potatoes,5123,Losses,2013,2013,1000 t,85,I,
100,'356,India,2533,'S2533,Sweet potatoes,5123,Losses,2014,2014,1000 t,82,I,
100,'356,India,2533,'S2533,Sweet potatoes,5123,Losses,2015,2015,1000 t,92,I,
100,'356,India,2533,'S2533,Sweet potatoes,5123,Losses,2016,2016,1000 t,109,I,
100,'356,India,2533,'S2533,Sweet potatoes,5123,Losses,2017,2017,1000 t,110,I,
100,'356,India,2533,'S2533,Sweet potatoes,5123,Losses,2018,2018,1000 t,113,I,
100,'356,India,2533,'S2533,Sweet potatoes,5123,Losses,2019,2019,1000 t,87,I,
100,'356,India,2533,'S2533,Sweet potatoes,5123,Losses,2020,2020,1000 t,89,I,
100,'356,India,2533,'S2533,Sweet potatoes,5123,Losses,2021,2021,1000 t,85,I,
100,'356,India,2533,'S2533,Sweet potatoes,5123,Losses,2022,2022,1000 t,91,I,
100,'356,India,2533,'S2533,Sweet potatoes,5123,Losses,2023,2023,1000 t,99,I,
100,'356,India,2533,'S2533,Sweet potatoes,5131,Processing,2010,2010,1000 t,11,I,
100,'356,India,2533,'S2533,Sweet potatoes,5131,Processing,2011,2011,1000 t,11,I,
100,'356,India,2533,'S2533,Sweet potatoes,5131,Processing,2012,2012,1000 t,11,I,
100,'356,India,2533,'S2533,Sweet potatoes,5131,Processing,2013,2013,1000 t,12,I,
100,'356,India,2533,'S2533,Sweet potatoes,5131,Processing,2014,2014,1000 t,11,I,
100,'356,India,2533,'S2533,Sweet potatoes,5131,Processing,2015,2015,1000 t,13,I,
100,'356,India,2533,'S2533,Sweet potatoes,5131,Processing,2016,2016,1000 t,15,I,
100,'356,India,2533,'S2533,Sweet potatoes,5131,Processing,2017,2017,1000 t,15,I,
100,'356,India,2533,'S2533,Sweet potatoes,5131,Processing,2018,2018,1000 t,16,I,
100,'356,India,2533,'S2533,Sweet potatoes,5131,Processing,2019,2019,1000 t,12,I,
100,'356,India,2533,'S2533,Sweet potatoes,5131,Processing,2020,2020,1000 t,12,I,
100,'356,India,2533,'S2533,Sweet potatoes,5131,Processing,2021,2021,1000 t,12,I,
100,'356,India,2533,'S2533,Sweet potatoes,5131,Processing,2022,2022,1000 t,12,I,
100,'356,India,2533,'S2533,Sweet potatoes,5131,Processing,2023,2023,1000 t,13,I,
100,'356,India,2533,'S2533,Sweet potatoes,5170,Residuals,2010,2010,1000 t,0,I,
100,'356,India,2533,'S2533,Sweet potatoes,5170,Residuals,2011,2011,1000 t,0,I,
100,'356,India,2533,'S2533,Sweet potatoes,5170,Residuals,2012,2012,1000 t,0,I,
100,'356,India,2533,'S2533,Sweet potatoes,5170,Residuals,2013,2013,1000 t,0,I,
100,'356,India,2533,'S2533,Sweet potatoes,5170,Residuals,2014,2014,1000 t,0,I,
100,'356,India,2533,'S2533,Sweet potatoes,5170,Residuals,2015,2015,1000 t,0,I,
100,'356,India,2533,'S2533,Sweet potatoes,5170,Residuals,2016,2016,1000 t,0,I,
100,'356,India,2533,'S2533,Sweet potatoes,5170,Residuals,2017,2017,1000 t,0,I,
100,'356,India,2533,'S2533,Sweet potatoes,5170,Residuals,2018,2018,1000 t,0,I,
100,'356,India,2533,'S2533,Sweet potatoes,5170,Residuals,2019,2019,1000 t,0,I,
100,'356,India,2533,'S2533,Sweet potatoes,5170,Residuals,2020,2020,1000 t,0,I,
100,'356,India,2533,'S2533,Sweet potatoes,5170,Residuals,2021,2021,1000 t,0,I,
100,'356,India,2533,'S2533,Sweet potatoes,5170,Residuals,2022,2022,1000 t,0,I,
100,'356,India,2533,'S2533,Sweet potatoes,5170,Residuals,2023,2023,1000 t,0,I,
100,'356,India,2533,'S2533,Sweet potatoes,5142,Food,2010,2010,1000 t,974,I,
100,'356,India,2533,'S2533,Sweet potatoes,5142,Food,2011,2011,1000 t,996,I,
100,'356,India,2533,'S2533,Sweet potatoes,5142,Food,2012,2012,1000 t,1017,I,
100,'356,India,2533,'S2533,Sweet potatoes,5142,Food,2013,2013,1000 t,1040,I,
100,'356,India,2533,'S2533,Sweet potatoes,5142,Food,2014,2014,1000 t,967,I,
100,'356,India,2533,'S2533,Sweet potatoes,5142,Food,2015,2015,1000 t,1091,I,
100,'356,India,2533,'S2533,Sweet potatoes,5142,Food,2016,2016,1000 t,1292,I,
100,'356,India,2533,'S2533,Sweet potatoes,5142,Food,2017,2017,1000 t,1298,I,
100,'356,India,2533,'S2533,Sweet potatoes,5142,Food,2018,2018,1000 t,1333,I,
100,'356,India,2533,'S2533,Sweet potatoes,5142,Food,2019,2019,1000 t,1027,I,
100,'356,India,2533,'S2533,Sweet potatoes,5142,Food,2020,2020,1000 t,931,I,
100,'356,India,2533,'S2533,Sweet potatoes,5142,Food,2021,2021,1000 t,928,I,
100,'356,India,2533,'S2533,Sweet potatoes,5142,Food,2022,2022,1000 t,1008,I,
100,'356,India,2533,'S2533,Sweet potatoes,5142,Food,2023,2023,1000 t,1030,I,
100,'356,India,2533,'S2533,Sweet potatoes,645,Food supply quantity (kg/capita/yr),2010,2010,kg/cap,0.78,E,
100,'356,India,2533,'S2533,Sweet potatoes,645,Food supply quantity (kg/capita/yr),2011,2011,kg/cap,0.79,E,
100,'356,India,2533,'S2533,Sweet potatoes,645,Food supply quantity (kg/capita/yr),2012,2012,kg/cap,0.8,E,
100,'356,India,2533,'S2533,Sweet potatoes,645,Food supply quantity (kg/capita/yr),2013,2013,kg/cap,0.8,E,
100,'356,India,2533,'S2533,Sweet potatoes,645,Food supply quantity (kg/capita/yr),2014,2014,kg/cap,0.74,E,
100,'356,India,2533,'S2533,Sweet potatoes,645,Food supply quantity (kg/capita/yr),2015,2015,kg/cap,0.82,E,
100,'356,India,2533,'S2533,Sweet potatoes,645,Food supply quantity (kg/capita/yr),2016,2016,kg/cap,0.96,E,
100,'356,India,2533,'S2533,Sweet potatoes,645,Food supply quantity (kg/capita/yr),2017,2017,kg/cap,0.95,E,
100,'356,India,2533,'S2533,Sweet potatoes,645,Food supply quantity (kg/capita/yr),2018,2018,kg/cap,0.97,E,
100,'356,India,2533,'S2533,Sweet potatoes,645,Food supply quantity (kg/capita/yr),2019,2019,kg/cap,0.74,E,
100,'356,India,2533,'S2533,Sweet potatoes,645,Food supply quantity (kg/capita/yr),2020,2020,kg/cap,0.66,E,
100,'356,India,2533,'S2533,Sweet potatoes,645,Food supply quantity (kg/capita/yr),2021,2021,kg/cap,0.66,E,
100,'356,India,2533,'S2533,Sweet potatoes,645,Food supply quantity (kg/capita/yr),2022,2022,kg/cap,0.71,E,
100,'356,India,2533,'S2533,Sweet potatoes,645,Food supply quantity (kg/capita/yr),2023,2023,kg/cap,0.72,E,
100,'356,India,2533,'S2533,Sweet potatoes,664,Food supply (kcal/capita/day),2010,2010,kcal/cap/d,2.1,E,
100,'356,India,2533,'S2533,Sweet potatoes,664,Food supply (kcal/capita/day),2011,2011,kcal/cap/d,2.12,E,
100,'356,India,2533,'S2533,Sweet potatoes,664,Food supply (kcal/capita/day),2012,2012,kcal/cap/d,2.13,E,
100,'356,India,2533,'S2533,Sweet potatoes,664,Food supply (kcal/capita/day),2013,2013,kcal/cap/d,2.15,E,
100,'356,India,2533,'S2533,Sweet potatoes,664,Food supply (kcal/capita/day),2014,2014,kcal/cap/d,1.98,E,
100,'356,India,2533,'S2533,Sweet potatoes,664,Food supply (kcal/capita/day),2015,2015,kcal/cap/d,2.21,E,
100,'356,India,2533,'S2533,Sweet potatoes,664,Food supply (kcal/capita/day),2016,2016,kcal/cap/d,2.58,E,
100,'356,India,2533,'S2533,Sweet potatoes,664,Food supply (kcal/capita/day),2017,2017,kcal/cap/d,2.56,E,
100,'356,India,2533,'S2533,Sweet potatoes,664,Food supply (kcal/capita/day),2018,2018,kcal/cap/d,2.6,E,
100,'356,India,2533,'S2533,Sweet potatoes,664,Food supply (kcal/capita/day),2019,2019,kcal/cap/d,1.98,E,
100,'356,India,2533,'S2533,Sweet potatoes,664,Food supply (kcal/capita/day),2020,2020,kcal/cap/d,1.78,E,
100,'356,India,2533,'S2533,Sweet potatoes,664,Food supply (kcal/capita/day),2021,2021,kcal/cap/d,1.76,E,
100,'356,India,2533,'S2533,Sweet potatoes,664,Food supply (kcal/capita/day),2022,2022,kcal/cap/d,1.9,E,
100,'356,India,2533,'S2533,Sweet potatoes,664,Food supply (kcal/capita/day),2023,2023,kcal/cap/d,1.92,E,
100,'356,India,2533,'S2533,Sweet potatoes,661,Food supply (kcal),2010,2010,million Kcal,953498.04,I,
100,'356,India,2533,'S2533,Sweet potatoes,661,Food supply (kcal),2011,2011,million Kcal,975893.31,I,
100,'356,India,2533,'S2533,Sweet potatoes,661,Food supply (kcal),2012,2012,million Kcal,996116.38,I,
100,'356,India,2533,'S2533,Sweet potatoes,661,Food supply (kcal),2013,2013,million Kcal,1018166.54,I,
100,'356,India,2533,'S2533,Sweet potatoes,661,Food supply (kcal),2014,2014,million Kcal,946844.69,I,
100,'356,India,2533,'S2533,Sweet potatoes,661,Food supply (kcal),2015,2015,million Kcal,1068860.72,I,
100,'356,India,2533,'S2533,Sweet potatoes,661,Food supply (kcal),2016,2016,million Kcal,1265641.34,I,
100,'356,India,2533,'S2533,Sweet potatoes,661,Food supply (kcal),2017,2017,million Kcal,1270951.63,I,
100,'356,India,2533,'S2533,Sweet potatoes,661,Food supply (kcal),2018,2018,million Kcal,1305771.6,I,
100,'356,India,2533,'S2533,Sweet potatoes,661,Food supply (kcal),2019,2019,million Kcal,1005939.56,I,
100,'356,India,2533,'S2533,Sweet potatoes,661,Food supply (kcal),2020,2020,million Kcal,911782.73,I,
100,'356,India,2533,'S2533,Sweet potatoes,661,Food supply (kcal),2021,2021,million Kcal,908778.76,I,
100,'356,India,2533,'S2533,Sweet potatoes,661,Food supply (kcal),2022,2022,million Kcal,987180.21,I,
100,'356,India,2533,'S2533,Sweet potatoes,661,Food supply (kcal),2023,2023,million Kcal,1008740,I,
100,'356,India,2533,'S2533,Sweet potatoes,674,Protein supply quantity (g/capita/day),2010,2010,g/cap/d,0.02,E,
100,'356,India,2533,'S2533,Sweet potatoes,674,Protein supply quantity (g/capita/day),2011,2011,g/cap/d,0.02,E,
100,'356,India,2533,'S2533,Sweet potatoes,674,Protein supply quantity (g/capita/day),2012,2012,g/cap/d,0.02,E,
100,'356,India,2533,'S2533,Sweet potatoes,674,Protein supply quantity (g/capita/day),2013,2013,g/cap/d,0.02,E,
100,'356,India,2533,'S2533,Sweet potatoes,674,Protein supply quantity (g/capita/day),2014,2014,g/cap/d,0.02,E,
100,'356,India,2533,'S2533,Sweet potatoes,674,Protein supply quantity (g/capita/day),2015,2015,g/cap/d,0.02,E,
100,'356,India,2533,'S2533,Sweet potatoes,674,Protein supply quantity (g/capita/day),2016,2016,g/cap/d,0.03,E,
100,'356,India,2533,'S2533,Sweet potatoes,674,Protein supply quantity (g/capita/day),2017,2017,g/cap/d,0.03,E,
100,'356,India,2533,'S2533,Sweet potatoes,674,Protein supply quantity (g/capita/day),2018,2018,g/cap/d,0.03,E,
100,'356,India,2533,'S2533,Sweet potatoes,674,Protein supply quantity (g/capita/day),2019,2019,g/cap/d,0.02,E,
100,'356,India,2533,'S2533,Sweet potatoes,674,Protein supply quantity (g/capita/day),2020,2020,g/cap/d,0.02,E,
100,'356,India,2533,'S2533,Sweet potatoes,674,Protein supply quantity (g/capita/day),2021,2021,g/cap/d,0.02,E,
100,'356,India,2533,'S2533,Sweet potatoes,674,Protein supply quantity (g/capita/day),2022,2022,g/cap/d,0.02,E,
100,'356,India,2533,'S2533,Sweet potatoes,674,Protein supply quantity (g/capita/day),2023,2023,g/cap/d,0.02,E,
100,'356,India,2533,'S2533,Sweet potatoes,671,Protein supply quantity (t),2010,2010,t,10504.64,I,
100,'356,India,2533,'S2533,Sweet potatoes,671,Protein supply quantity (t),2011,2011,t,10751.37,I,
100,'356,India,2533,'S2533,Sweet potatoes,671,Protein supply quantity (t),2012,2012,t,10974.16,I,
100,'356,India,2533,'S2533,Sweet potatoes,671,Protein supply quantity (t),2013,2013,t,11217.09,I,
100,'356,India,2533,'S2533,Sweet potatoes,671,Protein supply quantity (t),2014,2014,t,10431.34,I,
100,'356,India,2533,'S2533,Sweet potatoes,671,Protein supply quantity (t),2015,2015,t,11775.58,I,
100,'356,India,2533,'S2533,Sweet potatoes,671,Protein supply quantity (t),2016,2016,t,13943.51,I,
100,'356,India,2533,'S2533,Sweet potatoes,671,Protein supply quantity (t),2017,2017,t,14002.01,I,
100,'356,India,2533,'S2533,Sweet potatoes,671,Protein supply quantity (t),2018,2018,t,14385.62,I,
100,'356,India,2533,'S2533,Sweet potatoes,671,Protein supply quantity (t),2019,2019,t,11082.38,I,
100,'356,India,2533,'S2533,Sweet potatoes,671,Protein supply quantity (t),2020,2020,t,10045.06,I,
100,'356,India,2533,'S2533,Sweet potatoes,671,Protein supply quantity (t),2021,2021,t,10011.97,I,
100,'356,India,2533,'S2533,Sweet potatoes,671,Protein supply quantity (t),2022,2022,t,10875.71,I,
100,'356,India,2533,'S2533,Sweet potatoes,671,Protein supply quantity (t),2023,2023,t,11113.24,I,
100,'356,India,2533,'S2533,Sweet potatoes,684,Fat supply quantity (g/capita/day),2010,2010,g/cap/d,0.01,E,
100,'356,India,2533,'S2533,Sweet potatoes,684,Fat supply quantity (g/capita/day),2011,2011,g/cap/d,0.01,E,
100,'356,India,2533,'S2533,Sweet potatoes,684,Fat supply quantity (g/capita/day),2012,2012,g/cap/d,0.01,E,
100,'356,India,2533,'S2533,Sweet potatoes,684,Fat supply quantity (g/capita/day),2013,2013,g/cap/d,0.01,E,
100,'356,India,2533,'S2533,Sweet potatoes,684,Fat supply quantity (g/capita/day),2014,2014,g/cap/d,0.01,E,
100,'356,India,2533,'S2533,Sweet potatoes,684,Fat supply quantity (g/capita/day),2015,2015,g/cap/d,0.01,E,
100,'356,India,2533,'S2533,Sweet potatoes,684,Fat supply quantity (g/capita/day),2016,2016,g/cap/d,0.01,E,
100,'356,India,2533,'S2533,Sweet potatoes,684,Fat supply quantity (g/capita/day),2017,2017,g/cap/d,0.01,E,
100,'356,India,2533,'S2533,Sweet potatoes,684,Fat supply quantity (g/capita/day),2018,2018,g/cap/d,0.01,E,
100,'356,India,2533,'S2533,Sweet potatoes,684,Fat supply quantity (g/capita/day),2019,2019,g/cap/d,0.01,E,
100,'356,India,2533,'S2533,Sweet potatoes,684,Fat supply quantity (g/capita/day),2020,2020,g/cap/d,0,E,
100,'356,India,2533,'S2533,Sweet potatoes,684,Fat supply quantity (g/capita/day),2021,2021,g/cap/d,0,E,
100,'356,India,2533,'S2533,Sweet potatoes,684,Fat supply quantity (g/capita/day),2022,2022,g/cap/d,0,E,
100,'356,India,2533,'S2533,Sweet potatoes,684,Fat supply quantity (g/capita/day),2023,2023,g/cap/d,0,E,
100,'356,India,2533,'S2533,Sweet potatoes,681,Fat supply quantity (t),2010,2010,t,2424.15,I,
100,'356,India,2533,'S2533,Sweet potatoes,681,Fat supply quantity (t),2011,2011,t,2481.08,I,
100,'356,India,2533,'S2533,Sweet potatoes,681,Fat supply quantity (t),2012,2012,t,2532.5,I,
100,'356,India,2533,'S2533,Sweet potatoes,681,Fat supply quantity (t),2013,2013,t,2588.56,I,
100,'356,India,2533,'S2533,Sweet potatoes,681,Fat supply quantity (t),2014,2014,t,2407.23,I,
100,'356,India,2533,'S2533,Sweet potatoes,681,Fat supply quantity (t),2015,2015,t,2717.44,I,
100,'356,India,2533,'S2533,Sweet potatoes,681,Fat supply quantity (t),2016,2016,t,3217.73,I,
100,'356,India,2533,'S2533,Sweet potatoes,681,Fat supply quantity (t),2017,2017,t,3231.23,I,
100,'356,India,2533,'S2533,Sweet potatoes,681,Fat supply quantity (t),2018,2018,t,3319.76,I,
100,'356,India,2533,'S2533,Sweet potatoes,681,Fat supply quantity (t),2019,2019,t,2557.47,I,
100,'356,India,2533,'S2533,Sweet potatoes,681,Fat supply quantity (t),2020,2020,t,2318.09,I,
100,'356,India,2533,'S2533,Sweet potatoes,681,Fat supply quantity (t),2021,2021,t,2310.45,I,
100,'356,India,2533,'S2533,Sweet potatoes,681,Fat supply quantity (t),2022,2022,t,2509.78,I,
100,'356,India,2533,'S2533,Sweet potatoes,681,Fat supply quantity (t),2023,2023,t,2564.59,I,
100,'356,India,2535,'S2535,Yams,5611,Import quantity,2019,2019,1000 t,0,I,
100,'356,India,2535,'S2535,Yams,5611,Import quantity,2020,2020,1000 t,0,I,
100,'356,India,2535,'S2535,Yams,5611,Import quantity,2021,2021,1000 t,0,I,
100,'356,India,2535,'S2535,Yams,5611,Import quantity,2022,2022,1000 t,0,I,
100,'356,India,2535,'S2535,Yams,5611,Import quantity,2023,2023,1000 t,0,I,
100,'356,India,2535,'S2535,Yams,5072,Stock Variation,2013,2013,1000 t,0,I,
100,'356,India,2535,'S2535,Yams,5072,Stock Variation,2014,2014,1000 t,0,I,
100,'356,India,2535,'S2535,Yams,5072,Stock Variation,2015,2015,1000 t,0,I,
100,'356,India,2535,'S2535,Yams,5072,Stock Variation,2016,2016,1000 t,0,I,
100,'356,India,2535,'S2535,Yams,5072,Stock Variation,2017,2017,1000 t,0,I,
100,'356,India,2535,'S2535,Yams,5072,Stock Variation,2018,2018,1000 t,0,I,
100,'356,India,2535,'S2535,Yams,5072,Stock Variation,2019,2019,1000 t,0,I,
100,'356,India,2535,'S2535,Yams,5072,Stock Variation,2020,2020,1000 t,0,I,
100,'356,India,2535,'S2535,Yams,5072,Stock Variation,2021,2021,1000 t,0,I,
100,'356,India,2535,'S2535,Yams,5072,Stock Variation,2022,2022,1000 t,0,I,
100,'356,India,2535,'S2535,Yams,5072,Stock Variation,2023,2023,1000 t,0,I,
100,'356,India,2535,'S2535,Yams,5911,Export quantity,2010,2010,1000 t,0,I,
100,'356,India,2535,'S2535,Yams,5911,Export quantity,2011,2011,1000 t,0,I,
100,'356,India,2535,'S2535,Yams,5911,Export quantity,2012,2012,1000 t,0,I,
100,'356,India,2535,'S2535,Yams,5911,Export quantity,2013,2013,1000 t,4,I,
100,'356,India,2535,'S2535,Yams,5911,Export quantity,2014,2014,1000 t,5,I,
100,'356,India,2535,'S2535,Yams,5911,Export quantity,2015,2015,1000 t,7,I,
100,'356,India,2535,'S2535,Yams,5911,Export quantity,2016,2016,1000 t,8,I,
100,'356,India,2535,'S2535,Yams,5911,Export quantity,2017,2017,1000 t,9,I,
100,'356,India,2535,'S2535,Yams,5911,Export quantity,2018,2018,1000 t,9,I,
100,'356,India,2535,'S2535,Yams,5911,Export quantity,2019,2019,1000 t,9,I,
100,'356,India,2535,'S2535,Yams,5911,Export quantity,2020,2020,1000 t,8,I,
100,'356,India,2535,'S2535,Yams,5911,Export quantity,2021,2021,1000 t,9,I,
100,'356,India,2535,'S2535,Yams,5911,Export quantity,2022,2022,1000 t,8,I,
100,'356,India,2535,'S2535,Yams,5911,Export quantity,2023,2023,1000 t,8,I,
100,'356,India,2535,'S2535,Yams,5301,Domestic supply quantity,2010,2010,1000 t,0,I,
100,'356,India,2535,'S2535,Yams,5301,Domestic supply quantity,2011,2011,1000 t,0,I,
100,'356,India,2535,'S2535,Yams,5301,Domestic supply quantity,2012,2012,1000 t,0,I,
100,'356,India,2535,'S2535,Yams,5301,Domestic supply quantity,2013,2013,1000 t,-4,I,
100,'356,India,2535,'S2535,Yams,5301,Domestic supply quantity,2014,2014,1000 t,-5,I,
100,'356,India,2535,'S2535,Yams,5301,Domestic supply quantity,2015,2015,1000 t,-7,I,
100,'356,India,2535,'S2535,Yams,5301,Domestic supply quantity,2016,2016,1000 t,-8,I,
100,'356,India,2535,'S2535,Yams,5301,Domestic supply quantity,2017,2017,1000 t,-9,I,
100,'356,India,2535,'S2535,Yams,5301,Domestic supply quantity,2018,2018,1000 t,-9,I,
100,'356,India,2535,'S2535,Yams,5301,Domestic supply quantity,2019,2019,1000 t,-9,I,
100,'356,India,2535,'S2535,Yams,5301,Domestic supply quantity,2020,2020,1000 t,-8,I,
100,'356,India,2535,'S2535,Yams,5301,Domestic supply quantity,2021,2021,1000 t,-9,I,
100,'356,India,2535,'S2535,Yams,5301,Domestic supply quantity,2022,2022,1000 t,-8,I,
100,'356,India,2535,'S2535,Yams,5301,Domestic supply quantity,2023,2023,1000 t,-8,I,
100,'356,India,2535,'S2535,Yams,5170,Residuals,2010,2010,1000 t,0,I,
100,'356,India,2535,'S2535,Yams,5170,Residuals,2011,2011,1000 t,0,I,
100,'356,India,2535,'S2535,Yams,5170,Residuals,2012,2012,1000 t,0,I,
100,'356,India,2535,'S2535,Yams,5170,Residuals,2013,2013,1000 t,-4,I,
100,'356,India,2535,'S2535,Yams,5170,Residuals,2014,2014,1000 t,-5,I,
100,'356,India,2535,'S2535,Yams,5170,Residuals,2015,2015,1000 t,-7,I,
100,'356,India,2535,'S2535,Yams,5170,Residuals,2016,2016,1000 t,-8,I,
100,'356,India,2535,'S2535,Yams,5170,Residuals,2017,2017,1000 t,-9,I,
100,'356,India,2535,'S2535,Yams,5170,Residuals,2018,2018,1000 t,-9,I,
100,'356,India,2535,'S2535,Yams,5170,Residuals,2019,2019,1000 t,-9,I,
100,'356,India,2535,'S2535,Yams,5170,Residuals,2020,2020,1000 t,-8,I,
100,'356,India,2535,'S2535,Yams,5170,Residuals,2021,2021,1000 t,-9,I,
100,'356,India,2535,'S2535,Yams,5170,Residuals,2022,2022,1000 t,-8,I,
100,'356,India,2535,'S2535,Yams,5170,Residuals,2023,2023,1000 t,-8,I,
100,'356,India,2534,'S2534,"Roots, Other",5511,Production,2010,2010,1000 t,4,I,
100,'356,India,2534,'S2534,"Roots, Other",5511,Production,2011,2011,1000 t,4,I,
100,'356,India,2534,'S2534,"Roots, Other",5511,Production,2012,2012,1000 t,4,I,
100,'356,India,2534,'S2534,"Roots, Other",5511,Production,2013,2013,1000 t,5,I,
100,'356,India,2534,'S2534,"Roots, Other",5511,Production,2014,2014,1000 t,4,I,
100,'356,India,2534,'S2534,"Roots, Other",5511,Production,2015,2015,1000 t,5,I,
100,'356,India,2534,'S2534,"Roots, Other",5511,Production,2016,2016,1000 t,6,I,
100,'356,India,2534,'S2534,"Roots, Other",5511,Production,2017,2017,1000 t,6,I,
100,'356,India,2534,'S2534,"Roots, Other",5511,Production,2018,2018,1000 t,6,I,
100,'356,India,2534,'S2534,"Roots, Other",5511,Production,2019,2019,1000 t,5,I,
100,'356,India,2534,'S2534,"Roots, Other",5511,Production,2020,2020,1000 t,5,I,
100,'356,India,2534,'S2534,"Roots, Other",5511,Production,2021,2021,1000 t,5,I,
100,'356,India,2534,'S2534,"Roots, Other",5511,Production,2022,2022,1000 t,5,I,
100,'356,India,2534,'S2534,"Roots, Other",5511,Production,2023,2023,1000 t,5,I,
100,'356,India,2534,'S2534,"Roots, Other",5611,Import quantity,2010,2010,1000 t,0,I,
100,'356,India,2534,'S2534,"Roots, Other",5611,Import quantity,2011,2011,1000 t,0,I,
100,'356,India,2534,'S2534,"Roots, Other",5611,Import quantity,2012,2012,1000 t,0,I,
100,'356,India,2534,'S2534,"Roots, Other",5611,Import quantity,2013,2013,1000 t,0,I,
100,'356,India,2534,'S2534,"Roots, Other",5611,Import quantity,2014,2014,1000 t,0,I,
100,'356,India,2534,'S2534,"Roots, Other",5611,Import quantity,2017,2017,1000 t,0,I,
100,'356,India,2534,'S2534,"Roots, Other",5611,Import quantity,2018,2018,1000 t,0,I,
100,'356,India,2534,'S2534,"Roots, Other",5611,Import quantity,2019,2019,1000 t,0,I,
100,'356,India,2534,'S2534,"Roots, Other",5611,Import quantity,2020,2020,1000 t,0,I,
100,'356,India,2534,'S2534,"Roots, Other",5611,Import quantity,2021,2021,1000 t,0,I,
100,'356,India,2534,'S2534,"Roots, Other",5611,Import quantity,2022,2022,1000 t,0,I,
100,'356,India,2534,'S2534,"Roots, Other",5611,Import quantity,2023,2023,1000 t,0,I,
100,'356,India,2534,'S2534,"Roots, Other",5072,Stock Variation,2010,2010,1000 t,0,I,
100,'356,India,2534,'S2534,"Roots, Other",5072,Stock Variation,2011,2011,1000 t,0,I,
100,'356,India,2534,'S2534,"Roots, Other",5072,Stock Variation,2012,2012,1000 t,0,I,
100,'356,India,2534,'S2534,"Roots, Other",5072,Stock Variation,2013,2013,1000 t,0,I,
100,'356,India,2534,'S2534,"Roots, Other",5072,Stock Variation,2014,2014,1000 t,0,I,
100,'356,India,2534,'S2534,"Roots, Other",5072,Stock Variation,2015,2015,1000 t,0,I,
100,'356,India,2534,'S2534,"Roots, Other",5072,Stock Variation,2016,2016,1000 t,0,I,
100,'356,India,2534,'S2534,"Roots, Other",5072,Stock Variation,2017,2017,1000 t,0,I,
100,'356,India,2534,'S2534,"Roots, Other",5072,Stock Variation,2018,2018,1000 t,0,I,
100,'356,India,2534,'S2534,"Roots, Other",5072,Stock Variation,2019,2019,1000 t,0,I,
100,'356,India,2534,'S2534,"Roots, Other",5072,Stock Variation,2020,2020,1000 t,0,I,
100,'356,India,2534,'S2534,"Roots, Other",5072,Stock Variation,2021,2021,1000 t,0,I,
100,'356,India,2534,'S2534,"Roots, Other",5072,Stock Variation,2022,2022,1000 t,0,I,
100,'356,India,2534,'S2534,"Roots, Other",5072,Stock Variation,2023,2023,1000 t,0,I,
100,'356,India,2534,'S2534,"Roots, Other",5911,Export quantity,2010,2010,1000 t,2,I,
100,'356,India,2534,'S2534,"Roots, Other",5911,Export quantity,2011,2011,1000 t,2,I,
100,'356,India,2534,'S2534,"Roots, Other",5911,Export quantity,2012,2012,1000 t,2,I,
100,'356,India,2534,'S2534,"Roots, Other",5911,Export quantity,2013,2013,1000 t,2,I,
100,'356,India,2534,'S2534,"Roots, Other",5911,Export quantity,2014,2014,1000 t,2,I,
100,'356,India,2534,'S2534,"Roots, Other",5911,Export quantity,2015,2015,1000 t,1,I,
100,'356,India,2534,'S2534,"Roots, Other",5911,Export quantity,2016,2016,1000 t,2,I,
100,'356,India,2534,'S2534,"Roots, Other",5911,Export quantity,2017,2017,1000 t,1,I,
100,'356,India,2534,'S2534,"Roots, Other",5911,Export quantity,2018,2018,1000 t,1,I,
100,'356,India,2534,'S2534,"Roots, Other",5911,Export quantity,2019,2019,1000 t,1,I,
100,'356,India,2534,'S2534,"Roots, Other",5911,Export quantity,2020,2020,1000 t,4,I,
100,'356,India,2534,'S2534,"Roots, Other",5911,Export quantity,2021,2021,1000 t,6,I,
100,'356,India,2534,'S2534,"Roots, Other",5911,Export quantity,2022,2022,1000 t,2,I,
100,'356,India,2534,'S2534,"Roots, Other",5911,Export quantity,2023,2023,1000 t,2,I,
100,'356,India,2534,'S2534,"Roots, Other",5301,Domestic supply quantity,2010,2010,1000 t,2,I,
100,'356,India,2534,'S2534,"Roots, Other",5301,Domestic supply quantity,2011,2011,1000 t,2,I,
100,'356,India,2534,'S2534,"Roots, Other",5301,Domestic supply quantity,2012,2012,1000 t,2,I,
100,'356,India,2534,'S2534,"Roots, Other",5301,Domestic supply quantity,2013,2013,1000 t,3,I,
100,'356,India,2534,'S2534,"Roots, Other",5301,Domestic supply quantity,2014,2014,1000 t,3,I,
100,'356,India,2534,'S2534,"Roots, Other",5301,Domestic supply quantity,2015,2015,1000 t,4,I,
100,'356,India,2534,'S2534,"Roots, Other",5301,Domestic supply quantity,2016,2016,1000 t,4,I,
100,'356,India,2534,'S2534,"Roots, Other",5301,Domestic supply quantity,2017,2017,1000 t,5,I,
100,'356,India,2534,'S2534,"Roots, Other",5301,Domestic supply quantity,2018,2018,1000 t,5,I,
100,'356,India,2534,'S2534,"Roots, Other",5301,Domestic supply quantity,2019,2019,1000 t,3,I,
100,'356,India,2534,'S2534,"Roots, Other",5301,Domestic supply quantity,2020,2020,1000 t,1,I,
100,'356,India,2534,'S2534,"Roots, Other",5301,Domestic supply quantity,2021,2021,1000 t,-1,I,
100,'356,India,2534,'S2534,"Roots, Other",5301,Domestic supply quantity,2022,2022,1000 t,3,I,
100,'356,India,2534,'S2534,"Roots, Other",5301,Domestic supply quantity,2023,2023,1000 t,4,I,
100,'356,India,2534,'S2534,"Roots, Other",5170,Residuals,2010,2010,1000 t,-2,I,
100,'356,India,2534,'S2534,"Roots, Other",5170,Residuals,2011,2011,1000 t,-1,I,
100,'356,India,2534,'S2534,"Roots, Other",5170,Residuals,2012,2012,1000 t,-1,I,
100,'356,India,2534,'S2534,"Roots, Other",5170,Residuals,2013,2013,1000 t,-1,I,
100,'356,India,2534,'S2534,"Roots, Other",5170,Residuals,2014,2014,1000 t,-1,I,
100,'356,India,2534,'S2534,"Roots, Other",5170,Residuals,2015,2015,1000 t,-1,I,
100,'356,India,2534,'S2534,"Roots, Other",5170,Residuals,2016,2016,1000 t,-1,I,
100,'356,India,2534,'S2534,"Roots, Other",5170,Residuals,2017,2017,1000 t,-1,I,
100,'356,India,2534,'S2534,"Roots, Other",5170,Residuals,2018,2018,1000 t,0,I,
100,'356,India,2534,'S2534,"Roots, Other",5170,Residuals,2019,2019,1000 t,0,I,
100,'356,India,2534,'S2534,"Roots, Other",5170,Residuals,2020,2020,1000 t,-2,I,
100,'356,India,2534,'S2534,"Roots, Other",5170,Residuals,2021,2021,1000 t,-4,I,
100,'356,India,2534,'S2534,"Roots, Other",5170,Residuals,2022,2022,1000 t,-1,I,
100,'356,India,2534,'S2534,"Roots, Other",5170,Residuals,2023,2023,1000 t,-1,I,
100,'356,India,2534,'S2534,"Roots, Other",5142,Food,2010,2010,1000 t,4,I,
100,'356,India,2534,'S2534,"Roots, Other",5142,Food,2011,2011,1000 t,4,I,
100,'356,India,2534,'S2534,"Roots, Other",5142,Food,2012,2012,1000 t,3,I,
100,'356,India,2534,'S2534,"Roots, Other",5142,Food,2013,2013,1000 t,4,I,
100,'356,India,2534,'S2534,"Roots, Other",5142,Food,2014,2014,1000 t,4,I,
100,'356,India,2534,'S2534,"Roots, Other",5142,Food,2015,2015,1000 t,4,I,
100,'356,India,2534,'S2534,"Roots, Other",5142,Food,2016,2016,1000 t,5,I,
100,'356,India,2534,'S2534,"Roots, Other",5142,Food,2017,2017,1000 t,5,I,
100,'356,India,2534,'S2534,"Roots, Other",5142,Food,2018,2018,1000 t,6,I,
100,'356,India,2534,'S2534,"Roots, Other",5142,Food,2019,2019,1000 t,4,I,
100,'356,India,2534,'S2534,"Roots, Other",5142,Food,2020,2020,1000 t,2,I,
100,'356,India,2534,'S2534,"Roots, Other",5142,Food,2021,2021,1000 t,3,I,
100,'356,India,2534,'S2534,"Roots, Other",5142,Food,2022,2022,1000 t,4,I,
100,'356,India,2534,'S2534,"Roots, Other",5142,Food,2023,2023,1000 t,4,I,
100,'356,India,2534,'S2534,"Roots, Other",645,Food supply quantity (kg/capita/yr),2010,2010,kg/cap,0,E,
100,'356,India,2534,'S2534,"Roots, Other",645,Food supply quantity (kg/capita/yr),2011,2011,kg/cap,0,E,
100,'356,India,2534,'S2534,"Roots, Other",645,Food supply quantity (kg/capita/yr),2012,2012,kg/cap,0,E,
100,'356,India,2534,'S2534,"Roots, Other",645,Food supply quantity (kg/capita/yr),2013,2013,kg/cap,0,E,
100,'356,India,2534,'S2534,"Roots, Other",645,Food supply quantity (kg/capita/yr),2014,2014,kg/cap,0,E,
100,'356,India,2534,'S2534,"Roots, Other",645,Food supply quantity (kg/capita/yr),2015,2015,kg/cap,0,E,
100,'356,India,2534,'S2534,"Roots, Other",645,Food supply quantity (kg/capita/yr),2016,2016,kg/cap,0,E,
100,'356,India,2534,'S2534,"Roots, Other",645,Food supply quantity (kg/capita/yr),2017,2017,kg/cap,0,E,
100,'356,India,2534,'S2534,"Roots, Other",645,Food supply quantity (kg/capita/yr),2018,2018,kg/cap,0,E,
100,'356,India,2534,'S2534,"Roots, Other",645,Food supply quantity (kg/capita/yr),2019,2019,kg/cap,0,E,
100,'356,India,2534,'S2534,"Roots, Other",645,Food supply quantity (kg/capita/yr),2020,2020,kg/cap,0,E,
100,'356,India,2534,'S2534,"Roots, Other",645,Food supply quantity (kg/capita/yr),2021,2021,kg/cap,0,E,
100,'356,India,2534,'S2534,"Roots, Other",645,Food supply quantity (kg/capita/yr),2022,2022,kg/cap,0,E,
100,'356,India,2534,'S2534,"Roots, Other",645,Food supply quantity (kg/capita/yr),2023,2023,kg/cap,0,E,
100,'356,India,2534,'S2534,"Roots, Other",664,Food supply (kcal/capita/day),2010,2010,kcal/cap/d,0.03,E,
100,'356,India,2534,'S2534,"Roots, Other",664,Food supply (kcal/capita/day),2011,2011,kcal/cap/d,0.03,E,
100,'356,India,2534,'S2534,"Roots, Other",664,Food supply (kcal/capita/day),2012,2012,kcal/cap/d,0.02,E,
100,'356,India,2534,'S2534,"Roots, Other",664,Food supply (kcal/capita/day),2013,2013,kcal/cap/d,0.03,E,
100,'356,India,2534,'S2534,"Roots, Other",664,Food supply (kcal/capita/day),2014,2014,kcal/cap/d,0.03,E,
100,'356,India,2534,'S2534,"Roots, Other",664,Food supply (kcal/capita/day),2015,2015,kcal/cap/d,0.03,E,
100,'356,India,2534,'S2534,"Roots, Other",664,Food supply (kcal/capita/day),2016,2016,kcal/cap/d,0.04,E,
100,'356,India,2534,'S2534,"Roots, Other",664,Food supply (kcal/capita/day),2017,2017,kcal/cap/d,0.04,E,
100,'356,India,2534,'S2534,"Roots, Other",664,Food supply (kcal/capita/day),2018,2018,kcal/cap/d,0.04,E,
100,'356,India,2534,'S2534,"Roots, Other",664,Food supply (kcal/capita/day),2019,2019,kcal/cap/d,0.03,E,
100,'356,India,2534,'S2534,"Roots, Other",664,Food supply (kcal/capita/day),2020,2020,kcal/cap/d,0.02,E,
100,'356,India,2534,'S2534,"Roots, Other",664,Food supply (kcal/capita/day),2021,2021,kcal/cap/d,0.02,E,
100,'356,India,2534,'S2534,"Roots, Other",664,Food supply (kcal/capita/day),2022,2022,kcal/cap/d,0.03,E,
100,'356,India,2534,'S2534,"Roots, Other",664,Food supply (kcal/capita/day),2023,2023,kcal/cap/d,0.03,E,
100,'356,India,2534,'S2534,"Roots, Other",661,Food supply (kcal),2010,2010,million Kcal,12552.89,I,
100,'356,India,2534,'S2534,"Roots, Other",661,Food supply (kcal),2011,2011,million Kcal,11826.2,I,
100,'356,India,2534,'S2534,"Roots, Other",661,Food supply (kcal),2012,2012,million Kcal,11590.5,I,
100,'356,India,2534,'S2534,"Roots, Other",661,Food supply (kcal),2013,2013,million Kcal,14197.6,I,
100,'356,India,2534,'S2534,"Roots, Other",661,Food supply (kcal),2014,2014,million Kcal,12151.28,I,
100,'356,India,2534,'S2534,"Roots, Other",661,Food supply (kcal),2015,2015,million Kcal,14922.41,I,
100,'356,India,2534,'S2534,"Roots, Other",661,Food supply (kcal),2016,2016,million Kcal,17233.01,I,
100,'356,India,2534,'S2534,"Roots, Other",661,Food supply (kcal),2017,2017,million Kcal,17691.78,I,
100,'356,India,2534,'S2534,"Roots, Other",661,Food supply (kcal),2018,2018,million Kcal,18638.2,I,
100,'356,India,2534,'S2534,"Roots, Other",661,Food supply (kcal),2019,2019,million Kcal,12719.78,I,
100,'356,India,2534,'S2534,"Roots, Other",661,Food supply (kcal),2020,2020,million Kcal,8349.8,I,
100,'356,India,2534,'S2534,"Roots, Other",661,Food supply (kcal),2021,2021,million Kcal,9193.93,I,
100,'356,India,2534,'S2534,"Roots, Other",661,Food supply (kcal),2022,2022,million Kcal,13050.72,I,
100,'356,India,2534,'S2534,"Roots, Other",661,Food supply (kcal),2023,2023,million Kcal,14710.63,I,
100,'356,India,2534,'S2534,"Roots, Other",674,Protein supply quantity (g/capita/day),2010,2010,g/cap/d,0,E,
100,'356,India,2534,'S2534,"Roots, Other",674,Protein supply quantity (g/capita/day),2011,2011,g/cap/d,0,E,
100,'356,India,2534,'S2534,"Roots, Other",674,Protein supply quantity (g/capita/day),2012,2012,g/cap/d,0,E,
100,'356,India,2534,'S2534,"Roots, Other",674,Protein supply quantity (g/capita/day),2013,2013,g/cap/d,0,E,
100,'356,India,2534,'S2534,"Roots, Other",674,Protein supply quantity (g/capita/day),2014,2014,g/cap/d,0,E,
100,'356,India,2534,'S2534,"Roots, Other",674,Protein supply quantity (g/capita/day),2015,2015,g/cap/d,0,E,
100,'356,India,2534,'S2534,"Roots, Other",674,Protein supply quantity (g/capita/day),2016,2016,g/cap/d,0,E,
100,'356,India,2534,'S2534,"Roots, Other",674,Protein supply quantity (g/capita/day),2017,2017,g/cap/d,0,E,
100,'356,India,2534,'S2534,"Roots, Other",674,Protein supply quantity (g/capita/day),2018,2018,g/cap/d,0,E,
100,'356,India,2534,'S2534,"Roots, Other",674,Protein supply quantity (g/capita/day),2019,2019,g/cap/d,0,E,
100,'356,India,2534,'S2534,"Roots, Other",674,Protein supply quantity (g/capita/day),2020,2020,g/cap/d,0,E,
100,'356,India,2534,'S2534,"Roots, Other",674,Protein supply quantity (g/capita/day),2021,2021,g/cap/d,0,E,
100,'356,India,2534,'S2534,"Roots, Other",674,Protein supply quantity (g/capita/day),2022,2022,g/cap/d,0,E,
100,'356,India,2534,'S2534,"Roots, Other",674,Protein supply quantity (g/capita/day),2023,2023,g/cap/d,0,E,
100,'356,India,2534,'S2534,"Roots, Other",671,Protein supply quantity (t),2010,2010,t,71.2,I,
100,'356,India,2534,'S2534,"Roots, Other",671,Protein supply quantity (t),2011,2011,t,67.07,I,
100,'356,India,2534,'S2534,"Roots, Other",671,Protein supply quantity (t),2012,2012,t,65.74,I,
100,'356,India,2534,'S2534,"Roots, Other",671,Protein supply quantity (t),2013,2013,t,80.52,I,
100,'356,India,2534,'S2534,"Roots, Other",671,Protein supply quantity (t),2014,2014,t,68.92,I,
100,'356,India,2534,'S2534,"Roots, Other",671,Protein supply quantity (t),2015,2015,t,84.63,I,
100,'356,India,2534,'S2534,"Roots, Other",671,Protein supply quantity (t),2016,2016,t,97.74,I,
100,'356,India,2534,'S2534,"Roots, Other",671,Protein supply quantity (t),2017,2017,t,100.34,I,
100,'356,India,2534,'S2534,"Roots, Other",671,Protein supply quantity (t),2018,2018,t,105.71,I,
100,'356,India,2534,'S2534,"Roots, Other",671,Protein supply quantity (t),2019,2019,t,72.14,I,
100,'356,India,2534,'S2534,"Roots, Other",671,Protein supply quantity (t),2020,2020,t,47.36,I,
100,'356,India,2534,'S2534,"Roots, Other",671,Protein supply quantity (t),2021,2021,t,52.14,I,
100,'356,India,2534,'S2534,"Roots, Other",671,Protein supply quantity (t),2022,2022,t,74.02,I,
100,'356,India,2534,'S2534,"Roots, Other",671,Protein supply quantity (t),2023,2023,t,83.43,I,
100,'356,India,2534,'S2534,"Roots, Other",684,Fat supply quantity (g/capita/day),2010,2010,g/cap/d,0,E,
100,'356,India,2534,'S2534,"Roots, Other",684,Fat supply quantity (g/capita/day),2011,2011,g/cap/d,0,E,
100,'356,India,2534,'S2534,"Roots, Other",684,Fat supply quantity (g/capita/day),2012,2012,g/cap/d,0,E,
100,'356,India,2534,'S2534,"Roots, Other",684,Fat supply quantity (g/capita/day),2013,2013,g/cap/d,0,E,
100,'356,India,2534,'S2534,"Roots, Other",684,Fat supply quantity (g/capita/day),2014,2014,g/cap/d,0,E,
100,'356,India,2534,'S2534,"Roots, Other",684,Fat supply quantity (g/capita/day),2015,2015,g/cap/d,0,E,
100,'356,India,2534,'S2534,"Roots, Other",684,Fat supply quantity (g/capita/day),2016,2016,g/cap/d,0,E,
100,'356,India,2534,'S2534,"Roots, Other",684,Fat supply quantity (g/capita/day),2017,2017,g/cap/d,0,E,
100,'356,India,2534,'S2534,"Roots, Other",684,Fat supply quantity (g/capita/day),2018,2018,g/cap/d,0,E,
100,'356,India,2534,'S2534,"Roots, Other",684,Fat supply quantity (g/capita/day),2019,2019,g/cap/d,0,E,
100,'356,India,2534,'S2534,"Roots, Other",684,Fat supply quantity (g/capita/day),2020,2020,g/cap/d,0,E,
100,'356,India,2534,'S2534,"Roots, Other",684,Fat supply quantity (g/capita/day),2021,2021,g/cap/d,0,E,
100,'356,India,2534,'S2534,"Roots, Other",684,Fat supply quantity (g/capita/day),2022,2022,g/cap/d,0,E,
100,'356,India,2534,'S2534,"Roots, Other",684,Fat supply quantity (g/capita/day),2023,2023,g/cap/d,0,E,
100,'356,India,2534,'S2534,"Roots, Other",681,Fat supply quantity (t),2010,2010,t,11.24,I,
100,'356,India,2534,'S2534,"Roots, Other",681,Fat supply quantity (t),2011,2011,t,10.59,I,
100,'356,India,2534,'S2534,"Roots, Other",681,Fat supply quantity (t),2012,2012,t,10.38,I,
100,'356,India,2534,'S2534,"Roots, Other",681,Fat supply quantity (t),2013,2013,t,12.71,I,
100,'356,India,2534,'S2534,"Roots, Other",681,Fat supply quantity (t),2014,2014,t,10.88,I,
100,'356,India,2534,'S2534,"Roots, Other",681,Fat supply quantity (t),2015,2015,t,13.36,I,
100,'356,India,2534,'S2534,"Roots, Other",681,Fat supply quantity (t),2016,2016,t,15.43,I,
100,'356,India,2534,'S2534,"Roots, Other",681,Fat supply quantity (t),2017,2017,t,15.84,I,
100,'356,India,2534,'S2534,"Roots, Other",681,Fat supply quantity (t),2018,2018,t,16.69,I,
100,'356,India,2534,'S2534,"Roots, Other",681,Fat supply quantity (t),2019,2019,t,11.39,I,
100,'356,India,2534,'S2534,"Roots, Other",681,Fat supply quantity (t),2020,2020,t,7.48,I,
100,'356,India,2534,'S2534,"Roots, Other",681,Fat supply quantity (t),2021,2021,t,8.23,I,
100,'356,India,2534,'S2534,"Roots, Other",681,Fat supply quantity (t),2022,2022,t,11.69,I,
100,'356,India,2534,'S2534,"Roots, Other",681,Fat supply quantity (t),2023,2023,t,13.17,I,
100,'356,India,2908,'S2908,Sugar Crops,5511,Production,2010,2010,1000 t,292302,E,
100,'356,India,2908,'S2908,Sugar Crops,5511,Production,2011,2011,1000 t,342382,E,
100,'356,India,2908,'S2908,Sugar Crops,5511,Production,2012,2012,1000 t,361037,E,
100,'356,India,2908,'S2908,Sugar Crops,5511,Production,2013,2013,1000 t,341200,E,
100,'356,India,2908,'S2908,Sugar Crops,5511,Production,2014,2014,1000 t,352142,E,
100,'356,India,2908,'S2908,Sugar Crops,5511,Production,2015,2015,1000 t,362333,E,
100,'356,India,2908,'S2908,Sugar Crops,5511,Production,2016,2016,1000 t,348448,E,
100,'356,India,2908,'S2908,Sugar Crops,5511,Production,2017,2017,1000 t,306069,E,
100,'356,India,2908,'S2908,Sugar Crops,5511,Production,2018,2018,1000 t,379905,E,
100,'356,India,2908,'S2908,Sugar Crops,5511,Production,2019,2019,1000 t,405416,E,
100,'356,India,2908,'S2908,Sugar Crops,5511,Production,2020,2020,1000 t,370500,E,
100,'356,India,2908,'S2908,Sugar Crops,5511,Production,2021,2021,1000 t,405399,E,
100,'356,India,2908,'S2908,Sugar Crops,5511,Production,2022,2022,1000 t,439425,E,
100,'356,India,2908,'S2908,Sugar Crops,5511,Production,2023,2023,1000 t,490533,E,
100,'356,India,2908,'S2908,Sugar Crops,5611,Import quantity,2010,2010,1000 t,0,E,
100,'356,India,2908,'S2908,Sugar Crops,5611,Import quantity,2011,2011,1000 t,0,E,
100,'356,India,2908,'S2908,Sugar Crops,5611,Import quantity,2012,2012,1000 t,0,E,
100,'356,India,2908,'S2908,Sugar Crops,5611,Import quantity,2013,2013,1000 t,0,E,
100,'356,India,2908,'S2908,Sugar Crops,5611,Import quantity,2017,2017,1000 t,0,E,
100,'356,India,2908,'S2908,Sugar Crops,5611,Import quantity,2018,2018,1000 t,0,E,
100,'356,India,2908,'S2908,Sugar Crops,5611,Import quantity,2020,2020,1000 t,0,E,
100,'356,India,2908,'S2908,Sugar Crops,5611,Import quantity,2023,2023,1000 t,0,E,
100,'356,India,2908,'S2908,Sugar Crops,5072,Stock Variation,2012,2012,1000 t,0,E,
100,'356,India,2908,'S2908,Sugar Crops,5072,Stock Variation,2014,2014,1000 t,0,E,
100,'356,India,2908,'S2908,Sugar Crops,5072,Stock Variation,2015,2015,1000 t,0,E,
100,'356,India,2908,'S2908,Sugar Crops,5072,Stock Variation,2016,2016,1000 t,0,E,
100,'356,India,2908,'S2908,Sugar Crops,5072,Stock Variation,2017,2017,1000 t,0,E,
100,'356,India,2908,'S2908,Sugar Crops,5072,Stock Variation,2018,2018,1000 t,0,E,
100,'356,India,2908,'S2908,Sugar Crops,5072,Stock Variation,2019,2019,1000 t,0,E,
100,'356,India,2908,'S2908,Sugar Crops,5072,Stock Variation,2020,2020,1000 t,0,E,
100,'356,India,2908,'S2908,Sugar Crops,5072,Stock Variation,2021,2021,1000 t,0,E,
100,'356,India,2908,'S2908,Sugar Crops,5072,Stock Variation,2022,2022,1000 t,0,E,
100,'356,India,2908,'S2908,Sugar Crops,5072,Stock Variation,2023,2023,1000 t,0,E,
100,'356,India,2908,'S2908,Sugar Crops,5911,Export quantity,2010,2010,1000 t,0,E,
100,'356,India,2908,'S2908,Sugar Crops,5911,Export quantity,2011,2011,1000 t,0,E,
100,'356,India,2908,'S2908,Sugar Crops,5911,Export quantity,2012,2012,1000 t,0,E,
100,'356,India,2908,'S2908,Sugar Crops,5911,Export quantity,2013,2013,1000 t,0,E,
100,'356,India,2908,'S2908,Sugar Crops,5911,Export quantity,2014,2014,1000 t,0,E,
100,'356,India,2908,'S2908,Sugar Crops,5911,Export quantity,2015,2015,1000 t,0,E,
100,'356,India,2908,'S2908,Sugar Crops,5911,Export quantity,2016,2016,1000 t,0,E,
100,'356,India,2908,'S2908,Sugar Crops,5911,Export quantity,2017,2017,1000 t,0,E,
100,'356,India,2908,'S2908,Sugar Crops,5911,Export quantity,2018,2018,1000 t,0,E,
100,'356,India,2908,'S2908,Sugar Crops,5911,Export quantity,2019,2019,1000 t,1,E,
100,'356,India,2908,'S2908,Sugar Crops,5911,Export quantity,2020,2020,1000 t,0,E,
100,'356,India,2908,'S2908,Sugar Crops,5911,Export quantity,2021,2021,1000 t,0,E,
100,'356,India,2908,'S2908,Sugar Crops,5911,Export quantity,2022,2022,1000 t,1,E,
100,'356,India,2908,'S2908,Sugar Crops,5911,Export quantity,2023,2023,1000 t,1,E,
100,'356,India,2908,'S2908,Sugar Crops,5301,Domestic supply quantity,2010,2010,1000 t,292302,E,
100,'356,India,2908,'S2908,Sugar Crops,5301,Domestic supply quantity,2011,2011,1000 t,342382,E,
100,'356,India,2908,'S2908,Sugar Crops,5301,Domestic supply quantity,2012,2012,1000 t,361037,E,
100,'356,India,2908,'S2908,Sugar Crops,5301,Domestic supply quantity,2013,2013,1000 t,341200,E,
100,'356,India,2908,'S2908,Sugar Crops,5301,Domestic supply quantity,2014,2014,1000 t,352142,E,
100,'356,India,2908,'S2908,Sugar Crops,5301,Domestic supply quantity,2015,2015,1000 t,362333,E,
100,'356,India,2908,'S2908,Sugar Crops,5301,Domestic supply quantity,2016,2016,1000 t,348448,E,
100,'356,India,2908,'S2908,Sugar Crops,5301,Domestic supply quantity,2017,2017,1000 t,306069,E,
100,'356,India,2908,'S2908,Sugar Crops,5301,Domestic supply quantity,2018,2018,1000 t,379905,E,
100,'356,India,2908,'S2908,Sugar Crops,5301,Domestic supply quantity,2019,2019,1000 t,405415,E,
100,'356,India,2908,'S2908,Sugar Crops,5301,Domestic supply quantity,2020,2020,1000 t,370500,E,
100,'356,India,2908,'S2908,Sugar Crops,5301,Domestic supply quantity,2021,2021,1000 t,405398,E,
100,'356,India,2908,'S2908,Sugar Crops,5301,Domestic supply quantity,2022,2022,1000 t,439424,E,
100,'356,India,2908,'S2908,Sugar Crops,5301,Domestic supply quantity,2023,2023,1000 t,490533,E,
100,'356,India,2908,'S2908,Sugar Crops,5521,Feed,2010,2010,1000 t,4466,E,
100,'356,India,2908,'S2908,Sugar Crops,5521,Feed,2011,2011,1000 t,5106,E,
100,'356,India,2908,'S2908,Sugar Crops,5521,Feed,2012,2012,1000 t,6824,E,
100,'356,India,2908,'S2908,Sugar Crops,5521,Feed,2013,2013,1000 t,5085,E,
100,'356,India,2908,'S2908,Sugar Crops,5521,Feed,2014,2014,1000 t,11328,E,
100,'356,India,2908,'S2908,Sugar Crops,5521,Feed,2015,2015,1000 t,20205,E,
100,'356,India,2908,'S2908,Sugar Crops,5521,Feed,2016,2016,1000 t,18595,E,
100,'356,India,2908,'S2908,Sugar Crops,5521,Feed,2017,2017,1000 t,8810,E,
100,'356,India,2908,'S2908,Sugar Crops,5521,Feed,2018,2018,1000 t,4425,E,
100,'356,India,2908,'S2908,Sugar Crops,5521,Feed,2019,2019,1000 t,21503,E,
100,'356,India,2908,'S2908,Sugar Crops,5521,Feed,2020,2020,1000 t,19651,E,
100,'356,India,2908,'S2908,Sugar Crops,5521,Feed,2021,2021,1000 t,31268,E,
100,'356,India,2908,'S2908,Sugar Crops,5521,Feed,2022,2022,1000 t,18360,E,
100,'356,India,2908,'S2908,Sugar Crops,5521,Feed,2023,2023,1000 t,57366,E,
100,'356,India,2908,'S2908,Sugar Crops,5527,Seed,2010,2010,1000 t,13379,E,
100,'356,India,2908,'S2908,Sugar Crops,5527,Seed,2011,2011,1000 t,15671,E,
100,'356,India,2908,'S2908,Sugar Crops,5527,Seed,2012,2012,1000 t,16525,E,
100,'356,India,2908,'S2908,Sugar Crops,5527,Seed,2013,2013,1000 t,15617,E,
100,'356,India,2908,'S2908,Sugar Crops,5527,Seed,2014,2014,1000 t,16118,E,
100,'356,India,2908,'S2908,Sugar Crops,5527,Seed,2015,2015,1000 t,16584,E,
100,'356,India,2908,'S2908,Sugar Crops,5527,Seed,2016,2016,1000 t,15948,E,
100,'356,India,2908,'S2908,Sugar Crops,5527,Seed,2017,2017,1000 t,14009,E,
100,'356,India,2908,'S2908,Sugar Crops,5527,Seed,2018,2018,1000 t,17388,E,
100,'356,India,2908,'S2908,Sugar Crops,5527,Seed,2019,2019,1000 t,25916,E,
100,'356,India,2908,'S2908,Sugar Crops,5527,Seed,2020,2020,1000 t,11365,E,
100,'356,India,2908,'S2908,Sugar Crops,5527,Seed,2021,2021,1000 t,18968,E,
100,'356,India,2908,'S2908,Sugar Crops,5527,Seed,2022,2022,1000 t,20710,E,
100,'356,India,2908,'S2908,Sugar Crops,5527,Seed,2023,2023,1000 t,23119,E,
100,'356,India,2908,'S2908,Sugar Crops,5123,Losses,2010,2010,1000 t,7015,E,
100,'356,India,2908,'S2908,Sugar Crops,5123,Losses,2011,2011,1000 t,8330,E,
100,'356,India,2908,'S2908,Sugar Crops,5123,Losses,2012,2012,1000 t,8780,E,
100,'356,India,2908,'S2908,Sugar Crops,5123,Losses,2013,2013,1000 t,8314,E,
100,'356,India,2908,'S2908,Sugar Crops,5123,Losses,2014,2014,1000 t,8572,E,
100,'356,India,2908,'S2908,Sugar Crops,5123,Losses,2015,2015,1000 t,8820,E,
100,'356,India,2908,'S2908,Sugar Crops,5123,Losses,2016,2016,1000 t,8482,E,
100,'356,India,2908,'S2908,Sugar Crops,5123,Losses,2017,2017,1000 t,16462,E,
100,'356,India,2908,'S2908,Sugar Crops,5123,Losses,2018,2018,1000 t,9248,E,
100,'356,India,2908,'S2908,Sugar Crops,5123,Losses,2019,2019,1000 t,12256,E,
100,'356,India,2908,'S2908,Sugar Crops,5123,Losses,2020,2020,1000 t,11200,E,
100,'356,India,2908,'S2908,Sugar Crops,5123,Losses,2021,2021,1000 t,11990,E,
100,'356,India,2908,'S2908,Sugar Crops,5123,Losses,2022,2022,1000 t,13092,E,
100,'356,India,2908,'S2908,Sugar Crops,5123,Losses,2023,2023,1000 t,14615,E,
100,'356,India,2908,'S2908,Sugar Crops,5131,Processing,2010,2010,1000 t,93416,E,
100,'356,India,2908,'S2908,Sugar Crops,5131,Processing,2011,2011,1000 t,89257,E,
100,'356,India,2908,'S2908,Sugar Crops,5131,Processing,2012,2012,1000 t,91073,E,
100,'356,India,2908,'S2908,Sugar Crops,5131,Processing,2013,2013,1000 t,77950,E,
100,'356,India,2908,'S2908,Sugar Crops,5131,Processing,2014,2014,1000 t,340549,E,
100,'356,India,2908,'S2908,Sugar Crops,5131,Processing,2015,2015,1000 t,368361,E,
100,'356,India,2908,'S2908,Sugar Crops,5131,Processing,2016,2016,1000 t,329550,E,
100,'356,India,2908,'S2908,Sugar Crops,5131,Processing,2017,2017,1000 t,282632,E,
100,'356,India,2908,'S2908,Sugar Crops,5131,Processing,2018,2018,1000 t,337050,E,
100,'356,India,2908,'S2908,Sugar Crops,5131,Processing,2019,2019,1000 t,328062,E,
100,'356,India,2908,'S2908,Sugar Crops,5131,Processing,2020,2020,1000 t,281501,E,
100,'356,India,2908,'S2908,Sugar Crops,5131,Processing,2021,2021,1000 t,321224,E,
100,'356,India,2908,'S2908,Sugar Crops,5131,Processing,2022,2022,1000 t,368101,E,
100,'356,India,2908,'S2908,Sugar Crops,5131,Processing,2023,2023,1000 t,368875,E,
100,'356,India,2908,'S2908,Sugar Crops,5170,Residuals,2010,2010,1000 t,163802,E,
100,'356,India,2908,'S2908,Sugar Crops,5170,Residuals,2011,2011,1000 t,212043,E,
100,'356,India,2908,'S2908,Sugar Crops,5170,Residuals,2012,2012,1000 t,226627,E,
100,'356,India,2908,'S2908,Sugar Crops,5170,Residuals,2013,2013,1000 t,222300,E,
100,'356,India,2908,'S2908,Sugar Crops,5170,Residuals,2014,2014,1000 t,-38847,E,
100,'356,India,2908,'S2908,Sugar Crops,5170,Residuals,2015,2015,1000 t,-66798,E,
100,'356,India,2908,'S2908,Sugar Crops,5170,Residuals,2016,2016,1000 t,-39986,E,
100,'356,India,2908,'S2908,Sugar Crops,5170,Residuals,2017,2017,1000 t,-32415,E,
100,'356,India,2908,'S2908,Sugar Crops,5170,Residuals,2018,2018,1000 t,0,E,
100,'356,India,2908,'S2908,Sugar Crops,5170,Residuals,2019,2019,1000 t,0,E,
100,'356,India,2908,'S2908,Sugar Crops,5170,Residuals,2020,2020,1000 t,26725,E,
100,'356,India,2908,'S2908,Sugar Crops,5170,Residuals,2021,2021,1000 t,0,E,
100,'356,India,2908,'S2908,Sugar Crops,5170,Residuals,2022,2022,1000 t,0,E,
100,'356,India,2908,'S2908,Sugar Crops,5170,Residuals,2023,2023,1000 t,0,E,
100,'356,India,2908,'S2908,Sugar Crops,5142,Food,2010,2010,1000 t,10224,E,
100,'356,India,2908,'S2908,Sugar Crops,5142,Food,2011,2011,1000 t,11975,E,
100,'356,India,2908,'S2908,Sugar Crops,5142,Food,2012,2012,1000 t,11209,E,
100,'356,India,2908,'S2908,Sugar Crops,5142,Food,2013,2013,1000 t,11934,E,
100,'356,India,2908,'S2908,Sugar Crops,5142,Food,2014,2014,1000 t,14422,E,
100,'356,India,2908,'S2908,Sugar Crops,5142,Food,2015,2015,1000 t,15161,E,
100,'356,India,2908,'S2908,Sugar Crops,5142,Food,2016,2016,1000 t,15858,E,
100,'356,India,2908,'S2908,Sugar Crops,5142,Food,2017,2017,1000 t,16571,E,
100,'356,India,2908,'S2908,Sugar Crops,5142,Food,2018,2018,1000 t,11794,E,
100,'356,India,2908,'S2908,Sugar Crops,5142,Food,2019,2019,1000 t,17678,E,
100,'356,India,2908,'S2908,Sugar Crops,5142,Food,2020,2020,1000 t,20059,E,
100,'356,India,2908,'S2908,Sugar Crops,5142,Food,2021,2021,1000 t,21948,E,
100,'356,India,2908,'S2908,Sugar Crops,5142,Food,2022,2022,1000 t,19161,E,
100,'356,India,2908,'S2908,Sugar Crops,5142,Food,2023,2023,1000 t,26557,E,
100,'356,India,2908,'S2908,Sugar Crops,645,Food supply quantity (kg/capita/yr),2010,2010,kg/cap,8.22,E,
100,'356,India,2908,'S2908,Sugar Crops,645,Food supply quantity (kg/capita/yr),2011,2011,kg/cap,9.49,E,
100,'356,India,2908,'S2908,Sugar Crops,645,Food supply quantity (kg/capita/yr),2012,2012,kg/cap,8.77,E,
100,'356,India,2908,'S2908,Sugar Crops,645,Food supply quantity (kg/capita/yr),2013,2013,kg/cap,9.21,E,
100,'356,India,2908,'S2908,Sugar Crops,645,Food supply quantity (kg/capita/yr),2014,2014,kg/cap,10.99,E,
100,'356,India,2908,'S2908,Sugar Crops,645,Food supply quantity (kg/capita/yr),2015,2015,kg/cap,11.42,E,
100,'356,India,2908,'S2908,Sugar Crops,645,Food supply quantity (kg/capita/yr),2016,2016,kg/cap,11.8,E,
100,'356,India,2908,'S2908,Sugar Crops,645,Food supply quantity (kg/capita/yr),2017,2017,kg/cap,12.19,E,
100,'356,India,2908,'S2908,Sugar Crops,645,Food supply quantity (kg/capita/yr),2018,2018,kg/cap,8.58,E,
100,'356,India,2908,'S2908,Sugar Crops,645,Food supply quantity (kg/capita/yr),2019,2019,kg/cap,12.73,E,
100,'356,India,2908,'S2908,Sugar Crops,645,Food supply quantity (kg/capita/yr),2020,2020,kg/cap,14.3,E,
100,'356,India,2908,'S2908,Sugar Crops,645,Food supply quantity (kg/capita/yr),2021,2021,kg/cap,15.52,E,
100,'356,India,2908,'S2908,Sugar Crops,645,Food supply quantity (kg/capita/yr),2022,2022,kg/cap,13.44,E,
100,'356,India,2908,'S2908,Sugar Crops,645,Food supply quantity (kg/capita/yr),2023,2023,kg/cap,18.47,E,
100,'356,India,2908,'S2908,Sugar Crops,664,Food supply (kcal/capita/day),2010,2010,kcal/cap/d,7.43,E,
100,'356,India,2908,'S2908,Sugar Crops,664,Food supply (kcal/capita/day),2011,2011,kcal/cap/d,8.58,E,
100,'356,India,2908,'S2908,Sugar Crops,664,Food supply (kcal/capita/day),2012,2012,kcal/cap/d,7.93,E,
100,'356,India,2908,'S2908,Sugar Crops,664,Food supply (kcal/capita/day),2013,2013,kcal/cap/d,8.33,E,
100,'356,India,2908,'S2908,Sugar Crops,664,Food supply (kcal/capita/day),2014,2014,kcal/cap/d,9.94,E,
100,'356,India,2908,'S2908,Sugar Crops,664,Food supply (kcal/capita/day),2015,2015,kcal/cap/d,10.32,E,
100,'356,India,2908,'S2908,Sugar Crops,664,Food supply (kcal/capita/day),2016,2016,kcal/cap/d,10.67,E,
100,'356,India,2908,'S2908,Sugar Crops,664,Food supply (kcal/capita/day),2017,2017,kcal/cap/d,11.02,E,
100,'356,India,2908,'S2908,Sugar Crops,664,Food supply (kcal/capita/day),2018,2018,kcal/cap/d,7.76,E,
100,'356,India,2908,'S2908,Sugar Crops,664,Food supply (kcal/capita/day),2019,2019,kcal/cap/d,11.51,E,
100,'356,India,2908,'S2908,Sugar Crops,664,Food supply (kcal/capita/day),2020,2020,kcal/cap/d,12.93,E,
100,'356,India,2908,'S2908,Sugar Crops,664,Food supply (kcal/capita/day),2021,2021,kcal/cap/d,14.03,E,
100,'356,India,2908,'S2908,Sugar Crops,664,Food supply (kcal/capita/day),2022,2022,kcal/cap/d,12.15,E,
100,'356,India,2908,'S2908,Sugar Crops,664,Food supply (kcal/capita/day),2023,2023,kcal/cap/d,16.7,E,
100,'356,India,2908,'S2908,Sugar Crops,661,Food supply (kcal),2010,2010,million Kcal,3373767.47,E,
100,'356,India,2908,'S2908,Sugar Crops,661,Food supply (kcal),2011,2011,million Kcal,3951799.47,E,
100,'356,India,2908,'S2908,Sugar Crops,661,Food supply (kcal),2012,2012,million Kcal,3698834.93,E,
100,'356,India,2908,'S2908,Sugar Crops,661,Food supply (kcal),2013,2013,million Kcal,3938156.5,E,
100,'356,India,2908,'S2908,Sugar Crops,661,Food supply (kcal),2014,2014,million Kcal,4759361.99,E,
100,'356,India,2908,'S2908,Sugar Crops,661,Food supply (kcal),2015,2015,million Kcal,5003073.02,E,
100,'356,India,2908,'S2908,Sugar Crops,661,Food supply (kcal),2016,2016,million Kcal,5233197.06,E,
100,'356,India,2908,'S2908,Sugar Crops,661,Food supply (kcal),2017,2017,million Kcal,5468293.48,E,
100,'356,India,2908,'S2908,Sugar Crops,661,Food supply (kcal),2018,2018,million Kcal,3892134.94,E,
100,'356,India,2908,'S2908,Sugar Crops,661,Food supply (kcal),2019,2019,million Kcal,5833804.93,E,
100,'356,India,2908,'S2908,Sugar Crops,661,Food supply (kcal),2020,2020,million Kcal,6619436.8,E,
100,'356,India,2908,'S2908,Sugar Crops,661,Food supply (kcal),2021,2021,million Kcal,7242938.25,E,
100,'356,India,2908,'S2908,Sugar Crops,661,Food supply (kcal),2022,2022,million Kcal,6323183.34,E,
100,'356,India,2908,'S2908,Sugar Crops,661,Food supply (kcal),2023,2023,million Kcal,8763964.05,E,
100,'356,India,2908,'S2908,Sugar Crops,674,Protein supply quantity (g/capita/day),2010,2010,g/cap/d,0.03,E,
100,'356,India,2908,'S2908,Sugar Crops,674,Protein supply quantity (g/capita/day),2011,2011,g/cap/d,0.03,E,
100,'356,India,2908,'S2908,Sugar Crops,674,Protein supply quantity (g/capita/day),2012,2012,g/cap/d,0.03,E,
100,'356,India,2908,'S2908,Sugar Crops,674,Protein supply quantity (g/capita/day),2013,2013,g/cap/d,0.03,E,
100,'356,India,2908,'S2908,Sugar Crops,674,Protein supply quantity (g/capita/day),2014,2014,g/cap/d,0.04,E,
100,'356,India,2908,'S2908,Sugar Crops,674,Protein supply quantity (g/capita/day),2015,2015,g/cap/d,0.04,E,
100,'356,India,2908,'S2908,Sugar Crops,674,Protein supply quantity (g/capita/day),2016,2016,g/cap/d,0.04,E,
100,'356,India,2908,'S2908,Sugar Crops,674,Protein supply quantity (g/capita/day),2017,2017,g/cap/d,0.04,E,
100,'356,India,2908,'S2908,Sugar Crops,674,Protein supply quantity (g/capita/day),2018,2018,g/cap/d,0.03,E,
100,'356,India,2908,'S2908,Sugar Crops,674,Protein supply quantity (g/capita/day),2019,2019,g/cap/d,0.05,E,
100,'356,India,2908,'S2908,Sugar Crops,674,Protein supply quantity (g/capita/day),2020,2020,g/cap/d,0.05,E,
100,'356,India,2908,'S2908,Sugar Crops,674,Protein supply quantity (g/capita/day),2021,2021,g/cap/d,0.06,E,
100,'356,India,2908,'S2908,Sugar Crops,674,Protein supply quantity (g/capita/day),2022,2022,g/cap/d,0.05,E,
100,'356,India,2908,'S2908,Sugar Crops,674,Protein supply quantity (g/capita/day),2023,2023,g/cap/d,0.07,E,
100,'356,India,2908,'S2908,Sugar Crops,671,Protein supply quantity (t),2010,2010,t,13495.07,E,
100,'356,India,2908,'S2908,Sugar Crops,671,Protein supply quantity (t),2011,2011,t,15807.2,E,
100,'356,India,2908,'S2908,Sugar Crops,671,Protein supply quantity (t),2012,2012,t,14795.34,E,
100,'356,India,2908,'S2908,Sugar Crops,671,Protein supply quantity (t),2013,2013,t,15752.63,E,
100,'356,India,2908,'S2908,Sugar Crops,671,Protein supply quantity (t),2014,2014,t,19037.45,E,
100,'356,India,2908,'S2908,Sugar Crops,671,Protein supply quantity (t),2015,2015,t,20012.29,E,
100,'356,India,2908,'S2908,Sugar Crops,671,Protein supply quantity (t),2016,2016,t,20932.79,E,
100,'356,India,2908,'S2908,Sugar Crops,671,Protein supply quantity (t),2017,2017,t,21873.17,E,
100,'356,India,2908,'S2908,Sugar Crops,671,Protein supply quantity (t),2018,2018,t,15568.54,E,
100,'356,India,2908,'S2908,Sugar Crops,671,Protein supply quantity (t),2019,2019,t,23335.22,E,
100,'356,India,2908,'S2908,Sugar Crops,671,Protein supply quantity (t),2020,2020,t,26477.75,E,
100,'356,India,2908,'S2908,Sugar Crops,671,Protein supply quantity (t),2021,2021,t,28971.75,E,
100,'356,India,2908,'S2908,Sugar Crops,671,Protein supply quantity (t),2022,2022,t,25292.73,E,
100,'356,India,2908,'S2908,Sugar Crops,671,Protein supply quantity (t),2023,2023,t,35055.86,E,
100,'356,India,2908,'S2908,Sugar Crops,684,Fat supply quantity (g/capita/day),2010,2010,g/cap/d,0.03,E,
100,'356,India,2908,'S2908,Sugar Crops,684,Fat supply quantity (g/capita/day),2011,2011,g/cap/d,0.03,E,
100,'356,India,2908,'S2908,Sugar Crops,684,Fat supply quantity (g/capita/day),2012,2012,g/cap/d,0.03,E,
100,'356,India,2908,'S2908,Sugar Crops,684,Fat supply quantity (g/capita/day),2013,2013,g/cap/d,0.03,E,
100,'356,India,2908,'S2908,Sugar Crops,684,Fat supply quantity (g/capita/day),2014,2014,g/cap/d,0.04,E,
100,'356,India,2908,'S2908,Sugar Crops,684,Fat supply quantity (g/capita/day),2015,2015,g/cap/d,0.04,E,
100,'356,India,2908,'S2908,Sugar Crops,684,Fat supply quantity (g/capita/day),2016,2016,g/cap/d,0.04,E,
100,'356,India,2908,'S2908,Sugar Crops,684,Fat supply quantity (g/capita/day),2017,2017,g/cap/d,0.04,E,
100,'356,India,2908,'S2908,Sugar Crops,684,Fat supply quantity (g/capita/day),2018,2018,g/cap/d,0.03,E,
100,'356,India,2908,'S2908,Sugar Crops,684,Fat supply quantity (g/capita/day),2019,2019,g/cap/d,0.05,E,
100,'356,India,2908,'S2908,Sugar Crops,684,Fat supply quantity (g/capita/day),2020,2020,g/cap/d,0.05,E,
100,'356,India,2908,'S2908,Sugar Crops,684,Fat supply quantity (g/capita/day),2021,2021,g/cap/d,0.06,E,
100,'356,India,2908,'S2908,Sugar Crops,684,Fat supply quantity (g/capita/day),2022,2022,g/cap/d,0.05,E,
100,'356,India,2908,'S2908,Sugar Crops,684,Fat supply quantity (g/capita/day),2023,2023,g/cap/d,0.07,E,
100,'356,India,2908,'S2908,Sugar Crops,681,Fat supply quantity (t),2010,2010,t,13495.07,E,
100,'356,India,2908,'S2908,Sugar Crops,681,Fat supply quantity (t),2011,2011,t,15807.2,E,
100,'356,India,2908,'S2908,Sugar Crops,681,Fat supply quantity (t),2012,2012,t,14795.34,E,
100,'356,India,2908,'S2908,Sugar Crops,681,Fat supply quantity (t),2013,2013,t,15752.63,E,
100,'356,India,2908,'S2908,Sugar Crops,681,Fat supply quantity (t),2014,2014,t,19037.45,E,
100,'356,India,2908,'S2908,Sugar Crops,681,Fat supply quantity (t),2015,2015,t,20012.29,E,
100,'356,India,2908,'S2908,Sugar Crops,681,Fat supply quantity (t),2016,2016,t,20932.79,E,
100,'356,India,2908,'S2908,Sugar Crops,681,Fat supply quantity (t),2017,2017,t,21873.17,E,
100,'356,India,2908,'S2908,Sugar Crops,681,Fat supply quantity (t),2018,2018,t,15568.54,E,
100,'356,India,2908,'S2908,Sugar Crops,681,Fat supply quantity (t),2019,2019,t,23335.22,E,
100,'356,India,2908,'S2908,Sugar Crops,681,Fat supply quantity (t),2020,2020,t,26477.75,E,
100,'356,India,2908,'S2908,Sugar Crops,681,Fat supply quantity (t),2021,2021,t,28971.75,E,
100,'356,India,2908,'S2908,Sugar Crops,681,Fat supply quantity (t),2022,2022,t,25292.73,E,
100,'356,India,2908,'S2908,Sugar Crops,681,Fat supply quantity (t),2023,2023,t,35055.86,E,
100,'356,India,2536,'S2536,Sugar cane,5511,Production,2010,2010,1000 t,292302,I,
100,'356,India,2536,'S2536,Sugar cane,5511,Production,2011,2011,1000 t,342382,I,
100,'356,India,2536,'S2536,Sugar cane,5511,Production,2012,2012,1000 t,361037,I,
100,'356,India,2536,'S2536,Sugar cane,5511,Production,2013,2013,1000 t,341200,I,
100,'356,India,2536,'S2536,Sugar cane,5511,Production,2014,2014,1000 t,352142,I,
100,'356,India,2536,'S2536,Sugar cane,5511,Production,2015,2015,1000 t,362333,I,
100,'356,India,2536,'S2536,Sugar cane,5511,Production,2016,2016,1000 t,348448,I,
100,'356,India,2536,'S2536,Sugar cane,5511,Production,2017,2017,1000 t,306069,I,
100,'356,India,2536,'S2536,Sugar cane,5511,Production,2018,2018,1000 t,379905,I,
100,'356,India,2536,'S2536,Sugar cane,5511,Production,2019,2019,1000 t,405416,I,
100,'356,India,2536,'S2536,Sugar cane,5511,Production,2020,2020,1000 t,370500,I,
100,'356,India,2536,'S2536,Sugar cane,5511,Production,2021,2021,1000 t,405399,I,
100,'356,India,2536,'S2536,Sugar cane,5511,Production,2022,2022,1000 t,439425,I,
100,'356,India,2536,'S2536,Sugar cane,5511,Production,2023,2023,1000 t,490533,I,
100,'356,India,2536,'S2536,Sugar cane,5611,Import quantity,2010,2010,1000 t,0,I,
100,'356,India,2536,'S2536,Sugar cane,5611,Import quantity,2011,2011,1000 t,0,I,
100,'356,India,2536,'S2536,Sugar cane,5611,Import quantity,2012,2012,1000 t,0,I,
100,'356,India,2536,'S2536,Sugar cane,5611,Import quantity,2013,2013,1000 t,0,I,
100,'356,India,2536,'S2536,Sugar cane,5611,Import quantity,2017,2017,1000 t,0,I,
100,'356,India,2536,'S2536,Sugar cane,5611,Import quantity,2018,2018,1000 t,0,I,
100,'356,India,2536,'S2536,Sugar cane,5611,Import quantity,2023,2023,1000 t,0,I,
100,'356,India,2536,'S2536,Sugar cane,5911,Export quantity,2010,2010,1000 t,0,I,
100,'356,India,2536,'S2536,Sugar cane,5911,Export quantity,2011,2011,1000 t,0,I,
100,'356,India,2536,'S2536,Sugar cane,5911,Export quantity,2012,2012,1000 t,0,I,
100,'356,India,2536,'S2536,Sugar cane,5911,Export quantity,2013,2013,1000 t,0,I,
100,'356,India,2536,'S2536,Sugar cane,5911,Export quantity,2014,2014,1000 t,0,I,
100,'356,India,2536,'S2536,Sugar cane,5911,Export quantity,2015,2015,1000 t,0,I,
100,'356,India,2536,'S2536,Sugar cane,5911,Export quantity,2016,2016,1000 t,0,I,
100,'356,India,2536,'S2536,Sugar cane,5911,Export quantity,2017,2017,1000 t,0,I,
100,'356,India,2536,'S2536,Sugar cane,5911,Export quantity,2018,2018,1000 t,0,I,
100,'356,India,2536,'S2536,Sugar cane,5911,Export quantity,2019,2019,1000 t,1,I,
100,'356,India,2536,'S2536,Sugar cane,5911,Export quantity,2020,2020,1000 t,0,I,
100,'356,India,2536,'S2536,Sugar cane,5911,Export quantity,2021,2021,1000 t,0,I,
100,'356,India,2536,'S2536,Sugar cane,5911,Export quantity,2022,2022,1000 t,1,I,
100,'356,India,2536,'S2536,Sugar cane,5911,Export quantity,2023,2023,1000 t,1,I,
100,'356,India,2536,'S2536,Sugar cane,5301,Domestic supply quantity,2010,2010,1000 t,292302,I,
100,'356,India,2536,'S2536,Sugar cane,5301,Domestic supply quantity,2011,2011,1000 t,342382,I,
100,'356,India,2536,'S2536,Sugar cane,5301,Domestic supply quantity,2012,2012,1000 t,361037,I,
100,'356,India,2536,'S2536,Sugar cane,5301,Domestic supply quantity,2013,2013,1000 t,341200,I,
100,'356,India,2536,'S2536,Sugar cane,5301,Domestic supply quantity,2014,2014,1000 t,352142,I,
100,'356,India,2536,'S2536,Sugar cane,5301,Domestic supply quantity,2015,2015,1000 t,362333,I,
100,'356,India,2536,'S2536,Sugar cane,5301,Domestic supply quantity,2016,2016,1000 t,348448,I,
100,'356,India,2536,'S2536,Sugar cane,5301,Domestic supply quantity,2017,2017,1000 t,306069,I,
100,'356,India,2536,'S2536,Sugar cane,5301,Domestic supply quantity,2018,2018,1000 t,379905,I,
100,'356,India,2536,'S2536,Sugar cane,5301,Domestic supply quantity,2019,2019,1000 t,405415,I,
100,'356,India,2536,'S2536,Sugar cane,5301,Domestic supply quantity,2020,2020,1000 t,370500,I,
100,'356,India,2536,'S2536,Sugar cane,5301,Domestic supply quantity,2021,2021,1000 t,405398,I,
100,'356,India,2536,'S2536,Sugar cane,5301,Domestic supply quantity,2022,2022,1000 t,439424,I,
100,'356,India,2536,'S2536,Sugar cane,5301,Domestic supply quantity,2023,2023,1000 t,490533,I,
100,'356,India,2536,'S2536,Sugar cane,5521,Feed,2010,2010,1000 t,4466,I,
100,'356,India,2536,'S2536,Sugar cane,5521,Feed,2011,2011,1000 t,5106,I,
100,'356,India,2536,'S2536,Sugar cane,5521,Feed,2012,2012,1000 t,6824,I,
100,'356,India,2536,'S2536,Sugar cane,5521,Feed,2013,2013,1000 t,5085,I,
100,'356,India,2536,'S2536,Sugar cane,5521,Feed,2014,2014,1000 t,11328,I,
100,'356,India,2536,'S2536,Sugar cane,5521,Feed,2015,2015,1000 t,20205,I,
100,'356,India,2536,'S2536,Sugar cane,5521,Feed,2016,2016,1000 t,18595,I,
100,'356,India,2536,'S2536,Sugar cane,5521,Feed,2017,2017,1000 t,8810,I,
100,'356,India,2536,'S2536,Sugar cane,5521,Feed,2018,2018,1000 t,4425,I,
100,'356,India,2536,'S2536,Sugar cane,5521,Feed,2019,2019,1000 t,21503,I,
100,'356,India,2536,'S2536,Sugar cane,5521,Feed,2020,2020,1000 t,19651,I,
100,'356,India,2536,'S2536,Sugar cane,5521,Feed,2021,2021,1000 t,31268,I,
100,'356,India,2536,'S2536,Sugar cane,5521,Feed,2022,2022,1000 t,18360,I,
100,'356,India,2536,'S2536,Sugar cane,5521,Feed,2023,2023,1000 t,57366,I,
100,'356,India,2536,'S2536,Sugar cane,5527,Seed,2010,2010,1000 t,13379,I,
100,'356,India,2536,'S2536,Sugar cane,5527,Seed,2011,2011,1000 t,15671,I,
100,'356,India,2536,'S2536,Sugar cane,5527,Seed,2012,2012,1000 t,16525,I,
100,'356,India,2536,'S2536,Sugar cane,5527,Seed,2013,2013,1000 t,15617,I,
100,'356,India,2536,'S2536,Sugar cane,5527,Seed,2014,2014,1000 t,16118,I,
100,'356,India,2536,'S2536,Sugar cane,5527,Seed,2015,2015,1000 t,16584,I,
100,'356,India,2536,'S2536,Sugar cane,5527,Seed,2016,2016,1000 t,15948,I,
100,'356,India,2536,'S2536,Sugar cane,5527,Seed,2017,2017,1000 t,14009,I,
100,'356,India,2536,'S2536,Sugar cane,5527,Seed,2018,2018,1000 t,17388,I,
100,'356,India,2536,'S2536,Sugar cane,5527,Seed,2019,2019,1000 t,25916,I,
100,'356,India,2536,'S2536,Sugar cane,5527,Seed,2020,2020,1000 t,11365,I,
100,'356,India,2536,'S2536,Sugar cane,5527,Seed,2021,2021,1000 t,18968,I,
100,'356,India,2536,'S2536,Sugar cane,5527,Seed,2022,2022,1000 t,20710,I,
100,'356,India,2536,'S2536,Sugar cane,5527,Seed,2023,2023,1000 t,23119,I,
100,'356,India,2536,'S2536,Sugar cane,5123,Losses,2010,2010,1000 t,7015,I,
100,'356,India,2536,'S2536,Sugar cane,5123,Losses,2011,2011,1000 t,8330,I,
100,'356,India,2536,'S2536,Sugar cane,5123,Losses,2012,2012,1000 t,8780,I,
100,'356,India,2536,'S2536,Sugar cane,5123,Losses,2013,2013,1000 t,8314,I,
100,'356,India,2536,'S2536,Sugar cane,5123,Losses,2014,2014,1000 t,8572,I,
100,'356,India,2536,'S2536,Sugar cane,5123,Losses,2015,2015,1000 t,8820,I,
100,'356,India,2536,'S2536,Sugar cane,5123,Losses,2016,2016,1000 t,8482,I,
100,'356,India,2536,'S2536,Sugar cane,5123,Losses,2017,2017,1000 t,16462,I,
100,'356,India,2536,'S2536,Sugar cane,5123,Losses,2018,2018,1000 t,9248,I,
100,'356,India,2536,'S2536,Sugar cane,5123,Losses,2019,2019,1000 t,12256,I,
100,'356,India,2536,'S2536,Sugar cane,5123,Losses,2020,2020,1000 t,11200,I,
100,'356,India,2536,'S2536,Sugar cane,5123,Losses,2021,2021,1000 t,11990,I,
100,'356,India,2536,'S2536,Sugar cane,5123,Losses,2022,2022,1000 t,13092,I,
100,'356,India,2536,'S2536,Sugar cane,5123,Losses,2023,2023,1000 t,14615,I,
100,'356,India,2536,'S2536,Sugar cane,5131,Processing,2010,2010,1000 t,93416,I,
100,'356,India,2536,'S2536,Sugar cane,5131,Processing,2011,2011,1000 t,89257,I,
100,'356,India,2536,'S2536,Sugar cane,5131,Processing,2012,2012,1000 t,91073,I,
100,'356,India,2536,'S2536,Sugar cane,5131,Processing,2013,2013,1000 t,77950,I,
100,'356,India,2536,'S2536,Sugar cane,5131,Processing,2014,2014,1000 t,340549,I,
100,'356,India,2536,'S2536,Sugar cane,5131,Processing,2015,2015,1000 t,368361,I,
100,'356,India,2536,'S2536,Sugar cane,5131,Processing,2016,2016,1000 t,329550,I,
100,'356,India,2536,'S2536,Sugar cane,5131,Processing,2017,2017,1000 t,282632,I,
100,'356,India,2536,'S2536,Sugar cane,5131,Processing,2018,2018,1000 t,337050,I,
100,'356,India,2536,'S2536,Sugar cane,5131,Processing,2019,2019,1000 t,328062,I,
100,'356,India,2536,'S2536,Sugar cane,5131,Processing,2020,2020,1000 t,281501,I,
100,'356,India,2536,'S2536,Sugar cane,5131,Processing,2021,2021,1000 t,321224,I,
100,'356,India,2536,'S2536,Sugar cane,5131,Processing,2022,2022,1000 t,368101,I,
100,'356,India,2536,'S2536,Sugar cane,5131,Processing,2023,2023,1000 t,368875,I,
100,'356,India,2536,'S2536,Sugar cane,5170,Residuals,2010,2010,1000 t,163802,I,
100,'356,India,2536,'S2536,Sugar cane,5170,Residuals,2011,2011,1000 t,212043,I,
100,'356,India,2536,'S2536,Sugar cane,5170,Residuals,2012,2012,1000 t,226627,I,
100,'356,India,2536,'S2536,Sugar cane,5170,Residuals,2013,2013,1000 t,222300,I,
100,'356,India,2536,'S2536,Sugar cane,5170,Residuals,2014,2014,1000 t,-38847,I,
100,'356,India,2536,'S2536,Sugar cane,5170,Residuals,2015,2015,1000 t,-66798,I,
100,'356,India,2536,'S2536,Sugar cane,5170,Residuals,2016,2016,1000 t,-39986,I,
100,'356,India,2536,'S2536,Sugar cane,5170,Residuals,2017,2017,1000 t,-32415,I,
100,'356,India,2536,'S2536,Sugar cane,5170,Residuals,2018,2018,1000 t,0,I,
100,'356,India,2536,'S2536,Sugar cane,5170,Residuals,2019,2019,1000 t,0,I,
100,'356,India,2536,'S2536,Sugar cane,5170,Residuals,2020,2020,1000 t,26725,I,
100,'356,India,2536,'S2536,Sugar cane,5170,Residuals,2021,2021,1000 t,0,I,
100,'356,India,2536,'S2536,Sugar cane,5170,Residuals,2022,2022,1000 t,0,I,
100,'356,India,2536,'S2536,Sugar cane,5170,Residuals,2023,2023,1000 t,0,I,
100,'356,India,2536,'S2536,Sugar cane,5142,Food,2010,2010,1000 t,10224,I,
100,'356,India,2536,'S2536,Sugar cane,5142,Food,2011,2011,1000 t,11975,I,
100,'356,India,2536,'S2536,Sugar cane,5142,Food,2012,2012,1000 t,11209,I,
100,'356,India,2536,'S2536,Sugar cane,5142,Food,2013,2013,1000 t,11934,I,
100,'356,India,2536,'S2536,Sugar cane,5142,Food,2014,2014,1000 t,14422,I,
100,'356,India,2536,'S2536,Sugar cane,5142,Food,2015,2015,1000 t,15161,I,
100,'356,India,2536,'S2536,Sugar cane,5142,Food,2016,2016,1000 t,15858,I,
100,'356,India,2536,'S2536,Sugar cane,5142,Food,2017,2017,1000 t,16571,I,
100,'356,India,2536,'S2536,Sugar cane,5142,Food,2018,2018,1000 t,11794,I,
100,'356,India,2536,'S2536,Sugar cane,5142,Food,2019,2019,1000 t,17678,I,
100,'356,India,2536,'S2536,Sugar cane,5142,Food,2020,2020,1000 t,20059,I,
100,'356,India,2536,'S2536,Sugar cane,5142,Food,2021,2021,1000 t,21948,I,
100,'356,India,2536,'S2536,Sugar cane,5142,Food,2022,2022,1000 t,19161,I,
100,'356,India,2536,'S2536,Sugar cane,5142,Food,2023,2023,1000 t,26557,I,
100,'356,India,2536,'S2536,Sugar cane,645,Food supply quantity (kg/capita/yr),2010,2010,kg/cap,8.22,E,
100,'356,India,2536,'S2536,Sugar cane,645,Food supply quantity (kg/capita/yr),2011,2011,kg/cap,9.49,E,
100,'356,India,2536,'S2536,Sugar cane,645,Food supply quantity (kg/capita/yr),2012,2012,kg/cap,8.77,E,
100,'356,India,2536,'S2536,Sugar cane,645,Food supply quantity (kg/capita/yr),2013,2013,kg/cap,9.21,E,
100,'356,India,2536,'S2536,Sugar cane,645,Food supply quantity (kg/capita/yr),2014,2014,kg/cap,10.99,E,
100,'356,India,2536,'S2536,Sugar cane,645,Food supply quantity (kg/capita/yr),2015,2015,kg/cap,11.42,E,
100,'356,India,2536,'S2536,Sugar cane,645,Food supply quantity (kg/capita/yr),2016,2016,kg/cap,11.8,E,
100,'356,India,2536,'S2536,Sugar cane,645,Food supply quantity (kg/capita/yr),2017,2017,kg/cap,12.19,E,
100,'356,India,2536,'S2536,Sugar cane,645,Food supply quantity (kg/capita/yr),2018,2018,kg/cap,8.58,E,
100,'356,India,2536,'S2536,Sugar cane,645,Food supply quantity (kg/capita/yr),2019,2019,kg/cap,12.73,E,
100,'356,India,2536,'S2536,Sugar cane,645,Food supply quantity (kg/capita/yr),2020,2020,kg/cap,14.3,E,
100,'356,India,2536,'S2536,Sugar cane,645,Food supply quantity (kg/capita/yr),2021,2021,kg/cap,15.52,E,
100,'356,India,2536,'S2536,Sugar cane,645,Food supply quantity (kg/capita/yr),2022,2022,kg/cap,13.44,E,
100,'356,India,2536,'S2536,Sugar cane,645,Food supply quantity (kg/capita/yr),2023,2023,kg/cap,18.47,E,
100,'356,India,2536,'S2536,Sugar cane,664,Food supply (kcal/capita/day),2010,2010,kcal/cap/d,7.43,E,
100,'356,India,2536,'S2536,Sugar cane,664,Food supply (kcal/capita/day),2011,2011,kcal/cap/d,8.58,E,
100,'356,India,2536,'S2536,Sugar cane,664,Food supply (kcal/capita/day),2012,2012,kcal/cap/d,7.93,E,
100,'356,India,2536,'S2536,Sugar cane,664,Food supply (kcal/capita/day),2013,2013,kcal/cap/d,8.33,E,
100,'356,India,2536,'S2536,Sugar cane,664,Food supply (kcal/capita/day),2014,2014,kcal/cap/d,9.94,E,
100,'356,India,2536,'S2536,Sugar cane,664,Food supply (kcal/capita/day),2015,2015,kcal/cap/d,10.32,E,
100,'356,India,2536,'S2536,Sugar cane,664,Food supply (kcal/capita/day),2016,2016,kcal/cap/d,10.67,E,
100,'356,India,2536,'S2536,Sugar cane,664,Food supply (kcal/capita/day),2017,2017,kcal/cap/d,11.02,E,
100,'356,India,2536,'S2536,Sugar cane,664,Food supply (kcal/capita/day),2018,2018,kcal/cap/d,7.76,E,
100,'356,India,2536,'S2536,Sugar cane,664,Food supply (kcal/capita/day),2019,2019,kcal/cap/d,11.51,E,
100,'356,India,2536,'S2536,Sugar cane,664,Food supply (kcal/capita/day),2020,2020,kcal/cap/d,12.93,E,
100,'356,India,2536,'S2536,Sugar cane,664,Food supply (kcal/capita/day),2021,2021,kcal/cap/d,14.03,E,
100,'356,India,2536,'S2536,Sugar cane,664,Food supply (kcal/capita/day),2022,2022,kcal/cap/d,12.15,E,
100,'356,India,2536,'S2536,Sugar cane,664,Food supply (kcal/capita/day),2023,2023,kcal/cap/d,16.7,E,
100,'356,India,2536,'S2536,Sugar cane,661,Food supply (kcal),2010,2010,million Kcal,3373767.47,I,
100,'356,India,2536,'S2536,Sugar cane,661,Food supply (kcal),2011,2011,million Kcal,3951799.47,I,
100,'356,India,2536,'S2536,Sugar cane,661,Food supply (kcal),2012,2012,million Kcal,3698834.93,I,
100,'356,India,2536,'S2536,Sugar cane,661,Food supply (kcal),2013,2013,million Kcal,3938156.5,I,
100,'356,India,2536,'S2536,Sugar cane,661,Food supply (kcal),2014,2014,million Kcal,4759361.99,I,
100,'356,India,2536,'S2536,Sugar cane,661,Food supply (kcal),2015,2015,million Kcal,5003073.02,I,
100,'356,India,2536,'S2536,Sugar cane,661,Food supply (kcal),2016,2016,million Kcal,5233197.06,I,
100,'356,India,2536,'S2536,Sugar cane,661,Food supply (kcal),2017,2017,million Kcal,5468293.48,I,
100,'356,India,2536,'S2536,Sugar cane,661,Food supply (kcal),2018,2018,million Kcal,3892134.94,I,
100,'356,India,2536,'S2536,Sugar cane,661,Food supply (kcal),2019,2019,million Kcal,5833804.93,I,
100,'356,India,2536,'S2536,Sugar cane,661,Food supply (kcal),2020,2020,million Kcal,6619436.8,I,
100,'356,India,2536,'S2536,Sugar cane,661,Food supply (kcal),2021,2021,million Kcal,7242938.25,I,
100,'356,India,2536,'S2536,Sugar cane,661,Food supply (kcal),2022,2022,million Kcal,6323183.34,I,
100,'356,India,2536,'S2536,Sugar cane,661,Food supply (kcal),2023,2023,million Kcal,8763964.05,I,
100,'356,India,2536,'S2536,Sugar cane,674,Protein supply quantity (g/capita/day),2010,2010,g/cap/d,0.03,E,
100,'356,India,2536,'S2536,Sugar cane,674,Protein supply quantity (g/capita/day),2011,2011,g/cap/d,0.03,E,
100,'356,India,2536,'S2536,Sugar cane,674,Protein supply quantity (g/capita/day),2012,2012,g/cap/d,0.03,E,
100,'356,India,2536,'S2536,Sugar cane,674,Protein supply quantity (g/capita/day),2013,2013,g/cap/d,0.03,E,
100,'356,India,2536,'S2536,Sugar cane,674,Protein supply quantity (g/capita/day),2014,2014,g/cap/d,0.04,E,
100,'356,India,2536,'S2536,Sugar cane,674,Protein supply quantity (g/capita/day),2015,2015,g/cap/d,0.04,E,
100,'356,India,2536,'S2536,Sugar cane,674,Protein supply quantity (g/capita/day),2016,2016,g/cap/d,0.04,E,
100,'356,India,2536,'S2536,Sugar cane,674,Protein supply quantity (g/capita/day),2017,2017,g/cap/d,0.04,E,
100,'356,India,2536,'S2536,Sugar cane,674,Protein supply quantity (g/capita/day),2018,2018,g/cap/d,0.03,E,
100,'356,India,2536,'S2536,Sugar cane,674,Protein supply quantity (g/capita/day),2019,2019,g/cap/d,0.05,E,
100,'356,India,2536,'S2536,Sugar cane,674,Protein supply quantity (g/capita/day),2020,2020,g/cap/d,0.05,E,
100,'356,India,2536,'S2536,Sugar cane,674,Protein supply quantity (g/capita/day),2021,2021,g/cap/d,0.06,E,
100,'356,India,2536,'S2536,Sugar cane,674,Protein supply quantity (g/capita/day),2022,2022,g/cap/d,0.05,E,
100,'356,India,2536,'S2536,Sugar cane,674,Protein supply quantity (g/capita/day),2023,2023,g/cap/d,0.07,E,
100,'356,India,2536,'S2536,Sugar cane,671,Protein supply quantity (t),2010,2010,t,13495.07,I,
100,'356,India,2536,'S2536,Sugar cane,671,Protein supply quantity (t),2011,2011,t,15807.2,I,
100,'356,India,2536,'S2536,Sugar cane,671,Protein supply quantity (t),2012,2012,t,14795.34,I,
100,'356,India,2536,'S2536,Sugar cane,671,Protein supply quantity (t),2013,2013,t,15752.63,I,
100,'356,India,2536,'S2536,Sugar cane,671,Protein supply quantity (t),2014,2014,t,19037.45,I,
100,'356,India,2536,'S2536,Sugar cane,671,Protein supply quantity (t),2015,2015,t,20012.29,I,
100,'356,India,2536,'S2536,Sugar cane,671,Protein supply quantity (t),2016,2016,t,20932.79,I,
100,'356,India,2536,'S2536,Sugar cane,671,Protein supply quantity (t),2017,2017,t,21873.17,I,
100,'356,India,2536,'S2536,Sugar cane,671,Protein supply quantity (t),2018,2018,t,15568.54,I,
100,'356,India,2536,'S2536,Sugar cane,671,Protein supply quantity (t),2019,2019,t,23335.22,I,
100,'356,India,2536,'S2536,Sugar cane,671,Protein supply quantity (t),2020,2020,t,26477.75,I,
100,'356,India,2536,'S2536,Sugar cane,671,Protein supply quantity (t),2021,2021,t,28971.75,I,
100,'356,India,2536,'S2536,Sugar cane,671,Protein supply quantity (t),2022,2022,t,25292.73,I,
100,'356,India,2536,'S2536,Sugar cane,671,Protein supply quantity (t),2023,2023,t,35055.86,I,
100,'356,India,2536,'S2536,Sugar cane,684,Fat supply quantity (g/capita/day),2010,2010,g/cap/d,0.03,E,
100,'356,India,2536,'S2536,Sugar cane,684,Fat supply quantity (g/capita/day),2011,2011,g/cap/d,0.03,E,
100,'356,India,2536,'S2536,Sugar cane,684,Fat supply quantity (g/capita/day),2012,2012,g/cap/d,0.03,E,
100,'356,India,2536,'S2536,Sugar cane,684,Fat supply quantity (g/capita/day),2013,2013,g/cap/d,0.03,E,
100,'356,India,2536,'S2536,Sugar cane,684,Fat supply quantity (g/capita/day),2014,2014,g/cap/d,0.04,E,
100,'356,India,2536,'S2536,Sugar cane,684,Fat supply quantity (g/capita/day),2015,2015,g/cap/d,0.04,E,
100,'356,India,2536,'S2536,Sugar cane,684,Fat supply quantity (g/capita/day),2016,2016,g/cap/d,0.04,E,
100,'356,India,2536,'S2536,Sugar cane,684,Fat supply quantity (g/capita/day),2017,2017,g/cap/d,0.04,E,
100,'356,India,2536,'S2536,Sugar cane,684,Fat supply quantity (g/capita/day),2018,2018,g/cap/d,0.03,E,
100,'356,India,2536,'S2536,Sugar cane,684,Fat supply quantity (g/capita/day),2019,2019,g/cap/d,0.05,E,
100,'356,India,2536,'S2536,Sugar cane,684,Fat supply quantity (g/capita/day),2020,2020,g/cap/d,0.05,E,
100,'356,India,2536,'S2536,Sugar cane,684,Fat supply quantity (g/capita/day),2021,2021,g/cap/d,0.06,E,
100,'356,India,2536,'S2536,Sugar cane,684,Fat supply quantity (g/capita/day),2022,2022,g/cap/d,0.05,E,
100,'356,India,2536,'S2536,Sugar cane,684,Fat supply quantity (g/capita/day),2023,2023,g/cap/d,0.07,E,
100,'356,India,2536,'S2536,Sugar cane,681,Fat supply quantity (t),2010,2010,t,13495.07,I,
100,'356,India,2536,'S2536,Sugar cane,681,Fat supply quantity (t),2011,2011,t,15807.2,I,
100,'356,India,2536,'S2536,Sugar cane,681,Fat supply quantity (t),2012,2012,t,14795.34,I,
100,'356,India,2536,'S2536,Sugar cane,681,Fat supply quantity (t),2013,2013,t,15752.63,I,
100,'356,India,2536,'S2536,Sugar cane,681,Fat supply quantity (t),2014,2014,t,19037.45,I,
100,'356,India,2536,'S2536,Sugar cane,681,Fat supply quantity (t),2015,2015,t,20012.29,I,
100,'356,India,2536,'S2536,Sugar cane,681,Fat supply quantity (t),2016,2016,t,20932.79,I,
100,'356,India,2536,'S2536,Sugar cane,681,Fat supply quantity (t),2017,2017,t,21873.17,I,
100,'356,India,2536,'S2536,Sugar cane,681,Fat supply quantity (t),2018,2018,t,15568.54,I,
100,'356,India,2536,'S2536,Sugar cane,681,Fat supply quantity (t),2019,2019,t,23335.22,I,
100,'356,India,2536,'S2536,Sugar cane,681,Fat supply quantity (t),2020,2020,t,26477.75,I,
100,'356,India,2536,'S2536,Sugar cane,681,Fat supply quantity (t),2021,2021,t,28971.75,I,
100,'356,India,2536,'S2536,Sugar cane,681,Fat supply quantity (t),2022,2022,t,25292.73,I,
100,'356,India,2536,'S2536,Sugar cane,681,Fat supply quantity (t),2023,2023,t,35055.86,I,
100,'356,India,2537,'S2537,Sugar beet,5611,Import quantity,2010,2010,1000 t,0,I,
100,'356,India,2537,'S2537,Sugar beet,5611,Import quantity,2011,2011,1000 t,0,I,
100,'356,India,2537,'S2537,Sugar beet,5611,Import quantity,2012,2012,1000 t,0,I,
100,'356,India,2537,'S2537,Sugar beet,5611,Import quantity,2013,2013,1000 t,0,I,
100,'356,India,2537,'S2537,Sugar beet,5611,Import quantity,2020,2020,1000 t,0,I,
100,'356,India,2537,'S2537,Sugar beet,5072,Stock Variation,2012,2012,1000 t,0,I,
100,'356,India,2537,'S2537,Sugar beet,5072,Stock Variation,2014,2014,1000 t,0,I,
100,'356,India,2537,'S2537,Sugar beet,5072,Stock Variation,2015,2015,1000 t,0,I,
100,'356,India,2537,'S2537,Sugar beet,5072,Stock Variation,2016,2016,1000 t,0,I,
100,'356,India,2537,'S2537,Sugar beet,5072,Stock Variation,2017,2017,1000 t,0,I,
100,'356,India,2537,'S2537,Sugar beet,5072,Stock Variation,2018,2018,1000 t,0,I,
100,'356,India,2537,'S2537,Sugar beet,5072,Stock Variation,2019,2019,1000 t,0,I,
100,'356,India,2537,'S2537,Sugar beet,5072,Stock Variation,2020,2020,1000 t,0,I,
100,'356,India,2537,'S2537,Sugar beet,5072,Stock Variation,2021,2021,1000 t,0,I,
100,'356,India,2537,'S2537,Sugar beet,5072,Stock Variation,2022,2022,1000 t,0,I,
100,'356,India,2537,'S2537,Sugar beet,5072,Stock Variation,2023,2023,1000 t,0,I,
100,'356,India,2537,'S2537,Sugar beet,5911,Export quantity,2010,2010,1000 t,0,I,
100,'356,India,2537,'S2537,Sugar beet,5911,Export quantity,2011,2011,1000 t,0,I,
100,'356,India,2537,'S2537,Sugar beet,5911,Export quantity,2012,2012,1000 t,0,I,
100,'356,India,2537,'S2537,Sugar beet,5911,Export quantity,2013,2013,1000 t,0,I,
100,'356,India,2537,'S2537,Sugar beet,5911,Export quantity,2014,2014,1000 t,0,I,
100,'356,India,2537,'S2537,Sugar beet,5911,Export quantity,2016,2016,1000 t,0,I,
100,'356,India,2537,'S2537,Sugar beet,5911,Export quantity,2018,2018,1000 t,0,I,
100,'356,India,2537,'S2537,Sugar beet,5911,Export quantity,2020,2020,1000 t,0,I,
100,'356,India,2537,'S2537,Sugar beet,5911,Export quantity,2021,2021,1000 t,0,I,
100,'356,India,2537,'S2537,Sugar beet,5911,Export quantity,2022,2022,1000 t,0,I,
100,'356,India,2537,'S2537,Sugar beet,5911,Export quantity,2023,2023,1000 t,0,I,
100,'356,India,2537,'S2537,Sugar beet,5301,Domestic supply quantity,2010,2010,1000 t,0,I,
100,'356,India,2537,'S2537,Sugar beet,5301,Domestic supply quantity,2011,2011,1000 t,0,I,
100,'356,India,2537,'S2537,Sugar beet,5301,Domestic supply quantity,2012,2012,1000 t,0,I,
100,'356,India,2537,'S2537,Sugar beet,5301,Domestic supply quantity,2013,2013,1000 t,0,I,
100,'356,India,2537,'S2537,Sugar beet,5301,Domestic supply quantity,2014,2014,1000 t,0,I,
100,'356,India,2537,'S2537,Sugar beet,5301,Domestic supply quantity,2015,2015,1000 t,0,I,
100,'356,India,2537,'S2537,Sugar beet,5301,Domestic supply quantity,2016,2016,1000 t,0,I,
100,'356,India,2537,'S2537,Sugar beet,5301,Domestic supply quantity,2017,2017,1000 t,0,I,
100,'356,India,2537,'S2537,Sugar beet,5301,Domestic supply quantity,2018,2018,1000 t,0,I,
100,'356,India,2537,'S2537,Sugar beet,5301,Domestic supply quantity,2019,2019,1000 t,0,I,
100,'356,India,2537,'S2537,Sugar beet,5301,Domestic supply quantity,2020,2020,1000 t,0,I,
100,'356,India,2537,'S2537,Sugar beet,5301,Domestic supply quantity,2021,2021,1000 t,0,I,
100,'356,India,2537,'S2537,Sugar beet,5301,Domestic supply quantity,2022,2022,1000 t,0,I,
100,'356,India,2537,'S2537,Sugar beet,5301,Domestic supply quantity,2023,2023,1000 t,0,I,
100,'356,India,2537,'S2537,Sugar beet,5170,Residuals,2010,2010,1000 t,0,I,
100,'356,India,2537,'S2537,Sugar beet,5170,Residuals,2011,2011,1000 t,0,I,
100,'356,India,2537,'S2537,Sugar beet,5170,Residuals,2012,2012,1000 t,0,I,
100,'356,India,2537,'S2537,Sugar beet,5170,Residuals,2013,2013,1000 t,0,I,
100,'356,India,2537,'S2537,Sugar beet,5170,Residuals,2014,2014,1000 t,0,I,
100,'356,India,2537,'S2537,Sugar beet,5170,Residuals,2015,2015,1000 t,0,I,
100,'356,India,2537,'S2537,Sugar beet,5170,Residuals,2016,2016,1000 t,0,I,
100,'356,India,2537,'S2537,Sugar beet,5170,Residuals,2017,2017,1000 t,0,I,
100,'356,India,2537,'S2537,Sugar beet,5170,Residuals,2018,2018,1000 t,0,I,
100,'356,India,2537,'S2537,Sugar beet,5170,Residuals,2019,2019,1000 t,0,I,
100,'356,India,2537,'S2537,Sugar beet,5170,Residuals,2020,2020,1000 t,0,I,
100,'356,India,2537,'S2537,Sugar beet,5170,Residuals,2021,2021,1000 t,0,I,
100,'356,India,2537,'S2537,Sugar beet,5170,Residuals,2022,2022,1000 t,0,I,
100,'356,India,2537,'S2537,Sugar beet,5170,Residuals,2023,2023,1000 t,0,I,
100,'356,India,2909,'S2909,Sugar & Sweeteners,5511,Production,2010,2010,1000 t,36427,E,
100,'356,India,2909,'S2909,Sugar & Sweeteners,5511,Production,2011,2011,1000 t,42780,E,
100,'356,India,2909,'S2909,Sugar & Sweeteners,5511,Production,2012,2012,1000 t,47029,E,
100,'356,India,2909,'S2909,Sugar & Sweeteners,5511,Production,2013,2013,1000 t,46056,E,
100,'356,India,2909,'S2909,Sugar & Sweeteners,5511,Production,2014,2014,1000 t,45570,E,
100,'356,India,2909,'S2909,Sugar & Sweeteners,5511,Production,2015,2015,1000 t,49389,E,
100,'356,India,2909,'S2909,Sugar & Sweeteners,5511,Production,2016,2016,1000 t,43895,E,
100,'356,India,2909,'S2909,Sugar & Sweeteners,5511,Production,2017,2017,1000 t,37822,E,
100,'356,India,2909,'S2909,Sugar & Sweeteners,5511,Production,2018,2018,1000 t,55355,E,
100,'356,India,2909,'S2909,Sugar & Sweeteners,5511,Production,2019,2019,1000 t,54293,E,
100,'356,India,2909,'S2909,Sugar & Sweeteners,5511,Production,2020,2020,1000 t,45591,E,
100,'356,India,2909,'S2909,Sugar & Sweeteners,5511,Production,2021,2021,1000 t,51555,E,
100,'356,India,2909,'S2909,Sugar & Sweeteners,5511,Production,2022,2022,1000 t,59340,E,
100,'356,India,2909,'S2909,Sugar & Sweeteners,5511,Production,2023,2023,1000 t,59728,E,
100,'356,India,2909,'S2909,Sugar & Sweeteners,5611,Import quantity,2010,2010,1000 t,1292,E,
100,'356,India,2909,'S2909,Sugar & Sweeteners,5611,Import quantity,2011,2011,1000 t,211,E,
100,'356,India,2909,'S2909,Sugar & Sweeteners,5611,Import quantity,2012,2012,1000 t,877,E,
100,'356,India,2909,'S2909,Sugar & Sweeteners,5611,Import quantity,2013,2013,1000 t,1431,E,
100,'356,India,2909,'S2909,Sugar & Sweeteners,5611,Import quantity,2014,2014,1000 t,1590,E,
100,'356,India,2909,'S2909,Sugar & Sweeteners,5611,Import quantity,2015,2015,1000 t,1811,E,
100,'356,India,2909,'S2909,Sugar & Sweeteners,5611,Import quantity,2016,2016,1000 t,2329,E,
100,'356,India,2909,'S2909,Sugar & Sweeteners,5611,Import quantity,2017,2017,1000 t,2822,E,
100,'356,India,2909,'S2909,Sugar & Sweeteners,5611,Import quantity,2018,2018,1000 t,2084,E,
100,'356,India,2909,'S2909,Sugar & Sweeteners,5611,Import quantity,2019,2019,1000 t,1270,E,
100,'356,India,2909,'S2909,Sugar & Sweeteners,5611,Import quantity,2020,2020,1000 t,2237,E,
100,'356,India,2909,'S2909,Sugar & Sweeteners,5611,Import quantity,2021,2021,1000 t,751,E,
100,'356,India,2909,'S2909,Sugar & Sweeteners,5611,Import quantity,2022,2022,1000 t,857,E,
100,'356,India,2909,'S2909,Sugar & Sweeteners,5611,Import quantity,2023,2023,1000 t,2618,E,
100,'356,India,2909,'S2909,Sugar & Sweeteners,5072,Stock Variation,2010,2010,1000 t,-1892,E,
100,'356,India,2909,'S2909,Sugar & Sweeteners,5072,Stock Variation,2011,2011,1000 t,-1330,E,
100,'356,India,2909,'S2909,Sugar & Sweeteners,5072,Stock Variation,2012,2012,1000 t,242,E,
100,'356,India,2909,'S2909,Sugar & Sweeteners,5072,Stock Variation,2013,2013,1000 t,768,E,
100,'356,India,2909,'S2909,Sugar & Sweeteners,5072,Stock Variation,2014,2014,1000 t,1925,E,
100,'356,India,2909,'S2909,Sugar & Sweeteners,5072,Stock Variation,2015,2015,1000 t,2236,E,
100,'356,India,2909,'S2909,Sugar & Sweeteners,5072,Stock Variation,2016,2016,1000 t,-2161,E,
100,'356,India,2909,'S2909,Sugar & Sweeteners,5072,Stock Variation,2017,2017,1000 t,-4222,E,
100,'356,India,2909,'S2909,Sugar & Sweeteners,5072,Stock Variation,2018,2018,1000 t,2893,E,
100,'356,India,2909,'S2909,Sugar & Sweeteners,5072,Stock Variation,2019,2019,1000 t,1048,E,
100,'356,India,2909,'S2909,Sugar & Sweeteners,5072,Stock Variation,2020,2020,1000 t,-1569,E,
100,'356,India,2909,'S2909,Sugar & Sweeteners,5072,Stock Variation,2021,2021,1000 t,-221,E,
100,'356,India,2909,'S2909,Sugar & Sweeteners,5072,Stock Variation,2022,2022,1000 t,1265,E,
100,'356,India,2909,'S2909,Sugar & Sweeteners,5072,Stock Variation,2023,2023,1000 t,8561,E,
100,'356,India,2909,'S2909,Sugar & Sweeteners,5911,Export quantity,2010,2010,1000 t,2303,E,
100,'356,India,2909,'S2909,Sugar & Sweeteners,5911,Export quantity,2011,2011,1000 t,3409,E,
100,'356,India,2909,'S2909,Sugar & Sweeteners,5911,Export quantity,2012,2012,1000 t,4279,E,
100,'356,India,2909,'S2909,Sugar & Sweeteners,5911,Export quantity,2013,2013,1000 t,2602,E,
100,'356,India,2909,'S2909,Sugar & Sweeteners,5911,Export quantity,2014,2014,1000 t,2949,E,
100,'356,India,2909,'S2909,Sugar & Sweeteners,5911,Export quantity,2015,2015,1000 t,3902,E,
100,'356,India,2909,'S2909,Sugar & Sweeteners,5911,Export quantity,2016,2016,1000 t,3833,E,
100,'356,India,2909,'S2909,Sugar & Sweeteners,5911,Export quantity,2017,2017,1000 t,2496,E,
100,'356,India,2909,'S2909,Sugar & Sweeteners,5911,Export quantity,2018,2018,1000 t,3575,E,
100,'356,India,2909,'S2909,Sugar & Sweeteners,5911,Export quantity,2019,2019,1000 t,6620,E,
100,'356,India,2909,'S2909,Sugar & Sweeteners,5911,Export quantity,2020,2020,1000 t,8537,E,
100,'356,India,2909,'S2909,Sugar & Sweeteners,5911,Export quantity,2021,2021,1000 t,11736,E,
100,'356,India,2909,'S2909,Sugar & Sweeteners,5911,Export quantity,2022,2022,1000 t,14835,E,
100,'356,India,2909,'S2909,Sugar & Sweeteners,5911,Export quantity,2023,2023,1000 t,8660,E,
100,'356,India,2909,'S2909,Sugar & Sweeteners,5301,Domestic supply quantity,2010,2010,1000 t,37308,E,
100,'356,India,2909,'S2909,Sugar & Sweeteners,5301,Domestic supply quantity,2011,2011,1000 t,40913,E,
100,'356,India,2909,'S2909,Sugar & Sweeteners,5301,Domestic supply quantity,2012,2012,1000 t,43385,E,
100,'356,India,2909,'S2909,Sugar & Sweeteners,5301,Domestic supply quantity,2013,2013,1000 t,44118,E,
100,'356,India,2909,'S2909,Sugar & Sweeteners,5301,Domestic supply quantity,2014,2014,1000 t,42286,E,
100,'356,India,2909,'S2909,Sugar & Sweeteners,5301,Domestic supply quantity,2015,2015,1000 t,45061,E,
100,'356,India,2909,'S2909,Sugar & Sweeteners,5301,Domestic supply quantity,2016,2016,1000 t,44552,E,
100,'356,India,2909,'S2909,Sugar & Sweeteners,5301,Domestic supply quantity,2017,2017,1000 t,42371,E,
100,'356,India,2909,'S2909,Sugar & Sweeteners,5301,Domestic supply quantity,2018,2018,1000 t,50971,E,
100,'356,India,2909,'S2909,Sugar & Sweeteners,5301,Domestic supply quantity,2019,2019,1000 t,47895,E,
100,'356,India,2909,'S2909,Sugar & Sweeteners,5301,Domestic supply quantity,2020,2020,1000 t,40860,E,
100,'356,India,2909,'S2909,Sugar & Sweeteners,5301,Domestic supply quantity,2021,2021,1000 t,40792,E,
100,'356,India,2909,'S2909,Sugar & Sweeteners,5301,Domestic supply quantity,2022,2022,1000 t,44096,E,
100,'356,India,2909,'S2909,Sugar & Sweeteners,5301,Domestic supply quantity,2023,2023,1000 t,45125,E,
100,'356,India,2909,'S2909,Sugar & Sweeteners,5521,Feed,2010,2010,1000 t,923,E,
100,'356,India,2909,'S2909,Sugar & Sweeteners,5521,Feed,2011,2011,1000 t,913,E,
100,'356,India,2909,'S2909,Sugar & Sweeteners,5521,Feed,2012,2012,1000 t,1046,E,
100,'356,India,2909,'S2909,Sugar & Sweeteners,5521,Feed,2013,2013,1000 t,1063,E,
100,'356,India,2909,'S2909,Sugar & Sweeteners,5521,Feed,2014,2014,1000 t,1010,E,
100,'356,India,2909,'S2909,Sugar & Sweeteners,5521,Feed,2015,2015,1000 t,1064,E,
100,'356,India,2909,'S2909,Sugar & Sweeteners,5521,Feed,2016,2016,1000 t,1012,E,
100,'356,India,2909,'S2909,Sugar & Sweeteners,5521,Feed,2017,2017,1000 t,913,E,
100,'356,India,2909,'S2909,Sugar & Sweeteners,5521,Feed,2018,2018,1000 t,1144,E,
100,'356,India,2909,'S2909,Sugar & Sweeteners,5521,Feed,2019,2019,1000 t,1113,E,
100,'356,India,2909,'S2909,Sugar & Sweeteners,5521,Feed,2020,2020,1000 t,964,E,
100,'356,India,2909,'S2909,Sugar & Sweeteners,5521,Feed,2021,2021,1000 t,978,E,
100,'356,India,2909,'S2909,Sugar & Sweeteners,5521,Feed,2022,2022,1000 t,1234,E,
100,'356,India,2909,'S2909,Sugar & Sweeteners,5521,Feed,2023,2023,1000 t,1269,E,
100,'356,India,2909,'S2909,Sugar & Sweeteners,5123,Losses,2010,2010,1000 t,3,E,
100,'356,India,2909,'S2909,Sugar & Sweeteners,5123,Losses,2011,2011,1000 t,3,E,
100,'356,India,2909,'S2909,Sugar & Sweeteners,5123,Losses,2012,2012,1000 t,3,E,
100,'356,India,2909,'S2909,Sugar & Sweeteners,5123,Losses,2013,2013,1000 t,3,E,
100,'356,India,2909,'S2909,Sugar & Sweeteners,5123,Losses,2014,2014,1000 t,3,E,
100,'356,India,2909,'S2909,Sugar & Sweeteners,5123,Losses,2015,2015,1000 t,3,E,
100,'356,India,2909,'S2909,Sugar & Sweeteners,5123,Losses,2016,2016,1000 t,4,E,
100,'356,India,2909,'S2909,Sugar & Sweeteners,5123,Losses,2017,2017,1000 t,4,E,
100,'356,India,2909,'S2909,Sugar & Sweeteners,5123,Losses,2018,2018,1000 t,4,E,
100,'356,India,2909,'S2909,Sugar & Sweeteners,5123,Losses,2019,2019,1000 t,3,E,
100,'356,India,2909,'S2909,Sugar & Sweeteners,5123,Losses,2020,2020,1000 t,3,E,
100,'356,India,2909,'S2909,Sugar & Sweeteners,5123,Losses,2021,2021,1000 t,4,E,
100,'356,India,2909,'S2909,Sugar & Sweeteners,5123,Losses,2022,2022,1000 t,4,E,
100,'356,India,2909,'S2909,Sugar & Sweeteners,5123,Losses,2023,2023,1000 t,4,E,
100,'356,India,2909,'S2909,Sugar & Sweeteners,5131,Processing,2010,2010,1000 t,7241,E,
100,'356,India,2909,'S2909,Sugar & Sweeteners,5131,Processing,2011,2011,1000 t,10086,E,
100,'356,India,2909,'S2909,Sugar & Sweeteners,5131,Processing,2012,2012,1000 t,10822,E,
100,'356,India,2909,'S2909,Sugar & Sweeteners,5131,Processing,2013,2013,1000 t,10908,E,
100,'356,India,2909,'S2909,Sugar & Sweeteners,5131,Processing,2014,2014,1000 t,10276,E,
100,'356,India,2909,'S2909,Sugar & Sweeteners,5131,Processing,2015,2015,1000 t,11600,E,
100,'356,India,2909,'S2909,Sugar & Sweeteners,5131,Processing,2016,2016,1000 t,10198,E,
100,'356,India,2909,'S2909,Sugar & Sweeteners,5131,Processing,2017,2017,1000 t,8557,E,
100,'356,India,2909,'S2909,Sugar & Sweeteners,5131,Processing,2018,2018,1000 t,12881,E,
100,'356,India,2909,'S2909,Sugar & Sweeteners,5131,Processing,2019,2019,1000 t,12601,E,
100,'356,India,2909,'S2909,Sugar & Sweeteners,5131,Processing,2020,2020,1000 t,9865,E,
100,'356,India,2909,'S2909,Sugar & Sweeteners,5131,Processing,2021,2021,1000 t,10236,E,
100,'356,India,2909,'S2909,Sugar & Sweeteners,5131,Processing,2022,2022,1000 t,12048,E,
100,'356,India,2909,'S2909,Sugar & Sweeteners,5131,Processing,2023,2023,1000 t,12590,E,
100,'356,India,2909,'S2909,Sugar & Sweeteners,5154,Other uses (non-food),2010,2010,1000 t,3349,E,
100,'356,India,2909,'S2909,Sugar & Sweeteners,5154,Other uses (non-food),2011,2011,1000 t,2325,E,
100,'356,India,2909,'S2909,Sugar & Sweeteners,5154,Other uses (non-food),2012,2012,1000 t,2906,E,
100,'356,India,2909,'S2909,Sugar & Sweeteners,5154,Other uses (non-food),2013,2013,1000 t,2989,E,
100,'356,India,2909,'S2909,Sugar & Sweeteners,5154,Other uses (non-food),2014,2014,1000 t,2980,E,
100,'356,India,2909,'S2909,Sugar & Sweeteners,5154,Other uses (non-food),2015,2015,1000 t,2902,E,
100,'356,India,2909,'S2909,Sugar & Sweeteners,5154,Other uses (non-food),2016,2016,1000 t,3069,E,
100,'356,India,2909,'S2909,Sugar & Sweeteners,5154,Other uses (non-food),2017,2017,1000 t,3007,E,
100,'356,India,2909,'S2909,Sugar & Sweeteners,5154,Other uses (non-food),2018,2018,1000 t,3086,E,
100,'356,India,2909,'S2909,Sugar & Sweeteners,5154,Other uses (non-food),2019,2019,1000 t,2671,E,
100,'356,India,2909,'S2909,Sugar & Sweeteners,5154,Other uses (non-food),2020,2020,1000 t,2509,E,
100,'356,India,2909,'S2909,Sugar & Sweeteners,5154,Other uses (non-food),2021,2021,1000 t,2550,E,
100,'356,India,2909,'S2909,Sugar & Sweeteners,5154,Other uses (non-food),2022,2022,1000 t,2978,E,
100,'356,India,2909,'S2909,Sugar & Sweeteners,5154,Other uses (non-food),2023,2023,1000 t,3033,E,
100,'356,India,2909,'S2909,Sugar & Sweeteners,5170,Residuals,2010,2010,1000 t,0,E,
100,'356,India,2909,'S2909,Sugar & Sweeteners,5170,Residuals,2011,2011,1000 t,0,E,
100,'356,India,2909,'S2909,Sugar & Sweeteners,5170,Residuals,2012,2012,1000 t,0,E,
100,'356,India,2909,'S2909,Sugar & Sweeteners,5170,Residuals,2013,2013,1000 t,0,E,
100,'356,India,2909,'S2909,Sugar & Sweeteners,5170,Residuals,2014,2014,1000 t,0,E,
100,'356,India,2909,'S2909,Sugar & Sweeteners,5170,Residuals,2015,2015,1000 t,0,E,
100,'356,India,2909,'S2909,Sugar & Sweeteners,5170,Residuals,2016,2016,1000 t,0,E,
100,'356,India,2909,'S2909,Sugar & Sweeteners,5170,Residuals,2017,2017,1000 t,0,E,
100,'356,India,2909,'S2909,Sugar & Sweeteners,5170,Residuals,2018,2018,1000 t,0,E,
100,'356,India,2909,'S2909,Sugar & Sweeteners,5170,Residuals,2019,2019,1000 t,0,E,
100,'356,India,2909,'S2909,Sugar & Sweeteners,5170,Residuals,2020,2020,1000 t,0,E,
100,'356,India,2909,'S2909,Sugar & Sweeteners,5170,Residuals,2021,2021,1000 t,-2,E,
100,'356,India,2909,'S2909,Sugar & Sweeteners,5170,Residuals,2022,2022,1000 t,0,E,
100,'356,India,2909,'S2909,Sugar & Sweeteners,5170,Residuals,2023,2023,1000 t,0,E,
100,'356,India,2909,'S2909,Sugar & Sweeteners,5142,Food,2010,2010,1000 t,25792,E,
100,'356,India,2909,'S2909,Sugar & Sweeteners,5142,Food,2011,2011,1000 t,27586,E,
100,'356,India,2909,'S2909,Sugar & Sweeteners,5142,Food,2012,2012,1000 t,28607,E,
100,'356,India,2909,'S2909,Sugar & Sweeteners,5142,Food,2013,2013,1000 t,29155,E,
100,'356,India,2909,'S2909,Sugar & Sweeteners,5142,Food,2014,2014,1000 t,28016,E,
100,'356,India,2909,'S2909,Sugar & Sweeteners,5142,Food,2015,2015,1000 t,29492,E,
100,'356,India,2909,'S2909,Sugar & Sweeteners,5142,Food,2016,2016,1000 t,30269,E,
100,'356,India,2909,'S2909,Sugar & Sweeteners,5142,Food,2017,2017,1000 t,29890,E,
100,'356,India,2909,'S2909,Sugar & Sweeteners,5142,Food,2018,2018,1000 t,33857,E,
100,'356,India,2909,'S2909,Sugar & Sweeteners,5142,Food,2019,2019,1000 t,31507,E,
100,'356,India,2909,'S2909,Sugar & Sweeteners,5142,Food,2020,2020,1000 t,27517,E,
100,'356,India,2909,'S2909,Sugar & Sweeteners,5142,Food,2021,2021,1000 t,27025,E,
100,'356,India,2909,'S2909,Sugar & Sweeteners,5142,Food,2022,2022,1000 t,27832,E,
100,'356,India,2909,'S2909,Sugar & Sweeteners,5142,Food,2023,2023,1000 t,28229,E,
100,'356,India,2909,'S2909,Sugar & Sweeteners,645,Food supply quantity (kg/capita/yr),2010,2010,kg/cap,20.74,E,
100,'356,India,2909,'S2909,Sugar & Sweeteners,645,Food supply quantity (kg/capita/yr),2011,2011,kg/cap,21.87,E,
100,'356,India,2909,'S2909,Sugar & Sweeteners,645,Food supply quantity (kg/capita/yr),2012,2012,kg/cap,22.37,E,
100,'356,India,2909,'S2909,Sugar & Sweeteners,645,Food supply quantity (kg/capita/yr),2013,2013,kg/cap,22.5,E,
100,'356,India,2909,'S2909,Sugar & Sweeteners,645,Food supply quantity (kg/capita/yr),2014,2014,kg/cap,21.35,E,
100,'356,India,2909,'S2909,Sugar & Sweeteners,645,Food supply quantity (kg/capita/yr),2015,2015,kg/cap,22.21,E,
100,'356,India,2909,'S2909,Sugar & Sweeteners,645,Food supply quantity (kg/capita/yr),2016,2016,kg/cap,22.52,E,
100,'356,India,2909,'S2909,Sugar & Sweeteners,645,Food supply quantity (kg/capita/yr),2017,2017,kg/cap,21.98,E,
100,'356,India,2909,'S2909,Sugar & Sweeteners,645,Food supply quantity (kg/capita/yr),2018,2018,kg/cap,24.63,E,
100,'356,India,2909,'S2909,Sugar & Sweeteners,645,Food supply quantity (kg/capita/yr),2019,2019,kg/cap,22.68,E,
100,'356,India,2909,'S2909,Sugar & Sweeteners,645,Food supply quantity (kg/capita/yr),2020,2020,kg/cap,19.62,E,
100,'356,India,2909,'S2909,Sugar & Sweeteners,645,Food supply quantity (kg/capita/yr),2021,2021,kg/cap,19.11,E,
100,'356,India,2909,'S2909,Sugar & Sweeteners,645,Food supply quantity (kg/capita/yr),2022,2022,kg/cap,19.53,E,
100,'356,India,2909,'S2909,Sugar & Sweeteners,645,Food supply quantity (kg/capita/yr),2023,2023,kg/cap,19.63,E,
100,'356,India,2909,'S2909,Sugar & Sweeteners,664,Food supply (kcal/capita/day),2010,2010,kcal/cap/d,208.76,E,
100,'356,India,2909,'S2909,Sugar & Sweeteners,664,Food supply (kcal/capita/day),2011,2011,kcal/cap/d,220.13,E,
100,'356,India,2909,'S2909,Sugar & Sweeteners,664,Food supply (kcal/capita/day),2012,2012,kcal/cap/d,225.16,E,
100,'356,India,2909,'S2909,Sugar & Sweeteners,664,Food supply (kcal/capita/day),2013,2013,kcal/cap/d,226.42,E,
100,'356,India,2909,'S2909,Sugar & Sweeteners,664,Food supply (kcal/capita/day),2014,2014,kcal/cap/d,214.98,E,
100,'356,India,2909,'S2909,Sugar & Sweeteners,664,Food supply (kcal/capita/day),2015,2015,kcal/cap/d,223.52,E,
100,'356,India,2909,'S2909,Sugar & Sweeteners,664,Food supply (kcal/capita/day),2016,2016,kcal/cap/d,226.45,E,
100,'356,India,2909,'S2909,Sugar & Sweeteners,664,Food supply (kcal/capita/day),2017,2017,kcal/cap/d,221.09,E,
100,'356,India,2909,'S2909,Sugar & Sweeteners,664,Food supply (kcal/capita/day),2018,2018,kcal/cap/d,247.64,E,
100,'356,India,2909,'S2909,Sugar & Sweeteners,664,Food supply (kcal/capita/day),2019,2019,kcal/cap/d,227.8,E,
100,'356,India,2909,'S2909,Sugar & Sweeteners,664,Food supply (kcal/capita/day),2020,2020,kcal/cap/d,197.19,E,
100,'356,India,2909,'S2909,Sugar & Sweeteners,664,Food supply (kcal/capita/day),2021,2021,kcal/cap/d,192.09,E,
100,'356,India,2909,'S2909,Sugar & Sweeteners,664,Food supply (kcal/capita/day),2022,2022,kcal/cap/d,195.58,E,
100,'356,India,2909,'S2909,Sugar & Sweeteners,664,Food supply (kcal/capita/day),2023,2023,kcal/cap/d,196.64,E,
100,'356,India,2909,'S2909,Sugar & Sweeteners,661,Food supply (kcal),2010,2010,million Kcal,94751837.7,E,
100,'356,India,2909,'S2909,Sugar & Sweeteners,661,Food supply (kcal),2011,2011,million Kcal,101334605,E,
100,'356,India,2909,'S2909,Sugar & Sweeteners,661,Food supply (kcal),2012,2012,million Kcal,105086548.27,E,
100,'356,India,2909,'S2909,Sugar & Sweeteners,661,Food supply (kcal),2013,2013,million Kcal,107089617.2,E,
100,'356,India,2909,'S2909,Sugar & Sweeteners,661,Food supply (kcal),2014,2014,million Kcal,102970560.54,E,
100,'356,India,2909,'S2909,Sugar & Sweeteners,661,Food supply (kcal),2015,2015,million Kcal,108347144.43,E,
100,'356,India,2909,'S2909,Sugar & Sweeteners,661,Food supply (kcal),2016,2016,million Kcal,111085139.12,E,
100,'356,India,2909,'S2909,Sugar & Sweeteners,661,Food supply (kcal),2017,2017,million Kcal,109721483.79,E,
100,'356,India,2909,'S2909,Sugar & Sweeteners,661,Food supply (kcal),2018,2018,million Kcal,124251812.35,E,
100,'356,India,2909,'S2909,Sugar & Sweeteners,661,Food supply (kcal),2019,2019,million Kcal,115493327.54,E,
100,'356,India,2909,'S2909,Sugar & Sweeteners,661,Food supply (kcal),2020,2020,million Kcal,100952331.38,E,
100,'356,India,2909,'S2909,Sugar & Sweeteners,661,Food supply (kcal),2021,2021,million Kcal,99153968.17,E,
100,'356,India,2909,'S2909,Sugar & Sweeteners,661,Food supply (kcal),2022,2022,million Kcal,101754509.99,E,
100,'356,India,2909,'S2909,Sugar & Sweeteners,661,Food supply (kcal),2023,2023,million Kcal,103217146.39,E,
100,'356,India,2909,'S2909,Sugar & Sweeteners,674,Protein supply quantity (g/capita/day),2010,2010,g/cap/d,0.04,E,
100,'356,India,2909,'S2909,Sugar & Sweeteners,674,Protein supply quantity (g/capita/day),2011,2011,g/cap/d,0.04,E,
100,'356,India,2909,'S2909,Sugar & Sweeteners,674,Protein supply quantity (g/capita/day),2012,2012,g/cap/d,0.04,E,
100,'356,India,2909,'S2909,Sugar & Sweeteners,674,Protein supply quantity (g/capita/day),2013,2013,g/cap/d,0.04,E,
100,'356,India,2909,'S2909,Sugar & Sweeteners,674,Protein supply quantity (g/capita/day),2014,2014,g/cap/d,0.04,E,
100,'356,India,2909,'S2909,Sugar & Sweeteners,674,Protein supply quantity (g/capita/day),2015,2015,g/cap/d,0.04,E,
100,'356,India,2909,'S2909,Sugar & Sweeteners,674,Protein supply quantity (g/capita/day),2016,2016,g/cap/d,0.03,E,
100,'356,India,2909,'S2909,Sugar & Sweeteners,674,Protein supply quantity (g/capita/day),2017,2017,g/cap/d,0.03,E,
100,'356,India,2909,'S2909,Sugar & Sweeteners,674,Protein supply quantity (g/capita/day),2018,2018,g/cap/d,0.03,E,
100,'356,India,2909,'S2909,Sugar & Sweeteners,674,Protein supply quantity (g/capita/day),2019,2019,g/cap/d,0.03,E,
100,'356,India,2909,'S2909,Sugar & Sweeteners,674,Protein supply quantity (g/capita/day),2020,2020,g/cap/d,0.03,E,
100,'356,India,2909,'S2909,Sugar & Sweeteners,674,Protein supply quantity (g/capita/day),2021,2021,g/cap/d,0.03,E,
100,'356,India,2909,'S2909,Sugar & Sweeteners,674,Protein supply quantity (g/capita/day),2022,2022,g/cap/d,0.03,E,
100,'356,India,2909,'S2909,Sugar & Sweeteners,674,Protein supply quantity (g/capita/day),2023,2023,g/cap/d,0.03,E,
100,'356,India,2909,'S2909,Sugar & Sweeteners,671,Protein supply quantity (t),2010,2010,t,17264.17,E,
100,'356,India,2909,'S2909,Sugar & Sweeteners,671,Protein supply quantity (t),2011,2011,t,17289.42,E,
100,'356,India,2909,'S2909,Sugar & Sweeteners,671,Protein supply quantity (t),2012,2012,t,17554.27,E,
100,'356,India,2909,'S2909,Sugar & Sweeteners,671,Protein supply quantity (t),2013,2013,t,17309.68,E,
100,'356,India,2909,'S2909,Sugar & Sweeteners,671,Protein supply quantity (t),2014,2014,t,20110.84,E,
100,'356,India,2909,'S2909,Sugar & Sweeteners,671,Protein supply quantity (t),2015,2015,t,17006.7,E,
100,'356,India,2909,'S2909,Sugar & Sweeteners,671,Protein supply quantity (t),2016,2016,t,15618.49,E,
100,'356,India,2909,'S2909,Sugar & Sweeteners,671,Protein supply quantity (t),2017,2017,t,17153.33,E,
100,'356,India,2909,'S2909,Sugar & Sweeteners,671,Protein supply quantity (t),2018,2018,t,17178.34,E,
100,'356,India,2909,'S2909,Sugar & Sweeteners,671,Protein supply quantity (t),2019,2019,t,15903.69,E,
100,'356,India,2909,'S2909,Sugar & Sweeteners,671,Protein supply quantity (t),2020,2020,t,14526.57,E,
100,'356,India,2909,'S2909,Sugar & Sweeteners,671,Protein supply quantity (t),2021,2021,t,14214.67,E,
100,'356,India,2909,'S2909,Sugar & Sweeteners,671,Protein supply quantity (t),2022,2022,t,17176.12,E,
100,'356,India,2909,'S2909,Sugar & Sweeteners,671,Protein supply quantity (t),2023,2023,t,17288.4,E,
100,'356,India,2909,'S2909,Sugar & Sweeteners,684,Fat supply quantity (g/capita/day),2010,2010,g/cap/d,0,E,
100,'356,India,2909,'S2909,Sugar & Sweeteners,684,Fat supply quantity (g/capita/day),2011,2011,g/cap/d,0,E,
100,'356,India,2909,'S2909,Sugar & Sweeteners,684,Fat supply quantity (g/capita/day),2012,2012,g/cap/d,0,E,
100,'356,India,2909,'S2909,Sugar & Sweeteners,684,Fat supply quantity (g/capita/day),2013,2013,g/cap/d,0,E,
100,'356,India,2909,'S2909,Sugar & Sweeteners,684,Fat supply quantity (g/capita/day),2014,2014,g/cap/d,0,E,
100,'356,India,2909,'S2909,Sugar & Sweeteners,684,Fat supply quantity (g/capita/day),2015,2015,g/cap/d,0,E,
100,'356,India,2909,'S2909,Sugar & Sweeteners,684,Fat supply quantity (g/capita/day),2016,2016,g/cap/d,0,E,
100,'356,India,2909,'S2909,Sugar & Sweeteners,684,Fat supply quantity (g/capita/day),2017,2017,g/cap/d,0,E,
100,'356,India,2909,'S2909,Sugar & Sweeteners,684,Fat supply quantity (g/capita/day),2018,2018,g/cap/d,0,E,
100,'356,India,2909,'S2909,Sugar & Sweeteners,684,Fat supply quantity (g/capita/day),2019,2019,g/cap/d,0,E,
100,'356,India,2909,'S2909,Sugar & Sweeteners,684,Fat supply quantity (g/capita/day),2020,2020,g/cap/d,0,E,
100,'356,India,2909,'S2909,Sugar & Sweeteners,684,Fat supply quantity (g/capita/day),2021,2021,g/cap/d,0,E,
100,'356,India,2909,'S2909,Sugar & Sweeteners,684,Fat supply quantity (g/capita/day),2022,2022,g/cap/d,0,E,
100,'356,India,2909,'S2909,Sugar & Sweeteners,684,Fat supply quantity (g/capita/day),2023,2023,g/cap/d,0,E,
100,'356,India,2909,'S2909,Sugar & Sweeteners,681,Fat supply quantity (t),2010,2010,t,2186.53,E,
100,'356,India,2909,'S2909,Sugar & Sweeteners,681,Fat supply quantity (t),2011,2011,t,1891.54,E,
100,'356,India,2909,'S2909,Sugar & Sweeteners,681,Fat supply quantity (t),2012,2012,t,2323.28,E,
100,'356,India,2909,'S2909,Sugar & Sweeteners,681,Fat supply quantity (t),2013,2013,t,1165.63,E,
100,'356,India,2909,'S2909,Sugar & Sweeteners,681,Fat supply quantity (t),2014,2014,t,185.92,E,
100,'356,India,2909,'S2909,Sugar & Sweeteners,681,Fat supply quantity (t),2015,2015,t,577.25,E,
100,'356,India,2909,'S2909,Sugar & Sweeteners,681,Fat supply quantity (t),2016,2016,t,35.8,E,
100,'356,India,2909,'S2909,Sugar & Sweeteners,681,Fat supply quantity (t),2017,2017,t,120.15,E,
100,'356,India,2909,'S2909,Sugar & Sweeteners,681,Fat supply quantity (t),2018,2018,t,50.34,E,
100,'356,India,2909,'S2909,Sugar & Sweeteners,681,Fat supply quantity (t),2019,2019,t,74.3,E,
100,'356,India,2909,'S2909,Sugar & Sweeteners,681,Fat supply quantity (t),2020,2020,t,75.97,E,
100,'356,India,2909,'S2909,Sugar & Sweeteners,681,Fat supply quantity (t),2021,2021,t,4.18,E,
100,'356,India,2909,'S2909,Sugar & Sweeteners,681,Fat supply quantity (t),2022,2022,t,116.14,E,
100,'356,India,2909,'S2909,Sugar & Sweeteners,681,Fat supply quantity (t),2023,2023,t,1.1,E,
100,'356,India,2541,'S2541,Sugar non-centrifugal,5511,Production,2010,2010,1000 t,7004,I,
100,'356,India,2541,'S2541,Sugar non-centrifugal,5511,Production,2011,2011,1000 t,4835,I,
100,'356,India,2541,'S2541,Sugar non-centrifugal,5511,Production,2012,2012,1000 t,6066,I,
100,'356,India,2541,'S2541,Sugar non-centrifugal,5511,Production,2013,2013,1000 t,6235,I,
100,'356,India,2541,'S2541,Sugar non-centrifugal,5511,Production,2014,2014,1000 t,7737,I,
100,'356,India,2541,'S2541,Sugar non-centrifugal,5511,Production,2015,2015,1000 t,6104,I,
100,'356,India,2541,'S2541,Sugar non-centrifugal,5511,Production,2016,2016,1000 t,5280,I,
100,'356,India,2541,'S2541,Sugar non-centrifugal,5511,Production,2017,2017,1000 t,6260,I,
100,'356,India,2541,'S2541,Sugar non-centrifugal,5511,Production,2018,2018,1000 t,6540,I,
100,'356,India,2541,'S2541,Sugar non-centrifugal,5511,Production,2019,2019,1000 t,5400,I,
100,'356,India,2541,'S2541,Sugar non-centrifugal,5511,Production,2020,2020,1000 t,5200,I,
100,'356,India,2541,'S2541,Sugar non-centrifugal,5511,Production,2021,2021,1000 t,5100,I,
100,'356,India,2541,'S2541,Sugar non-centrifugal,5511,Production,2022,2022,1000 t,7768,I,
100,'356,India,2541,'S2541,Sugar non-centrifugal,5511,Production,2023,2023,1000 t,7737,I,
100,'356,India,2541,'S2541,Sugar non-centrifugal,5611,Import quantity,2010,2010,1000 t,0,I,
100,'356,India,2541,'S2541,Sugar non-centrifugal,5611,Import quantity,2011,2011,1000 t,0,I,
100,'356,India,2541,'S2541,Sugar non-centrifugal,5611,Import quantity,2012,2012,1000 t,0,I,
100,'356,India,2541,'S2541,Sugar non-centrifugal,5611,Import quantity,2013,2013,1000 t,0,I,
100,'356,India,2541,'S2541,Sugar non-centrifugal,5072,Stock Variation,2010,2010,1000 t,385,I,
100,'356,India,2541,'S2541,Sugar non-centrifugal,5072,Stock Variation,2011,2011,1000 t,-608,I,
100,'356,India,2541,'S2541,Sugar non-centrifugal,5072,Stock Variation,2012,2012,1000 t,-79,I,
100,'356,India,2541,'S2541,Sugar non-centrifugal,5072,Stock Variation,2013,2013,1000 t,-22,I,
100,'356,India,2541,'S2541,Sugar non-centrifugal,5072,Stock Variation,2014,2014,1000 t,1000,I,
100,'356,India,2541,'S2541,Sugar non-centrifugal,5072,Stock Variation,2015,2015,1000 t,0,I,
100,'356,India,2541,'S2541,Sugar non-centrifugal,5072,Stock Variation,2016,2016,1000 t,-800,I,
100,'356,India,2541,'S2541,Sugar non-centrifugal,5072,Stock Variation,2017,2017,1000 t,0,I,
100,'356,India,2541,'S2541,Sugar non-centrifugal,5072,Stock Variation,2018,2018,1000 t,200,I,
100,'356,India,2541,'S2541,Sugar non-centrifugal,5072,Stock Variation,2019,2019,1000 t,-300,I,
100,'356,India,2541,'S2541,Sugar non-centrifugal,5072,Stock Variation,2020,2020,1000 t,-90,I,
100,'356,India,2541,'S2541,Sugar non-centrifugal,5072,Stock Variation,2021,2021,1000 t,-192,I,
100,'356,India,2541,'S2541,Sugar non-centrifugal,5072,Stock Variation,2022,2022,1000 t,1400,I,
100,'356,India,2541,'S2541,Sugar non-centrifugal,5072,Stock Variation,2023,2023,1000 t,1300,I,
100,'356,India,2541,'S2541,Sugar non-centrifugal,5911,Export quantity,2010,2010,1000 t,0,I,
100,'356,India,2541,'S2541,Sugar non-centrifugal,5911,Export quantity,2011,2011,1000 t,0,I,
100,'356,India,2541,'S2541,Sugar non-centrifugal,5911,Export quantity,2012,2012,1000 t,0,I,
100,'356,India,2541,'S2541,Sugar non-centrifugal,5911,Export quantity,2013,2013,1000 t,0,I,
100,'356,India,2541,'S2541,Sugar non-centrifugal,5301,Domestic supply quantity,2010,2010,1000 t,6619,I,
100,'356,India,2541,'S2541,Sugar non-centrifugal,5301,Domestic supply quantity,2011,2011,1000 t,5443,I,
100,'356,India,2541,'S2541,Sugar non-centrifugal,5301,Domestic supply quantity,2012,2012,1000 t,6145,I,
100,'356,India,2541,'S2541,Sugar non-centrifugal,5301,Domestic supply quantity,2013,2013,1000 t,6257,I,
100,'356,India,2541,'S2541,Sugar non-centrifugal,5301,Domestic supply quantity,2014,2014,1000 t,6737,I,
100,'356,India,2541,'S2541,Sugar non-centrifugal,5301,Domestic supply quantity,2015,2015,1000 t,6104,I,
100,'356,India,2541,'S2541,Sugar non-centrifugal,5301,Domestic supply quantity,2016,2016,1000 t,6080,I,
100,'356,India,2541,'S2541,Sugar non-centrifugal,5301,Domestic supply quantity,2017,2017,1000 t,6260,I,
100,'356,India,2541,'S2541,Sugar non-centrifugal,5301,Domestic supply quantity,2018,2018,1000 t,6340,I,
100,'356,India,2541,'S2541,Sugar non-centrifugal,5301,Domestic supply quantity,2019,2019,1000 t,5700,I,
100,'356,India,2541,'S2541,Sugar non-centrifugal,5301,Domestic supply quantity,2020,2020,1000 t,5290,I,
100,'356,India,2541,'S2541,Sugar non-centrifugal,5301,Domestic supply quantity,2021,2021,1000 t,5292,I,
100,'356,India,2541,'S2541,Sugar non-centrifugal,5301,Domestic supply quantity,2022,2022,1000 t,6368,I,
100,'356,India,2541,'S2541,Sugar non-centrifugal,5301,Domestic supply quantity,2023,2023,1000 t,6437,I,
100,'356,India,2541,'S2541,Sugar non-centrifugal,5521,Feed,2010,2010,1000 t,530,I,
100,'356,India,2541,'S2541,Sugar non-centrifugal,5521,Feed,2011,2011,1000 t,366,I,
100,'356,India,2541,'S2541,Sugar non-centrifugal,5521,Feed,2012,2012,1000 t,459,I,
100,'356,India,2541,'S2541,Sugar non-centrifugal,5521,Feed,2013,2013,1000 t,472,I,
100,'356,India,2541,'S2541,Sugar non-centrifugal,5521,Feed,2014,2014,1000 t,453,I,
100,'356,India,2541,'S2541,Sugar non-centrifugal,5521,Feed,2015,2015,1000 t,435,I,
100,'356,India,2541,'S2541,Sugar non-centrifugal,5521,Feed,2016,2016,1000 t,459,I,
100,'356,India,2541,'S2541,Sugar non-centrifugal,5521,Feed,2017,2017,1000 t,449,I,
100,'356,India,2541,'S2541,Sugar non-centrifugal,5521,Feed,2018,2018,1000 t,445,I,
100,'356,India,2541,'S2541,Sugar non-centrifugal,5521,Feed,2019,2019,1000 t,430,I,
100,'356,India,2541,'S2541,Sugar non-centrifugal,5521,Feed,2020,2020,1000 t,430,I,
100,'356,India,2541,'S2541,Sugar non-centrifugal,5521,Feed,2021,2021,1000 t,423,I,
100,'356,India,2541,'S2541,Sugar non-centrifugal,5521,Feed,2022,2022,1000 t,581,I,
100,'356,India,2541,'S2541,Sugar non-centrifugal,5521,Feed,2023,2023,1000 t,587,I,
100,'356,India,2541,'S2541,Sugar non-centrifugal,5154,Other uses (non-food),2010,2010,1000 t,3334,I,
100,'356,India,2541,'S2541,Sugar non-centrifugal,5154,Other uses (non-food),2011,2011,1000 t,2302,I,
100,'356,India,2541,'S2541,Sugar non-centrifugal,5154,Other uses (non-food),2012,2012,1000 t,2888,I,
100,'356,India,2541,'S2541,Sugar non-centrifugal,5154,Other uses (non-food),2013,2013,1000 t,2968,I,
100,'356,India,2541,'S2541,Sugar non-centrifugal,5154,Other uses (non-food),2014,2014,1000 t,2957,I,
100,'356,India,2541,'S2541,Sugar non-centrifugal,5154,Other uses (non-food),2015,2015,1000 t,2875,I,
100,'356,India,2541,'S2541,Sugar non-centrifugal,5154,Other uses (non-food),2016,2016,1000 t,3036,I,
100,'356,India,2541,'S2541,Sugar non-centrifugal,5154,Other uses (non-food),2017,2017,1000 t,2968,I,
100,'356,India,2541,'S2541,Sugar non-centrifugal,5154,Other uses (non-food),2018,2018,1000 t,3040,I,
100,'356,India,2541,'S2541,Sugar non-centrifugal,5154,Other uses (non-food),2019,2019,1000 t,2629,I,
100,'356,India,2541,'S2541,Sugar non-centrifugal,5154,Other uses (non-food),2020,2020,1000 t,2452,I,
100,'356,India,2541,'S2541,Sugar non-centrifugal,5154,Other uses (non-food),2021,2021,1000 t,2500,I,
100,'356,India,2541,'S2541,Sugar non-centrifugal,5154,Other uses (non-food),2022,2022,1000 t,2937,I,
100,'356,India,2541,'S2541,Sugar non-centrifugal,5154,Other uses (non-food),2023,2023,1000 t,2969,I,
100,'356,India,2541,'S2541,Sugar non-centrifugal,5170,Residuals,2010,2010,1000 t,0,I,
100,'356,India,2541,'S2541,Sugar non-centrifugal,5170,Residuals,2011,2011,1000 t,0,I,
100,'356,India,2541,'S2541,Sugar non-centrifugal,5170,Residuals,2012,2012,1000 t,0,I,
100,'356,India,2541,'S2541,Sugar non-centrifugal,5170,Residuals,2013,2013,1000 t,0,I,
100,'356,India,2541,'S2541,Sugar non-centrifugal,5170,Residuals,2014,2014,1000 t,0,I,
100,'356,India,2541,'S2541,Sugar non-centrifugal,5170,Residuals,2015,2015,1000 t,0,I,
100,'356,India,2541,'S2541,Sugar non-centrifugal,5170,Residuals,2016,2016,1000 t,0,I,
100,'356,India,2541,'S2541,Sugar non-centrifugal,5170,Residuals,2017,2017,1000 t,0,I,
100,'356,India,2541,'S2541,Sugar non-centrifugal,5170,Residuals,2018,2018,1000 t,0,I,
100,'356,India,2541,'S2541,Sugar non-centrifugal,5170,Residuals,2019,2019,1000 t,0,I,
100,'356,India,2541,'S2541,Sugar non-centrifugal,5170,Residuals,2020,2020,1000 t,0,I,
100,'356,India,2541,'S2541,Sugar non-centrifugal,5170,Residuals,2021,2021,1000 t,0,I,
100,'356,India,2541,'S2541,Sugar non-centrifugal,5170,Residuals,2022,2022,1000 t,0,I,
100,'356,India,2541,'S2541,Sugar non-centrifugal,5170,Residuals,2023,2023,1000 t,0,I,
100,'356,India,2541,'S2541,Sugar non-centrifugal,5142,Food,2010,2010,1000 t,2755,I,
100,'356,India,2541,'S2541,Sugar non-centrifugal,5142,Food,2011,2011,1000 t,2776,I,
100,'356,India,2541,'S2541,Sugar non-centrifugal,5142,Food,2012,2012,1000 t,2799,I,
100,'356,India,2541,'S2541,Sugar non-centrifugal,5142,Food,2013,2013,1000 t,2817,I,
100,'356,India,2541,'S2541,Sugar non-centrifugal,5142,Food,2014,2014,1000 t,3327,I,
100,'356,India,2541,'S2541,Sugar non-centrifugal,5142,Food,2015,2015,1000 t,2794,I,
100,'356,India,2541,'S2541,Sugar non-centrifugal,5142,Food,2016,2016,1000 t,2586,I,
100,'356,India,2541,'S2541,Sugar non-centrifugal,5142,Food,2017,2017,1000 t,2844,I,
100,'356,India,2541,'S2541,Sugar non-centrifugal,5142,Food,2018,2018,1000 t,2855,I,
100,'356,India,2541,'S2541,Sugar non-centrifugal,5142,Food,2019,2019,1000 t,2641,I,
100,'356,India,2541,'S2541,Sugar non-centrifugal,5142,Food,2020,2020,1000 t,2408,I,
100,'356,India,2541,'S2541,Sugar non-centrifugal,5142,Food,2021,2021,1000 t,2368,I,
100,'356,India,2541,'S2541,Sugar non-centrifugal,5142,Food,2022,2022,1000 t,2850,I,
100,'356,India,2541,'S2541,Sugar non-centrifugal,5142,Food,2023,2023,1000 t,2881,I,
100,'356,India,2541,'S2541,Sugar non-centrifugal,645,Food supply quantity (kg/capita/yr),2010,2010,kg/cap,2.22,E,
100,'356,India,2541,'S2541,Sugar non-centrifugal,645,Food supply quantity (kg/capita/yr),2011,2011,kg/cap,2.2,E,
100,'356,India,2541,'S2541,Sugar non-centrifugal,645,Food supply quantity (kg/capita/yr),2012,2012,kg/cap,2.19,E,
100,'356,India,2541,'S2541,Sugar non-centrifugal,645,Food supply quantity (kg/capita/yr),2013,2013,kg/cap,2.17,E,
100,'356,India,2541,'S2541,Sugar non-centrifugal,645,Food supply quantity (kg/capita/yr),2014,2014,kg/cap,2.54,E,
100,'356,India,2541,'S2541,Sugar non-centrifugal,645,Food supply quantity (kg/capita/yr),2015,2015,kg/cap,2.1,E,
100,'356,India,2541,'S2541,Sugar non-centrifugal,645,Food supply quantity (kg/capita/yr),2016,2016,kg/cap,1.92,E,
100,'356,India,2541,'S2541,Sugar non-centrifugal,645,Food supply quantity (kg/capita/yr),2017,2017,kg/cap,2.09,E,
100,'356,India,2541,'S2541,Sugar non-centrifugal,645,Food supply quantity (kg/capita/yr),2018,2018,kg/cap,2.08,E,
100,'356,India,2541,'S2541,Sugar non-centrifugal,645,Food supply quantity (kg/capita/yr),2019,2019,kg/cap,1.9,E,
100,'356,India,2541,'S2541,Sugar non-centrifugal,645,Food supply quantity (kg/capita/yr),2020,2020,kg/cap,1.72,E,
100,'356,India,2541,'S2541,Sugar non-centrifugal,645,Food supply quantity (kg/capita/yr),2021,2021,kg/cap,1.67,E,
100,'356,India,2541,'S2541,Sugar non-centrifugal,645,Food supply quantity (kg/capita/yr),2022,2022,kg/cap,2,E,
100,'356,India,2541,'S2541,Sugar non-centrifugal,645,Food supply quantity (kg/capita/yr),2023,2023,kg/cap,2,E,
100,'356,India,2541,'S2541,Sugar non-centrifugal,664,Food supply (kcal/capita/day),2010,2010,kcal/cap/d,23.19,E,
100,'356,India,2541,'S2541,Sugar non-centrifugal,664,Food supply (kcal/capita/day),2011,2011,kcal/cap/d,23.03,E,
100,'356,India,2541,'S2541,Sugar non-centrifugal,664,Food supply (kcal/capita/day),2012,2012,kcal/cap/d,22.91,E,
100,'356,India,2541,'S2541,Sugar non-centrifugal,664,Food supply (kcal/capita/day),2013,2013,kcal/cap/d,22.76,E,
100,'356,India,2541,'S2541,Sugar non-centrifugal,664,Food supply (kcal/capita/day),2014,2014,kcal/cap/d,26.53,E,
100,'356,India,2541,'S2541,Sugar non-centrifugal,664,Food supply (kcal/capita/day),2015,2015,kcal/cap/d,22.02,E,
100,'356,India,2541,'S2541,Sugar non-centrifugal,664,Food supply (kcal/capita/day),2016,2016,kcal/cap/d,20.14,E,
100,'356,India,2541,'S2541,Sugar non-centrifugal,664,Food supply (kcal/capita/day),2017,2017,kcal/cap/d,21.89,E,
100,'356,India,2541,'S2541,Sugar non-centrifugal,664,Food supply (kcal/capita/day),2018,2018,kcal/cap/d,21.73,E,
100,'356,India,2541,'S2541,Sugar non-centrifugal,664,Food supply (kcal/capita/day),2019,2019,kcal/cap/d,19.9,E,
100,'356,India,2541,'S2541,Sugar non-centrifugal,664,Food supply (kcal/capita/day),2020,2020,kcal/cap/d,17.97,E,
100,'356,India,2541,'S2541,Sugar non-centrifugal,664,Food supply (kcal/capita/day),2021,2021,kcal/cap/d,17.53,E,
100,'356,India,2541,'S2541,Sugar non-centrifugal,664,Food supply (kcal/capita/day),2022,2022,kcal/cap/d,20.93,E,
100,'356,India,2541,'S2541,Sugar non-centrifugal,664,Food supply (kcal/capita/day),2023,2023,kcal/cap/d,20.97,E,
100,'356,India,2541,'S2541,Sugar non-centrifugal,661,Food supply (kcal),2010,2010,million Kcal,10523653.55,I,
100,'356,India,2541,'S2541,Sugar non-centrifugal,661,Food supply (kcal),2011,2011,million Kcal,10604065.35,I,
100,'356,India,2541,'S2541,Sugar non-centrifugal,661,Food supply (kcal),2012,2012,million Kcal,10690832.81,I,
100,'356,India,2541,'S2541,Sugar non-centrifugal,661,Food supply (kcal),2013,2013,million Kcal,10762636.98,I,
100,'356,India,2541,'S2541,Sugar non-centrifugal,661,Food supply (kcal),2014,2014,million Kcal,12709554.15,I,
100,'356,India,2541,'S2541,Sugar non-centrifugal,661,Food supply (kcal),2015,2015,million Kcal,10674770.14,I,
100,'356,India,2541,'S2541,Sugar non-centrifugal,661,Food supply (kcal),2016,2016,million Kcal,9877188.33,I,
100,'356,India,2541,'S2541,Sugar non-centrifugal,661,Food supply (kcal),2017,2017,million Kcal,10862185.11,I,
100,'356,India,2541,'S2541,Sugar non-centrifugal,661,Food supply (kcal),2018,2018,million Kcal,10904745.63,I,
100,'356,India,2541,'S2541,Sugar non-centrifugal,661,Food supply (kcal),2019,2019,million Kcal,10089460.01,I,
100,'356,India,2541,'S2541,Sugar non-centrifugal,661,Food supply (kcal),2020,2020,million Kcal,9198239.04,I,
100,'356,India,2541,'S2541,Sugar non-centrifugal,661,Food supply (kcal),2021,2021,million Kcal,9047266.92,I,
100,'356,India,2541,'S2541,Sugar non-centrifugal,661,Food supply (kcal),2022,2022,million Kcal,10888093.48,I,
100,'356,India,2541,'S2541,Sugar non-centrifugal,661,Food supply (kcal),2023,2023,million Kcal,11006354.6,I,
100,'356,India,2541,'S2541,Sugar non-centrifugal,674,Protein supply quantity (g/capita/day),2010,2010,g/cap/d,0.04,E,
100,'356,India,2541,'S2541,Sugar non-centrifugal,674,Protein supply quantity (g/capita/day),2011,2011,g/cap/d,0.04,E,
100,'356,India,2541,'S2541,Sugar non-centrifugal,674,Protein supply quantity (g/capita/day),2012,2012,g/cap/d,0.04,E,
100,'356,India,2541,'S2541,Sugar non-centrifugal,674,Protein supply quantity (g/capita/day),2013,2013,g/cap/d,0.04,E,
100,'356,India,2541,'S2541,Sugar non-centrifugal,674,Protein supply quantity (g/capita/day),2014,2014,g/cap/d,0.04,E,
100,'356,India,2541,'S2541,Sugar non-centrifugal,674,Protein supply quantity (g/capita/day),2015,2015,g/cap/d,0.03,E,
100,'356,India,2541,'S2541,Sugar non-centrifugal,674,Protein supply quantity (g/capita/day),2016,2016,g/cap/d,0.03,E,
100,'356,India,2541,'S2541,Sugar non-centrifugal,674,Protein supply quantity (g/capita/day),2017,2017,g/cap/d,0.03,E,
100,'356,India,2541,'S2541,Sugar non-centrifugal,674,Protein supply quantity (g/capita/day),2018,2018,g/cap/d,0.03,E,
100,'356,India,2541,'S2541,Sugar non-centrifugal,674,Protein supply quantity (g/capita/day),2019,2019,g/cap/d,0.03,E,
100,'356,India,2541,'S2541,Sugar non-centrifugal,674,Protein supply quantity (g/capita/day),2020,2020,g/cap/d,0.03,E,
100,'356,India,2541,'S2541,Sugar non-centrifugal,674,Protein supply quantity (g/capita/day),2021,2021,g/cap/d,0.03,E,
100,'356,India,2541,'S2541,Sugar non-centrifugal,674,Protein supply quantity (g/capita/day),2022,2022,g/cap/d,0.03,E,
100,'356,India,2541,'S2541,Sugar non-centrifugal,674,Protein supply quantity (g/capita/day),2023,2023,g/cap/d,0.03,E,
100,'356,India,2541,'S2541,Sugar non-centrifugal,671,Protein supply quantity (t),2010,2010,t,16529.3,I,
100,'356,India,2541,'S2541,Sugar non-centrifugal,671,Protein supply quantity (t),2011,2011,t,16655.6,I,
100,'356,India,2541,'S2541,Sugar non-centrifugal,671,Protein supply quantity (t),2012,2012,t,16791.88,I,
100,'356,India,2541,'S2541,Sugar non-centrifugal,671,Protein supply quantity (t),2013,2013,t,16904.67,I,
100,'356,India,2541,'S2541,Sugar non-centrifugal,671,Protein supply quantity (t),2014,2014,t,19962.65,I,
100,'356,India,2541,'S2541,Sugar non-centrifugal,671,Protein supply quantity (t),2015,2015,t,16766.65,I,
100,'356,India,2541,'S2541,Sugar non-centrifugal,671,Protein supply quantity (t),2016,2016,t,15513.91,I,
100,'356,India,2541,'S2541,Sugar non-centrifugal,671,Protein supply quantity (t),2017,2017,t,17061.02,I,
100,'356,India,2541,'S2541,Sugar non-centrifugal,671,Protein supply quantity (t),2018,2018,t,17127.87,I,
100,'356,India,2541,'S2541,Sugar non-centrifugal,671,Protein supply quantity (t),2019,2019,t,15847.32,I,
100,'356,India,2541,'S2541,Sugar non-centrifugal,671,Protein supply quantity (t),2020,2020,t,14447.5,I,
100,'356,India,2541,'S2541,Sugar non-centrifugal,671,Protein supply quantity (t),2021,2021,t,14210.37,I,
100,'356,India,2541,'S2541,Sugar non-centrifugal,671,Protein supply quantity (t),2022,2022,t,17101.72,I,
100,'356,India,2541,'S2541,Sugar non-centrifugal,671,Protein supply quantity (t),2023,2023,t,17287.47,I,
100,'356,India,2541,'S2541,Sugar non-centrifugal,684,Fat supply quantity (g/capita/day),2010,2010,g/cap/d,0,E,
100,'356,India,2541,'S2541,Sugar non-centrifugal,684,Fat supply quantity (g/capita/day),2011,2011,g/cap/d,0,E,
100,'356,India,2541,'S2541,Sugar non-centrifugal,684,Fat supply quantity (g/capita/day),2012,2012,g/cap/d,0,E,
100,'356,India,2541,'S2541,Sugar non-centrifugal,684,Fat supply quantity (g/capita/day),2013,2013,g/cap/d,0,E,
100,'356,India,2541,'S2541,Sugar non-centrifugal,684,Fat supply quantity (g/capita/day),2014,2014,g/cap/d,0,E,
100,'356,India,2541,'S2541,Sugar non-centrifugal,684,Fat supply quantity (g/capita/day),2015,2015,g/cap/d,0,E,
100,'356,India,2541,'S2541,Sugar non-centrifugal,684,Fat supply quantity (g/capita/day),2016,2016,g/cap/d,0,E,
100,'356,India,2541,'S2541,Sugar non-centrifugal,684,Fat supply quantity (g/capita/day),2017,2017,g/cap/d,0,E,
100,'356,India,2541,'S2541,Sugar non-centrifugal,684,Fat supply quantity (g/capita/day),2018,2018,g/cap/d,0,E,
100,'356,India,2541,'S2541,Sugar non-centrifugal,684,Fat supply quantity (g/capita/day),2019,2019,g/cap/d,0,E,
100,'356,India,2541,'S2541,Sugar non-centrifugal,684,Fat supply quantity (g/capita/day),2020,2020,g/cap/d,0,E,
100,'356,India,2541,'S2541,Sugar non-centrifugal,684,Fat supply quantity (g/capita/day),2021,2021,g/cap/d,0,E,
100,'356,India,2541,'S2541,Sugar non-centrifugal,684,Fat supply quantity (g/capita/day),2022,2022,g/cap/d,0,E,
100,'356,India,2541,'S2541,Sugar non-centrifugal,684,Fat supply quantity (g/capita/day),2023,2023,g/cap/d,0,E,
100,'356,India,2541,'S2541,Sugar non-centrifugal,681,Fat supply quantity (t),2010,2010,t,0,I,
100,'356,India,2541,'S2541,Sugar non-centrifugal,681,Fat supply quantity (t),2011,2011,t,0,I,
100,'356,India,2541,'S2541,Sugar non-centrifugal,681,Fat supply quantity (t),2012,2012,t,0,I,
100,'356,India,2541,'S2541,Sugar non-centrifugal,681,Fat supply quantity (t),2013,2013,t,0,I,
100,'356,India,2541,'S2541,Sugar non-centrifugal,681,Fat supply quantity (t),2014,2014,t,0,I,
100,'356,India,2541,'S2541,Sugar non-centrifugal,681,Fat supply quantity (t),2015,2015,t,0,I,
100,'356,India,2541,'S2541,Sugar non-centrifugal,681,Fat supply quantity (t),2016,2016,t,0,I,
100,'356,India,2541,'S2541,Sugar non-centrifugal,681,Fat supply quantity (t),2017,2017,t,0,I,
100,'356,India,2541,'S2541,Sugar non-centrifugal,681,Fat supply quantity (t),2018,2018,t,0,I,
100,'356,India,2541,'S2541,Sugar non-centrifugal,681,Fat supply quantity (t),2019,2019,t,0,I,
100,'356,India,2541,'S2541,Sugar non-centrifugal,681,Fat supply quantity (t),2020,2020,t,0,I,
100,'356,India,2541,'S2541,Sugar non-centrifugal,681,Fat supply quantity (t),2021,2021,t,0,I,
100,'356,India,2541,'S2541,Sugar non-centrifugal,681,Fat supply quantity (t),2022,2022,t,0,I,
100,'356,India,2541,'S2541,Sugar non-centrifugal,681,Fat supply quantity (t),2023,2023,t,0,I,
100,'356,India,2542,'S2542,Sugar (Raw Equivalent),5511,Production,2010,2010,1000 t,20637,I,
100,'356,India,2542,'S2542,Sugar (Raw Equivalent),5511,Production,2011,2011,1000 t,26574,I,
100,'356,India,2542,'S2542,Sugar (Raw Equivalent),5511,Production,2012,2012,1000 t,28830,I,
100,'356,India,2542,'S2542,Sugar (Raw Equivalent),5511,Production,2013,2013,1000 t,27737,I,
100,'356,India,2542,'S2542,Sugar (Raw Equivalent),5511,Production,2014,2014,1000 t,26605,I,
100,'356,India,2542,'S2542,Sugar (Raw Equivalent),5511,Production,2015,2015,1000 t,30460,I,
100,'356,India,2542,'S2542,Sugar (Raw Equivalent),5511,Production,2016,2016,1000 t,27385,I,
100,'356,India,2542,'S2542,Sugar (Raw Equivalent),5511,Production,2017,2017,1000 t,22200,I,
100,'356,India,2542,'S2542,Sugar (Raw Equivalent),5511,Production,2018,2018,1000 t,34309,I,
100,'356,India,2542,'S2542,Sugar (Raw Equivalent),5511,Production,2019,2019,1000 t,34300,I,
100,'356,India,2542,'S2542,Sugar (Raw Equivalent),5511,Production,2020,2020,1000 t,28900,I,
100,'356,India,2542,'S2542,Sugar (Raw Equivalent),5511,Production,2021,2021,1000 t,33760,I,
100,'356,India,2542,'S2542,Sugar (Raw Equivalent),5511,Production,2022,2022,1000 t,36880,I,
100,'356,India,2542,'S2542,Sugar (Raw Equivalent),5511,Production,2023,2023,1000 t,37000,I,
100,'356,India,2542,'S2542,Sugar (Raw Equivalent),5611,Import quantity,2010,2010,1000 t,1208,I,
100,'356,India,2542,'S2542,Sugar (Raw Equivalent),5611,Import quantity,2011,2011,1000 t,83,I,
100,'356,India,2542,'S2542,Sugar (Raw Equivalent),5611,Import quantity,2012,2012,1000 t,758,I,
100,'356,India,2542,'S2542,Sugar (Raw Equivalent),5611,Import quantity,2013,2013,1000 t,1273,I,
100,'356,India,2542,'S2542,Sugar (Raw Equivalent),5611,Import quantity,2014,2014,1000 t,1387,I,
100,'356,India,2542,'S2542,Sugar (Raw Equivalent),5611,Import quantity,2015,2015,1000 t,1610,I,
100,'356,India,2542,'S2542,Sugar (Raw Equivalent),5611,Import quantity,2016,2016,1000 t,2129,I,
100,'356,India,2542,'S2542,Sugar (Raw Equivalent),5611,Import quantity,2017,2017,1000 t,2559,I,
100,'356,India,2542,'S2542,Sugar (Raw Equivalent),5611,Import quantity,2018,2018,1000 t,1855,I,
100,'356,India,2542,'S2542,Sugar (Raw Equivalent),5611,Import quantity,2019,2019,1000 t,1004,I,
100,'356,India,2542,'S2542,Sugar (Raw Equivalent),5611,Import quantity,2020,2020,1000 t,2028,I,
100,'356,India,2542,'S2542,Sugar (Raw Equivalent),5611,Import quantity,2021,2021,1000 t,454,I,
100,'356,India,2542,'S2542,Sugar (Raw Equivalent),5611,Import quantity,2022,2022,1000 t,517,I,
100,'356,India,2542,'S2542,Sugar (Raw Equivalent),5611,Import quantity,2023,2023,1000 t,2262,I,
100,'356,India,2542,'S2542,Sugar (Raw Equivalent),5072,Stock Variation,2010,2010,1000 t,-2240,I,
100,'356,India,2542,'S2542,Sugar (Raw Equivalent),5072,Stock Variation,2011,2011,1000 t,-754,I,
100,'356,India,2542,'S2542,Sugar (Raw Equivalent),5072,Stock Variation,2012,2012,1000 t,325,I,
100,'356,India,2542,'S2542,Sugar (Raw Equivalent),5072,Stock Variation,2013,2013,1000 t,769,I,
100,'356,India,2542,'S2542,Sugar (Raw Equivalent),5072,Stock Variation,2014,2014,1000 t,885,I,
100,'356,India,2542,'S2542,Sugar (Raw Equivalent),5072,Stock Variation,2015,2015,1000 t,2197,I,
100,'356,India,2542,'S2542,Sugar (Raw Equivalent),5072,Stock Variation,2016,2016,1000 t,-1391,I,
100,'356,India,2542,'S2542,Sugar (Raw Equivalent),5072,Stock Variation,2017,2017,1000 t,-4247,I,
100,'356,India,2542,'S2542,Sugar (Raw Equivalent),5072,Stock Variation,2018,2018,1000 t,2674,I,
100,'356,India,2542,'S2542,Sugar (Raw Equivalent),5072,Stock Variation,2019,2019,1000 t,1337,I,
100,'356,India,2542,'S2542,Sugar (Raw Equivalent),5072,Stock Variation,2020,2020,1000 t,-1501,I,
100,'356,India,2542,'S2542,Sugar (Raw Equivalent),5072,Stock Variation,2021,2021,1000 t,-51,I,
100,'356,India,2542,'S2542,Sugar (Raw Equivalent),5072,Stock Variation,2022,2022,1000 t,-142,I,
100,'356,India,2542,'S2542,Sugar (Raw Equivalent),5072,Stock Variation,2023,2023,1000 t,7232,I,
100,'356,India,2542,'S2542,Sugar (Raw Equivalent),5911,Export quantity,2010,2010,1000 t,1414,I,
100,'356,India,2542,'S2542,Sugar (Raw Equivalent),5911,Export quantity,2011,2011,1000 t,2927,I,
100,'356,India,2542,'S2542,Sugar (Raw Equivalent),5911,Export quantity,2012,2012,1000 t,3686,I,
100,'356,India,2542,'S2542,Sugar (Raw Equivalent),5911,Export quantity,2013,2013,1000 t,2133,I,
100,'356,India,2542,'S2542,Sugar (Raw Equivalent),5911,Export quantity,2014,2014,1000 t,2639,I,
100,'356,India,2542,'S2542,Sugar (Raw Equivalent),5911,Export quantity,2015,2015,1000 t,3359,I,
100,'356,India,2542,'S2542,Sugar (Raw Equivalent),5911,Export quantity,2016,2016,1000 t,3497,I,
100,'356,India,2542,'S2542,Sugar (Raw Equivalent),5911,Export quantity,2017,2017,1000 t,2208,I,
100,'356,India,2542,'S2542,Sugar (Raw Equivalent),5911,Export quantity,2018,2018,1000 t,2842,I,
100,'356,India,2542,'S2542,Sugar (Raw Equivalent),5911,Export quantity,2019,2019,1000 t,5605,I,
100,'356,India,2542,'S2542,Sugar (Raw Equivalent),5911,Export quantity,2020,2020,1000 t,7622,I,
100,'356,India,2542,'S2542,Sugar (Raw Equivalent),5911,Export quantity,2021,2021,1000 t,9770,I,
100,'356,India,2542,'S2542,Sugar (Raw Equivalent),5911,Export quantity,2022,2022,1000 t,12807,I,
100,'356,India,2542,'S2542,Sugar (Raw Equivalent),5911,Export quantity,2023,2023,1000 t,7115,I,
100,'356,India,2542,'S2542,Sugar (Raw Equivalent),5301,Domestic supply quantity,2010,2010,1000 t,22671,I,
100,'356,India,2542,'S2542,Sugar (Raw Equivalent),5301,Domestic supply quantity,2011,2011,1000 t,24484,I,
100,'356,India,2542,'S2542,Sugar (Raw Equivalent),5301,Domestic supply quantity,2012,2012,1000 t,25576,I,
100,'356,India,2542,'S2542,Sugar (Raw Equivalent),5301,Domestic supply quantity,2013,2013,1000 t,26108,I,
100,'356,India,2542,'S2542,Sugar (Raw Equivalent),5301,Domestic supply quantity,2014,2014,1000 t,24468,I,
100,'356,India,2542,'S2542,Sugar (Raw Equivalent),5301,Domestic supply quantity,2015,2015,1000 t,26514,I,
100,'356,India,2542,'S2542,Sugar (Raw Equivalent),5301,Domestic supply quantity,2016,2016,1000 t,27409,I,
100,'356,India,2542,'S2542,Sugar (Raw Equivalent),5301,Domestic supply quantity,2017,2017,1000 t,26798,I,
100,'356,India,2542,'S2542,Sugar (Raw Equivalent),5301,Domestic supply quantity,2018,2018,1000 t,30648,I,
100,'356,India,2542,'S2542,Sugar (Raw Equivalent),5301,Domestic supply quantity,2019,2019,1000 t,28363,I,
100,'356,India,2542,'S2542,Sugar (Raw Equivalent),5301,Domestic supply quantity,2020,2020,1000 t,24807,I,
100,'356,India,2542,'S2542,Sugar (Raw Equivalent),5301,Domestic supply quantity,2021,2021,1000 t,24495,I,
100,'356,India,2542,'S2542,Sugar (Raw Equivalent),5301,Domestic supply quantity,2022,2022,1000 t,24731,I,
100,'356,India,2542,'S2542,Sugar (Raw Equivalent),5301,Domestic supply quantity,2023,2023,1000 t,24916,I,
100,'356,India,2542,'S2542,Sugar (Raw Equivalent),5131,Processing,2010,2010,1000 t,7,I,
100,'356,India,2542,'S2542,Sugar (Raw Equivalent),5131,Processing,2011,2011,1000 t,8,I,
100,'356,India,2542,'S2542,Sugar (Raw Equivalent),5131,Processing,2012,2012,1000 t,9,I,
100,'356,India,2542,'S2542,Sugar (Raw Equivalent),5131,Processing,2013,2013,1000 t,9,I,
100,'356,India,2542,'S2542,Sugar (Raw Equivalent),5131,Processing,2014,2014,1000 t,10,I,
100,'356,India,2542,'S2542,Sugar (Raw Equivalent),5131,Processing,2015,2015,1000 t,8,I,
100,'356,India,2542,'S2542,Sugar (Raw Equivalent),5131,Processing,2016,2016,1000 t,8,I,
100,'356,India,2542,'S2542,Sugar (Raw Equivalent),5131,Processing,2017,2017,1000 t,10,I,
100,'356,India,2542,'S2542,Sugar (Raw Equivalent),5131,Processing,2018,2018,1000 t,7,I,
100,'356,India,2542,'S2542,Sugar (Raw Equivalent),5131,Processing,2019,2019,1000 t,8,I,
100,'356,India,2542,'S2542,Sugar (Raw Equivalent),5131,Processing,2020,2020,1000 t,10,I,
100,'356,India,2542,'S2542,Sugar (Raw Equivalent),5131,Processing,2021,2021,1000 t,12,I,
100,'356,India,2542,'S2542,Sugar (Raw Equivalent),5131,Processing,2022,2022,1000 t,18,I,
100,'356,India,2542,'S2542,Sugar (Raw Equivalent),5131,Processing,2023,2023,1000 t,24,I,
100,'356,India,2542,'S2542,Sugar (Raw Equivalent),5170,Residuals,2010,2010,1000 t,0,I,
100,'356,India,2542,'S2542,Sugar (Raw Equivalent),5170,Residuals,2011,2011,1000 t,0,I,
100,'356,India,2542,'S2542,Sugar (Raw Equivalent),5170,Residuals,2012,2012,1000 t,0,I,
100,'356,India,2542,'S2542,Sugar (Raw Equivalent),5170,Residuals,2013,2013,1000 t,0,I,
100,'356,India,2542,'S2542,Sugar (Raw Equivalent),5170,Residuals,2014,2014,1000 t,0,I,
100,'356,India,2542,'S2542,Sugar (Raw Equivalent),5170,Residuals,2015,2015,1000 t,0,I,
100,'356,India,2542,'S2542,Sugar (Raw Equivalent),5170,Residuals,2016,2016,1000 t,0,I,
100,'356,India,2542,'S2542,Sugar (Raw Equivalent),5170,Residuals,2017,2017,1000 t,0,I,
100,'356,India,2542,'S2542,Sugar (Raw Equivalent),5170,Residuals,2018,2018,1000 t,0,I,
100,'356,India,2542,'S2542,Sugar (Raw Equivalent),5170,Residuals,2019,2019,1000 t,0,I,
100,'356,India,2542,'S2542,Sugar (Raw Equivalent),5170,Residuals,2020,2020,1000 t,0,I,
100,'356,India,2542,'S2542,Sugar (Raw Equivalent),5170,Residuals,2021,2021,1000 t,0,I,
100,'356,India,2542,'S2542,Sugar (Raw Equivalent),5170,Residuals,2022,2022,1000 t,0,I,
100,'356,India,2542,'S2542,Sugar (Raw Equivalent),5170,Residuals,2023,2023,1000 t,0,I,
100,'356,India,2542,'S2542,Sugar (Raw Equivalent),5142,Food,2010,2010,1000 t,22664,I,
100,'356,India,2542,'S2542,Sugar (Raw Equivalent),5142,Food,2011,2011,1000 t,24476,I,
100,'356,India,2542,'S2542,Sugar (Raw Equivalent),5142,Food,2012,2012,1000 t,25567,I,
100,'356,India,2542,'S2542,Sugar (Raw Equivalent),5142,Food,2013,2013,1000 t,26099,I,
100,'356,India,2542,'S2542,Sugar (Raw Equivalent),5142,Food,2014,2014,1000 t,24458,I,
100,'356,India,2542,'S2542,Sugar (Raw Equivalent),5142,Food,2015,2015,1000 t,26506,I,
100,'356,India,2542,'S2542,Sugar (Raw Equivalent),5142,Food,2016,2016,1000 t,27400,I,
100,'356,India,2542,'S2542,Sugar (Raw Equivalent),5142,Food,2017,2017,1000 t,26787,I,
100,'356,India,2542,'S2542,Sugar (Raw Equivalent),5142,Food,2018,2018,1000 t,30640,I,
100,'356,India,2542,'S2542,Sugar (Raw Equivalent),5142,Food,2019,2019,1000 t,28355,I,
100,'356,India,2542,'S2542,Sugar (Raw Equivalent),5142,Food,2020,2020,1000 t,24797,I,
100,'356,India,2542,'S2542,Sugar (Raw Equivalent),5142,Food,2021,2021,1000 t,24482,I,
100,'356,India,2542,'S2542,Sugar (Raw Equivalent),5142,Food,2022,2022,1000 t,24714,I,
100,'356,India,2542,'S2542,Sugar (Raw Equivalent),5142,Food,2023,2023,1000 t,24891,I,
100,'356,India,2542,'S2542,Sugar (Raw Equivalent),645,Food supply quantity (kg/capita/yr),2010,2010,kg/cap,18.23,E,
100,'356,India,2542,'S2542,Sugar (Raw Equivalent),645,Food supply quantity (kg/capita/yr),2011,2011,kg/cap,19.41,E,
100,'356,India,2542,'S2542,Sugar (Raw Equivalent),645,Food supply quantity (kg/capita/yr),2012,2012,kg/cap,20,E,
100,'356,India,2542,'S2542,Sugar (Raw Equivalent),645,Food supply quantity (kg/capita/yr),2013,2013,kg/cap,20.14,E,
100,'356,India,2542,'S2542,Sugar (Raw Equivalent),645,Food supply quantity (kg/capita/yr),2014,2014,kg/cap,18.64,E,
100,'356,India,2542,'S2542,Sugar (Raw Equivalent),645,Food supply quantity (kg/capita/yr),2015,2015,kg/cap,19.96,E,
100,'356,India,2542,'S2542,Sugar (Raw Equivalent),645,Food supply quantity (kg/capita/yr),2016,2016,kg/cap,20.39,E,
100,'356,India,2542,'S2542,Sugar (Raw Equivalent),645,Food supply quantity (kg/capita/yr),2017,2017,kg/cap,19.7,E,
100,'356,India,2542,'S2542,Sugar (Raw Equivalent),645,Food supply quantity (kg/capita/yr),2018,2018,kg/cap,22.29,E,
100,'356,India,2542,'S2542,Sugar (Raw Equivalent),645,Food supply quantity (kg/capita/yr),2019,2019,kg/cap,20.41,E,
100,'356,India,2542,'S2542,Sugar (Raw Equivalent),645,Food supply quantity (kg/capita/yr),2020,2020,kg/cap,17.68,E,
100,'356,India,2542,'S2542,Sugar (Raw Equivalent),645,Food supply quantity (kg/capita/yr),2021,2021,kg/cap,17.31,E,
100,'356,India,2542,'S2542,Sugar (Raw Equivalent),645,Food supply quantity (kg/capita/yr),2022,2022,kg/cap,17.34,E,
100,'356,India,2542,'S2542,Sugar (Raw Equivalent),645,Food supply quantity (kg/capita/yr),2023,2023,kg/cap,17.31,E,
100,'356,India,2542,'S2542,Sugar (Raw Equivalent),664,Food supply (kcal/capita/day),2010,2010,kcal/cap/d,183.3,E,
100,'356,India,2542,'S2542,Sugar (Raw Equivalent),664,Food supply (kcal/capita/day),2011,2011,kcal/cap/d,195.18,E,
100,'356,India,2542,'S2542,Sugar (Raw Equivalent),664,Food supply (kcal/capita/day),2012,2012,kcal/cap/d,201.1,E,
100,'356,India,2542,'S2542,Sugar (Raw Equivalent),664,Food supply (kcal/capita/day),2013,2013,kcal/cap/d,202.56,E,
100,'356,India,2542,'S2542,Sugar (Raw Equivalent),664,Food supply (kcal/capita/day),2014,2014,kcal/cap/d,187.44,E,
100,'356,India,2542,'S2542,Sugar (Raw Equivalent),664,Food supply (kcal/capita/day),2015,2015,kcal/cap/d,200.73,E,
100,'356,India,2542,'S2542,Sugar (Raw Equivalent),664,Food supply (kcal/capita/day),2016,2016,kcal/cap/d,205.04,E,
100,'356,India,2542,'S2542,Sugar (Raw Equivalent),664,Food supply (kcal/capita/day),2017,2017,kcal/cap/d,198.14,E,
100,'356,India,2542,'S2542,Sugar (Raw Equivalent),664,Food supply (kcal/capita/day),2018,2018,kcal/cap/d,224.17,E,
100,'356,India,2542,'S2542,Sugar (Raw Equivalent),664,Food supply (kcal/capita/day),2019,2019,kcal/cap/d,205.3,E,
100,'356,India,2542,'S2542,Sugar (Raw Equivalent),664,Food supply (kcal/capita/day),2020,2020,kcal/cap/d,177.8,E,
100,'356,India,2542,'S2542,Sugar (Raw Equivalent),664,Food supply (kcal/capita/day),2021,2021,kcal/cap/d,174.1,E,
100,'356,India,2542,'S2542,Sugar (Raw Equivalent),664,Food supply (kcal/capita/day),2022,2022,kcal/cap/d,174.37,E,
100,'356,India,2542,'S2542,Sugar (Raw Equivalent),664,Food supply (kcal/capita/day),2023,2023,kcal/cap/d,174.07,E,
100,'356,India,2542,'S2542,Sugar (Raw Equivalent),661,Food supply (kcal),2010,2010,million Kcal,83196479.76,I,
100,'356,India,2542,'S2542,Sugar (Raw Equivalent),661,Food supply (kcal),2011,2011,million Kcal,89848341.84,I,
100,'356,India,2542,'S2542,Sugar (Raw Equivalent),661,Food supply (kcal),2012,2012,million Kcal,93855080.47,I,
100,'356,India,2542,'S2542,Sugar (Raw Equivalent),661,Food supply (kcal),2013,2013,million Kcal,95805194.57,I,
100,'356,India,2542,'S2542,Sugar (Raw Equivalent),661,Food supply (kcal),2014,2014,million Kcal,89782208.57,I,
100,'356,India,2542,'S2542,Sugar (Raw Equivalent),661,Food supply (kcal),2015,2015,million Kcal,97298581.8,I,
100,'356,India,2542,'S2542,Sugar (Raw Equivalent),661,Food supply (kcal),2016,2016,million Kcal,100581795.32,I,
100,'356,India,2542,'S2542,Sugar (Raw Equivalent),661,Food supply (kcal),2017,2017,million Kcal,98330800.89,I,
100,'356,India,2542,'S2542,Sugar (Raw Equivalent),661,Food supply (kcal),2018,2018,million Kcal,112474998.28,I,
100,'356,India,2542,'S2542,Sugar (Raw Equivalent),661,Food supply (kcal),2019,2019,million Kcal,104084731.92,I,
100,'356,India,2542,'S2542,Sugar (Raw Equivalent),661,Food supply (kcal),2020,2020,million Kcal,91024832.78,I,
100,'356,India,2542,'S2542,Sugar (Raw Equivalent),661,Food supply (kcal),2021,2021,million Kcal,89870127.16,I,
100,'356,India,2542,'S2542,Sugar (Raw Equivalent),661,Food supply (kcal),2022,2022,million Kcal,90719066.76,I,
100,'356,India,2542,'S2542,Sugar (Raw Equivalent),661,Food supply (kcal),2023,2023,million Kcal,91371036.42,I,
100,'356,India,2542,'S2542,Sugar (Raw Equivalent),674,Protein supply quantity (g/capita/day),2010,2010,g/cap/d,0,E,
100,'356,India,2542,'S2542,Sugar (Raw Equivalent),674,Protein supply quantity (g/capita/day),2011,2011,g/cap/d,0,E,
100,'356,India,2542,'S2542,Sugar (Raw Equivalent),674,Protein supply quantity (g/capita/day),2012,2012,g/cap/d,0,E,
100,'356,India,2542,'S2542,Sugar (Raw Equivalent),674,Protein supply quantity (g/capita/day),2013,2013,g/cap/d,0,E,
100,'356,India,2542,'S2542,Sugar (Raw Equivalent),674,Protein supply quantity (g/capita/day),2014,2014,g/cap/d,0,E,
100,'356,India,2542,'S2542,Sugar (Raw Equivalent),674,Protein supply quantity (g/capita/day),2015,2015,g/cap/d,0,E,
100,'356,India,2542,'S2542,Sugar (Raw Equivalent),674,Protein supply quantity (g/capita/day),2016,2016,g/cap/d,0,E,
100,'356,India,2542,'S2542,Sugar (Raw Equivalent),674,Protein supply quantity (g/capita/day),2017,2017,g/cap/d,0,E,
100,'356,India,2542,'S2542,Sugar (Raw Equivalent),674,Protein supply quantity (g/capita/day),2018,2018,g/cap/d,0,E,
100,'356,India,2542,'S2542,Sugar (Raw Equivalent),674,Protein supply quantity (g/capita/day),2019,2019,g/cap/d,0,E,
100,'356,India,2542,'S2542,Sugar (Raw Equivalent),674,Protein supply quantity (g/capita/day),2020,2020,g/cap/d,0,E,
100,'356,India,2542,'S2542,Sugar (Raw Equivalent),674,Protein supply quantity (g/capita/day),2021,2021,g/cap/d,0,E,
100,'356,India,2542,'S2542,Sugar (Raw Equivalent),674,Protein supply quantity (g/capita/day),2022,2022,g/cap/d,0,E,
100,'356,India,2542,'S2542,Sugar (Raw Equivalent),674,Protein supply quantity (g/capita/day),2023,2023,g/cap/d,0,E,
100,'356,India,2542,'S2542,Sugar (Raw Equivalent),671,Protein supply quantity (t),2010,2010,t,577.58,I,
100,'356,India,2542,'S2542,Sugar (Raw Equivalent),671,Protein supply quantity (t),2011,2011,t,499.65,I,
100,'356,India,2542,'S2542,Sugar (Raw Equivalent),671,Protein supply quantity (t),2012,2012,t,613.69,I,
100,'356,India,2542,'S2542,Sugar (Raw Equivalent),671,Protein supply quantity (t),2013,2013,t,307.89,I,
100,'356,India,2542,'S2542,Sugar (Raw Equivalent),671,Protein supply quantity (t),2014,2014,t,49.11,I,
100,'356,India,2542,'S2542,Sugar (Raw Equivalent),671,Protein supply quantity (t),2015,2015,t,152.48,I,
100,'356,India,2542,'S2542,Sugar (Raw Equivalent),671,Protein supply quantity (t),2016,2016,t,9.45,I,
100,'356,India,2542,'S2542,Sugar (Raw Equivalent),671,Protein supply quantity (t),2017,2017,t,31.73,I,
100,'356,India,2542,'S2542,Sugar (Raw Equivalent),671,Protein supply quantity (t),2018,2018,t,13.28,I,
100,'356,India,2542,'S2542,Sugar (Raw Equivalent),671,Protein supply quantity (t),2019,2019,t,19.62,I,
100,'356,India,2542,'S2542,Sugar (Raw Equivalent),671,Protein supply quantity (t),2020,2020,t,20.05,I,
100,'356,India,2542,'S2542,Sugar (Raw Equivalent),671,Protein supply quantity (t),2021,2021,t,1.1,I,
100,'356,India,2542,'S2542,Sugar (Raw Equivalent),671,Protein supply quantity (t),2022,2022,t,30.65,I,
100,'356,India,2542,'S2542,Sugar (Raw Equivalent),671,Protein supply quantity (t),2023,2023,t,0.25,I,
100,'356,India,2542,'S2542,Sugar (Raw Equivalent),684,Fat supply quantity (g/capita/day),2010,2010,g/cap/d,0,E,
100,'356,India,2542,'S2542,Sugar (Raw Equivalent),684,Fat supply quantity (g/capita/day),2011,2011,g/cap/d,0,E,
100,'356,India,2542,'S2542,Sugar (Raw Equivalent),684,Fat supply quantity (g/capita/day),2012,2012,g/cap/d,0,E,
100,'356,India,2542,'S2542,Sugar (Raw Equivalent),684,Fat supply quantity (g/capita/day),2013,2013,g/cap/d,0,E,
100,'356,India,2542,'S2542,Sugar (Raw Equivalent),684,Fat supply quantity (g/capita/day),2014,2014,g/cap/d,0,E,
100,'356,India,2542,'S2542,Sugar (Raw Equivalent),684,Fat supply quantity (g/capita/day),2015,2015,g/cap/d,0,E,
100,'356,India,2542,'S2542,Sugar (Raw Equivalent),684,Fat supply quantity (g/capita/day),2016,2016,g/cap/d,0,E,
100,'356,India,2542,'S2542,Sugar (Raw Equivalent),684,Fat supply quantity (g/capita/day),2017,2017,g/cap/d,0,E,
100,'356,India,2542,'S2542,Sugar (Raw Equivalent),684,Fat supply quantity (g/capita/day),2018,2018,g/cap/d,0,E,
100,'356,India,2542,'S2542,Sugar (Raw Equivalent),684,Fat supply quantity (g/capita/day),2019,2019,g/cap/d,0,E,
100,'356,India,2542,'S2542,Sugar (Raw Equivalent),684,Fat supply quantity (g/capita/day),2020,2020,g/cap/d,0,E,
100,'356,India,2542,'S2542,Sugar (Raw Equivalent),684,Fat supply quantity (g/capita/day),2021,2021,g/cap/d,0,E,
100,'356,India,2542,'S2542,Sugar (Raw Equivalent),684,Fat supply quantity (g/capita/day),2022,2022,g/cap/d,0,E,
100,'356,India,2542,'S2542,Sugar (Raw Equivalent),684,Fat supply quantity (g/capita/day),2023,2023,g/cap/d,0,E,
100,'356,India,2542,'S2542,Sugar (Raw Equivalent),681,Fat supply quantity (t),2010,2010,t,2186.53,I,
100,'356,India,2542,'S2542,Sugar (Raw Equivalent),681,Fat supply quantity (t),2011,2011,t,1891.54,I,
100,'356,India,2542,'S2542,Sugar (Raw Equivalent),681,Fat supply quantity (t),2012,2012,t,2323.24,I,
100,'356,India,2542,'S2542,Sugar (Raw Equivalent),681,Fat supply quantity (t),2013,2013,t,1165.6,I,
100,'356,India,2542,'S2542,Sugar (Raw Equivalent),681,Fat supply quantity (t),2014,2014,t,185.91,I,
100,'356,India,2542,'S2542,Sugar (Raw Equivalent),681,Fat supply quantity (t),2015,2015,t,577.24,I,
100,'356,India,2542,'S2542,Sugar (Raw Equivalent),681,Fat supply quantity (t),2016,2016,t,35.79,I,
100,'356,India,2542,'S2542,Sugar (Raw Equivalent),681,Fat supply quantity (t),2017,2017,t,120.12,I,
100,'356,India,2542,'S2542,Sugar (Raw Equivalent),681,Fat supply quantity (t),2018,2018,t,50.29,I,
100,'356,India,2542,'S2542,Sugar (Raw Equivalent),681,Fat supply quantity (t),2019,2019,t,74.26,I,
100,'356,India,2542,'S2542,Sugar (Raw Equivalent),681,Fat supply quantity (t),2020,2020,t,75.92,I,
100,'356,India,2542,'S2542,Sugar (Raw Equivalent),681,Fat supply quantity (t),2021,2021,t,4.18,I,
100,'356,India,2542,'S2542,Sugar (Raw Equivalent),681,Fat supply quantity (t),2022,2022,t,116.05,I,
100,'356,India,2542,'S2542,Sugar (Raw Equivalent),681,Fat supply quantity (t),2023,2023,t,0.94,I,
100,'356,India,2543,'S2543,"Sweeteners, Other",5511,Production,2010,2010,1000 t,8726,I,
