Year,Item,index_level,pct_change,pct_change_lag1,pct_change_lag2,pct_change_lag3,rolling_mean_growth_3yr,target_next_pct_change,next_year_actual_level
1991,Agriculture,17.44,,,,,,7.454128440366947,18.74
1992,Agriculture,18.74,7.454128440366947,,,,,10.08537886873,20.63
1993,Agriculture,20.63,10.08537886873,7.454128440366947,,,,9.791565681047022,22.65
1994,Agriculture,22.65,9.791565681047022,10.08537886873,7.454128440366947,,,8.874172185430474,24.66
1995,Agriculture,24.66,8.874172185430474,9.791565681047022,10.08537886873,7.454128440366947,,9.732360097323589,27.06
1996,Agriculture,27.06,9.732360097323589,8.874172185430474,9.791565681047022,10.08537886873,,1.7368810051737071,27.53
1997,Agriculture,27.53,1.7368810051737071,9.732360097323589,8.874172185430474,9.791565681047022,,8.826734471485654,29.96
1998,Agriculture,29.96,8.826734471485654,1.7368810051737071,9.732360097323589,8.874172185430474,,5.3738317757009435,31.57
1999,Agriculture,31.57,5.3738317757009435,8.826734471485654,1.7368810051737071,9.732360097323589,,0.34843205574912606,31.68
2000,Agriculture,31.68,0.34843205574912606,5.3738317757009435,8.826734471485654,1.7368810051737071,,3.409090909090895,32.76
2001,Agriculture,32.76,3.409090909090895,0.34843205574912606,5.3738317757009435,8.826734471485654,,5.0061050061050105,34.4
2002,Agriculture,34.4,5.0061050061050105,3.409090909090895,0.34843205574912606,5.3738317757009435,,5.49418604651164,36.29
2003,Agriculture,36.29,5.49418604651164,5.0061050061050105,3.409090909090895,0.34843205574912606,,11.848994213281916,40.59
2004,Agriculture,40.59,11.848994213281916,5.49418604651164,5.0061050061050105,3.409090909090895,,5.4200542005419905,42.79
2005,Agriculture,42.79,5.4200542005419905,11.848994213281916,5.49418604651164,5.0061050061050105,,11.124094414582842,47.55
2006,Agriculture,47.55,11.124094414582842,5.4200542005419905,11.848994213281916,5.49418604651164,,19.852786540483702,56.99
2007,Agriculture,56.99,19.852786540483702,11.124094414582842,5.4200542005419905,11.848994213281916,,4.070889629759611,59.31
2008,Agriculture,59.31,4.070889629759611,19.852786540483702,11.124094414582842,5.4200542005419905,,10.470409711684358,65.52
2009,Agriculture,65.52,10.470409711684358,4.070889629759611,19.852786540483702,11.124094414582842,,17.73504273504274,77.14
2010,Agriculture,77.14,17.73504273504274,10.470409711684358,4.070889629759611,19.852786540483702,,9.048483277158414,84.12
2011,Agriculture,84.12,9.048483277158414,17.73504273504274,10.470409711684358,4.070889629759611,,8.511650023775562,91.28
2012,Agriculture,91.28,8.511650023775562,9.048483277158414,17.73504273504274,10.470409711684358,,-4.338299737072749,87.32
2013,Agriculture,87.32,-4.338299737072749,8.511650023775562,9.048483277158414,17.73504273504274,,8.394411360513065,94.65
2014,Agriculture,94.65,8.394411360513065,-4.338299737072749,8.511650023775562,9.048483277158414,,6.032752245113571,100.36
2015,Agriculture,100.36,6.032752245113571,8.394411360513065,-4.338299737072749,8.511650023775562,,4.613391789557597,104.99
2016,Agriculture,104.99,4.613391789557597,6.032752245113571,8.394411360513065,-4.338299737072749,,4.848080769597107,110.08
2017,Agriculture,110.08,4.848080769597107,4.613391789557597,6.032752245113571,8.394411360513065,,-0.28161337209302584,109.77
2018,Agriculture,109.77,-0.28161337209302584,4.848080769597107,4.613391789557597,6.032752245113571,,5.393094652455144,115.69
2019,Agriculture,115.69,5.393094652455144,-0.28161337209302584,4.848080769597107,4.613391789557597,,-2.014002938888404,113.36
2020,Agriculture,113.36,-2.014002938888404,5.393094652455144,-0.28161337209302584,4.848080769597107,,16.143260409315463,131.66
2021,Agriculture,131.66,16.143260409315463,-2.014002938888404,5.393094652455144,-0.28161337209302584,,6.2053774874677226,139.83
2022,Agriculture,139.83,6.2053774874677226,16.143260409315463,-2.014002938888404,5.393094652455144,,1.8307945362225464,142.39
2023,Agriculture,142.39,1.8307945362225464,6.2053774874677226,16.143260409315463,-2.014002938888404,,6.025704052250869,150.97
2024,Agriculture,150.97,6.025704052250869,1.8307945362225464,6.2053774874677226,16.143260409315463,,5.0473604027290175,158.59
2025,Agriculture,158.59,5.0473604027290175,6.025704052250869,1.8307945362225464,6.2053774874677226,,,
1991,"Anise, badian, coriander, cumin, caraway, fennel and juniper berries, raw",19.06,,,,,,-5.771248688352559,17.96
1992,"Anise, badian, coriander, cumin, caraway, fennel and juniper berries, raw",17.96,-5.771248688352559,,,,9.110357663381324,73.88641425389754,31.23
1993,"Anise, badian, coriander, cumin, caraway, fennel and juniper berries, raw",31.23,73.88641425389754,-5.771248688352559,,,9.5837055784025,-8.0371437720141,28.72
1994,"Anise, badian, coriander, cumin, caraway, fennel and juniper berries, raw",28.72,-8.0371437720141,73.88641425389754,-5.771248688352559,,9.466032654600362,-34.888579387186624,18.7
1995,"Anise, badian, coriander, cumin, caraway, fennel and juniper berries, raw",18.7,-34.888579387186624,-8.0371437720141,73.88641425389754,-5.771248688352559,6.78113776264259,-15.561497326203211,15.79
1996,"Anise, badian, coriander, cumin, caraway, fennel and juniper berries, raw",15.79,-15.561497326203211,-34.888579387186624,-8.0371437720141,73.88641425389754,6.76532519132765,56.681443951868275,24.74
1997,"Anise, badian, coriander, cumin, caraway, fennel and juniper berries, raw",24.74,56.681443951868275,-15.561497326203211,-34.888579387186624,-8.0371437720141,5.312482417453435,-21.746160064672594,19.36
1998,"Anise, badian, coriander, cumin, caraway, fennel and juniper berries, raw",19.36,-21.746160064672594,56.681443951868275,-15.561497326203211,-34.888579387186624,4.849666100978575,45.402892561983464,28.15
1999,"Anise, badian, coriander, cumin, caraway, fennel and juniper berries, raw",28.15,45.402892561983464,-21.746160064672594,56.681443951868275,-15.561497326203211,3.0437849135136545,20.426287744227345,33.9
2000,"Anise, badian, coriander, cumin, caraway, fennel and juniper berries, raw",33.9,20.426287744227345,45.402892561983464,-21.746160064672594,56.681443951868275,2.9212093236483434,14.808259587020656,38.92
2001,"Anise, badian, coriander, cumin, caraway, fennel and juniper berries, raw",38.92,14.808259587020656,20.426287744227345,45.402892561983464,-21.746160064672594,4.636460653902515,-4.0596094552929,37.34
2002,"Anise, badian, coriander, cumin, caraway, fennel and juniper berries, raw",37.34,-4.0596094552929,14.808259587020656,20.426287744227345,45.402892561983464,7.449761755299522,6.668452062131758,39.83
2003,"Anise, badian, coriander, cumin, caraway, fennel and juniper berries, raw",39.83,6.668452062131758,-4.0596094552929,14.808259587020656,20.426287744227345,7.5877448201118485,5.975395430579966,42.21
2004,"Anise, badian, coriander, cumin, caraway, fennel and juniper berries, raw",42.21,5.975395430579966,6.668452062131758,-4.0596094552929,14.808259587020656,9.464380942802249,8.860459606728277,45.95
2005,"Anise, badian, coriander, cumin, caraway, fennel and juniper berries, raw",45.95,8.860459606728277,5.975395430579966,6.668452062131758,-4.0596094552929,12.132311718536178,6.507072905331879,48.94
2006,"Anise, badian, coriander, cumin, caraway, fennel and juniper berries, raw",48.94,6.507072905331879,8.860459606728277,5.975395430579966,6.668452062131758,11.682590194942051,22.905598692276264,60.15
2007,"Anise, badian, coriander, cumin, caraway, fennel and juniper berries, raw",60.15,22.905598692276264,6.507072905331879,8.860459606728277,5.975395430579966,11.464695293975891,-1.3965087281795463,59.31
2008,"Anise, badian, coriander, cumin, caraway, fennel and juniper berries, raw",59.31,-1.3965087281795463,22.905598692276264,6.507072905331879,8.860459606728277,10.758780692162238,10.470409711684358,65.52
2009,"Anise, badian, coriander, cumin, caraway, fennel and juniper berries, raw",65.52,10.470409711684358,-1.3965087281795463,22.905598692276264,6.507072905331879,12.417978574628505,17.73504273504274,77.14
2010,"Anise, badian, coriander, cumin, caraway, fennel and juniper berries, raw",77.14,17.73504273504274,10.470409711684358,-1.3965087281795463,22.905598692276264,11.765058678658908,9.048483277158414,84.12
2011,"Anise, badian, coriander, cumin, caraway, fennel and juniper berries, raw",84.12,9.048483277158414,17.73504273504274,10.470409711684358,-1.3965087281795463,4.4072778546204106,8.511650023775562,91.28
2012,"Anise, badian, coriander, cumin, caraway, fennel and juniper berries, raw",91.28,8.511650023775562,9.048483277158414,17.73504273504274,10.470409711684358,4.189253882405294,-4.338299737072749,87.32
2013,"Anise, badian, coriander, cumin, caraway, fennel and juniper berries, raw",87.32,-4.338299737072749,8.511650023775562,9.048483277158414,17.73504273504274,3.3629546228512965,8.394411360513065,94.65
2014,"Anise, badian, coriander, cumin, caraway, fennel and juniper berries, raw",94.65,8.394411360513065,-4.338299737072749,8.511650023775562,9.048483277158414,6.346851798394745,6.032752245113571,100.36
2015,"Anise, badian, coriander, cumin, caraway, fennel and juniper berries, raw",100.36,6.032752245113571,8.394411360513065,-4.338299737072749,8.511650023775562,5.164741601422759,4.613391789557597,104.99
2016,"Anise, badian, coriander, cumin, caraway, fennel and juniper berries, raw",104.99,4.613391789557597,6.032752245113571,8.394411360513065,-4.338299737072749,3.059953062353894,4.848080769597107,110.08
2017,"Anise, badian, coriander, cumin, caraway, fennel and juniper berries, raw",110.08,4.848080769597107,4.613391789557597,6.032752245113571,8.394411360513065,3.319854016653076,-0.28161337209302584,109.77
2018,"Anise, badian, coriander, cumin, caraway, fennel and juniper berries, raw",109.77,-0.28161337209302584,4.848080769597107,4.613391789557597,6.032752245113571,1.0324927804912392,-2.4323585679147275,107.1
2019,"Anise, badian, coriander, cumin, caraway, fennel and juniper berries, raw",107.1,-2.4323585679147275,-0.28161337209302584,4.848080769597107,4.613391789557597,6.507450707627402,-1.2324929971988752,105.78
2020,"Anise, badian, coriander, cumin, caraway, fennel and juniper berries, raw",105.78,-1.2324929971988752,-2.4323585679147275,-0.28161337209302584,4.848080769597107,6.778211652631595,21.421818869351483,128.44
2021,"Anise, badian, coriander, cumin, caraway, fennel and juniper berries, raw",128.44,21.421818869351483,-1.2324929971988752,-2.4323585679147275,-0.28161337209302584,8.059810811001912,7.575521644347538,138.17
2022,"Anise, badian, coriander, cumin, caraway, fennel and juniper berries, raw",138.17,7.575521644347538,21.421818869351483,-1.2324929971988752,-2.4323585679147275,4.687292025313714,2.279800246073682,141.32
2023,"Anise, badian, coriander, cumin, caraway, fennel and juniper berries, raw",141.32,2.279800246073682,7.575521644347538,21.421818869351483,-1.2324929971988752,,4.146617605434488,147.18
2024,"Anise, badian, coriander, cumin, caraway, fennel and juniper berries, raw",147.18,4.146617605434488,2.279800246073682,7.575521644347538,21.421818869351483,,3.981519228155994,153.04
2025,"Anise, badian, coriander, cumin, caraway, fennel and juniper berries, raw",153.04,3.981519228155994,4.146617605434488,2.279800246073682,7.575521644347538,,,
1991,Apples,15.02,,,,,-19.495740161801308,11.384820239680437,16.73
1992,Apples,16.73,11.384820239680437,,,,2.0771224128261494,31.799163179916313,22.05
1993,Apples,22.05,31.799163179916313,11.384820239680437,,,6.45792885366416,4.852607709750578,23.12
1994,Apples,23.12,4.852607709750578,31.799163179916313,11.384820239680437,,26.77939214972638,2.5519031141868487,23.71
1995,Apples,23.71,2.5519031141868487,4.852607709750578,31.799163179916313,11.384820239680437,14.69434008051274,24.841838886545766,29.6
1996,Apples,29.6,24.841838886545766,2.5519031141868487,4.852607709750578,31.799163179916313,26.87914663107716,11.047297297297277,32.87
1997,Apples,32.87,11.047297297297277,24.841838886545766,2.5519031141868487,4.852607709750578,10.391645958651702,3.833282628536683,34.13
1998,Apples,34.13,3.833282628536683,11.047297297297277,24.841838886545766,2.5519031141868487,5.805700731286507,-3.222970993261065,33.03
1999,Apples,33.03,-3.222970993261065,3.833282628536683,11.047297297297277,24.841838886545766,2.8614126791396104,-4.692703602785353,31.48
2000,Apples,31.48,-4.692703602785353,-3.222970993261065,3.833282628536683,11.047297297297277,7.168102366480003,6.289707750952989,33.46
2001,Apples,33.46,6.289707750952989,-4.692703602785353,-3.222970993261065,3.833282628536683,7.114309314213377,14.345487148834412,38.26
2002,Apples,38.26,14.345487148834412,6.289707750952989,-4.692703602785353,-3.222970993261065,12.757710401445477,4.103502352326194,39.83
2003,Apples,39.83,4.103502352326194,14.345487148834412,6.289707750952989,-4.692703602785353,9.338720956476202,5.975395430579966,42.21
2004,Apples,42.21,5.975395430579966,4.103502352326194,14.345487148834412,6.289707750952989,10.659833225260362,8.860459606728277,45.95
2005,Apples,45.95,8.860459606728277,5.975395430579966,4.103502352326194,14.345487148834412,8.936314572849186,6.507072905331879,48.94
2006,Apples,48.94,6.507072905331879,8.860459606728277,5.975395430579966,4.103502352326194,12.417978574628506,22.905598692276264,60.15
2007,Apples,60.15,22.905598692276264,6.507072905331879,8.860459606728277,5.975395430579966,11.765058678658908,-1.3965087281795463,59.31
2008,Apples,59.31,-1.3965087281795463,22.905598692276264,6.507072905331879,8.860459606728277,4.407277854620411,10.470409711684358,65.52
2009,Apples,65.52,10.470409711684358,-1.3965087281795463,22.905598692276264,6.507072905331879,4.189253882405295,17.73504273504274,77.14
2010,Apples,77.14,17.73504273504274,10.470409711684358,-1.3965087281795463,22.905598692276264,3.362954622851298,9.048483277158414,84.12
2011,Apples,84.12,9.048483277158414,17.73504273504274,10.470409711684358,-1.3965087281795463,6.346851798394746,8.511650023775562,91.28
2012,Apples,91.28,8.511650023775562,9.048483277158414,17.73504273504274,10.470409711684358,5.164741601422761,-4.338299737072749,87.32
2013,Apples,87.32,-4.338299737072749,8.511650023775562,9.048483277158414,17.73504273504274,3.059953062353895,8.394411360513065,94.65
2014,Apples,94.65,8.394411360513065,-4.338299737072749,8.511650023775562,9.048483277158414,0.7113696098631204,6.032752245113571,100.36
2015,Apples,100.36,6.032752245113571,8.394411360513065,-4.338299737072749,8.511650023775562,-1.3154883124022072,4.613391789557597,104.99
2016,Apples,104.99,4.613391789557597,6.032752245113571,8.394411360513065,-4.338299737072749,5.91898910141263,4.848080769597107,110.08
2017,Apples,110.08,4.848080769597107,4.613391789557597,6.032752245113571,8.394411360513065,9.254949172166718,-0.28161337209302584,109.77
2018,Apples,109.77,-0.28161337209302584,4.848080769597107,4.613391789557597,6.032752245113571,10.425713586590904,7.561264462057027,118.07
2019,Apples,118.07,7.561264462057027,-0.28161337209302584,4.848080769597107,4.613391789557597,4.667313165285239,-7.258406030320986,109.5
2020,Apples,109.5,-7.258406030320986,7.561264462057027,-0.28161337209302584,4.848080769597107,,16.767123287671225,127.86
2021,Apples,127.86,16.767123287671225,-7.258406030320986,7.561264462057027,-0.28161337209302584,,7.218833098701705,137.09
2022,Apples,137.09,7.218833098701705,16.767123287671225,-7.258406030320986,7.561264462057027,,2.8813188416368707,141.04
2023,Apples,141.04,2.8813188416368707,7.218833098701705,16.767123287671225,-7.258406030320986,,6.062110039705049,149.59
2024,Apples,149.59,6.062110039705049,2.8813188416368707,7.218833098701705,16.767123287671225,16.01219704311578,5.708937763219457,158.13
2025,Apples,158.13,5.708937763219457,6.062110039705049,2.8813188416368707,7.218833098701705,13.067891334617917,,
1991,Apricots,14.1,,,,,10.748783236827734,31.84397163120567,18.59
1992,Apricots,18.59,31.84397163120567,,,,12.813679766009967,4.787520172135551,19.48
1993,Apricots,19.48,4.787520172135551,31.84397163120567,,,13.240806270793243,2.6180698151950565,19.99
1994,Apricots,19.99,2.6180698151950565,4.787520172135551,31.84397163120567,,3.8858696441909673,24.812406203101567,24.95
1995,Apricots,24.95,24.812406203101567,2.6180698151950565,4.787520172135551,31.84397163120567,-1.3607973225032428,11.022044088176353,27.7
1996,Apricots,27.7,11.022044088176353,24.812406203101567,2.6180698151950565,4.787520172135551,-0.5419889483644743,3.862815884476545,28.77
1997,Apricots,28.77,3.862815884476545,11.022044088176353,24.812406203101567,2.6180698151950565,5.3141637656673515,-3.232533889468192,27.84
1998,Apricots,27.84,-3.232533889468192,3.862815884476545,11.022044088176353,24.812406203101567,8.246232417371202,-4.705459770114939,26.53
1999,Apricots,26.53,-4.705459770114939,-3.232533889468192,3.862815884476545,11.022044088176353,8.141461643913527,6.935544666415372,28.37
2000,Apricots,28.37,6.935544666415372,-4.705459770114939,-3.232533889468192,3.862815884476545,6.313119129878149,14.310891787099035,32.43
2001,Apricots,32.43,14.310891787099035,6.935544666415372,-4.705459770114939,-3.232533889468192,7.114309314213377,14.369411039161273,37.09
2002,Apricots,37.09,14.369411039161273,14.310891787099035,6.935544666415372,-4.705459770114939,12.757710401445477,7.38743596656779,39.83
2003,Apricots,39.83,7.38743596656779,14.369411039161273,14.310891787099035,6.935544666415372,9.338720956476202,5.975395430579966,42.21
2004,Apricots,42.21,5.975395430579966,7.38743596656779,14.369411039161273,14.310891787099035,10.659833225260362,8.860459606728277,45.95
2005,Apricots,45.95,8.860459606728277,5.975395430579966,7.38743596656779,14.369411039161273,8.936314572849186,6.507072905331879,48.94
2006,Apricots,48.94,6.507072905331879,8.860459606728277,5.975395430579966,7.38743596656779,12.417978574628506,22.905598692276264,60.15
2007,Apricots,60.15,22.905598692276264,6.507072905331879,8.860459606728277,5.975395430579966,11.765058678658908,-1.3965087281795463,59.31
2008,Apricots,59.31,-1.3965087281795463,22.905598692276264,6.507072905331879,8.860459606728277,4.407277854620411,10.470409711684358,65.52
2009,Apricots,65.52,10.470409711684358,-1.3965087281795463,22.905598692276264,6.507072905331879,4.189253882405295,17.73504273504274,77.14
2010,Apricots,77.14,17.73504273504274,10.470409711684358,-1.3965087281795463,22.905598692276264,3.362954622851298,9.048483277158414,84.12
2011,Apricots,84.12,9.048483277158414,17.73504273504274,10.470409711684358,-1.3965087281795463,6.346851798394746,8.511650023775562,91.28
2012,Apricots,91.28,8.511650023775562,9.048483277158414,17.73504273504274,10.470409711684358,5.164741601422761,-4.338299737072749,87.32
2013,Apricots,87.32,-4.338299737072749,8.511650023775562,9.048483277158414,17.73504273504274,3.059953062353895,8.394411360513065,94.65
2014,Apricots,94.65,8.394411360513065,-4.338299737072749,8.511650023775562,9.048483277158414,4.042577286520372,6.032752245113571,100.36
2015,Apricots,100.36,6.032752245113571,8.394411360513065,-4.338299737072749,8.511650023775562,0.00708168654767416,4.613391789557597,104.99
2016,Apricots,104.99,4.613391789557597,6.032752245113571,8.394411360513065,-4.338299737072749,5.689993906469091,4.848080769597107,110.08
2017,Apricots,110.08,4.848080769597107,4.613391789557597,6.032752245113571,8.394411360513065,5.5758501186839835,-0.28161337209302584,109.77
2018,Apricots,109.77,-0.28161337209302584,4.848080769597107,4.613391789557597,6.032752245113571,8.955758409336601,7.041996902614556,117.5
2019,Apricots,117.5,7.041996902614556,-0.28161337209302584,4.848080769597107,4.613391789557597,5.387420660014544,-5.855319148936166,110.62
2020,Apricots,110.62,-5.855319148936166,7.041996902614556,-0.28161337209302584,4.848080769597107,,21.994214427770743,134.95
2021,Apricots,134.95,21.994214427770743,-5.855319148936166,7.041996902614556,-0.28161337209302584,,3.653204890700268,139.88
2022,Apricots,139.88,3.653204890700268,21.994214427770743,-5.855319148936166,7.041996902614556,,2.7309122104661077,143.7
2023,Apricots,143.7,2.7309122104661077,3.653204890700268,21.994214427770743,-5.855319148936166,,6.388308977035506,152.88
2024,Apricots,152.88,6.388308977035506,2.7309122104661077,3.653204890700268,21.994214427770743,13.083187206178762,6.0112506541077915,162.07
2025,Apricots,162.07,6.0112506541077915,6.388308977035506,2.7309122104661077,3.653204890700268,10.739332063477393,,
1991,Areca nuts,28.12,,,,,11.871949164225228,-34.28165007112376,18.48
1992,Areca nuts,18.48,-34.28165007112376,,,,12.022579597609367,10.551948051948056,20.43
1993,Areca nuts,20.43,10.551948051948056,-34.28165007112376,,,9.244080812103013,5.041605482134126,21.46
1994,Areca nuts,21.46,5.041605482134126,10.551948051948056,-34.28165007112376,,7.4077636679586805,9.412861136999062,23.48
1995,Areca nuts,23.48,9.412861136999062,5.041605482134126,10.551948051948056,-34.28165007112376,7.114309314213377,13.245315161839866,26.59
1996,Areca nuts,26.59,13.245315161839866,9.412861136999062,5.041605482134126,10.551948051948056,12.757710401445477,-1.278676194057915,26.25
1997,Areca nuts,26.25,-1.278676194057915,13.245315161839866,9.412861136999062,5.041605482134126,9.338720956476202,9.942857142857143,28.86
1998,Areca nuts,28.86,9.942857142857143,-1.278676194057915,13.245315161839866,9.412861136999062,10.659833225260362,5.855855855855863,30.55
1999,Areca nuts,30.55,5.855855855855863,9.942857142857143,-1.278676194057915,13.245315161839866,8.936314572849186,88.1178396072013,57.47
2000,Areca nuts,57.47,88.1178396072013,5.855855855855863,9.942857142857143,-1.278676194057915,12.417978574628506,-34.139551070123545,37.85
2001,Areca nuts,37.85,-34.139551070123545,88.1178396072013,5.855855855855863,9.942857142857143,11.765058678658908,1.109643328929999,38.27
2002,Areca nuts,38.27,1.109643328929999,-34.139551070123545,88.1178396072013,5.855855855855863,4.407277854620411,3.3185262607786647,39.54
2003,Areca nuts,39.54,3.3185262607786647,1.109643328929999,-34.139551070123545,88.1178396072013,4.189253882405295,7.157309054122396,42.37
2004,Areca nuts,42.37,7.157309054122396,3.3185262607786647,1.109643328929999,-34.139551070123545,3.362954622851298,1.3216898749115025,42.93
2005,Areca nuts,42.93,1.3216898749115025,7.157309054122396,3.3185262607786647,1.109643328929999,6.346851798394746,0.0,42.93
2006,Areca nuts,42.93,0.0,1.3216898749115025,7.157309054122396,3.3185262607786647,5.164741601422761,1.979967388772419,43.78
2007,Areca nuts,43.78,1.979967388772419,0.0,1.3216898749115025,7.157309054122396,3.059953062353895,35.472818638647794,59.31
2008,Areca nuts,59.31,35.472818638647794,1.979967388772419,0.0,1.3216898749115025,3.8694881000395482,10.470409711684358,65.52
2009,Areca nuts,65.52,10.470409711684358,35.472818638647794,1.979967388772419,0.0,0.30168812719512356,17.73504273504274,77.14
2010,Areca nuts,77.14,17.73504273504274,10.470409711684358,35.472818638647794,1.979967388772419,7.726964060483046,9.048483277158414,84.12
2011,Areca nuts,84.12,9.048483277158414,17.73504273504274,10.470409711684358,35.472818638647794,6.597366723178283,8.511650023775562,91.28
2012,Areca nuts,91.28,8.511650023775562,9.048483277158414,17.73504273504274,10.470409711684358,9.459443842979042,-4.338299737072749,87.32
2013,Areca nuts,87.32,-4.338299737072749,8.511650023775562,9.048483277158414,17.73504273504274,4.25747535940063,8.394411360513065,94.65
2014,Areca nuts,94.65,8.394411360513065,-4.338299737072749,8.511650023775562,9.048483277158414,,6.032752245113571,100.36
2015,Areca nuts,100.36,6.032752245113571,8.394411360513065,-4.338299737072749,8.511650023775562,,4.613391789557597,104.99
2016,Areca nuts,104.99,4.613391789557597,6.032752245113571,8.394411360513065,-4.338299737072749,,4.848080769597107,110.08
2017,Areca nuts,110.08,4.848080769597107,4.613391789557597,6.032752245113571,8.394411360513065,,-0.28161337209302584,109.77
2018,Areca nuts,109.77,-0.28161337209302584,4.848080769597107,4.613391789557597,6.032752245113571,-6.229365512347189,17.281588776532764,128.74
2019,Areca nuts,128.74,17.281588776532764,-0.28161337209302584,4.848080769597107,4.613391789557597,8.335471557027084,1.0563927295323738,130.1
2020,Areca nuts,130.1,1.0563927295323738,17.281588776532764,-0.28161337209302584,4.848080769597107,9.233260593657688,9.29285165257494,142.19
2021,Areca nuts,142.19,9.29285165257494,1.0563927295323738,17.281588776532764,-0.28161337209302584,7.126500034927006,3.994655039032291,147.87
2022,Areca nuts,147.87,3.994655039032291,9.29285165257494,1.0563927295323738,17.281588776532764,7.3031653702130335,0.7371339690268597,148.96
2023,Areca nuts,148.96,0.7371339690268597,3.994655039032291,9.29285165257494,1.0563927295323738,4.8400122682183655,7.9618689581095525,160.82
2024,Areca nuts,160.82,7.9618689581095525,0.7371339690268597,3.994655039032291,9.29285165257494,34.63885086863811,5.484392488496459,169.64
2025,Areca nuts,169.64,5.484392488496459,7.9618689581095525,0.7371339690268597,3.994655039032291,19.94471479764454,,
1991,Bananas,15.02,,,,,3.9325083966041903,11.318242343541929,16.72
1992,Bananas,16.72,11.318242343541929,,,,2.8263329763446357,31.877990430622027,22.05
1993,Bananas,22.05,31.877990430622027,11.318242343541929,,,1.1005524212279763,4.8072562358276505,23.11
1994,Bananas,23.11,4.8072562358276505,31.877990430622027,11.318242343541929,,12.484262009140073,2.5962786672436344,23.71
1995,Bananas,23.71,2.5962786672436344,4.8072562358276505,31.877990430622027,11.318242343541929,15.974398579701523,24.841838886545766,29.6
1996,Bananas,29.6,24.841838886545766,2.5962786672436344,4.8072562358276505,31.877990430622027,21.22609036179163,11.013513513513495,32.86
1997,Bananas,32.86,11.013513513513495,24.841838886545766,2.5962786672436344,4.8072562358276505,12.417978574628505,3.864881314668289,34.13
1998,Bananas,34.13,3.864881314668289,11.013513513513495,24.841838886545766,2.5962786672436344,11.765058678658905,-3.222970993261065,33.03
1999,Bananas,33.03,-3.222970993261065,3.864881314668289,11.013513513513495,24.841838886545766,4.40727785462041,-4.722979109900094,31.47
2000,Bananas,31.47,-4.722979109900094,-3.222970993261065,3.864881314668289,11.013513513513495,4.189253882405293,6.29170638703529,33.45
2001,Bananas,33.45,6.29170638703529,-4.722979109900094,-3.222970993261065,3.864881314668289,3.3629546228512956,14.34977578475336,38.25
2002,Bananas,38.25,14.34977578475336,6.29170638703529,-4.722979109900094,-3.222970993261065,6.346851798394744,4.130718954248369,39.83
2003,Bananas,39.83,4.130718954248369,14.34977578475336,6.29170638703529,-4.722979109900094,5.164741601422758,5.975395430579966,42.21
2004,Bananas,42.21,5.975395430579966,4.130718954248369,14.34977578475336,6.29170638703529,3.059953062353893,8.860459606728277,45.95
2005,Bananas,45.95,8.860459606728277,5.975395430579966,4.130718954248369,14.34977578475336,7.282685391345615,6.507072905331879,48.94
2006,Bananas,48.94,6.507072905331879,8.860459606728277,5.975395430579966,4.130718954248369,6.018789377990704,22.905598692276264,60.15
2007,Bananas,60.15,22.905598692276264,6.507072905331879,8.860459606728277,5.975395430579966,9.210277719546694,-1.3965087281795463,59.31
2008,Bananas,59.31,-1.3965087281795463,22.905598692276264,6.507072905331879,8.860459606728277,4.781299807046536,10.470409711684358,65.52
2009,Bananas,65.52,10.470409711684358,-1.3965087281795463,22.905598692276264,6.507072905331879,4.674880220211365,17.73504273504274,77.14
2010,Bananas,77.14,17.73504273504274,10.470409711684358,-1.3965087281795463,22.905598692276264,4.231219322056234,9.048483277158414,84.12
2011,Bananas,84.12,9.048483277158414,17.73504273504274,10.470409711684358,-1.3965087281795463,,8.511650023775562,91.28
2012,Bananas,91.28,8.511650023775562,9.048483277158414,17.73504273504274,10.470409711684358,,-4.338299737072749,87.32
2013,Bananas,87.32,-4.338299737072749,8.511650023775562,9.048483277158414,17.73504273504274,,8.394411360513065,94.65
2014,Bananas,94.65,8.394411360513065,-4.338299737072749,8.511650023775562,9.048483277158414,,6.032752245113571,100.36
2015,Bananas,100.36,6.032752245113571,8.394411360513065,-4.338299737072749,8.511650023775562,16.001163003330536,4.613391789557597,104.99
2016,Bananas,104.99,4.613391789557597,6.032752245113571,8.394411360513065,-4.338299737072749,13.09384177789777,4.848080769597107,110.08
2017,Bananas,110.08,4.848080769597107,4.613391789557597,6.032752245113571,8.394411360513065,10.74845792987235,-0.28161337209302584,109.77
2018,Bananas,109.77,-0.28161337209302584,4.848080769597107,4.613391789557597,6.032752245113571,12.817210355767633,7.251525917828183,117.73
2019,Bananas,117.73,7.251525917828183,-0.28161337209302584,4.848080769597107,4.613391789557597,13.240077904909185,-7.236897986919233,109.21
2020,Bananas,109.21,-7.236897986919233,7.251525917828183,-0.28161337209302584,4.848080769597107,3.885141278306906,17.022250709641984,127.8
2021,Bananas,127.8,17.022250709641984,-7.236897986919233,7.251525917828183,-0.28161337209302584,-1.3603562628309565,7.2143974960876545,137.02
2022,Bananas,137.02,7.2143974960876545,17.022250709641984,-7.236897986919233,7.251525917828183,-0.5514145720419563,2.0726901182309243,139.86
2023,Bananas,139.86,2.0726901182309243,7.2143974960876545,17.022250709641984,-7.236897986919233,5.306167687296186,6.606606606606591,149.1
2024,Bananas,149.1,6.606606606606591,2.0726901182309243,7.2143974960876545,17.022250709641984,8.257400375345673,6.197183098591563,158.34
2025,Bananas,158.34,6.197183098591563,6.606606606606591,2.0726901182309243,7.2143974960876545,8.151963389860564,,
1991,Barley,21.0,,,,,6.9406818583371175,4.9523809523809526,22.04
1992,Barley,22.04,4.9523809523809526,,,,5.486081115195233,22.82214156079856,27.07
1993,Barley,27.07,22.82214156079856,4.9523809523809526,,,6.000873233319321,2.2903583302549047,27.69
1994,Barley,27.69,2.2903583302549047,22.82214156079856,4.9523809523809526,,5.006156261236366,8.27013362224629,29.98
1995,Barley,29.98,8.27013362224629,2.2903583302549047,22.82214156079856,4.9523809523809526,,-2.635090060040024,29.19
1996,Barley,29.19,-2.635090060040024,8.27013362224629,2.2903583302549047,22.82214156079856,,1.9527235354573458,29.76
1997,Barley,29.76,1.9527235354573458,-2.635090060040024,8.27013362224629,2.2903583302549047,,1.2096774193548265,30.12
1998,Barley,30.12,1.2096774193548265,1.9527235354573458,-2.635090060040024,8.27013362224629,,8.798140770252338,32.77
1999,Barley,32.77,8.798140770252338,1.2096774193548265,1.9527235354573458,-2.635090060040024,26.537007328395173,-3.600854440036627,31.59
2000,Barley,31.59,-3.600854440036627,8.798140770252338,1.2096774193548265,1.9527235354573458,31.71234682174811,-1.4245014245014231,31.14
2001,Barley,31.14,-1.4245014245014231,-3.600854440036627,8.798140770252338,1.2096774193548265,21.12012179259089,7.38599871547847,33.44
2002,Barley,33.44,7.38599871547847,-1.4245014245014231,-3.600854440036627,8.798140770252338,-4.655394432029209,5.502392344497609,35.28
2003,Barley,35.28,5.502392344497609,7.38599871547847,-1.4245014245014231,-3.600854440036627,0.08457598741366468,12.641723356009082,39.74
2004,Barley,39.74,12.641723356009082,5.502392344497609,7.38599871547847,-1.4245014245014231,8.015996259602062,16.356316054353304,46.24
2005,Barley,46.24,16.356316054353304,12.641723356009082,5.502392344497609,7.38599871547847,15.914071872833155,6.639273356401376,49.31
2006,Barley,49.31,6.639273356401376,16.356316054353304,12.641723356009082,5.502392344497609,5.88667712876034,10.139931048468863,54.31
2007,Barley,54.31,10.139931048468863,6.639273356401376,16.356316054353304,12.641723356009082,4.622965680246003,9.206407659731175,59.31
2008,Barley,59.31,9.206407659731175,10.139931048468863,6.639273356401376,16.356316054353304,1.0838753948783806,10.470409711684358,65.52
2009,Barley,65.52,10.470409711684358,9.206407659731175,10.139931048468863,6.639273356401376,5.533985716331803,17.73504273504274,77.14
2010,Barley,77.14,17.73504273504274,10.470409711684358,9.206407659731175,10.139931048468863,6.204621472397869,9.048483277158414,84.12
2011,Barley,84.12,9.048483277158414,17.73504273504274,10.470409711684358,9.206407659731175,7.114309314213379,8.511650023775562,91.28
2012,Barley,91.28,8.511650023775562,9.048483277158414,17.73504273504274,10.470409711684358,12.757710401445479,-4.338299737072749,87.32
2013,Barley,87.32,-4.338299737072749,8.511650023775562,9.048483277158414,17.73504273504274,9.338720956476203,8.394411360513065,94.65
2014,Barley,94.65,8.394411360513065,-4.338299737072749,8.511650023775562,9.048483277158414,10.659833225260364,6.032752245113571,100.36
2015,Barley,100.36,6.032752245113571,8.394411360513065,-4.338299737072749,8.511650023775562,8.93631457284919,4.613391789557597,104.99
2016,Barley,104.99,4.613391789557597,6.032752245113571,8.394411360513065,-4.338299737072749,12.417978574628512,4.848080769597107,110.08
2017,Barley,110.08,4.848080769597107,4.613391789557597,6.032752245113571,8.394411360513065,11.76505867865891,-0.28161337209302584,109.77
2018,Barley,109.77,-0.28161337209302584,4.848080769597107,4.613391789557597,6.032752245113571,4.407277854620414,9.310376241231655,119.99
2019,Barley,119.99,9.310376241231655,-0.28161337209302584,4.848080769597107,4.613391789557597,4.189253882405297,0.2000166680556692,120.23
2020,Barley,120.23,0.2000166680556692,9.310376241231655,-0.28161337209302584,4.848080769597107,3.3629546228513,11.311652665724026,133.83
2021,Barley,133.83,11.311652665724026,0.2000166680556692,9.310376241231655,-0.28161337209302584,6.346851798394749,4.946574011806004,140.45
2022,Barley,140.45,4.946574011806004,11.311652665724026,0.2000166680556692,9.310376241231655,5.1647416014227625,1.7443930224279258,142.9
2023,Barley,142.9,1.7443930224279258,4.946574011806004,11.311652665724026,0.2000166680556692,3.0599530623538977,8.327501749475164,154.8
2024,Barley,154.8,8.327501749475164,1.7443930224279258,4.946574011806004,11.311652665724026,3.921111190744361,5.93669250645994,163.99
2025,Barley,163.99,5.93669250645994,8.327501749475164,1.7443930224279258,4.946574011806004,-0.190595741519575,,
1991,"Beans, dry",15.77,,,,,5.169748398838197,-7.038681039949268,14.66
1992,"Beans, dry",14.66,-7.038681039949268,,,,,18.622100954979537,17.39
1993,"Beans, dry",17.39,18.622100954979537,-7.038681039949268,,,,68.02760207015525,29.22
1994,"Beans, dry",29.22,68.02760207015525,18.622100954979537,-7.038681039949268,,,8.48733744010952,31.7
1995,"Beans, dry",31.7,8.48733744010952,68.02760207015525,18.622100954979537,-7.038681039949268,,-13.154574132492103,27.53
1996,"Beans, dry",27.53,-13.154574132492103,8.48733744010952,68.02760207015525,18.622100954979537,10.832752676891237,-9.29894660370506,24.97
1997,"Beans, dry",24.97,-9.29894660370506,-13.154574132492103,8.48733744010952,68.02760207015525,7.849512605179392,22.707248698438143,30.64
1998,"Beans, dry",30.64,22.707248698438143,-9.29894660370506,-13.154574132492103,8.48733744010952,9.839263837140509,10.63968668407309,33.9
1999,"Beans, dry",33.9,10.63968668407309,22.707248698438143,-9.29894660370506,-13.154574132492103,9.060906688655932,14.395280235988217,38.78
2000,"Beans, dry",38.78,14.395280235988217,10.63968668407309,22.707248698438143,-9.29894660370506,15.921160437095333,-7.374935533780302,35.92
2001,"Beans, dry",35.92,-7.374935533780302,14.395280235988217,10.63968668407309,22.707248698438143,11.883716942235997,6.848552338530078,38.38
2002,"Beans, dry",38.38,6.848552338530078,-7.374935533780302,14.395280235988217,10.63968668407309,12.14601655905303,3.77800937988535,39.83
2003,"Beans, dry",39.83,3.77800937988535,6.848552338530078,-7.374935533780302,14.395280235988217,1.772450410783715,5.975395430579966,42.21
2004,"Beans, dry",42.21,5.975395430579966,3.77800937988535,6.848552338530078,-7.374935533780302,4.73733344001122,8.860459606728277,45.95
2005,"Beans, dry",45.95,8.860459606728277,5.975395430579966,3.77800937988535,6.848552338530078,5.5415591670268585,6.507072905331879,48.94
2006,"Beans, dry",48.94,6.507072905331879,8.860459606728277,5.975395430579966,3.77800937988535,7.759046977612683,22.905598692276264,60.15
2007,"Beans, dry",60.15,22.905598692276264,6.507072905331879,8.860459606728277,5.975395430579966,7.768451315994548,-1.3965087281795463,59.31
2008,"Beans, dry",59.31,-1.3965087281795463,22.905598692276264,6.507072905331879,8.860459606728277,7.114309314213378,10.470409711684358,65.52
2009,"Beans, dry",65.52,10.470409711684358,-1.3965087281795463,22.905598692276264,6.507072905331879,12.757710401445479,17.73504273504274,77.14
2010,"Beans, dry",77.14,17.73504273504274,10.470409711684358,-1.3965087281795463,22.905598692276264,9.338720956476203,9.048483277158414,84.12
2011,"Beans, dry",84.12,9.048483277158414,17.73504273504274,10.470409711684358,-1.3965087281795463,10.659833225260364,8.511650023775562,91.28
2012,"Beans, dry",91.28,8.511650023775562,9.048483277158414,17.73504273504274,10.470409711684358,8.93631457284919,-4.338299737072749,87.32
2013,"Beans, dry",87.32,-4.338299737072749,8.511650023775562,9.048483277158414,17.73504273504274,12.417978574628512,8.394411360513065,94.65
2014,"Beans, dry",94.65,8.394411360513065,-4.338299737072749,8.511650023775562,9.048483277158414,11.76505867865891,6.032752245113571,100.36
2015,"Beans, dry",100.36,6.032752245113571,8.394411360513065,-4.338299737072749,8.511650023775562,4.407277854620414,4.613391789557597,104.99
2016,"Beans, dry",104.99,4.613391789557597,6.032752245113571,8.394411360513065,-4.338299737072749,4.189253882405297,4.848080769597107,110.08
2017,"Beans, dry",110.08,4.848080769597107,4.613391789557597,6.032752245113571,8.394411360513065,3.3629546228513,-0.28161337209302584,109.77
2018,"Beans, dry",109.77,-0.28161337209302584,4.848080769597107,4.613391789557597,6.032752245113571,6.346851798394749,7.196866174728989,117.67
2019,"Beans, dry",117.67,7.196866174728989,-0.28161337209302584,4.848080769597107,4.613391789557597,5.1647416014227625,-7.487040027194702,108.86
2020,"Beans, dry",108.86,-7.487040027194702,7.196866174728989,-0.28161337209302584,4.848080769597107,3.0599530623538977,18.243615653132462,128.72
2021,"Beans, dry",128.72,18.243615653132462,-7.487040027194702,7.196866174728989,-0.28161337209302584,3.921111190744361,6.92200124300808,137.63
2022,"Beans, dry",137.63,6.92200124300808,18.243615653132462,-7.487040027194702,7.196866174728989,2.5317067428293103,2.165225604882659,140.61
2023,"Beans, dry",140.61,2.165225604882659,6.92200124300808,18.243615653132462,-7.487040027194702,4.868058382321336,6.422018348623837,149.64
2024,"Beans, dry",149.64,6.422018348623837,2.165225604882659,6.92200124300808,18.243615653132462,3.2916275083027458,6.0278000534616405,158.66
2025,"Beans, dry",158.66,6.0278000534616405,6.422018348623837,2.165225604882659,6.92200124300808,2.7202484208956776,,
1991,Cabbages,13.98,,,,,,18.812589413447768,16.61
1992,Cabbages,16.61,18.812589413447768,,,,,6.080674292594823,17.62
1993,Cabbages,17.62,6.080674292594823,18.812589413447768,,,38.43908469801676,7.604994324631109,18.96
1994,Cabbages,18.96,7.604994324631109,6.080674292594823,18.812589413447768,,41.170551045043744,9.862869198312229,20.83
1995,Cabbages,20.83,9.862869198312229,7.604994324631109,6.080674292594823,18.812589413447768,35.11203420344396,12.04992798847817,23.34
1996,Cabbages,23.34,12.04992798847817,9.862869198312229,7.604994324631109,6.080674292594823,41.986029328537214,5.26992287917738,24.57
1997,Cabbages,24.57,5.26992287917738,12.04992798847817,9.862869198312229,7.604994324631109,41.933205019582864,30.443630443630433,32.05
1998,Cabbages,32.05,30.443630443630433,5.26992287917738,12.04992798847817,9.862869198312229,36.36012857347409,-0.062402496099833726,32.03
1999,Cabbages,32.03,-0.062402496099833726,30.443630443630433,5.26992287917738,12.04992798847817,5.200261556160854,6.05682172962847,33.97
2000,Cabbages,33.97,6.05682172962847,-0.062402496099833726,30.443630443630433,5.26992287917738,-12.830885909466993,-0.6770680011775054,33.74
2001,Cabbages,33.74,-0.6770680011775054,6.05682172962847,-0.062402496099833726,30.443630443630433,-11.646218040437924,8.832246591582681,36.72
2002,Cabbages,36.72,8.832246591582681,-0.6770680011775054,6.05682172962847,-0.062402496099833726,-9.331007990442936,8.469498910675387,39.83
2003,Cabbages,39.83,8.469498910675387,8.832246591582681,-0.6770680011775054,6.05682172962847,9.600597501273844,5.975395430579966,42.21
2004,Cabbages,42.21,5.975395430579966,8.469498910675387,8.832246591582681,-0.6770680011775054,7.768451315994543,8.860459606728277,45.95
2005,Cabbages,45.95,8.860459606728277,5.975395430579966,8.469498910675387,8.832246591582681,7.114309314213373,6.507072905331879,48.94
2006,Cabbages,48.94,6.507072905331879,8.860459606728277,5.975395430579966,8.469498910675387,12.757710401445474,22.905598692276264,60.15
2007,Cabbages,60.15,22.905598692276264,6.507072905331879,8.860459606728277,5.975395430579966,9.338720956476198,-1.3965087281795463,59.31
2008,Cabbages,59.31,-1.3965087281795463,22.905598692276264,6.507072905331879,8.860459606728277,10.659833225260359,10.470409711684358,65.52
2009,Cabbages,65.52,10.470409711684358,-1.3965087281795463,22.905598692276264,6.507072905331879,8.936314572849184,17.73504273504274,77.14
2010,Cabbages,77.14,17.73504273504274,10.470409711684358,-1.3965087281795463,22.905598692276264,12.417978574628506,9.048483277158414,84.12
2011,Cabbages,84.12,9.048483277158414,17.73504273504274,10.470409711684358,-1.3965087281795463,11.765058678658905,8.511650023775562,91.28
2012,Cabbages,91.28,8.511650023775562,9.048483277158414,17.73504273504274,10.470409711684358,4.40727785462041,-4.338299737072749,87.32
2013,Cabbages,87.32,-4.338299737072749,8.511650023775562,9.048483277158414,17.73504273504274,4.189253882405293,8.394411360513065,94.65
2014,Cabbages,94.65,8.394411360513065,-4.338299737072749,8.511650023775562,9.048483277158414,3.3629546228512956,6.032752245113571,100.36
2015,Cabbages,100.36,6.032752245113571,8.394411360513065,-4.338299737072749,8.511650023775562,6.346851798394744,4.613391789557597,104.99
2016,Cabbages,104.99,4.613391789557597,6.032752245113571,8.394411360513065,-4.338299737072749,5.164741601422758,4.848080769597107,110.08
2017,Cabbages,110.08,4.848080769597107,4.613391789557597,6.032752245113571,8.394411360513065,3.059953062353893,-0.28161337209302584,109.77
2018,Cabbages,109.77,-0.28161337209302584,4.848080769597107,4.613391789557597,6.032752245113571,4.400902269059618,7.196866174728989,117.67
2019,Cabbages,117.67,7.196866174728989,-0.28161337209302584,4.848080769597107,4.613391789557597,0.2328138504028606,0.6798674258519544,118.47
2020,Cabbages,118.47,0.6798674258519544,7.196866174728989,-0.28161337209302584,4.848080769597107,10.90907993750446,6.727441546383051,126.44
2021,Cabbages,126.44,6.727441546383051,0.6798674258519544,7.196866174728989,-0.28161337209302584,12.958648879799247,2.467573552673219,129.56
2022,Cabbages,129.56,2.467573552673219,6.727441546383051,0.6798674258519544,7.196866174728989,17.624443636531208,-1.0342698363692504,128.22
2023,Cabbages,128.22,-1.0342698363692504,2.467573552673219,6.727441546383051,0.6798674258519544,6.0162049405187945,9.553891748557163,140.47
2024,Cabbages,140.47,9.553891748557163,-1.0342698363692504,2.467573552673219,6.727441546383051,,5.673809354310522,148.44
2025,Cabbages,148.44,5.673809354310522,9.553891748557163,-1.0342698363692504,2.467573552673219,,,
1991,Cantaloupes and other melons,9.03,,,,,,-4.761904761904756,8.6
1992,Cantaloupes and other melons,8.6,-4.761904761904756,,,,,45.69767441860464,12.53
1993,Cantaloupes and other melons,12.53,45.69767441860464,-4.761904761904756,,,13.88618315686138,74.38148443735038,21.85
1994,Cantaloupes and other melons,21.85,74.38148443735038,45.69767441860464,-4.761904761904756,,14.210626186239216,3.4324942791762014,22.6
1995,Cantaloupes and other melons,22.6,3.4324942791762014,74.38148443735038,45.69767441860464,-4.761904761904756,21.126809062991473,27.522123893805308,28.82
1996,Cantaloupes and other melons,28.82,27.522123893805308,3.4324942791762014,74.38148443735038,45.69767441860464,4.356327182283015,95.00346981263013,56.2
1997,Cantaloupes and other melons,56.2,95.00346981263013,27.522123893805308,3.4324942791762014,74.38148443735038,31.954766189951865,3.274021352313161,58.04
1998,Cantaloupes and other melons,58.04,3.274021352313161,95.00346981263013,27.522123893805308,3.4324942791762014,23.75431489907612,10.802894555478982,64.31
1999,Cantaloupes and other melons,64.31,10.802894555478982,3.274021352313161,95.00346981263013,27.522123893805308,13.553442461012414,1.5238687606904167,65.29
2000,Cantaloupes and other melons,65.29,1.5238687606904167,10.802894555478982,3.274021352313161,95.00346981263013,-6.774751565364937,-50.819421044570376,32.11
2001,Cantaloupes and other melons,32.11,-50.819421044570376,1.5238687606904167,10.802894555478982,3.274021352313161,-7.8187197158428505,14.356898162566178,36.72
2002,Cantaloupes and other melons,36.72,14.356898162566178,-50.819421044570376,1.5238687606904167,10.802894555478982,3.9540020457368708,8.469498910675387,39.83
2003,Cantaloupes and other melons,39.83,8.469498910675387,14.356898162566178,-50.819421044570376,1.5238687606904167,6.43010712593112,5.975395430579966,42.21
2004,Cantaloupes and other melons,42.21,5.975395430579966,8.469498910675387,14.356898162566178,-50.819421044570376,4.128891837483025,8.860459606728277,45.95
2005,Cantaloupes and other melons,45.95,8.860459606728277,5.975395430579966,8.469498910675387,14.356898162566178,7.114309314213373,6.507072905331879,48.94
2006,Cantaloupes and other melons,48.94,6.507072905331879,8.860459606728277,5.975395430579966,8.469498910675387,12.757710401445474,22.905598692276264,60.15
2007,Cantaloupes and other melons,60.15,22.905598692276264,6.507072905331879,8.860459606728277,5.975395430579966,9.338720956476198,-1.3965087281795463,59.31
2008,Cantaloupes and other melons,59.31,-1.3965087281795463,22.905598692276264,6.507072905331879,8.860459606728277,10.659833225260359,10.470409711684358,65.52
2009,Cantaloupes and other melons,65.52,10.470409711684358,-1.3965087281795463,22.905598692276264,6.507072905331879,8.936314572849184,17.73504273504274,77.14
2010,Cantaloupes and other melons,77.14,17.73504273504274,10.470409711684358,-1.3965087281795463,22.905598692276264,12.417978574628506,9.048483277158414,84.12
2011,Cantaloupes and other melons,84.12,9.048483277158414,17.73504273504274,10.470409711684358,-1.3965087281795463,11.765058678658905,8.511650023775562,91.28
2012,Cantaloupes and other melons,91.28,8.511650023775562,9.048483277158414,17.73504273504274,10.470409711684358,4.40727785462041,-4.338299737072749,87.32
2013,Cantaloupes and other melons,87.32,-4.338299737072749,8.511650023775562,9.048483277158414,17.73504273504274,4.189253882405293,8.394411360513065,94.65
2014,Cantaloupes and other melons,94.65,8.394411360513065,-4.338299737072749,8.511650023775562,9.048483277158414,3.3629546228512956,6.032752245113571,100.36
2015,Cantaloupes and other melons,100.36,6.032752245113571,8.394411360513065,-4.338299737072749,8.511650023775562,6.346851798394744,4.613391789557597,104.99
2016,Cantaloupes and other melons,104.99,4.613391789557597,6.032752245113571,8.394411360513065,-4.338299737072749,5.164741601422758,4.848080769597107,110.08
2017,Cantaloupes and other melons,110.08,4.848080769597107,4.613391789557597,6.032752245113571,8.394411360513065,3.059953062353893,-0.28161337209302584,109.77
2018,Cantaloupes and other melons,109.77,-0.28161337209302584,4.848080769597107,4.613391789557597,6.032752245113571,1.9047740008624785,8.636239409674772,119.25
2019,Cantaloupes and other melons,119.25,8.636239409674772,-0.28161337209302584,4.848080769597107,4.613391789557597,0.10261119847163232,-7.656184486373164,110.12
2020,Cantaloupes and other melons,110.12,-7.656184486373164,8.636239409674772,-0.28161337209302584,4.848080769597107,2.1860364087870994,31.747184889211777,145.08
2021,Cantaloupes and other melons,145.08,31.747184889211777,-7.656184486373164,8.636239409674772,-0.28161337209302584,2.598290001964443,14.784946236559126,166.53
2022,Cantaloupes and other melons,166.53,14.784946236559126,31.747184889211777,-7.656184486373164,8.636239409674772,2.7510341122272948,6.341199783822726,177.09
2023,Cantaloupes and other melons,177.09,6.341199783822726,14.784946236559126,31.747184889211777,-7.656184486373164,4.956349249641338,-3.077531198825467,171.64
2024,Cantaloupes and other melons,171.64,-3.077531198825467,6.341199783822726,14.784946236559126,31.747184889211777,,-3.181076672104388,166.18
2025,Cantaloupes and other melons,166.18,-3.181076672104388,-3.077531198825467,6.341199783822726,14.784946236559126,,,
1991,Carrots and turnips,22.28,,,,,,-24.236983842010783,16.88
1992,Carrots and turnips,16.88,-24.236983842010783,,,,,22.748815165876767,20.72
1993,Carrots and turnips,20.72,22.748815165876767,-24.236983842010783,,,16.79045359401677,43.14671814671816,29.66
1994,Carrots and turnips,29.66,43.14671814671816,22.748815165876767,-24.236983842010783,,7.2754896558124065,-23.263654753877272,22.76
1995,Carrots and turnips,22.76,-23.263654753877272,43.14671814671816,22.748815165876767,-24.236983842010783,12.124959434689979,43.497363796133534,32.66
1996,Carrots and turnips,32.66,43.497363796133534,-23.263654753877272,43.14671814671816,22.748815165876767,8.863648850334434,-7.164727495407219,30.32
1997,Carrots and turnips,30.32,-7.164727495407219,43.497363796133534,-23.263654753877272,43.14671814671816,2.1281975083536278,59.53166226912927,48.37
1998,Carrots and turnips,48.37,59.53166226912927,-7.164727495407219,43.497363796133534,-23.263654753877272,5.3093186819228775,18.896009923506305,57.51
1999,Carrots and turnips,57.51,18.896009923506305,59.53166226912927,-7.164727495407219,43.497363796133534,6.807739935714669,-37.767344809598335,35.79
2000,Carrots and turnips,35.79,-37.767344809598335,18.896009923506305,59.53166226912927,-7.164727495407219,5.465610982369877,-1.452919810002784,35.27
2001,Carrots and turnips,35.27,-1.452919810002784,-37.767344809598335,18.896009923506305,59.53166226912927,0.20659023959278175,15.764105472072565,40.83
2002,Carrots and turnips,40.83,15.764105472072565,-1.452919810002784,-37.767344809598335,18.896009923506305,0.4021623851828693,-2.4491795248591686,39.83
2003,Carrots and turnips,39.83,-2.4491795248591686,15.764105472072565,-1.452919810002784,-37.767344809598335,3.8618262146103532,5.975395430579966,42.21
2004,Carrots and turnips,42.21,5.975395430579966,-2.4491795248591686,15.764105472072565,-1.452919810002784,3.932508396604188,8.860459606728277,45.95
2005,Carrots and turnips,45.95,8.860459606728277,5.975395430579966,-2.4491795248591686,15.764105472072565,2.826332976344633,6.507072905331879,48.94
2006,Carrots and turnips,48.94,6.507072905331879,8.860459606728277,5.975395430579966,-2.4491795248591686,1.1005524212279738,22.905598692276264,60.15
2007,Carrots and turnips,60.15,22.905598692276264,6.507072905331879,8.860459606728277,5.975395430579966,12.484262009140073,-1.3965087281795463,59.31
2008,Carrots and turnips,59.31,-1.3965087281795463,22.905598692276264,6.507072905331879,8.860459606728277,15.974398579701523,10.470409711684358,65.52
2009,Carrots and turnips,65.52,10.470409711684358,-1.3965087281795463,22.905598692276264,6.507072905331879,21.22609036179163,17.73504273504274,77.14
2010,Carrots and turnips,77.14,17.73504273504274,10.470409711684358,-1.3965087281795463,22.905598692276264,12.417978574628505,9.048483277158414,84.12
2011,Carrots and turnips,84.12,9.048483277158414,17.73504273504274,10.470409711684358,-1.3965087281795463,11.765058678658905,8.511650023775562,91.28
2012,Carrots and turnips,91.28,8.511650023775562,9.048483277158414,17.73504273504274,10.470409711684358,4.40727785462041,-4.338299737072749,87.32
2013,Carrots and turnips,87.32,-4.338299737072749,8.511650023775562,9.048483277158414,17.73504273504274,4.189253882405293,8.394411360513065,94.65
2014,Carrots and turnips,94.65,8.394411360513065,-4.338299737072749,8.511650023775562,9.048483277158414,3.3629546228512956,6.032752245113571,100.36
2015,Carrots and turnips,100.36,6.032752245113571,8.394411360513065,-4.338299737072749,8.511650023775562,6.346851798394744,4.613391789557597,104.99
2016,Carrots and turnips,104.99,4.613391789557597,6.032752245113571,8.394411360513065,-4.338299737072749,5.164741601422758,4.848080769597107,110.08
2017,Carrots and turnips,110.08,4.848080769597107,4.613391789557597,6.032752245113571,8.394411360513065,3.059953062353893,-0.28161337209302584,109.77
2018,Carrots and turnips,109.77,-0.28161337209302584,4.848080769597107,4.613391789557597,6.032752245113571,4.874620042586083,1.1478546050833538,111.03
2019,Carrots and turnips,111.03,1.1478546050833538,-0.28161337209302584,4.848080769597107,4.613391789557597,0.5629001579876037,-0.558407637575431,110.41
2020,Carrots and turnips,110.41,-0.558407637575431,1.1478546050833538,-0.28161337209302584,4.848080769597107,4.751391839175189,5.968662258853374,117.0
2021,Carrots and turnips,117.0,5.968662258853374,-0.558407637575431,1.1478546050833538,-0.28161337209302584,3.069871879790931,2.384615384615385,119.79
2022,Carrots and turnips,119.79,2.384615384615385,5.968662258853374,-0.558407637575431,1.1478546050833538,6.195820193923388,-0.10017530678687603,119.67
2023,Carrots and turnips,119.67,-0.10017530678687603,2.384615384615385,5.968662258853374,-0.558407637575431,5.338519296948781,12.584607671095505,134.73
2024,Carrots and turnips,134.73,12.584607671095505,-0.10017530678687603,2.384615384615385,5.968662258853374,,3.532991909745431,139.49
2025,Carrots and turnips,139.49,3.532991909745431,12.584607671095505,-0.10017530678687603,2.384615384615385,,,
1991,"Cashew nuts, in shell",16.89,,,,,8.59800901875399,49.555950266429846,25.26
1992,"Cashew nuts, in shell",25.26,49.555950266429846,,,,8.444122282946358,-7.2050673000791825,23.44
1993,"Cashew nuts, in shell",23.44,-7.2050673000791825,49.555950266429846,,,-0.4697822600364911,8.020477815699657,25.32
1994,"Cashew nuts, in shell",25.32,8.020477815699657,-7.2050673000791825,49.555950266429846,,10.478884086752247,21.011058451816744,30.64
1995,"Cashew nuts, in shell",30.64,21.011058451816744,8.020477815699657,-7.2050673000791825,49.555950266429846,6.521595323047733,7.343342036553535,32.89
1996,"Cashew nuts, in shell",32.89,7.343342036553535,21.011058451816744,8.020477815699657,-7.2050673000791825,0.5711802894308035,-1.7634539373669766,32.31
1997,"Cashew nuts, in shell",32.31,-1.7634539373669766,7.343342036553535,21.011058451816744,8.020477815699657,-6.855967300777664,0.8047044258743252,32.57
1998,"Cashew nuts, in shell",32.57,0.8047044258743252,-1.7634539373669766,7.343342036553535,21.011058451816744,6.513809372758548,16.886705557261283,38.07
1999,"Cashew nuts, in shell",38.07,16.886705557261283,0.8047044258743252,-1.7634539373669766,7.343342036553535,7.114309314213376,2.731809824008402,39.11
2000,"Cashew nuts, in shell",39.11,2.731809824008402,16.886705557261283,0.8047044258743252,-1.7634539373669766,12.757710401445474,-3.221682434160056,37.85
2001,"Cashew nuts, in shell",37.85,-3.221682434160056,2.731809824008402,16.886705557261283,0.8047044258743252,9.3387209564762,1.109643328929999,38.27
2002,"Cashew nuts, in shell",38.27,1.109643328929999,-3.221682434160056,2.731809824008402,16.886705557261283,10.659833225260362,3.3185262607786647,39.54
2003,"Cashew nuts, in shell",39.54,3.3185262607786647,1.109643328929999,-3.221682434160056,2.731809824008402,8.936314572849186,7.157309054122396,42.37
2004,"Cashew nuts, in shell",42.37,7.157309054122396,3.3185262607786647,1.109643328929999,-3.221682434160056,12.417978574628506,1.3216898749115025,42.93
2005,"Cashew nuts, in shell",42.93,1.3216898749115025,7.157309054122396,3.3185262607786647,1.109643328929999,11.765058678658908,0.0,42.93
2006,"Cashew nuts, in shell",42.93,0.0,1.3216898749115025,7.157309054122396,3.3185262607786647,4.407277854620411,1.979967388772419,43.78
2007,"Cashew nuts, in shell",43.78,1.979967388772419,0.0,1.3216898749115025,7.157309054122396,4.189253882405295,35.472818638647794,59.31
2008,"Cashew nuts, in shell",59.31,35.472818638647794,1.979967388772419,0.0,1.3216898749115025,3.362954622851298,10.470409711684358,65.52
2009,"Cashew nuts, in shell",65.52,10.470409711684358,35.472818638647794,1.979967388772419,0.0,6.346851798394746,17.73504273504274,77.14
2010,"Cashew nuts, in shell",77.14,17.73504273504274,10.470409711684358,35.472818638647794,1.979967388772419,5.164741601422761,9.048483277158414,84.12
2011,"Cashew nuts, in shell",84.12,9.048483277158414,17.73504273504274,10.470409711684358,35.472818638647794,3.059953062353895,8.511650023775562,91.28
2012,"Cashew nuts, in shell",91.28,8.511650023775562,9.048483277158414,17.73504273504274,10.470409711684358,1.5191191467736311,-4.338299737072749,87.32
2013,"Cashew nuts, in shell",87.32,-4.338299737072749,8.511650023775562,9.048483277158414,17.73504273504274,1.731323516091601,8.394411360513065,94.65
2014,"Cashew nuts, in shell",94.65,8.394411360513065,-4.338299737072749,8.511650023775562,9.048483277158414,6.140850769563509,6.032752245113571,100.36
2015,"Cashew nuts, in shell",100.36,6.032752245113571,8.394411360513065,-4.338299737072749,8.511650023775562,6.490552049420878,4.613391789557597,104.99
2016,"Cashew nuts, in shell",104.99,4.613391789557597,6.032752245113571,8.394411360513065,-4.338299737072749,5.265262304369753,4.848080769597107,110.08
2017,"Cashew nuts, in shell",110.08,4.848080769597107,4.613391789557597,6.032752245113571,8.394411360513065,3.918185816122231,-0.28161337209302584,109.77
2018,"Cashew nuts, in shell",109.77,-0.28161337209302584,4.848080769597107,4.613391789557597,6.032752245113571,,10.057392730254167,120.81
2019,"Cashew nuts, in shell",120.81,10.057392730254167,-0.28161337209302584,4.848080769597107,4.613391789557597,,-8.087078884198329,111.04
2020,"Cashew nuts, in shell",111.04,-8.087078884198329,10.057392730254167,-0.28161337209302584,4.848080769597107,,12.283861671469731,124.68
2021,"Cashew nuts, in shell",124.68,12.283861671469731,-8.087078884198329,10.057392730254167,-0.28161337209302584,,5.01283285210139,130.93
2022,"Cashew nuts, in shell",130.93,5.01283285210139,12.283861671469731,-8.087078884198329,10.057392730254167,16.952224836117686,1.2907660581990443,132.62
2023,"Cashew nuts, in shell",132.62,1.2907660581990443,5.01283285210139,12.283861671469731,-8.087078884198329,13.867821122673083,9.711958980545909,145.5
2024,"Cashew nuts, in shell",145.5,9.711958980545909,1.2907660581990443,5.01283285210139,12.283861671469731,3.312615799723235,6.618556701030931,155.13
2025,"Cashew nuts, in shell",155.13,6.618556701030931,9.711958980545909,1.2907660581990443,5.01283285210139,-4.471696466089807,,
1991,"Cassava, fresh",25.37,,,,,4.665500924622527,-12.928655892786756,22.09
1992,"Cassava, fresh",22.09,-12.928655892786756,,,,9.454250774440023,16.478044363965605,25.73
1993,"Cassava, fresh",25.73,16.478044363965605,-12.928655892786756,,,7.987159020414295,12.009327633113088,28.82
1994,"Cassava, fresh",28.82,12.009327633113088,16.478044363965605,-12.928655892786756,,5.173130884050436,31.158917418459396,37.8
1995,"Cassava, fresh",37.8,31.158917418459396,12.009327633113088,16.478044363965605,-12.928655892786756,10.150906897383223,-18.915343915343918,30.65
1996,"Cassava, fresh",30.65,-18.915343915343918,31.158917418459396,12.009327633113088,16.478044363965605,14.120730215925404,49.29853181076673,45.76
1997,"Cassava, fresh",45.76,49.29853181076673,-18.915343915343918,31.158917418459396,12.009327633113088,8.349755281992076,-4.589160839160844,43.66
1998,"Cassava, fresh",43.66,-4.589160839160844,49.29853181076673,-18.915343915343918,31.158917418459396,-0.28288325942697057,-19.377004122766817,35.2
1999,"Cassava, fresh",35.2,-19.377004122766817,-4.589160839160844,49.29853181076673,-18.915343915343918,-2.8354513739995397,22.556818181818183,43.14
2000,"Cassava, fresh",43.14,22.556818181818183,-19.377004122766817,-4.589160839160844,49.29853181076673,3.778895404533877,28.25683820120537,55.33
2001,"Cassava, fresh",55.33,28.25683820120537,22.556818181818183,-19.377004122766817,-4.589160839160844,6.242667122186654,-31.248870413880358,38.04
2002,"Cassava, fresh",38.04,-31.248870413880358,28.25683820120537,22.556818181818183,-19.377004122766817,10.659833225260362,4.705573080967396,39.83
2003,"Cassava, fresh",39.83,4.705573080967396,-31.248870413880358,28.25683820120537,22.556818181818183,8.936314572849186,5.975395430579966,42.21
2004,"Cassava, fresh",42.21,5.975395430579966,4.705573080967396,-31.248870413880358,28.25683820120537,12.417978574628506,8.860459606728277,45.95
2005,"Cassava, fresh",45.95,8.860459606728277,5.975395430579966,4.705573080967396,-31.248870413880358,11.765058678658908,6.507072905331879,48.94
2006,"Cassava, fresh",48.94,6.507072905331879,8.860459606728277,5.975395430579966,4.705573080967396,4.407277854620411,22.905598692276264,60.15
2007,"Cassava, fresh",60.15,22.905598692276264,6.507072905331879,8.860459606728277,5.975395430579966,4.189253882405295,-1.3965087281795463,59.31
2008,"Cassava, fresh",59.31,-1.3965087281795463,22.905598692276264,6.507072905331879,8.860459606728277,3.362954622851298,10.470409711684358,65.52
2009,"Cassava, fresh",65.52,10.470409711684358,-1.3965087281795463,22.905598692276264,6.507072905331879,6.346851798394746,17.73504273504274,77.14
2010,"Cassava, fresh",77.14,17.73504273504274,10.470409711684358,-1.3965087281795463,22.905598692276264,5.164741601422761,9.048483277158414,84.12
2011,"Cassava, fresh",84.12,9.048483277158414,17.73504273504274,10.470409711684358,-1.3965087281795463,3.059953062353895,8.511650023775562,91.28
2012,"Cassava, fresh",91.28,8.511650023775562,9.048483277158414,17.73504273504274,10.470409711684358,-0.11156318901939007,-4.338299737072749,87.32
2013,"Cassava, fresh",87.32,-4.338299737072749,8.511650023775562,9.048483277158414,17.73504273504274,-4.460929831859515,8.394411360513065,94.65
2014,"Cassava, fresh",94.65,8.394411360513065,-4.338299737072749,8.511650023775562,9.048483277158414,2.906237754657147,6.032752245113571,100.36
2015,"Cassava, fresh",100.36,6.032752245113571,8.394411360513065,-4.338299737072749,8.511650023775562,6.438763207352593,4.613391789557597,104.99
2016,"Cassava, fresh",104.99,4.613391789557597,6.032752245113571,8.394411360513065,-4.338299737072749,9.75291714748697,4.848080769597107,110.08
2017,"Cassava, fresh",110.08,4.848080769597107,4.613391789557597,6.032752245113571,8.394411360513065,5.6180626158600075,-0.28161337209302584,109.77
2018,"Cassava, fresh",109.77,-0.28161337209302584,4.848080769597107,4.613391789557597,6.032752245113571,,-0.009109957183195405,109.76
2019,"Cassava, fresh",109.76,-0.009109957183195405,-0.28161337209302584,4.848080769597107,4.613391789557597,,5.484693877551017,115.78
2020,"Cassava, fresh",115.78,5.484693877551017,-0.009109957183195405,-0.28161337209302584,4.848080769597107,,12.946968388322698,130.77
2021,"Cassava, fresh",130.77,12.946968388322698,5.484693877551017,-0.009109957183195405,-0.28161337209302584,,1.039993882388912,132.13
2022,"Cassava, fresh",132.13,1.039993882388912,12.946968388322698,5.484693877551017,-0.009109957183195405,10.842184241170571,1.808824642397644,134.52
2023,"Cassava, fresh",134.52,1.808824642397644,1.039993882388912,12.946968388322698,5.484693877551017,7.8499197518043005,8.905738923580131,146.5
2024,"Cassava, fresh",146.5,8.905738923580131,1.808824642397644,1.039993882388912,12.946968388322698,9.839670983765417,5.897610921501695,155.14
2025,"Cassava, fresh",155.14,5.897610921501695,8.905738923580131,1.808824642397644,1.039993882388912,9.065950097791863,,
1991,Castor oil seeds,21.39,,,,,12.417978574628506,10.659186535764388,23.67
1992,Castor oil seeds,23.67,10.659186535764388,,,,11.765058678658908,19.476130122517944,28.28
1993,Castor oil seeds,28.28,19.476130122517944,10.659186535764388,,,4.407277854620411,20.72135785007072,34.14
1994,Castor oil seeds,34.14,20.72135785007072,19.476130122517944,10.659186535764388,,4.189253882405295,1.4059753954305698,34.62
1995,Castor oil seeds,34.62,1.4059753954305698,20.72135785007072,19.476130122517944,10.659186535764388,3.362954622851298,-12.189485846331593,30.4
1996,Castor oil seeds,30.4,-12.189485846331593,1.4059753954305698,20.72135785007072,19.476130122517944,6.346851798394746,-2.631578947368407,29.6
1997,Castor oil seeds,29.6,-2.631578947368407,-12.189485846331593,1.4059753954305698,20.72135785007072,5.164741601422761,28.817567567567572,38.13
1998,Castor oil seeds,38.13,28.817567567567572,-2.631578947368407,-12.189485846331593,1.4059753954305698,3.059953062353895,2.1767637031208986,38.96
1999,Castor oil seeds,38.96,2.1767637031208986,28.817567567567572,-2.631578947368407,-12.189485846331593,1.8531509101576773,-7.032854209445594,36.22
2000,Castor oil seeds,36.22,-7.032854209445594,2.1767637031208986,28.817567567567572,-2.631578947368407,0.6881432905848367,20.375483158475994,43.6
2001,Castor oil seeds,43.6,20.375483158475994,-7.032854209445594,2.1767637031208986,28.817567567567572,7.465887679122783,17.11009174311926,51.06
2002,Castor oil seeds,51.06,17.11009174311926,20.375483158475994,-7.032854209445594,2.1767637031208986,10.043435331372317,4.876615746180946,53.55
2003,Castor oil seeds,53.55,4.876615746180946,17.11009174311926,20.375483158475994,-7.032854209445594,10.458364479948495,3.062558356676015,55.19
2004,Castor oil seeds,55.19,3.062558356676015,4.876615746180946,17.11009174311926,20.375483158475994,4.851117785521973,-8.787823881137879,50.34
2005,Castor oil seeds,50.34,-8.787823881137879,3.062558356676015,4.876615746180946,17.11009174311926,,-2.7810885975367627,48.94
2006,Castor oil seeds,48.94,-2.7810885975367627,-8.787823881137879,3.062558356676015,4.876615746180946,,22.905598692276264,60.15
2007,Castor oil seeds,60.15,22.905598692276264,-2.7810885975367627,-8.787823881137879,3.062558356676015,,-1.3965087281795463,59.31
2008,Castor oil seeds,59.31,-1.3965087281795463,22.905598692276264,-2.7810885975367627,-8.787823881137879,,10.470409711684358,65.52
2009,Castor oil seeds,65.52,10.470409711684358,-1.3965087281795463,22.905598692276264,-2.7810885975367627,16.00739840037926,17.73504273504274,77.14
2010,Castor oil seeds,77.14,17.73504273504274,10.470409711684358,-1.3965087281795463,22.905598692276264,13.095725017663646,9.048483277158414,84.12
2011,Castor oil seeds,84.12,9.048483277158414,17.73504273504274,10.470409711684358,-1.3965087281795463,10.73703886736078,8.511650023775562,91.28
2012,Castor oil seeds,91.28,8.511650023775562,9.048483277158414,17.73504273504274,10.470409711684358,12.803408391465473,-4.338299737072749,87.32
2013,Castor oil seeds,87.32,-4.338299737072749,8.511650023775562,9.048483277158414,17.73504273504274,13.236534839526636,8.394411360513065,94.65
2014,Castor oil seeds,94.65,8.394411360513065,-4.338299737072749,8.511650023775562,9.048483277158414,3.883232735785168,6.032752245113571,100.36
2015,Castor oil seeds,100.36,6.032752245113571,8.394411360513065,-4.338299737072749,8.511650023775562,-1.3559548993797979,4.613391789557597,104.99
2016,Castor oil seeds,104.99,4.613391789557597,6.032752245113571,8.394411360513065,-4.338299737072749,-0.5488868389886136,4.848080769597107,110.08
2017,Castor oil seeds,110.08,4.848080769597107,4.613391789557597,6.032752245113571,8.394411360513065,5.315296960417858,-0.28161337209302584,109.77
2018,Castor oil seeds,109.77,-0.28161337209302584,4.848080769597107,4.613391789557597,6.032752245113571,9.705235083114067,-4.901156964562259,104.39
2019,Castor oil seeds,104.39,-4.901156964562259,-0.28161337209302584,4.848080769597107,4.613391789557597,9.600597501273846,-8.200019158923267,95.83
2020,Castor oil seeds,95.83,-8.200019158923267,-4.901156964562259,-0.28161337209302584,4.848080769597107,7.768451315994546,21.81988938745696,116.74
2021,Castor oil seeds,116.74,21.81988938745696,-8.200019158923267,-4.901156964562259,-0.28161337209302584,7.114309314213376,5.696419393524077,123.39
2022,Castor oil seeds,123.39,5.696419393524077,21.81988938745696,-8.200019158923267,-4.901156964562259,12.757710401445474,1.7424426614798705,125.54
2023,Castor oil seeds,125.54,1.7424426614798705,5.696419393524077,21.81988938745696,-8.200019158923267,9.3387209564762,9.415325792576068,137.36
2024,Castor oil seeds,137.36,9.415325792576068,1.7424426614798705,5.696419393524077,21.81988938745696,10.659833225260362,8.605125218404197,149.18
2025,Castor oil seeds,149.18,8.605125218404197,9.415325792576068,1.7424426614798705,5.696419393524077,8.936314572849186,,
1991,Cauliflowers and broccoli,13.97,,,,,4.189253882405295,18.89763779527558,16.61
1992,Cauliflowers and broccoli,16.61,18.89763779527558,,,,3.362954622851298,6.080674292594823,17.62
1993,Cauliflowers and broccoli,17.62,6.080674292594823,18.89763779527558,,,6.346851798394746,7.548240635641301,18.95
1994,Cauliflowers and broccoli,18.95,7.548240635641301,6.080674292594823,18.89763779527558,,5.164741601422761,9.92084432717677,20.83
1995,Cauliflowers and broccoli,20.83,9.92084432717677,7.548240635641301,6.080674292594823,18.89763779527558,3.059953062353895,12.04992798847817,23.34
1996,Cauliflowers and broccoli,23.34,12.04992798847817,9.92084432717677,7.548240635641301,6.080674292594823,4.874620042586085,5.22707797772064,24.56
1997,Cauliflowers and broccoli,24.56,5.22707797772064,12.04992798847817,9.92084432717677,7.548240635641301,0.4470157113358392,30.49674267100977,32.05
1998,Cauliflowers and broccoli,32.05,30.49674267100977,5.22707797772064,12.04992798847817,9.92084432717677,7.0767754631014315,-0.062402496099833726,32.03
1999,Cauliflowers and broccoli,32.03,-0.062402496099833726,30.49674267100977,5.22707797772064,12.04992798847817,5.439978969664485,6.05682172962847,33.97
2000,Cauliflowers and broccoli,33.97,6.05682172962847,-0.062402496099833726,30.49674267100977,5.22707797772064,9.197981526268498,-0.6770680011775054,33.74
2001,Cauliflowers and broccoli,33.74,-0.6770680011775054,6.05682172962847,-0.062402496099833726,30.49674267100977,4.866142198410434,8.832246591582681,36.72
2002,Cauliflowers and broccoli,36.72,8.832246591582681,-0.6770680011775054,6.05682172962847,-0.062402496099833726,,8.469498910675387,39.83
2003,Cauliflowers and broccoli,39.83,8.469498910675387,8.832246591582681,-0.6770680011775054,6.05682172962847,,5.975395430579966,42.21
2004,Cauliflowers and broccoli,42.21,5.975395430579966,8.469498910675387,8.832246591582681,-0.6770680011775054,,8.860459606728277,45.95
2005,Cauliflowers and broccoli,45.95,8.860459606728277,5.975395430579966,8.469498910675387,8.832246591582681,,6.507072905331879,48.94
2006,Cauliflowers and broccoli,48.94,6.507072905331879,8.860459606728277,5.975395430579966,8.469498910675387,12.184817825899032,22.905598692276264,60.15
2007,Cauliflowers and broccoli,60.15,22.905598692276264,6.507072905331879,8.860459606728277,5.975395430579966,7.9174651909584,-1.3965087281795463,59.31
2008,Cauliflowers and broccoli,59.31,-1.3965087281795463,22.905598692276264,6.507072905331879,8.860459606728277,3.7928458844409305,10.470409711684358,65.52
2009,Cauliflowers and broccoli,65.52,10.470409711684358,-1.3965087281795463,22.905598692276264,6.507072905331879,8.739353525807608,17.73504273504274,77.14
2010,Cauliflowers and broccoli,77.14,17.73504273504274,10.470409711684358,-1.3965087281795463,22.905598692276264,12.552508417393875,9.048483277158414,84.12
2011,Cauliflowers and broccoli,84.12,9.048483277158414,17.73504273504274,10.470409711684358,-1.3965087281795463,8.667102661254702,8.511650023775562,91.28
2012,Cauliflowers and broccoli,91.28,8.511650023775562,9.048483277158414,17.73504273504274,10.470409711684358,7.392838710842955,-4.338299737072749,87.32
2013,Cauliflowers and broccoli,87.32,-4.338299737072749,8.511650023775562,9.048483277158414,17.73504273504274,4.3214560151828065,8.394411360513065,94.65
2014,Cauliflowers and broccoli,94.65,8.394411360513065,-4.338299737072749,8.511650023775562,9.048483277158414,3.357857299262111,6.032752245113571,100.36
2015,Cauliflowers and broccoli,100.36,6.032752245113571,8.394411360513065,-4.338299737072749,8.511650023775562,0.5696371989631749,4.613391789557597,104.99
2016,Cauliflowers and broccoli,104.99,4.613391789557597,6.032752245113571,8.394411360513065,-4.338299737072749,1.3254168747949477,4.848080769597107,110.08
2017,Cauliflowers and broccoli,110.08,4.848080769597107,4.613391789557597,6.032752245113571,8.394411360513065,1.0018783805046159,-0.28161337209302584,109.77
2018,Cauliflowers and broccoli,109.77,-0.28161337209302584,4.848080769597107,4.613391789557597,6.032752245113571,10.42444907242851,6.285870456408871,116.67
2019,Cauliflowers and broccoli,116.67,6.285870456408871,-0.28161337209302584,4.848080769597107,4.613391789557597,16.01017229126961,0.7628353475614968,117.56
2020,Cauliflowers and broccoli,117.56,0.7628353475614968,6.285870456408871,-0.28161337209302584,4.848080769597107,15.859375514393223,7.3239197005784185,126.17
2021,Cauliflowers and broccoli,126.17,7.3239197005784185,0.7628353475614968,6.285870456408871,-0.28161337209302584,10.659833225260359,2.7264801458349863,129.61
2022,Cauliflowers and broccoli,129.61,2.7264801458349863,7.3239197005784185,0.7628353475614968,6.285870456408871,8.936314572849184,-1.442789908186115,127.74
2023,Cauliflowers and broccoli,127.74,-1.442789908186115,2.7264801458349863,7.3239197005784185,0.7628353475614968,12.417978574628506,9.550649757319562,139.94
2024,Cauliflowers and broccoli,139.94,9.550649757319562,-1.442789908186115,2.7264801458349863,7.3239197005784185,11.765058678658905,6.1526368443618695,148.55
2025,Cauliflowers and broccoli,148.55,6.1526368443618695,9.550649757319562,-1.442789908186115,2.7264801458349863,4.40727785462041,,
1991,"Cereals, primary",15.73,,,,,,4.958677685950419,16.51
1992,"Cereals, primary",16.51,4.958677685950419,,,,,7.450030284675924,17.74
1993,"Cereals, primary",17.74,7.450030284675924,4.958677685950419,,,,4.0586245772266105,18.46
1994,"Cereals, primary",18.46,4.0586245772266105,7.450030284675924,4.958677685950419,,,10.23835319609967,20.35
1995,"Cereals, primary",20.35,10.23835319609967,4.0586245772266105,7.450030284675924,4.958677685950419,,14.103194103194095,23.22
1996,"Cereals, primary",23.22,14.103194103194095,10.23835319609967,4.0586245772266105,7.450030284675924,,-13.522825150732132,20.08
1997,"Cereals, primary",20.08,-13.522825150732132,14.103194103194095,10.23835319609967,4.0586245772266105,,11.60358565737052,22.41
1998,"Cereals, primary",22.41,11.60358565737052,-13.522825150732132,14.103194103194095,10.23835319609967,,18.20615796519409,26.49
1999,"Cereals, primary",26.49,18.20615796519409,11.60358565737052,-13.522825150732132,14.103194103194095,,-1.812004530011313,26.01
2000,"Cereals, primary",26.01,-1.812004530011313,18.20615796519409,11.60358565737052,-13.522825150732132,,-1.0765090349865503,25.73
2001,"Cereals, primary",25.73,-1.0765090349865503,-1.812004530011313,18.20615796519409,11.60358565737052,,3.3812670034978565,26.6
2002,"Cereals, primary",26.6,3.3812670034978565,-1.0765090349865503,-1.812004530011313,18.20615796519409,,2.669172932330821,27.31
2003,"Cereals, primary",27.31,2.669172932330821,3.3812670034978565,-1.0765090349865503,-1.812004530011313,,28.963749542292195,35.22
2004,"Cereals, primary",35.22,28.963749542292195,2.669172932330821,3.3812670034978565,-1.0765090349865503,,1.902328222600791,35.89
2005,"Cereals, primary",35.89,1.902328222600791,28.963749542292195,2.669172932330821,3.3812670034978565,,23.07049317358596,44.17
2006,"Cereals, primary",44.17,23.07049317358596,1.902328222600791,28.963749542292195,2.669172932330821,,17.636404799637752,51.96
2007,"Cereals, primary",51.96,17.636404799637752,23.07049317358596,1.902328222600791,28.963749542292195,,14.145496535796775,59.31
2008,"Cereals, primary",59.31,14.145496535796775,17.636404799637752,23.07049317358596,1.902328222600791,,10.470409711684358,65.52
2009,"Cereals, primary",65.52,10.470409711684358,14.145496535796775,17.636404799637752,23.07049317358596,,17.73504273504274,77.14
2010,"Cereals, primary",77.14,17.73504273504274,10.470409711684358,14.145496535796775,17.636404799637752,,9.048483277158414,84.12
2011,"Cereals, primary",84.12,9.048483277158414,17.73504273504274,10.470409711684358,14.145496535796775,,8.511650023775562,91.28
2012,"Cereals, primary",91.28,8.511650023775562,9.048483277158414,17.73504273504274,10.470409711684358,,-4.338299737072749,87.32
2013,"Cereals, primary",87.32,-4.338299737072749,8.511650023775562,9.048483277158414,17.73504273504274,,8.394411360513065,94.65
2014,"Cereals, primary",94.65,8.394411360513065,-4.338299737072749,8.511650023775562,9.048483277158414,,6.032752245113571,100.36
2015,"Cereals, primary",100.36,6.032752245113571,8.394411360513065,-4.338299737072749,8.511650023775562,,4.613391789557597,104.99
2016,"Cereals, primary",104.99,4.613391789557597,6.032752245113571,8.394411360513065,-4.338299737072749,,4.848080769597107,110.08
2017,"Cereals, primary",110.08,4.848080769597107,4.613391789557597,6.032752245113571,8.394411360513065,,-0.28161337209302584,109.77
2018,"Cereals, primary",109.77,-0.28161337209302584,4.848080769597107,4.613391789557597,6.032752245113571,,0.9929853329689431,110.86
2019,"Cereals, primary",110.86,0.9929853329689431,-0.28161337209302584,4.848080769597107,4.613391789557597,,1.3530579108785856,112.36
2020,"Cereals, primary",112.36,1.3530579108785856,0.9929853329689431,-0.28161337209302584,4.848080769597107,,20.051619793520814,134.89
2021,"Cereals, primary",134.89,20.051619793520814,1.3530579108785856,0.9929853329689431,-0.28161337209302584,,8.725628289717546,146.66
2022,"Cereals, primary",146.66,8.725628289717546,20.051619793520814,1.3530579108785856,0.9929853329689431,,2.5978453566071202,150.47
2023,"Cereals, primary",150.47,2.5978453566071202,8.725628289717546,20.051619793520814,1.3530579108785856,,3.2298797102412458,155.33
2024,"Cereals, primary",155.33,3.2298797102412458,2.5978453566071202,8.725628289717546,20.051619793520814,,3.0773192557780105,160.11
2025,"Cereals, primary",160.11,3.0773192557780105,3.2298797102412458,2.5978453566071202,8.725628289717546,,,
1991,Cherries,14.42,,,,,5.164741601422758,11.303744798890424,16.05
1992,Cherries,16.05,11.303744798890424,,,,3.059953062353893,31.90031152647976,21.17
1993,Cherries,21.17,31.90031152647976,11.303744798890424,,,4.680274289344454,4.818138875767586,22.19
1994,Cherries,22.19,4.818138875767586,31.90031152647976,11.303744798890424,,4.237585137635805,2.5687246507435813,22.76
1995,Cherries,22.76,2.5687246507435813,4.818138875767586,31.90031152647976,11.303744798890424,9.494907494249874,24.824253075571168,28.41
1996,Cherries,28.41,24.824253075571168,2.5687246507435813,4.818138875767586,31.90031152647976,6.6987295622971565,11.017247448081658,31.54
1997,Cherries,31.54,11.017247448081658,24.824253075571168,2.5687246507435813,4.818138875767586,4.790924623784346,3.8681039949270746,32.76
1998,Cherries,32.76,3.8681039949270746,11.017247448081658,24.824253075571168,2.5687246507435813,2.7629611989414347,-3.2356532356532353,31.7
1999,Cherries,31.7,-3.2356532356532353,3.8681039949270746,11.017247448081658,24.824253075571168,,-4.7003154574132395,30.21
2000,Cherries,30.21,-4.7003154574132395,-3.2356532356532353,3.8681039949270746,11.017247448081658,,6.2893081761006275,32.11
2001,Cherries,32.11,6.2893081761006275,-4.7003154574132395,-3.2356532356532353,3.8681039949270746,,14.356898162566178,36.72
2002,Cherries,36.72,14.356898162566178,6.2893081761006275,-4.7003154574132395,-3.2356532356532353,,8.469498910675387,39.83
2003,Cherries,39.83,8.469498910675387,14.356898162566178,6.2893081761006275,-4.7003154574132395,-1.1028268504696765,5.975395430579966,42.21
2004,Cherries,42.21,5.975395430579966,8.469498910675387,14.356898162566178,6.2893081761006275,13.620058959372665,8.860459606728277,45.95
2005,Cherries,45.95,8.860459606728277,5.975395430579966,8.469498910675387,14.356898162566178,23.310506588183177,6.507072905331879,48.94
2006,Cherries,48.94,6.507072905331879,8.860459606728277,5.975395430579966,8.469498910675387,6.401299141519928,22.905598692276264,60.15
2007,Cherries,60.15,22.905598692276264,6.507072905331879,8.860459606728277,5.975395430579966,6.209301123434955,-1.3965087281795463,59.31
2008,Cherries,59.31,-1.3965087281795463,22.905598692276264,6.507072905331879,8.860459606728277,-2.8078251901777413,10.470409711684358,65.52
2009,Cherries,65.52,10.470409711684358,-1.3965087281795463,22.905598692276264,6.507072905331879,8.10122385394972,17.73504273504274,77.14
2010,Cherries,77.14,17.73504273504274,10.470409711684358,-1.3965087281795463,22.905598692276264,-1.3628074850816259,9.048483277158414,84.12
2011,Cherries,84.12,9.048483277158414,17.73504273504274,10.470409711684358,-1.3965087281795463,2.1771946455245272,8.511650023775562,91.28
2012,Cherries,91.28,8.511650023775562,9.048483277158414,17.73504273504274,10.470409711684358,1.879581345837707,-4.338299737072749,87.32
2013,Cherries,87.32,-4.338299737072749,8.511650023775562,9.048483277158414,17.73504273504274,0.6152882743104179,8.394411360513065,94.65
2014,Cherries,94.65,8.394411360513065,-4.338299737072749,8.511650023775562,9.048483277158414,0.7947649149461222,6.032752245113571,100.36
2015,Cherries,100.36,6.032752245113571,8.394411360513065,-4.338299737072749,8.511650023775562,5.076350077497139,4.613391789557597,104.99
2016,Cherries,104.99,4.613391789557597,6.032752245113571,8.394411360513065,-4.338299737072749,14.32306493533874,4.848080769597107,110.08
2017,Cherries,110.08,4.848080769597107,4.613391789557597,6.032752245113571,8.394411360513065,12.56697427419875,-0.28161337209302584,109.77
2018,Cherries,109.77,-0.28161337209302584,4.848080769597107,4.613391789557597,6.032752245113571,10.659833225260359,10.057392730254167,120.81
2019,Cherries,120.81,10.057392730254167,-0.28161337209302584,4.848080769597107,4.613391789557597,8.936314572849184,-8.43473222415363,110.62
2020,Cherries,110.62,-8.43473222415363,10.057392730254167,-0.28161337209302584,4.848080769597107,12.417978574628506,19.60766588320375,132.31
2021,Cherries,132.31,19.60766588320375,-8.43473222415363,10.057392730254167,-0.28161337209302584,11.765058678658905,5.147003249943327,139.12
2022,Cherries,139.12,5.147003249943327,19.60766588320375,-8.43473222415363,10.057392730254167,4.40727785462041,2.839275445658407,143.07
2023,Cherries,143.07,2.839275445658407,5.147003249943327,19.60766588320375,-8.43473222415363,4.189253882405293,6.612147899629561,152.53
2024,Cherries,152.53,6.612147899629561,2.839275445658407,5.147003249943327,19.60766588320375,3.3629546228512956,6.208614698747783,162.0
2025,Cherries,162.0,6.208614698747783,6.612147899629561,2.839275445658407,5.147003249943327,6.346851798394744,,
1991,"Chick peas, dry",16.6,,,,,12.984548450663953,14.457831325301186,19.0
1992,"Chick peas, dry",19.0,14.457831325301186,,,,10.7726345781778,26.94736842105263,24.12
1993,"Chick peas, dry",24.12,26.94736842105263,14.457831325301186,,,12.794865739740601,-4.850746268656724,22.95
1994,"Chick peas, dry",22.95,-4.850746268656724,26.94736842105263,14.457831325301186,,12.999298501765933,1.6557734204792895,23.33
1995,"Chick peas, dry",23.33,1.6557734204792895,-4.850746268656724,26.94736842105263,14.457831325301186,3.7621321255101385,14.57351050150022,26.73
1996,"Chick peas, dry",26.73,14.57351050150022,1.6557734204792895,-4.850746268656724,26.94736842105263,-1.342919839910043,9.98877665544331,29.4
1997,"Chick peas, dry",29.4,9.98877665544331,14.57351050150022,1.6557734204792895,-4.850746268656724,-0.4164308282989155,13.095238095238093,33.25
1998,"Chick peas, dry",33.25,13.095238095238093,9.98877665544331,14.57351050150022,1.6557734204792895,5.452049987356766,2.917293233082696,34.22
1999,"Chick peas, dry",34.22,2.917293233082696,13.095238095238093,9.98877665544331,14.57351050150022,9.76397143820696,6.165984804208069,36.33
2000,"Chick peas, dry",36.33,6.165984804208069,2.917293233082696,13.095238095238093,9.98877665544331,9.600597501273844,3.8810900082576483,37.74
2001,"Chick peas, dry",37.74,3.8810900082576483,6.165984804208069,2.917293233082696,13.095238095238093,7.768451315994544,0.026497085320609237,37.75
2002,"Chick peas, dry",37.75,0.026497085320609237,3.8810900082576483,6.165984804208069,2.917293233082696,7.114309314213375,-2.19867549668874,36.92
2003,"Chick peas, dry",36.92,-2.19867549668874,0.026497085320609237,3.8810900082576483,6.165984804208069,12.757710401445474,6.148429035752967,39.19
2004,"Chick peas, dry",39.19,6.148429035752967,-2.19867549668874,0.026497085320609237,3.8810900082576483,9.3387209564762,-0.9441183975503864,38.82
2005,"Chick peas, dry",38.82,-0.9441183975503864,6.148429035752967,-2.19867549668874,0.026497085320609237,10.659833225260359,26.069036579082947,48.94
2006,"Chick peas, dry",48.94,26.069036579082947,-0.9441183975503864,6.148429035752967,-2.19867549668874,8.936314572849184,22.905598692276264,60.15
2007,"Chick peas, dry",60.15,22.905598692276264,26.069036579082947,-0.9441183975503864,6.148429035752967,12.417978574628506,-1.3965087281795463,59.31
2008,"Chick peas, dry",59.31,-1.3965087281795463,22.905598692276264,26.069036579082947,-0.9441183975503864,11.765058678658905,10.470409711684358,65.52
2009,"Chick peas, dry",65.52,10.470409711684358,-1.3965087281795463,22.905598692276264,26.069036579082947,4.40727785462041,17.73504273504274,77.14
2010,"Chick peas, dry",77.14,17.73504273504274,10.470409711684358,-1.3965087281795463,22.905598692276264,4.189253882405293,9.048483277158414,84.12
2011,"Chick peas, dry",84.12,9.048483277158414,17.73504273504274,10.470409711684358,-1.3965087281795463,3.3629546228512956,8.511650023775562,91.28
2012,"Chick peas, dry",91.28,8.511650023775562,9.048483277158414,17.73504273504274,10.470409711684358,6.346851798394744,-4.338299737072749,87.32
2013,"Chick peas, dry",87.32,-4.338299737072749,8.511650023775562,9.048483277158414,17.73504273504274,5.164741601422758,8.394411360513065,94.65
2014,"Chick peas, dry",94.65,8.394411360513065,-4.338299737072749,8.511650023775562,9.048483277158414,3.059953062353893,6.032752245113571,100.36
2015,"Chick peas, dry",100.36,6.032752245113571,8.394411360513065,-4.338299737072749,8.511650023775562,3.5870794273603104,4.613391789557597,104.99
2016,"Chick peas, dry",104.99,4.613391789557597,6.032752245113571,8.394411360513065,-4.338299737072749,-0.9456499064074789,4.848080769597107,110.08
2017,"Chick peas, dry",110.08,4.848080769597107,4.613391789557597,6.032752245113571,8.394411360513065,6.4529123899465555,-0.28161337209302584,109.77
2018,"Chick peas, dry",109.77,-0.28161337209302584,4.848080769597107,4.613391789557597,6.032752245113571,6.21299390261382,9.474355470529282,120.17
2019,"Chick peas, dry",120.17,9.474355470529282,-0.28161337209302584,4.848080769597107,4.613391789557597,10.038698603965823,3.52001331447116,124.4
2020,"Chick peas, dry",124.4,3.52001331447116,9.474355470529282,-0.28161337209302584,4.848080769597107,4.861969854246169,15.490353697749182,143.67
2021,"Chick peas, dry",143.67,15.490353697749182,3.52001331447116,9.474355470529282,-0.28161337209302584,,1.085821674671128,145.23
2022,"Chick peas, dry",145.23,1.085821674671128,15.490353697749182,3.52001331447116,9.474355470529282,,-2.2034015010672703,142.03
2023,"Chick peas, dry",142.03,-2.2034015010672703,1.085821674671128,15.490353697749182,3.52001331447116,,9.406463423220446,155.39
2024,"Chick peas, dry",155.39,9.406463423220446,-2.2034015010672703,1.085821674671128,15.490353697749182,,8.60415728167836,168.76
2025,"Chick peas, dry",168.76,8.60415728167836,9.406463423220446,-2.2034015010672703,1.085821674671128,6.65653357108494,,
1991,"Chillies and peppers, dry (Capsicum spp., Pimenta spp.), raw",32.2,,,,,9.338720956476198,-16.242236024844736,26.97
1992,"Chillies and peppers, dry (Capsicum spp., Pimenta spp.), raw",26.97,-16.242236024844736,,,,10.659833225260359,-9.306637004078599,24.46
1993,"Chillies and peppers, dry (Capsicum spp., Pimenta spp.), raw",24.46,-9.306637004078599,-16.242236024844736,,,8.936314572849184,22.240392477514305,29.9
1994,"Chillies and peppers, dry (Capsicum spp., Pimenta spp.), raw",29.9,22.240392477514305,-9.306637004078599,-16.242236024844736,,12.417978574628506,27.926421404682287,38.25
1995,"Chillies and peppers, dry (Capsicum spp., Pimenta spp.), raw",38.25,27.926421404682287,22.240392477514305,-9.306637004078599,-16.242236024844736,11.765058678658905,19.76470588235295,45.81
1996,"Chillies and peppers, dry (Capsicum spp., Pimenta spp.), raw",45.81,19.76470588235295,27.926421404682287,22.240392477514305,-9.306637004078599,4.40727785462041,-28.48722986247545,32.76
1997,"Chillies and peppers, dry (Capsicum spp., Pimenta spp.), raw",32.76,-28.48722986247545,19.76470588235295,27.926421404682287,22.240392477514305,4.189253882405293,27.350427350427363,41.72
1998,"Chillies and peppers, dry (Capsicum spp., Pimenta spp.), raw",41.72,27.350427350427363,-28.48722986247545,19.76470588235295,27.926421404682287,3.3629546228512956,-7.286673058485138,38.68
1999,"Chillies and peppers, dry (Capsicum spp., Pimenta spp.), raw",38.68,-7.286673058485138,27.350427350427363,-28.48722986247545,19.76470588235295,6.346851798394744,4.239917269906934,40.32
2000,"Chillies and peppers, dry (Capsicum spp., Pimenta spp.), raw",40.32,4.239917269906934,-7.286673058485138,27.350427350427363,-28.48722986247545,5.164741601422758,-1.041666666666674,39.9
2001,"Chillies and peppers, dry (Capsicum spp., Pimenta spp.), raw",39.9,-1.041666666666674,4.239917269906934,-7.286673058485138,27.350427350427363,3.059953062353893,3.3333333333333215,41.23
2002,"Chillies and peppers, dry (Capsicum spp., Pimenta spp.), raw",41.23,3.3333333333333215,-1.041666666666674,4.239917269906934,-7.286673058485138,-0.5700977005738572,3.347077370846474,42.61
2003,"Chillies and peppers, dry (Capsicum spp., Pimenta spp.), raw",42.61,3.347077370846474,3.3333333333333215,-1.041666666666674,4.239917269906934,5.285363193749141,-4.834545881248542,40.55
2004,"Chillies and peppers, dry (Capsicum spp., Pimenta spp.), raw",40.55,-4.834545881248542,3.347077370846474,3.3333333333333215,-1.041666666666674,8.198036922194955,3.8717632552404346,42.12
2005,"Chillies and peppers, dry (Capsicum spp., Pimenta spp.), raw",42.12,3.8717632552404346,-4.834545881248542,3.347077370846474,3.3333333333333215,11.617864426866431,16.191832858499524,48.94
2006,"Chillies and peppers, dry (Capsicum spp., Pimenta spp.), raw",48.94,16.191832858499524,3.8717632552404346,-4.834545881248542,3.347077370846474,5.073410803998109,22.905598692276264,60.15
2007,"Chillies and peppers, dry (Capsicum spp., Pimenta spp.), raw",60.15,22.905598692276264,16.191832858499524,3.8717632552404346,-4.834545881248542,2.8711310109273303,-1.3965087281795463,59.31
2008,"Chillies and peppers, dry (Capsicum spp., Pimenta spp.), raw",59.31,-1.3965087281795463,22.905598692276264,16.191832858499524,3.8717632552404346,,10.470409711684358,65.52
2009,"Chillies and peppers, dry (Capsicum spp., Pimenta spp.), raw",65.52,10.470409711684358,-1.3965087281795463,22.905598692276264,16.191832858499524,,17.73504273504274,77.14
2010,"Chillies and peppers, dry (Capsicum spp., Pimenta spp.), raw",77.14,17.73504273504274,10.470409711684358,-1.3965087281795463,22.905598692276264,,9.048483277158414,84.12
2011,"Chillies and peppers, dry (Capsicum spp., Pimenta spp.), raw",84.12,9.048483277158414,17.73504273504274,10.470409711684358,-1.3965087281795463,,8.511650023775562,91.28
2012,"Chillies and peppers, dry (Capsicum spp., Pimenta spp.), raw",91.28,8.511650023775562,9.048483277158414,17.73504273504274,10.470409711684358,-12.235577591412143,-4.338299737072749,87.32
2013,"Chillies and peppers, dry (Capsicum spp., Pimenta spp.), raw",87.32,-4.338299737072749,8.511650023775562,9.048483277158414,17.73504273504274,-2.6472142670478305,8.394411360513065,94.65
2014,"Chillies and peppers, dry (Capsicum spp., Pimenta spp.), raw",94.65,8.394411360513065,-4.338299737072749,8.511650023775562,9.048483277158414,-3.381396473372071,6.032752245113571,100.36
2015,"Chillies and peppers, dry (Capsicum spp., Pimenta spp.), raw",100.36,6.032752245113571,8.394411360513065,-4.338299737072749,8.511650023775562,10.652668273378252,4.613391789557597,104.99
2016,"Chillies and peppers, dry (Capsicum spp., Pimenta spp.), raw",104.99,4.613391789557597,6.032752245113571,8.394411360513065,-4.338299737072749,7.847451895006152,4.848080769597107,110.08
2017,"Chillies and peppers, dry (Capsicum spp., Pimenta spp.), raw",110.08,4.848080769597107,4.613391789557597,6.032752245113571,8.394411360513065,5.326290722888097,-0.28161337209302584,109.77
2018,"Chillies and peppers, dry (Capsicum spp., Pimenta spp.), raw",109.77,-0.28161337209302584,4.848080769597107,4.613391789557597,6.032752245113571,-0.16199494391830913,12.571740912817697,123.57
2019,"Chillies and peppers, dry (Capsicum spp., Pimenta spp.), raw",123.57,12.571740912817697,-0.28161337209302584,4.848080769597107,4.613391789557597,-1.6051523904064098,3.746864125596816,128.2
2020,"Chillies and peppers, dry (Capsicum spp., Pimenta spp.), raw",128.2,3.746864125596816,12.571740912817697,-0.28161337209302584,4.848080769597107,-4.4340901784008695,5.951638065522635,135.83
2021,"Chillies and peppers, dry (Capsicum spp., Pimenta spp.), raw",135.83,5.951638065522635,3.746864125596816,12.571740912817697,-0.28161337209302584,-4.465469016485879,2.517853198851494,139.25
2022,"Chillies and peppers, dry (Capsicum spp., Pimenta spp.), raw",139.25,2.517853198851494,5.951638065522635,3.746864125596816,12.571740912817697,3.8618262146103537,1.278276481149021,141.03
2023,"Chillies and peppers, dry (Capsicum spp., Pimenta spp.), raw",141.03,1.278276481149021,2.517853198851494,5.951638065522635,3.746864125596816,3.932508396604188,8.757002056300077,153.38
2024,"Chillies and peppers, dry (Capsicum spp., Pimenta spp.), raw",153.38,8.757002056300077,1.278276481149021,2.517853198851494,5.951638065522635,2.826332976344633,4.642065458338762,160.5
2025,"Chillies and peppers, dry (Capsicum spp., Pimenta spp.), raw",160.5,4.642065458338762,8.757002056300077,1.278276481149021,2.517853198851494,1.1005524212279745,,
1991,"Chillies and peppers, green (Capsicum spp. and Pimenta spp.)",22.28,,,,,12.484262009140073,-24.236983842010783,16.88
1992,"Chillies and peppers, green (Capsicum spp. and Pimenta spp.)",16.88,-24.236983842010783,,,,15.974398579701523,22.748815165876767,20.72
1993,"Chillies and peppers, green (Capsicum spp. and Pimenta spp.)",20.72,22.748815165876767,-24.236983842010783,,,21.22609036179163,43.14671814671816,29.66
1994,"Chillies and peppers, green (Capsicum spp. and Pimenta spp.)",29.66,43.14671814671816,22.748815165876767,-24.236983842010783,,12.417978574628505,-23.263654753877272,22.76
1995,"Chillies and peppers, green (Capsicum spp. and Pimenta spp.)",22.76,-23.263654753877272,43.14671814671816,22.748815165876767,-24.236983842010783,11.765058678658905,43.497363796133534,32.66
1996,"Chillies and peppers, green (Capsicum spp. and Pimenta spp.)",32.66,43.497363796133534,-23.263654753877272,43.14671814671816,22.748815165876767,4.40727785462041,-7.164727495407219,30.32
1997,"Chillies and peppers, green (Capsicum spp. and Pimenta spp.)",30.32,-7.164727495407219,43.497363796133534,-23.263654753877272,43.14671814671816,4.189253882405293,59.56464379947231,48.38
1998,"Chillies and peppers, green (Capsicum spp. and Pimenta spp.)",48.38,59.56464379947231,-7.164727495407219,43.497363796133534,-23.263654753877272,3.3629546228512956,18.871434477056614,57.51
1999,"Chillies and peppers, green (Capsicum spp. and Pimenta spp.)",57.51,18.871434477056614,59.56464379947231,-7.164727495407219,43.497363796133534,6.346851798394744,-37.767344809598335,35.79
2000,"Chillies and peppers, green (Capsicum spp. and Pimenta spp.)",35.79,-37.767344809598335,18.871434477056614,59.56464379947231,-7.164727495407219,5.164741601422758,-1.452919810002784,35.27
2001,"Chillies and peppers, green (Capsicum spp. and Pimenta spp.)",35.27,-1.452919810002784,-37.767344809598335,18.871434477056614,59.56464379947231,3.059953062353893,15.764105472072565,40.83
2002,"Chillies and peppers, green (Capsicum spp. and Pimenta spp.)",40.83,15.764105472072565,-1.452919810002784,-37.767344809598335,18.871434477056614,5.779542456117411,-2.4491795248591686,39.83
2003,"Chillies and peppers, green (Capsicum spp. and Pimenta spp.)",39.83,-2.4491795248591686,15.764105472072565,-1.452919810002784,-37.767344809598335,9.697080441230838,5.975395430579966,42.21
2004,"Chillies and peppers, green (Capsicum spp. and Pimenta spp.)",42.21,5.975395430579966,-2.4491795248591686,15.764105472072565,-1.452919810002784,9.13509271347671,8.860459606728277,45.95
2005,"Chillies and peppers, green (Capsicum spp. and Pimenta spp.)",45.95,8.860459606728277,5.975395430579966,-2.4491795248591686,15.764105472072565,4.4678120635944625,6.507072905331879,48.94
2006,"Chillies and peppers, green (Capsicum spp. and Pimenta spp.)",48.94,6.507072905331879,8.860459606728277,5.975395430579966,-2.4491795248591686,-1.099143419035875,22.905598692276264,60.15
2007,"Chillies and peppers, green (Capsicum spp. and Pimenta spp.)",60.15,22.905598692276264,6.507072905331879,8.860459606728277,5.975395430579966,2.5577181544223726,-1.3965087281795463,59.31
2008,"Chillies and peppers, green (Capsicum spp. and Pimenta spp.)",59.31,-1.3965087281795463,22.905598692276264,6.507072905331879,8.860459606728277,,10.470409711684358,65.52
2009,"Chillies and peppers, green (Capsicum spp. and Pimenta spp.)",65.52,10.470409711684358,-1.3965087281795463,22.905598692276264,6.507072905331879,,17.73504273504274,77.14
2010,"Chillies and peppers, green (Capsicum spp. and Pimenta spp.)",77.14,17.73504273504274,10.470409711684358,-1.3965087281795463,22.905598692276264,,9.048483277158414,84.12
2011,"Chillies and peppers, green (Capsicum spp. and Pimenta spp.)",84.12,9.048483277158414,17.73504273504274,10.470409711684358,-1.3965087281795463,,8.511650023775562,91.28
2012,"Chillies and peppers, green (Capsicum spp. and Pimenta spp.)",91.28,8.511650023775562,9.048483277158414,17.73504273504274,10.470409711684358,8.795094868441574,-4.338299737072749,87.32
2013,"Chillies and peppers, green (Capsicum spp. and Pimenta spp.)",87.32,-4.338299737072749,8.511650023775562,9.048483277158414,17.73504273504274,10.131771068714453,8.394411360513065,94.65
2014,"Chillies and peppers, green (Capsicum spp. and Pimenta spp.)",94.65,8.394411360513065,-4.338299737072749,8.511650023775562,9.048483277158414,32.94800993227648,6.032752245113571,100.36
2015,"Chillies and peppers, green (Capsicum spp. and Pimenta spp.)",100.36,6.032752245113571,8.394411360513065,-4.338299737072749,8.511650023775562,23.28157151637389,4.613391789557597,104.99
2016,"Chillies and peppers, green (Capsicum spp. and Pimenta spp.)",104.99,4.613391789557597,6.032752245113571,8.394411360513065,-4.338299737072749,31.363611268429864,4.848080769597107,110.08
2017,"Chillies and peppers, green (Capsicum spp. and Pimenta spp.)",110.08,4.848080769597107,4.613391789557597,6.032752245113571,8.394411360513065,6.375659790919482,-0.28161337209302584,109.77
2018,"Chillies and peppers, green (Capsicum spp. and Pimenta spp.)",109.77,-0.28161337209302584,4.848080769597107,4.613391789557597,6.032752245113571,1.6201901710242606,11.66074519449758,122.57
2019,"Chillies and peppers, green (Capsicum spp. and Pimenta spp.)",122.57,11.66074519449758,-0.28161337209302584,4.848080769597107,4.613391789557597,-9.738854800541205,-2.219140083217752,119.85
2020,"Chillies and peppers, green (Capsicum spp. and Pimenta spp.)",119.85,-2.219140083217752,11.66074519449758,-0.28161337209302584,4.848080769597107,-6.361797555852978,5.707133917396745,126.69
2021,"Chillies and peppers, green (Capsicum spp. and Pimenta spp.)",126.69,5.707133917396745,-2.219140083217752,11.66074519449758,-0.28161337209302584,-3.603497282906703,2.2890520167337725,129.59
2022,"Chillies and peppers, green (Capsicum spp. and Pimenta spp.)",129.59,2.2890520167337725,5.707133917396745,-2.219140083217752,11.66074519449758,1.7567379704115773,-0.03858322401421033,129.54
2023,"Chillies and peppers, green (Capsicum spp. and Pimenta spp.)",129.54,-0.03858322401421033,2.2890520167337725,5.707133917396745,-2.219140083217752,4.369579773518406,9.634089856415029,142.02
2024,"Chillies and peppers, green (Capsicum spp. and Pimenta spp.)",142.02,9.634089856415029,-0.03858322401421033,2.2890520167337725,5.707133917396745,7.114309314213373,4.147303196732843,147.91
2025,"Chillies and peppers, green (Capsicum spp. and Pimenta spp.)",147.91,4.147303196732843,9.634089856415029,-0.03858322401421033,2.2890520167337725,12.757710401445474,,
1991,"Citrus Fruit, Total",14.5,,,,,,11.103448275862071,16.11
1992,"Citrus Fruit, Total",16.11,11.103448275862071,,,,,31.09869646182497,21.12
1993,"Citrus Fruit, Total",21.12,31.09869646182497,11.103448275862071,,,,4.78219696969695,22.13
1994,"Citrus Fruit, Total",22.13,4.78219696969695,31.09869646182497,11.103448275862071,,,3.0727519204699405,22.81
1995,"Citrus Fruit, Total",22.81,3.0727519204699405,4.78219696969695,31.09869646182497,11.103448275862071,,24.462954844366514,28.39
1996,"Citrus Fruit, Total",28.39,24.462954844366514,3.0727519204699405,4.78219696969695,31.09869646182497,,10.848890454385351,31.47
1997,"Citrus Fruit, Total",31.47,10.848890454385351,24.462954844366514,3.0727519204699405,4.78219696969695,,3.686050206545932,32.63
1998,"Citrus Fruit, Total",32.63,3.686050206545932,10.848890454385351,24.462954844366514,3.0727519204699405,,-3.248544284400867,31.57
1999,"Citrus Fruit, Total",31.57,-3.248544284400867,3.686050206545932,10.848890454385351,24.462954844366514,,-4.466265441875194,30.16
2000,"Citrus Fruit, Total",30.16,-4.466265441875194,-3.248544284400867,3.686050206545932,10.848890454385351,,6.465517241379315,32.11
2001,"Citrus Fruit, Total",32.11,6.465517241379315,-4.466265441875194,-3.248544284400867,3.686050206545932,,14.356898162566178,36.72
2002,"Citrus Fruit, Total",36.72,14.356898162566178,6.465517241379315,-4.466265441875194,-3.248544284400867,,8.469498910675387,39.83
2003,"Citrus Fruit, Total",39.83,8.469498910675387,14.356898162566178,6.465517241379315,-4.466265441875194,,5.975395430579966,42.21
2004,"Citrus Fruit, Total",42.21,5.975395430579966,8.469498910675387,14.356898162566178,6.465517241379315,,8.860459606728277,45.95
2005,"Citrus Fruit, Total",45.95,8.860459606728277,5.975395430579966,8.469498910675387,14.356898162566178,,6.507072905331879,48.94
2006,"Citrus Fruit, Total",48.94,6.507072905331879,8.860459606728277,5.975395430579966,8.469498910675387,,22.905598692276264,60.15
2007,"Citrus Fruit, Total",60.15,22.905598692276264,6.507072905331879,8.860459606728277,5.975395430579966,,-1.3965087281795463,59.31
2008,"Citrus Fruit, Total",59.31,-1.3965087281795463,22.905598692276264,6.507072905331879,8.860459606728277,,10.470409711684358,65.52
2009,"Citrus Fruit, Total",65.52,10.470409711684358,-1.3965087281795463,22.905598692276264,6.507072905331879,,17.73504273504274,77.14
2010,"Citrus Fruit, Total",77.14,17.73504273504274,10.470409711684358,-1.3965087281795463,22.905598692276264,,9.048483277158414,84.12
2011,"Citrus Fruit, Total",84.12,9.048483277158414,17.73504273504274,10.470409711684358,-1.3965087281795463,,8.511650023775562,91.28
2012,"Citrus Fruit, Total",91.28,8.511650023775562,9.048483277158414,17.73504273504274,10.470409711684358,,-4.338299737072749,87.32
2013,"Citrus Fruit, Total",87.32,-4.338299737072749,8.511650023775562,9.048483277158414,17.73504273504274,,8.394411360513065,94.65
2014,"Citrus Fruit, Total",94.65,8.394411360513065,-4.338299737072749,8.511650023775562,9.048483277158414,,6.032752245113571,100.36
2015,"Citrus Fruit, Total",100.36,6.032752245113571,8.394411360513065,-4.338299737072749,8.511650023775562,,4.613391789557597,104.99
2016,"Citrus Fruit, Total",104.99,4.613391789557597,6.032752245113571,8.394411360513065,-4.338299737072749,,4.848080769597107,110.08
2017,"Citrus Fruit, Total",110.08,4.848080769597107,4.613391789557597,6.032752245113571,8.394411360513065,,-0.28161337209302584,109.77
2018,"Citrus Fruit, Total",109.77,-0.28161337209302584,4.848080769597107,4.613391789557597,6.032752245113571,,6.19477088457685,116.57
2019,"Citrus Fruit, Total",116.57,6.19477088457685,-0.28161337209302584,4.848080769597107,4.613391789557597,,-8.750107231706261,106.37
2020,"Citrus Fruit, Total",106.37,-8.750107231706261,6.19477088457685,-0.28161337209302584,4.848080769597107,,21.91407351696908,129.68
2021,"Citrus Fruit, Total",129.68,21.91407351696908,-8.750107231706261,6.19477088457685,-0.28161337209302584,,5.475015422578644,136.78
2022,"Citrus Fruit, Total",136.78,5.475015422578644,21.91407351696908,-8.750107231706261,6.19477088457685,,2.7270068723497465,140.51
2023,"Citrus Fruit, Total",140.51,2.7270068723497465,5.475015422578644,21.91407351696908,-8.750107231706261,,6.383887267810118,149.48
2024,"Citrus Fruit, Total",149.48,6.383887267810118,2.7270068723497465,5.475015422578644,21.91407351696908,,5.900454910355912,158.3
2025,"Citrus Fruit, Total",158.3,5.900454910355912,6.383887267810118,2.7270068723497465,5.475015422578644,,,
1991,"Coarse Grain, Total",22.08,,,,,,-1.1322463768115965,21.83
1992,"Coarse Grain, Total",21.83,-1.1322463768115965,,,,,7.558405863490614,23.48
1993,"Coarse Grain, Total",23.48,7.558405863490614,-1.1322463768115965,,,,13.543441226575803,26.66
1994,"Coarse Grain, Total",26.66,13.543441226575803,7.558405863490614,-1.1322463768115965,,,5.7764441110277565,28.2
1995,"Coarse Grain, Total",28.2,5.7764441110277565,13.543441226575803,7.558405863490614,-1.1322463768115965,,1.524822695035466,28.63
1996,"Coarse Grain, Total",28.63,1.524822695035466,5.7764441110277565,13.543441226575803,7.558405863490614,,-3.7024100593782694,27.57
1997,"Coarse Grain, Total",27.57,-3.7024100593782694,1.524822695035466,5.7764441110277565,13.543441226575803,,13.638012332245196,31.33
1998,"Coarse Grain, Total",31.33,13.638012332245196,-3.7024100593782694,1.524822695035466,5.7764441110277565,,17.39546760293649,36.78
1999,"Coarse Grain, Total",36.78,17.39546760293649,13.638012332245196,-3.7024100593782694,1.524822695035466,,-7.259380097879287,34.11
2000,"Coarse Grain, Total",34.11,-7.259380097879287,17.39546760293649,13.638012332245196,-3.7024100593782694,,0.17590149516271136,34.17
2001,"Coarse Grain, Total",34.17,0.17590149516271136,-7.259380097879287,17.39546760293649,13.638012332245196,,8.721100380450686,37.15
2002,"Coarse Grain, Total",37.15,8.721100380450686,0.17590149516271136,-7.259380097879287,17.39546760293649,,-3.04172274562583,36.02
2003,"Coarse Grain, Total",36.02,-3.04172274562583,8.721100380450686,0.17590149516271136,-7.259380097879287,,9.63353692393114,39.49
2004,"Coarse Grain, Total",39.49,9.63353692393114,-3.04172274562583,8.721100380450686,0.17590149516271136,,1.418080526715615,40.05
2005,"Coarse Grain, Total",40.05,1.418080526715615,9.63353692393114,-3.04172274562583,8.721100380450686,,29.388264669163554,51.82
2006,"Coarse Grain, Total",51.82,29.388264669163554,1.418080526715615,9.63353692393114,-3.04172274562583,,7.236588189888082,55.57
2007,"Coarse Grain, Total",55.57,7.236588189888082,29.388264669163554,1.418080526715615,9.63353692393114,,6.73025013496491,59.31
2008,"Coarse Grain, Total",59.31,6.73025013496491,7.236588189888082,29.388264669163554,1.418080526715615,,10.470409711684358,65.52
2009,"Coarse Grain, Total",65.52,10.470409711684358,6.73025013496491,7.236588189888082,29.388264669163554,,17.73504273504274,77.14
2010,"Coarse Grain, Total",77.14,17.73504273504274,10.470409711684358,6.73025013496491,7.236588189888082,,9.048483277158414,84.12
2011,"Coarse Grain, Total",84.12,9.048483277158414,17.73504273504274,10.470409711684358,6.73025013496491,,8.511650023775562,91.28
2012,"Coarse Grain, Total",91.28,8.511650023775562,9.048483277158414,17.73504273504274,10.470409711684358,,-4.338299737072749,87.32
2013,"Coarse Grain, Total",87.32,-4.338299737072749,8.511650023775562,9.048483277158414,17.73504273504274,,8.394411360513065,94.65
2014,"Coarse Grain, Total",94.65,8.394411360513065,-4.338299737072749,8.511650023775562,9.048483277158414,,6.032752245113571,100.36
2015,"Coarse Grain, Total",100.36,6.032752245113571,8.394411360513065,-4.338299737072749,8.511650023775562,,4.613391789557597,104.99
2016,"Coarse Grain, Total",104.99,4.613391789557597,6.032752245113571,8.394411360513065,-4.338299737072749,,4.848080769597107,110.08
2017,"Coarse Grain, Total",110.08,4.848080769597107,4.613391789557597,6.032752245113571,8.394411360513065,,-0.28161337209302584,109.77
2018,"Coarse Grain, Total",109.77,-0.28161337209302584,4.848080769597107,4.613391789557597,6.032752245113571,,1.6124624214266303,111.54
2019,"Coarse Grain, Total",111.54,1.6124624214266303,-0.28161337209302584,4.848080769597107,4.613391789557597,,-0.6903353057199357,110.77
2020,"Coarse Grain, Total",110.77,-0.6903353057199357,1.6124624214266303,-0.28161337209302584,4.848080769597107,,14.489482711925605,126.82
2021,"Coarse Grain, Total",126.82,14.489482711925605,-0.6903353057199357,1.6124624214266303,-0.28161337209302584,,5.874467749566326,134.27
2022,"Coarse Grain, Total",134.27,5.874467749566326,14.489482711925605,-0.6903353057199357,1.6124624214266303,,2.1076934534892233,137.1
2023,"Coarse Grain, Total",137.1,2.1076934534892233,5.874467749566326,14.489482711925605,-0.6903353057199357,,6.768781911013866,146.38
2024,"Coarse Grain, Total",146.38,6.768781911013866,2.1076934534892233,5.874467749566326,14.489482711925605,,5.75898346768684,154.81
2025,"Coarse Grain, Total",154.81,5.75898346768684,6.768781911013866,2.1076934534892233,5.874467749566326,,,
1991,Cocoa beans,35.24,,,,,9.338720956476198,-16.25993189557321,29.51
1992,Cocoa beans,29.51,-16.25993189557321,,,,10.659833225260359,-9.318874957641476,26.76
1993,Cocoa beans,26.76,-9.318874957641476,-16.25993189557321,,,8.936314572849184,22.27204783258594,32.72
1994,Cocoa beans,32.72,22.27204783258594,-9.318874957641476,-16.25993189557321,,12.417978574628506,27.933985330073362,41.86
1995,Cocoa beans,41.86,27.933985330073362,22.27204783258594,-9.318874957641476,-16.25993189557321,11.765058678658905,19.780219780219777,50.14
1996,Cocoa beans,50.14,19.780219780219777,27.933985330073362,22.27204783258594,-9.318874957641476,4.40727785462041,-28.500199441563623,35.85
1997,Cocoa beans,35.85,-28.500199441563623,19.780219780219777,27.933985330073362,22.27204783258594,4.189253882405293,27.336122733612257,45.65
1998,Cocoa beans,45.65,27.336122733612257,-28.500199441563623,19.780219780219777,27.933985330073362,3.3629546228512956,-7.272727272727275,42.33
1999,Cocoa beans,42.33,-7.272727272727275,27.336122733612257,-28.500199441563623,19.780219780219777,6.346851798394744,4.228679423576653,44.12
2000,Cocoa beans,44.12,4.228679423576653,-7.272727272727275,27.336122733612257,-28.500199441563623,5.164741601422758,-8.227561196736167,40.49
2001,Cocoa beans,40.49,-8.227561196736167,4.228679423576653,-7.272727272727275,27.336122733612257,3.059953062353893,-2.074586317609295,39.65
2002,Cocoa beans,39.65,-2.074586317609295,-8.227561196736167,4.228679423576653,-7.272727272727275,3.997027500604363,0.45397225725094525,39.83
2003,Cocoa beans,39.83,0.45397225725094525,-2.074586317609295,-8.227561196736167,4.228679423576653,3.6841439514442222,5.975395430579966,42.21
2004,Cocoa beans,42.21,5.975395430579966,0.45397225725094525,-2.074586317609295,-8.227561196736167,7.594767435441497,8.860459606728277,45.95
2005,Cocoa beans,45.95,8.860459606728277,5.975395430579966,0.45397225725094525,-2.074586317609295,6.9676793700137525,6.507072905331879,48.94
2006,Cocoa beans,48.94,6.507072905331879,8.860459606728277,5.975395430579966,0.45397225725094525,5.981379586252156,22.905598692276264,60.15
2007,Cocoa beans,60.15,22.905598692276264,6.507072905331879,8.860459606728277,5.975395430579966,4.835875794441676,-1.3965087281795463,59.31
2008,Cocoa beans,59.31,-1.3965087281795463,22.905598692276264,6.507072905331879,8.860459606728277,,10.470409711684358,65.52
2009,Cocoa beans,65.52,10.470409711684358,-1.3965087281795463,22.905598692276264,6.507072905331879,,17.73504273504274,77.14
2010,Cocoa beans,77.14,17.73504273504274,10.470409711684358,-1.3965087281795463,22.905598692276264,,9.048483277158414,84.12
2011,Cocoa beans,84.12,9.048483277158414,17.73504273504274,10.470409711684358,-1.3965087281795463,,8.511650023775562,91.28
2012,Cocoa beans,91.28,8.511650023775562,9.048483277158414,17.73504273504274,10.470409711684358,20.664325433697474,-4.338299737072749,87.32
2013,Cocoa beans,87.32,-4.338299737072749,8.511650023775562,9.048483277158414,17.73504273504274,23.612578443365,8.394411360513065,94.65
2014,Cocoa beans,94.65,8.394411360513065,-4.338299737072749,8.511650023775562,9.048483277158414,7.494536113768652,6.032752245113571,100.36
2015,Cocoa beans,100.36,6.032752245113571,8.394411360513065,-4.338299737072749,8.511650023775562,-0.5415784221647423,4.613391789557597,104.99
2016,Cocoa beans,104.99,4.613391789557597,6.032752245113571,8.394411360513065,-4.338299737072749,7.761775836256608,4.848080769597107,110.08
2017,Cocoa beans,110.08,4.848080769597107,4.613391789557597,6.032752245113571,8.394411360513065,5.312942593439237,-0.28161337209302584,109.77
2018,Cocoa beans,109.77,-0.28161337209302584,4.848080769597107,4.613391789557597,6.032752245113571,2.2187836870866566,-6.276760499225653,102.88
2019,Cocoa beans,102.88,-6.276760499225653,-0.28161337209302584,4.848080769597107,4.613391789557597,-1.283160232676072,22.414463452566103,125.94
2020,Cocoa beans,125.94,22.414463452566103,-6.276760499225653,-0.28161337209302584,4.848080769597107,2.930217740953431,8.456407813244414,136.59
2021,Cocoa beans,136.59,8.456407813244414,22.414463452566103,-6.276760499225653,-0.28161337209302584,4.684740990231751,3.9827220147887754,142.03
2022,Cocoa beans,142.03,3.9827220147887754,8.456407813244414,22.414463452566103,-6.276760499225653,-1.7087460028234205,2.781102583961137,145.98
2023,Cocoa beans,145.98,2.781102583961137,3.9827220147887754,8.456407813244414,22.414463452566103,-2.5710228747713963,1.8495684340320784,148.68
2024,Cocoa beans,148.68,1.8495684340320784,2.781102583961137,3.9827220147887754,8.456407813244414,-4.004183644061606,1.8227064837234241,151.39
2025,Cocoa beans,151.39,1.8227064837234241,1.8495684340320784,2.781102583961137,3.9827220147887754,8.14521621898414,,
1991,"Coconuts, in shell",57.38,,,,,4.189253882405293,-33.84454513767864,37.96
1992,"Coconuts, in shell",37.96,-33.84454513767864,,,,3.3629546228512956,19.362486828240264,45.31
1993,"Coconuts, in shell",45.31,19.362486828240264,-33.84454513767864,,,6.346851798394744,-22.224674464798056,35.24
1994,"Coconuts, in shell",35.24,-22.224674464798056,19.362486828240264,-33.84454513767864,,5.164741601422758,-5.0794551645857,33.45
1995,"Coconuts, in shell",33.45,-5.0794551645857,-22.224674464798056,19.362486828240264,-33.84454513767864,3.059953062353893,17.159940209267543,39.19
1996,"Coconuts, in shell",39.19,17.159940209267543,-5.0794551645857,-22.224674464798056,19.362486828240264,2.4240415603049494,19.87751977545291,46.98
1997,"Coconuts, in shell",46.98,19.87751977545291,17.159940209267543,-5.0794551645857,-22.224674464798056,-2.26395035609378,-13.495104299702,40.64
1998,"Coconuts, in shell",40.64,-13.495104299702,19.87751977545291,17.159940209267543,-5.0794551645857,0.731728291141924,9.59645669291338,44.54
1999,"Coconuts, in shell",44.54,9.59645669291338,-13.495104299702,19.87751977545291,17.159940209267543,1.3547990882169962,3.4126627750336924,46.06
2000,"Coconuts, in shell",46.06,3.4126627750336924,9.59645669291338,-13.495104299702,19.87751977545291,4.902340646378733,-17.824576639166303,37.85
2001,"Coconuts, in shell",37.85,-17.824576639166303,3.4126627750336924,9.59645669291338,-13.495104299702,5.669713701091165,1.109643328929999,38.27
2002,"Coconuts, in shell",38.27,1.109643328929999,-17.824576639166303,3.4126627750336924,9.59645669291338,,3.3185262607786647,39.54
2003,"Coconuts, in shell",39.54,3.3185262607786647,1.109643328929999,-17.824576639166303,3.4126627750336924,,7.157309054122396,42.37
2004,"Coconuts, in shell",42.37,7.157309054122396,3.3185262607786647,1.109643328929999,-17.824576639166303,,1.3216898749115025,42.93
2005,"Coconuts, in shell",42.93,1.3216898749115025,7.157309054122396,3.3185262607786647,1.109643328929999,,0.0,42.93
2006,"Coconuts, in shell",42.93,0.0,1.3216898749115025,7.157309054122396,3.3185262607786647,4.414491282533754,1.979967388772419,43.78
2007,"Coconuts, in shell",43.78,1.979967388772419,0.0,1.3216898749115025,7.157309054122396,5.597999684289026,35.472818638647794,59.31
2008,"Coconuts, in shell",59.31,35.472818638647794,1.979967388772419,0.0,1.3216898749115025,8.721779516028608,10.470409711684358,65.52
2009,"Coconuts, in shell",65.52,10.470409711684358,35.472818638647794,1.979967388772419,0.0,7.295408545800189,17.73504273504274,77.14
2010,"Coconuts, in shell",77.14,17.73504273504274,10.470409711684358,35.472818638647794,1.979967388772419,4.304062715011921,9.048483277158414,84.12
2011,"Coconuts, in shell",84.12,9.048483277158414,17.73504273504274,10.470409711684358,35.472818638647794,5.797100458878305,8.511650023775562,91.28
2012,"Coconuts, in shell",91.28,8.511650023775562,9.048483277158414,17.73504273504274,10.470409711684358,10.262772737011163,-4.338299737072749,87.32
2013,"Coconuts, in shell",87.32,-4.338299737072749,8.511650023775562,9.048483277158414,17.73504273504274,9.874006089734545,8.394411360513065,94.65
2014,"Coconuts, in shell",94.65,8.394411360513065,-4.338299737072749,8.511650023775562,9.048483277158414,7.489819291601819,6.032752245113571,100.36
2015,"Coconuts, in shell",100.36,6.032752245113571,8.394411360513065,-4.338299737072749,8.511650023775562,2.9513241242593136,4.613391789557597,104.99
2016,"Coconuts, in shell",104.99,4.613391789557597,6.032752245113571,8.394411360513065,-4.338299737072749,-1.7073658103365397,4.848080769597107,110.08
2017,"Coconuts, in shell",110.08,4.848080769597107,4.613391789557597,6.032752245113571,8.394411360513065,-2.570114356700818,-0.28161337209302584,109.77
2018,"Coconuts, in shell",109.77,-0.28161337209302584,4.848080769597107,4.613391789557597,6.032752245113571,-4.007865485618059,12.77215997084815,123.79
2019,"Coconuts, in shell",123.79,12.77215997084815,-0.28161337209302584,4.848080769597107,4.613391789557597,1.475543431306958,16.60069472493739,144.34
2020,"Coconuts, in shell",144.34,16.60069472493739,12.77215997084815,-0.28161337209302584,4.848080769597107,16.496718070738805,-1.9675765553554103,141.5
2021,"Coconuts, in shell",141.5,-1.9675765553554103,16.60069472493739,12.77215997084815,-0.28161337209302584,19.38947752411176,-1.2296819787985913,139.76
2022,"Coconuts, in shell",139.76,-1.2296819787985913,-1.9675765553554103,16.60069472493739,12.77215997084815,24.33255456137718,-0.10017172295362364,139.62
2023,"Coconuts, in shell",139.62,-0.10017172295362364,-1.2296819787985913,-1.9675765553554103,16.60069472493739,11.98844301500967,9.003008165019333,152.19
2024,"Coconuts, in shell",152.19,9.003008165019333,-0.10017172295362364,-1.2296819787985913,-1.9675765553554103,11.765058678658905,8.2528418424338,164.75
2025,"Coconuts, in shell",164.75,8.2528418424338,9.003008165019333,-0.10017172295362364,-1.2296819787985913,4.40727785462041,,
1991,"Coffee, green",20.54,,,,,5.164741601422758,-4.284323271665036,19.66
1992,"Coffee, green",19.66,-4.284323271665036,,,,3.059953062353893,-2.5940996948118134,19.15
1993,"Coffee, green",19.15,-2.5940996948118134,-4.284323271665036,,,3.219644487637859,33.26370757180157,25.52
1994,"Coffee, green",25.52,33.26370757180157,-2.5940996948118134,-4.284323271665036,,1.514042899621441,-0.2742946708463978,25.45
1995,"Coffee, green",25.45,-0.2742946708463978,33.26370757180157,-2.5940996948118134,-4.284323271665036,3.65629878390162,65.85461689587426,42.21
1996,"Coffee, green",42.21,65.85461689587426,-0.2742946708463978,33.26370757180157,-2.5940996948118134,2.7039787819696186,4.264392324093813,44.01
1997,"Coffee, green",44.01,4.264392324093813,65.85461689587426,-0.2742946708463978,33.26370757180157,2.5692843238394674,23.97182458532152,54.56
1998,"Coffee, green",54.56,23.97182458532152,4.264392324093813,65.85461689587426,-0.2742946708463978,3.781389309040924,-9.109237536656888,49.59
1999,"Coffee, green",49.59,-9.109237536656888,23.97182458532152,4.264392324093813,65.85461689587426,,-10.002016535591851,44.63
2000,"Coffee, green",44.63,-10.002016535591851,-9.109237536656888,23.97182458532152,4.264392324093813,,-10.105310329374873,40.12
2001,"Coffee, green",40.12,-10.105310329374873,-10.002016535591851,-9.109237536656888,23.97182458532152,,1.0219341974077922,40.53
2002,"Coffee, green",40.53,1.0219341974077922,-10.105310329374873,-10.002016535591851,-9.109237536656888,,-1.7271157167530249,39.83
2003,"Coffee, green",39.83,-1.7271157167530249,1.0219341974077922,-10.105310329374873,-10.002016535591851,13.88618315686138,5.975395430579966,42.21
2004,"Coffee, green",42.21,5.975395430579966,-1.7271157167530249,1.0219341974077922,-10.105310329374873,14.210626186239216,8.860459606728277,45.95
2005,"Coffee, green",45.95,8.860459606728277,5.975395430579966,-1.7271157167530249,1.0219341974077922,21.126809062991473,6.507072905331879,48.94
2006,"Coffee, green",48.94,6.507072905331879,8.860459606728277,5.975395430579966,-1.7271157167530249,4.356327182283015,22.905598692276264,60.15
2007,"Coffee, green",60.15,22.905598692276264,6.507072905331879,8.860459606728277,5.975395430579966,31.965760033399544,-1.3965087281795463,59.31
2008,"Coffee, green",59.31,-1.3965087281795463,22.905598692276264,6.507072905331879,8.860459606728277,23.757116927040567,10.470409711684358,65.52
2009,"Coffee, green",65.52,10.470409711684358,-1.3965087281795463,22.905598692276264,6.507072905331879,13.556244488976864,17.73504273504274,77.14
2010,"Coffee, green",77.14,17.73504273504274,10.470409711684358,-1.3965087281795463,22.905598692276264,-6.782943380848167,9.048483277158414,84.12
2011,"Coffee, green",84.12,9.048483277158414,17.73504273504274,10.470409711684358,-1.3965087281795463,-7.818719715842849,8.511650023775562,91.28
2012,"Coffee, green",91.28,8.511650023775562,9.048483277158414,17.73504273504274,10.470409711684358,3.9540020457368708,-4.338299737072749,87.32
2013,"Coffee, green",87.32,-4.338299737072749,8.511650023775562,9.048483277158414,17.73504273504274,6.43010712593112,8.394411360513065,94.65
2014,"Coffee, green",94.65,8.394411360513065,-4.338299737072749,8.511650023775562,9.048483277158414,4.128891837483025,6.032752245113571,100.36
2015,"Coffee, green",100.36,6.032752245113571,8.394411360513065,-4.338299737072749,8.511650023775562,7.114309314213373,4.613391789557597,104.99
2016,"Coffee, green",104.99,4.613391789557597,6.032752245113571,8.394411360513065,-4.338299737072749,12.757710401445474,4.848080769597107,110.08
2017,"Coffee, green",110.08,4.848080769597107,4.613391789557597,6.032752245113571,8.394411360513065,9.338720956476198,-0.28161337209302584,109.77
2018,"Coffee, green",109.77,-0.28161337209302584,4.848080769597107,4.613391789557597,6.032752245113571,10.659833225260359,7.424615104309007,117.92
2019,"Coffee, green",117.92,7.424615104309007,-0.28161337209302584,4.848080769597107,4.613391789557597,8.936314572849184,3.909430122116686,122.53
2020,"Coffee, green",122.53,3.909430122116686,7.424615104309007,-0.28161337209302584,4.848080769597107,12.417978574628506,11.450257079898796,136.56
2021,"Coffee, green",136.56,11.450257079898796,3.909430122116686,7.424615104309007,-0.28161337209302584,11.765058678658905,5.543350908025779,144.13
2022,"Coffee, green",144.13,5.543350908025779,11.450257079898796,3.909430122116686,7.424615104309007,4.40727785462041,0.9505307708318922,145.5
2023,"Coffee, green",145.5,0.9505307708318922,5.543350908025779,11.450257079898796,3.909430122116686,4.189253882405293,8.013745704467357,157.16
2024,"Coffee, green",157.16,8.013745704467357,0.9505307708318922,5.543350908025779,11.450257079898796,3.3629546228512956,5.72664800203615,166.16
2025,"Coffee, green",166.16,5.72664800203615,8.013745704467357,0.9505307708318922,5.543350908025779,6.346851798394744,,
1991,"Cotton lint, ginned",29.47,,,,,4.540230448102574,-17.6111299626739,24.28
1992,"Cotton lint, ginned",24.28,-17.6111299626739,,,,8.058558945742153,46.663920922570014,35.61
1993,"Cotton lint, ginned",35.61,46.663920922570014,-17.6111299626739,,,6.273289801815015,32.94018534119631,47.34
1994,"Cotton lint, ginned",47.34,32.94018534119631,46.663920922570014,-17.6111299626739,,5.153254899547566,-8.76637093367133,43.19
1995,"Cotton lint, ginned",43.19,-8.76637093367133,32.94018534119631,46.663920922570014,-17.6111299626739,4.01162025799926,-1.6902060662190244,42.46
1996,"Cotton lint, ginned",42.46,-1.6902060662190244,-8.76637093367133,32.94018534119631,46.663920922570014,,8.831841733396129,46.21
1997,"Cotton lint, ginned",46.21,8.831841733396129,-1.6902060662190244,-8.76637093367133,32.94018534119631,,16.143691841592723,53.67
1998,"Cotton lint, ginned",53.67,16.143691841592723,8.831841733396129,-1.6902060662190244,-8.76637093367133,,-9.03670579467114,48.82
1999,"Cotton lint, ginned",48.82,-9.03670579467114,16.143691841592723,8.831841733396129,-1.6902060662190244,,-0.4506349856616132,48.6
2000,"Cotton lint, ginned",48.6,-0.4506349856616132,-9.03670579467114,16.143691841592723,8.831841733396129,13.88618315686138,5.6378600823045355,51.34
2001,"Cotton lint, ginned",51.34,5.6378600823045355,-0.4506349856616132,-9.03670579467114,16.143691841592723,14.210626186239216,3.6034281262173673,53.19
2002,"Cotton lint, ginned",53.19,3.6034281262173673,5.6378600823045355,-0.4506349856616132,-9.03670579467114,21.126809062991473,4.812934762173349,55.75
2003,"Cotton lint, ginned",55.75,4.812934762173349,3.6034281262173673,5.6378600823045355,-0.4506349856616132,4.356327182283015,-13.542600896860979,48.2
2004,"Cotton lint, ginned",48.2,-13.542600896860979,4.812934762173349,3.6034281262173673,5.6378600823045355,31.965760033399544,1.0165975103734404,48.69
2005,"Cotton lint, ginned",48.69,1.0165975103734404,-13.542600896860979,4.812934762173349,3.6034281262173673,23.757116927040567,0.5134524543027208,48.94
2006,"Cotton lint, ginned",48.94,0.5134524543027208,1.0165975103734404,-13.542600896860979,4.812934762173349,13.556244488976864,22.905598692276264,60.15
2007,"Cotton lint, ginned",60.15,22.905598692276264,0.5134524543027208,1.0165975103734404,-13.542600896860979,-6.782943380848167,-1.3965087281795463,59.31
2008,"Cotton lint, ginned",59.31,-1.3965087281795463,22.905598692276264,0.5134524543027208,1.0165975103734404,-7.818719715842849,10.470409711684358,65.52
2009,"Cotton lint, ginned",65.52,10.470409711684358,-1.3965087281795463,22.905598692276264,0.5134524543027208,3.9540020457368708,17.73504273504274,77.14
2010,"Cotton lint, ginned",77.14,17.73504273504274,10.470409711684358,-1.3965087281795463,22.905598692276264,6.43010712593112,9.048483277158414,84.12
2011,"Cotton lint, ginned",84.12,9.048483277158414,17.73504273504274,10.470409711684358,-1.3965087281795463,4.128891837483025,8.511650023775562,91.28
2012,"Cotton lint, ginned",91.28,8.511650023775562,9.048483277158414,17.73504273504274,10.470409711684358,7.114309314213373,-4.338299737072749,87.32
2013,"Cotton lint, ginned",87.32,-4.338299737072749,8.511650023775562,9.048483277158414,17.73504273504274,12.757710401445474,8.394411360513065,94.65
2014,"Cotton lint, ginned",94.65,8.394411360513065,-4.338299737072749,8.511650023775562,9.048483277158414,9.338720956476198,6.032752245113571,100.36
2015,"Cotton lint, ginned",100.36,6.032752245113571,8.394411360513065,-4.338299737072749,8.511650023775562,10.659833225260359,4.613391789557597,104.99
2016,"Cotton lint, ginned",104.99,4.613391789557597,6.032752245113571,8.394411360513065,-4.338299737072749,8.936314572849184,4.848080769597107,110.08
2017,"Cotton lint, ginned",110.08,4.848080769597107,4.613391789557597,6.032752245113571,8.394411360513065,12.417978574628506,-0.28161337209302584,109.77
2018,"Cotton lint, ginned",109.77,-0.28161337209302584,4.848080769597107,4.613391789557597,6.032752245113571,11.765058678658905,2.7056572834107673,112.74
2019,"Cotton lint, ginned",112.74,2.7056572834107673,-0.28161337209302584,4.848080769597107,4.613391789557597,4.40727785462041,-9.215894979599081,102.35
2020,"Cotton lint, ginned",102.35,-9.215894979599081,2.7056572834107673,-0.28161337209302584,4.848080769597107,4.189253882405293,8.705422569614086,111.26
2021,"Cotton lint, ginned",111.26,8.705422569614086,-9.215894979599081,2.7056572834107673,-0.28161337209302584,3.3629546228512956,4.574869674635984,116.35
2022,"Cotton lint, ginned",116.35,4.574869674635984,8.705422569614086,-9.215894979599081,2.7056572834107673,6.346851798394744,1.4267296948861308,118.01
2023,"Cotton lint, ginned",118.01,1.4267296948861308,4.574869674635984,8.705422569614086,-9.215894979599081,5.164741601422758,11.007541733751381,131.0
2024,"Cotton lint, ginned",131.0,11.007541733751381,1.4267296948861308,4.574869674635984,8.705422569614086,3.059953062353893,6.656488549618311,139.72
2025,"Cotton lint, ginned",139.72,6.656488549618311,11.007541733751381,1.4267296948861308,4.574869674635984,3.7996450949683367,,
1991,Cotton seed,22.36,,,,,5.45735766427083,7.021466905187834,23.93
1992,Cotton seed,23.93,7.021466905187834,,,,3.9331747108907567,-3.0923526953614666,23.19
1993,Cotton seed,23.19,-3.0923526953614666,7.021466905187834,,,,9.314359637774894,25.35
1994,Cotton seed,25.35,9.314359637774894,-3.0923526953614666,7.021466905187834,,,10.571992110453653,28.03
1995,Cotton seed,28.03,10.571992110453653,9.314359637774894,-3.0923526953614666,7.021466905187834,,6.278986799857278,29.79
1996,Cotton seed,29.79,6.278986799857278,10.571992110453653,9.314359637774894,-3.0923526953614666,,5.035246727089637,31.29
1997,Cotton seed,31.29,5.035246727089637,6.278986799857278,10.571992110453653,9.314359637774894,23.0345412163594,1.5979546180888482,31.79
1998,Cotton seed,31.79,1.5979546180888482,5.035246727089637,6.278986799857278,10.571992110453653,30.92927805846466,10.75810003145643,35.21
1999,Cotton seed,35.21,10.75810003145643,1.5979546180888482,5.035246727089637,6.278986799857278,23.178518180045206,18.432263561488217,41.7
2000,Cotton seed,41.7,18.432263561488217,10.75810003145643,1.5979546180888482,5.035246727089637,11.206683234312871,0.4316546762589857,41.88
2001,Cotton seed,41.88,0.4316546762589857,18.432263561488217,10.75810003145643,1.5979546180888482,3.262387466645116,3.6055396370582526,43.39
2002,Cotton seed,43.39,3.6055396370582526,0.4316546762589857,18.432263561488217,10.75810003145643,12.780072101864251,4.816778059460702,45.48
2003,Cotton seed,45.48,4.816778059460702,3.6055396370582526,0.4316546762589857,18.432263561488217,2.3772451675871165,-13.544415127528575,39.32
2004,Cotton seed,39.32,-13.544415127528575,4.816778059460702,3.6055396370582526,0.4316546762589857,2.778070500988394,1.0172939979654183,39.72
2005,Cotton seed,39.72,1.0172939979654183,-13.544415127528575,4.816778059460702,3.6055396370582526,1.2672745403833707,0.503524672708977,39.92
2006,Cotton seed,39.92,0.503524672708977,1.0172939979654183,-13.544415127528575,4.816778059460702,3.4305615075919036,2.9058116232464792,41.08
2007,Cotton seed,41.08,2.9058116232464792,0.503524672708977,1.0172939979654183,-13.544415127528575,5.071093576613112,46.080817916260955,60.01
2008,Cotton seed,60.01,46.080817916260955,2.9058116232464792,0.503524672708977,1.0172939979654183,7.768451315994543,9.181803032827851,65.52
2009,Cotton seed,65.52,9.181803032827851,46.080817916260955,2.9058116232464792,0.503524672708977,7.114309314213373,17.73504273504274,77.14
2010,Cotton seed,77.14,17.73504273504274,9.181803032827851,46.080817916260955,2.9058116232464792,12.757710401445474,9.048483277158414,84.12
2011,Cotton seed,84.12,9.048483277158414,17.73504273504274,9.181803032827851,46.080817916260955,9.338720956476198,8.511650023775562,91.28
2012,Cotton seed,91.28,8.511650023775562,9.048483277158414,17.73504273504274,9.181803032827851,10.659833225260359,-4.338299737072749,87.32
2013,Cotton seed,87.32,-4.338299737072749,8.511650023775562,9.048483277158414,17.73504273504274,8.936314572849184,8.394411360513065,94.65
2014,Cotton seed,94.65,8.394411360513065,-4.338299737072749,8.511650023775562,9.048483277158414,12.417978574628506,6.032752245113571,100.36
2015,Cotton seed,100.36,6.032752245113571,8.394411360513065,-4.338299737072749,8.511650023775562,11.765058678658905,4.613391789557597,104.99
2016,Cotton seed,104.99,4.613391789557597,6.032752245113571,8.394411360513065,-4.338299737072749,4.40727785462041,4.848080769597107,110.08
2017,Cotton seed,110.08,4.848080769597107,4.613391789557597,6.032752245113571,8.394411360513065,4.189253882405293,-0.28161337209302584,109.77
2018,Cotton seed,109.77,-0.28161337209302584,4.848080769597107,4.613391789557597,6.032752245113571,3.3629546228512956,5.0924660654094955,115.36
2019,Cotton seed,115.36,5.0924660654094955,-0.28161337209302584,4.848080769597107,4.613391789557597,6.346851798394744,-0.2687239944521469,115.05
2020,Cotton seed,115.05,-0.2687239944521469,5.0924660654094955,-0.28161337209302584,4.848080769597107,5.164741601422758,6.145154280747511,122.12
2021,Cotton seed,122.12,6.145154280747511,-0.2687239944521469,5.0924660654094955,-0.28161337209302584,3.059953062353893,2.23550605961349,124.85
2022,Cotton seed,124.85,2.23550605961349,6.145154280747511,-0.2687239944521469,5.0924660654094955,4.118493596380383,-0.6728073688425984,124.01
2023,Cotton seed,124.01,-0.6728073688425984,2.23550605961349,6.145154280747511,-0.2687239944521469,0.9529963103235618,9.781469236351882,136.14
2024,Cotton seed,136.14,9.781469236351882,-0.6728073688425984,2.23550605961349,6.145154280747511,6.23507283528821,4.84795063904806,142.74
2025,Cotton seed,142.74,4.84795063904806,9.781469236351882,-0.6728073688425984,2.23550605961349,6.072646169640002,,
1991,Cucumbers and gherkins,22.28,,,,,8.336912815557115,-24.236983842010783,16.88
1992,Cucumbers and gherkins,16.88,-24.236983842010783,,,,5.322721876951442,22.748815165876767,20.72
1993,Cucumbers and gherkins,20.72,22.748815165876767,-24.236983842010783,,,,43.14671814671816,29.66
1994,Cucumbers and gherkins,29.66,43.14671814671816,22.748815165876767,-24.236983842010783,,,-23.263654753877272,22.76
1995,Cucumbers and gherkins,22.76,-23.263654753877272,43.14671814671816,22.748815165876767,-24.236983842010783,,43.497363796133534,32.66
1996,Cucumbers and gherkins,32.66,43.497363796133534,-23.263654753877272,43.14671814671816,22.748815165876767,,-7.164727495407219,30.32
1997,Cucumbers and gherkins,30.32,-7.164727495407219,43.497363796133534,-23.263654753877272,43.14671814671816,19.380630928361928,59.56464379947231,48.38
1998,Cucumbers and gherkins,48.38,59.56464379947231,-7.164727495407219,43.497363796133534,-23.263654753877272,21.526059845293812,18.871434477056614,57.51
1999,Cucumbers and gherkins,57.51,18.871434477056614,59.56464379947231,-7.164727495407219,43.497363796133534,7.180776746316172,-37.767344809598335,35.79
2000,Cucumbers and gherkins,35.79,-37.767344809598335,18.871434477056614,59.56464379947231,-7.164727495407219,0.3051428934998768,-1.452919810002784,35.27
2001,Cucumbers and gherkins,35.27,-1.452919810002784,-37.767344809598335,18.871434477056614,59.56464379947231,7.446081554143251,15.764105472072565,40.83
2002,Cucumbers and gherkins,40.83,15.764105472072565,-1.452919810002784,-37.767344809598335,18.871434477056614,5.301282417189789,-2.4491795248591686,39.83
2003,Cucumbers and gherkins,39.83,-2.4491795248591686,15.764105472072565,-1.452919810002784,-37.767344809598335,2.7252851418367343,5.975395430579966,42.21
2004,Cucumbers and gherkins,42.21,5.975395430579966,-2.4491795248591686,15.764105472072565,-1.452919810002784,-1.247566380484874,8.860459606728277,45.95
2005,Cucumbers and gherkins,45.95,8.860459606728277,5.975395430579966,-2.4491795248591686,15.764105472072565,2.7191594402348116,6.507072905331879,48.94
2006,Cucumbers and gherkins,48.94,6.507072905331879,8.860459606728277,5.975395430579966,-2.4491795248591686,4.264810409418929,22.905598692276264,60.15
2007,Cucumbers and gherkins,60.15,22.905598692276264,6.507072905331879,8.860459606728277,5.975395430579966,0.21431111924455473,-1.3965087281795463,59.31
2008,Cucumbers and gherkins,59.31,-1.3965087281795463,22.905598692276264,6.507072905331879,8.860459606728277,-1.1098529964274264,10.470409711684358,65.52
2009,Cucumbers and gherkins,65.52,10.470409711684358,-1.3965087281795463,22.905598692276264,6.507072905331879,-1.7868559272728908,17.73504273504274,77.14
2010,Cucumbers and gherkins,77.14,17.73504273504274,10.470409711684358,-1.3965087281795463,22.905598692276264,7.1273819112157755,9.048483277158414,84.12
2011,Cucumbers and gherkins,84.12,9.048483277158414,17.73504273504274,10.470409711684358,-1.3965087281795463,7.9436951631722446,8.511650023775562,91.28
2012,Cucumbers and gherkins,91.28,8.511650023775562,9.048483277158414,17.73504273504274,10.470409711684358,10.5505509766359,-4.338299737072749,87.32
2013,Cucumbers and gherkins,87.32,-4.338299737072749,8.511650023775562,9.048483277158414,17.73504273504274,9.967661103641541,8.394411360513065,94.65
2014,Cucumbers and gherkins,94.65,8.394411360513065,-4.338299737072749,8.511650023775562,9.048483277158414,12.417978574628501,6.032752245113571,100.36
2015,Cucumbers and gherkins,100.36,6.032752245113571,8.394411360513065,-4.338299737072749,8.511650023775562,11.765058678658903,4.613391789557597,104.99
2016,Cucumbers and gherkins,104.99,4.613391789557597,6.032752245113571,8.394411360513065,-4.338299737072749,4.407277854620408,4.848080769597107,110.08
2017,Cucumbers and gherkins,110.08,4.848080769597107,4.613391789557597,6.032752245113571,8.394411360513065,4.189253882405292,-0.28161337209302584,109.77
2018,Cucumbers and gherkins,109.77,-0.28161337209302584,4.848080769597107,4.613391789557597,6.032752245113571,3.3629546228512943,9.829643800674148,120.56
2019,Cucumbers and gherkins,120.56,9.829643800674148,-0.28161337209302584,4.848080769597107,4.613391789557597,6.346851798394742,4.0726609157266,125.47
2020,Cucumbers and gherkins,125.47,4.0726609157266,9.829643800674148,-0.28161337209302584,4.848080769597107,5.164741601422757,10.273372120825709,138.36
2021,Cucumbers and gherkins,138.36,10.273372120825709,4.0726609157266,9.829643800674148,-0.28161337209302584,3.0599530623538915,4.473836368892736,144.55
2022,Cucumbers and gherkins,144.55,4.473836368892736,10.273372120825709,4.0726609157266,9.829643800674148,4.3705357451156175,0.7125562089242532,145.58
2023,Cucumbers and gherkins,145.58,0.7125562089242532,4.473836368892736,10.273372120825709,4.0726609157266,0.9836317761759146,6.84846819618079,155.55
2024,Cucumbers and gherkins,155.55,6.84846819618079,0.7125562089242532,4.473836368892736,10.273372120825709,3.907970311422433,4.8923175827708,163.16
2025,Cucumbers and gherkins,163.16,4.8923175827708,6.84846819618079,0.7125562089242532,4.473836368892736,2.4321393850826794,,
1991,Eggplants (aubergines),22.28,,,,,4.710444763110435,-24.236983842010783,16.88
1992,Eggplants (aubergines),16.88,-24.236983842010783,,,,5.136534264349197,22.748815165876767,20.72
1993,Eggplants (aubergines),20.72,22.748815165876767,-24.236983842010783,,,,43.14671814671816,29.66
1994,Eggplants (aubergines),29.66,43.14671814671816,22.748815165876767,-24.236983842010783,,,-23.263654753877272,22.76
1995,Eggplants (aubergines),22.76,-23.263654753877272,43.14671814671816,22.748815165876767,-24.236983842010783,,43.497363796133534,32.66
1996,Eggplants (aubergines),32.66,43.497363796133534,-23.263654753877272,43.14671814671816,22.748815165876767,,-7.164727495407219,30.32
1997,Eggplants (aubergines),30.32,-7.164727495407219,43.497363796133534,-23.263654753877272,43.14671814671816,13.083187206178758,59.56464379947231,48.38
1998,Eggplants (aubergines),48.38,59.56464379947231,-7.164727495407219,43.497363796133534,-23.263654753877272,10.739332063477391,18.871434477056614,57.51
1999,Eggplants (aubergines),57.51,18.871434477056614,59.56464379947231,-7.164727495407219,43.497363796133534,12.817506702157658,-37.767344809598335,35.79
2000,Eggplants (aubergines),35.79,-37.767344809598335,18.871434477056614,59.56464379947231,-7.164727495407219,13.232422058584822,-1.452919810002784,35.27
2001,Eggplants (aubergines),35.27,-1.452919810002784,-37.767344809598335,18.871434477056614,59.56464379947231,3.8841086943949006,15.764105472072565,40.83
2002,Eggplants (aubergines),40.83,15.764105472072565,-1.452919810002784,-37.767344809598335,18.871434477056614,-1.3583925917021968,-2.4491795248591686,39.83
2003,Eggplants (aubergines),39.83,-2.4491795248591686,15.764105472072565,-1.452919810002784,-37.767344809598335,-0.3341496643892545,5.975395430579966,42.21
2004,Eggplants (aubergines),42.21,5.975395430579966,-2.4491795248591686,15.764105472072565,-1.452919810002784,5.513658894466488,8.860459606728277,45.95
2005,Eggplants (aubergines),45.95,8.860459606728277,5.975395430579966,-2.4491795248591686,15.764105472072565,11.871949164225226,6.507072905331879,48.94
2006,Eggplants (aubergines),48.94,6.507072905331879,8.860459606728277,5.975395430579966,-2.4491795248591686,12.022579597609365,22.905598692276264,60.15
2007,Eggplants (aubergines),60.15,22.905598692276264,6.507072905331879,8.860459606728277,5.975395430579966,9.24408081210301,-1.3965087281795463,59.31
2008,Eggplants (aubergines),59.31,-1.3965087281795463,22.905598692276264,6.507072905331879,8.860459606728277,7.407763667958676,10.470409711684358,65.52
2009,Eggplants (aubergines),65.52,10.470409711684358,-1.3965087281795463,22.905598692276264,6.507072905331879,7.114309314213373,17.73504273504274,77.14
2010,Eggplants (aubergines),77.14,17.73504273504274,10.470409711684358,-1.3965087281795463,22.905598692276264,12.757710401445472,9.048483277158414,84.12
2011,Eggplants (aubergines),84.12,9.048483277158414,17.73504273504274,10.470409711684358,-1.3965087281795463,9.338720956476196,8.511650023775562,91.28
2012,Eggplants (aubergines),91.28,8.511650023775562,9.048483277158414,17.73504273504274,10.470409711684358,10.659833225260357,-4.338299737072749,87.32
2013,Eggplants (aubergines),87.32,-4.338299737072749,8.511650023775562,9.048483277158414,17.73504273504274,8.936314572849183,8.394411360513065,94.65
2014,Eggplants (aubergines),94.65,8.394411360513065,-4.338299737072749,8.511650023775562,9.048483277158414,12.417978574628501,6.032752245113571,100.36
2015,Eggplants (aubergines),100.36,6.032752245113571,8.394411360513065,-4.338299737072749,8.511650023775562,11.765058678658903,4.613391789557597,104.99
2016,Eggplants (aubergines),104.99,4.613391789557597,6.032752245113571,8.394411360513065,-4.338299737072749,4.407277854620407,4.848080769597107,110.08
2017,Eggplants (aubergines),110.08,4.848080769597107,4.613391789557597,6.032752245113571,8.394411360513065,4.18925388240529,-0.28161337209302584,109.77
2018,Eggplants (aubergines),109.77,-0.28161337209302584,4.848080769597107,4.613391789557597,6.032752245113571,3.362954622851293,6.832467887400928,117.27
2019,Eggplants (aubergines),117.27,6.832467887400928,-0.28161337209302584,4.848080769597107,4.613391789557597,6.3468517983947415,5.184616696512312,123.35
2020,Eggplants (aubergines),123.35,5.184616696512312,6.832467887400928,-0.28161337209302584,4.848080769597107,5.164741601422755,10.814754762869882,136.69
2021,Eggplants (aubergines),136.69,10.814754762869882,5.184616696512312,6.832467887400928,-0.28161337209302584,3.0599530623538906,4.726022386421835,143.15
2022,Eggplants (aubergines),143.15,4.726022386421835,10.814754762869882,5.184616696512312,6.832467887400928,5.402997559211754,0.831295843520774,144.34
2023,Eggplants (aubergines),144.34,0.831295843520774,4.726022386421835,10.814754762869882,5.184616696512312,1.3961097628997046,6.242205902729658,153.35
2024,Eggplants (aubergines),153.35,6.242205902729658,0.831295843520774,4.726022386421835,10.814754762869882,7.942160915060108,4.721225953700681,160.59
2025,Eggplants (aubergines),160.59,4.721225953700681,6.242205902729658,0.831295843520774,4.726022386421835,5.382083135965952,,
1991,Eggs Primary,15.73,,,,,,0.0,15.73
1992,Eggs Primary,15.73,0.0,,,,,0.0,15.73
1993,Eggs Primary,15.73,0.0,0.0,,,,69.1036236490782,26.6
1994,Eggs Primary,26.6,69.1036236490782,0.0,0.0,,,23.684210526315773,32.9
1995,Eggs Primary,32.9,23.684210526315773,69.1036236490782,0.0,0.0,,-23.252279635258354,25.25
1996,Eggs Primary,25.25,-23.252279635258354,23.684210526315773,69.1036236490782,0.0,,33.188118811881196,33.63
1997,Eggs Primary,33.63,33.188118811881196,-23.252279635258354,23.684210526315773,69.1036236490782,,-0.14867677668749524,33.58
1998,Eggs Primary,33.58,-0.14867677668749524,33.188118811881196,-23.252279635258354,23.684210526315773,,5.300774270399056,35.36
1999,Eggs Primary,35.36,5.300774270399056,-0.14867677668749524,33.188118811881196,-23.252279635258354,,1.979638009049789,36.06
2000,Eggs Primary,36.06,1.979638009049789,5.300774270399056,-0.14867677668749524,33.188118811881196,,1.0537992235163385,36.44
2001,Eggs Primary,36.44,1.0537992235163385,1.979638009049789,5.300774270399056,-0.14867677668749524,,0.7683863885839859,36.72
2002,Eggs Primary,36.72,0.7683863885839859,1.0537992235163385,1.979638009049789,5.300774270399056,,8.469498910675387,39.83
2003,Eggs Primary,39.83,8.469498910675387,0.7683863885839859,1.0537992235163385,1.979638009049789,,5.975395430579966,42.21
2004,Eggs Primary,42.21,5.975395430579966,8.469498910675387,0.7683863885839859,1.0537992235163385,,8.860459606728277,45.95
2005,Eggs Primary,45.95,8.860459606728277,5.975395430579966,8.469498910675387,0.7683863885839859,,6.507072905331879,48.94
2006,Eggs Primary,48.94,6.507072905331879,8.860459606728277,5.975395430579966,8.469498910675387,,22.905598692276264,60.15
2007,Eggs Primary,60.15,22.905598692276264,6.507072905331879,8.860459606728277,5.975395430579966,,-1.3965087281795463,59.31
2008,Eggs Primary,59.31,-1.3965087281795463,22.905598692276264,6.507072905331879,8.860459606728277,,10.470409711684358,65.52
2009,Eggs Primary,65.52,10.470409711684358,-1.3965087281795463,22.905598692276264,6.507072905331879,,17.73504273504274,77.14
2010,Eggs Primary,77.14,17.73504273504274,10.470409711684358,-1.3965087281795463,22.905598692276264,,9.048483277158414,84.12
2011,Eggs Primary,84.12,9.048483277158414,17.73504273504274,10.470409711684358,-1.3965087281795463,,8.511650023775562,91.28
2012,Eggs Primary,91.28,8.511650023775562,9.048483277158414,17.73504273504274,10.470409711684358,,-4.338299737072749,87.32
2013,Eggs Primary,87.32,-4.338299737072749,8.511650023775562,9.048483277158414,17.73504273504274,,8.394411360513065,94.65
2014,Eggs Primary,94.65,8.394411360513065,-4.338299737072749,8.511650023775562,9.048483277158414,,6.032752245113571,100.36
2015,Eggs Primary,100.36,6.032752245113571,8.394411360513065,-4.338299737072749,8.511650023775562,,4.613391789557597,104.99
2016,Eggs Primary,104.99,4.613391789557597,6.032752245113571,8.394411360513065,-4.338299737072749,,4.848080769597107,110.08
2017,Eggs Primary,110.08,4.848080769597107,4.613391789557597,6.032752245113571,8.394411360513065,,-0.28161337209302584,109.77
2018,Eggs Primary,109.77,-0.28161337209302584,4.848080769597107,4.613391789557597,6.032752245113571,,7.789013391637067,118.32
2019,Eggs Primary,118.32,7.789013391637067,-0.28161337209302584,4.848080769597107,4.613391789557597,,-4.648411088573356,112.82
2020,Eggs Primary,112.82,-4.648411088573356,7.789013391637067,-0.28161337209302584,4.848080769597107,,15.564616202800918,130.38
2021,Eggs Primary,130.38,15.564616202800918,-4.648411088573356,7.789013391637067,-0.28161337209302584,,7.3017333946924445,139.9
2022,Eggs Primary,139.9,7.3017333946924445,15.564616202800918,-4.648411088573356,7.789013391637067,,2.1443888491779806,142.9
2023,Eggs Primary,142.9,2.1443888491779806,7.3017333946924445,15.564616202800918,-4.648411088573356,,6.5220433869839,152.22
2024,Eggs Primary,152.22,6.5220433869839,2.1443888491779806,7.3017333946924445,15.564616202800918,,6.116147680988049,161.53
2025,Eggs Primary,161.53,6.116147680988049,6.5220433869839,2.1443888491779806,7.3017333946924445,,,
1991,Fibre Crops Primary,26.43,,,,,,-11.04805145667801,23.51
1992,Fibre Crops Primary,23.51,-11.04805145667801,,,,,40.79115270097831,33.1
1993,Fibre Crops Primary,33.1,40.79115270097831,-11.04805145667801,,,,28.398791540785485,42.5
1994,Fibre Crops Primary,42.5,28.398791540785485,40.79115270097831,-11.04805145667801,,,-4.61176470588236,40.54
1995,Fibre Crops Primary,40.54,-4.61176470588236,28.398791540785485,40.79115270097831,-11.04805145667801,,-2.2446965959546095,39.63
1996,Fibre Crops Primary,39.63,-2.2446965959546095,-4.61176470588236,28.398791540785485,40.79115270097831,,7.7718899823365994,42.71
1997,Fibre Crops Primary,42.71,7.7718899823365994,-2.2446965959546095,-4.61176470588236,28.398791540785485,,16.811051276047763,49.89
1998,Fibre Crops Primary,49.89,16.811051276047763,7.7718899823365994,-2.2446965959546095,-4.61176470588236,,-8.679094006814992,45.56
1999,Fibre Crops Primary,45.56,-8.679094006814992,16.811051276047763,7.7718899823365994,-2.2446965959546095,,0.04389815627743321,45.58
2000,Fibre Crops Primary,45.58,0.04389815627743321,-8.679094006814992,16.811051276047763,7.7718899823365994,,4.8924967090829385,47.81
2001,Fibre Crops Primary,47.81,4.8924967090829385,0.04389815627743321,-8.679094006814992,16.811051276047763,,3.221083455344065,49.35
2002,Fibre Crops Primary,49.35,3.221083455344065,4.8924967090829385,0.04389815627743321,-8.679094006814992,,4.680851063829783,51.66
2003,Fibre Crops Primary,51.66,4.680851063829783,3.221083455344065,4.8924967090829385,0.04389815627743321,,-7.259001161440182,47.91
2004,Fibre Crops Primary,47.91,-7.259001161440182,4.680851063829783,3.221083455344065,4.8924967090829385,,-0.7514088916718786,47.55
2005,Fibre Crops Primary,47.55,-0.7514088916718786,-7.259001161440182,4.680851063829783,3.221083455344065,,2.64984227129339,48.81
2006,Fibre Crops Primary,48.81,2.64984227129339,-0.7514088916718786,-7.259001161440182,4.680851063829783,,19.48371235402582,58.32
2007,Fibre Crops Primary,58.32,19.48371235402582,2.64984227129339,-0.7514088916718786,-7.259001161440182,,1.6975308641975273,59.31
2008,Fibre Crops Primary,59.31,1.6975308641975273,19.48371235402582,2.64984227129339,-0.7514088916718786,,10.470409711684358,65.52
2009,Fibre Crops Primary,65.52,10.470409711684358,1.6975308641975273,19.48371235402582,2.64984227129339,,17.73504273504274,77.14
2010,Fibre Crops Primary,77.14,17.73504273504274,10.470409711684358,1.6975308641975273,19.48371235402582,,9.048483277158414,84.12
2011,Fibre Crops Primary,84.12,9.048483277158414,17.73504273504274,10.470409711684358,1.6975308641975273,,8.511650023775562,91.28
2012,Fibre Crops Primary,91.28,8.511650023775562,9.048483277158414,17.73504273504274,10.470409711684358,,-4.338299737072749,87.32
2013,Fibre Crops Primary,87.32,-4.338299737072749,8.511650023775562,9.048483277158414,17.73504273504274,,8.394411360513065,94.65
2014,Fibre Crops Primary,94.65,8.394411360513065,-4.338299737072749,8.511650023775562,9.048483277158414,,6.032752245113571,100.36
2015,Fibre Crops Primary,100.36,6.032752245113571,8.394411360513065,-4.338299737072749,8.511650023775562,,4.613391789557597,104.99
2016,Fibre Crops Primary,104.99,4.613391789557597,6.032752245113571,8.394411360513065,-4.338299737072749,,4.848080769597107,110.08
2017,Fibre Crops Primary,110.08,4.848080769597107,4.613391789557597,6.032752245113571,8.394411360513065,,-0.28161337209302584,109.77
2018,Fibre Crops Primary,109.77,-0.28161337209302584,4.848080769597107,4.613391789557597,6.032752245113571,,8.545139837842775,119.15
2019,Fibre Crops Primary,119.15,8.545139837842775,-0.28161337209302584,4.848080769597107,4.613391789557597,,-5.312631137222001,112.82
2020,Fibre Crops Primary,112.82,-5.312631137222001,8.545139837842775,-0.28161337209302584,4.848080769597107,,8.491402233646529,122.4
2021,Fibre Crops Primary,122.4,8.491402233646529,-5.312631137222001,8.545139837842775,-0.28161337209302584,,4.117647058823515,127.44
2022,Fibre Crops Primary,127.44,4.117647058823515,8.491402233646529,-5.312631137222001,8.545139837842775,,1.5222849968612673,129.38
2023,Fibre Crops Primary,129.38,1.5222849968612673,4.117647058823515,8.491402233646529,-5.312631137222001,,9.769670737362812,142.02
2024,Fibre Crops Primary,142.02,9.769670737362812,1.5222849968612673,4.117647058823515,8.491402233646529,,6.2385579495845445,150.88
2025,Fibre Crops Primary,150.88,6.2385579495845445,9.769670737362812,1.5222849968612673,4.117647058823515,,,
1991,Figs,14.1,,,,,8.672632306046946,31.84397163120567,18.59
1992,Figs,18.59,31.84397163120567,,,,4.64164286907434,4.787520172135551,19.48
1993,Figs,19.48,4.787520172135551,31.84397163120567,,,,2.6180698151950565,19.99
1994,Figs,19.99,2.6180698151950565,4.787520172135551,31.84397163120567,,,24.812406203101567,24.95
1995,Figs,24.95,24.812406203101567,2.6180698151950565,4.787520172135551,31.84397163120567,,11.022044088176353,27.7
1996,Figs,27.7,11.022044088176353,24.812406203101567,2.6180698151950565,4.787520172135551,,3.862815884476545,28.77
1997,Figs,28.77,3.862815884476545,11.022044088176353,24.812406203101567,2.6180698151950565,15.58589377614998,-3.232533889468192,27.84
1998,Figs,27.84,-3.232533889468192,3.862815884476545,11.022044088176353,24.812406203101567,12.758401779173754,-4.705459770114939,26.53
1999,Figs,26.53,-4.705459770114939,-3.232533889468192,3.862815884476545,11.022044088176353,10.907822318497447,6.935544666415372,28.37
2000,Figs,28.37,6.935544666415372,-4.705459770114939,-3.232533889468192,3.862815884476545,13.161801773042702,14.310891787099035,32.43
2001,Figs,32.43,14.310891787099035,6.935544666415372,-4.705459770114939,-3.232533889468192,12.770301623444185,14.369411039161273,37.09
2002,Figs,37.09,14.369411039161273,14.310891787099035,6.935544666415372,-4.705459770114939,3.9903079863651087,7.38743596656779,39.83
2003,Figs,39.83,7.38743596656779,14.369411039161273,14.310891787099035,6.935544666415372,-1.1322900724662723,5.975395430579966,42.21
2004,Figs,42.21,5.975395430579966,7.38743596656779,14.369411039161273,14.310891787099035,-0.4500654528863759,8.860459606728277,45.95
2005,Figs,45.95,8.860459606728277,5.975395430579966,7.38743596656779,14.369411039161273,4.9117438026853275,6.507072905331879,48.94
2006,Figs,48.94,6.507072905331879,8.860459606728277,5.975395430579966,7.38743596656779,8.611739524244392,22.905598692276264,60.15
2007,Figs,60.15,22.905598692276264,6.507072905331879,8.860459606728277,5.975395430579966,8.826045764248187,-1.3965087281795463,59.31
2008,Figs,59.31,-1.3965087281795463,22.905598692276264,6.507072905331879,8.860459606728277,7.398115201115318,10.470409711684358,65.52
2009,Figs,65.52,10.470409711684358,-1.3965087281795463,22.905598692276264,6.507072905331879,7.1143093142133695,17.73504273504274,77.14
2010,Figs,77.14,17.73504273504274,10.470409711684358,-1.3965087281795463,22.905598692276264,12.75771040144547,9.048483277158414,84.12
2011,Figs,84.12,9.048483277158414,17.73504273504274,10.470409711684358,-1.3965087281795463,9.338720956476195,8.511650023775562,91.28
2012,Figs,91.28,8.511650023775562,9.048483277158414,17.73504273504274,10.470409711684358,10.659833225260355,-4.338299737072749,87.32
2013,Figs,87.32,-4.338299737072749,8.511650023775562,9.048483277158414,17.73504273504274,8.936314572849179,8.394411360513065,94.65
2014,Figs,94.65,8.394411360513065,-4.338299737072749,8.511650023775562,9.048483277158414,12.417978574628501,6.032752245113571,100.36
2015,Figs,100.36,6.032752245113571,8.394411360513065,-4.338299737072749,8.511650023775562,11.765058678658901,4.613391789557597,104.99
2016,Figs,104.99,4.613391789557597,6.032752245113571,8.394411360513065,-4.338299737072749,4.407277854620404,4.848080769597107,110.08
2017,Figs,110.08,4.848080769597107,4.613391789557597,6.032752245113571,8.394411360513065,4.189253882405288,-0.28161337209302584,109.77
2018,Figs,109.77,-0.28161337209302584,4.848080769597107,4.613391789557597,6.032752245113571,3.3629546228512908,11.642525280131188,122.55
2019,Figs,122.55,11.642525280131188,-0.28161337209302584,4.848080769597107,4.613391789557597,6.346851798394739,-7.172582619339041,113.76
2020,Figs,113.76,-7.172582619339041,11.642525280131188,-0.28161337209302584,4.848080769597107,5.164741601422754,19.356540084388186,135.78
2021,Figs,135.78,19.356540084388186,-7.172582619339041,11.642525280131188,-0.28161337209302584,3.059953062353888,3.962291942848717,141.16
2022,Figs,141.16,3.962291942848717,19.356540084388186,-7.172582619339041,11.642525280131188,3.3805870645410767,2.699064890903946,144.97
2023,Figs,144.97,2.699064890903946,3.962291942848717,19.356540084388186,-7.172582619339041,-0.13379174406653327,7.2635717734703675,155.5
2024,Figs,155.5,7.2635717734703675,2.699064890903946,3.962291942848717,19.356540084388186,6.2430573895414385,6.765273311897113,166.02
2025,Figs,166.02,6.765273311897113,7.2635717734703675,2.699064890903946,3.962291942848717,6.075800707790424,,
1991,Fruit Primary,14.68,,,,,,12.94277929155312,16.58
1992,Fruit Primary,16.58,12.94277929155312,,,,,28.950542822677928,21.38
1993,Fruit Primary,21.38,28.950542822677928,12.94277929155312,,,,4.864359214218905,22.42
1994,Fruit Primary,22.42,4.864359214218905,28.950542822677928,12.94277929155312,,,4.460303300624435,23.42
1995,Fruit Primary,23.42,4.460303300624435,4.864359214218905,28.950542822677928,12.94277929155312,,23.398804440649013,28.9
1996,Fruit Primary,28.9,23.398804440649013,4.460303300624435,4.864359214218905,28.950542822677928,,11.626297577854672,32.26
1997,Fruit Primary,32.26,11.626297577854672,23.398804440649013,4.460303300624435,4.864359214218905,,3.2858028518288895,33.32
1998,Fruit Primary,33.32,3.2858028518288895,11.626297577854672,23.398804440649013,4.460303300624435,,-2.941176470588225,32.34
1999,Fruit Primary,32.34,-2.941176470588225,3.2858028518288895,11.626297577854672,23.398804440649013,,-3.741496598639471,31.13
2000,Fruit Primary,31.13,-3.741496598639471,-2.941176470588225,3.2858028518288895,11.626297577854672,,5.332476710568579,32.79
2001,Fruit Primary,32.79,5.332476710568579,-3.741496598639471,-2.941176470588225,3.2858028518288895,,13.144251296126885,37.1
2002,Fruit Primary,37.1,13.144251296126885,5.332476710568579,-3.741496598639471,-2.941176470588225,,7.358490566037723,39.83
2003,Fruit Primary,39.83,7.358490566037723,13.144251296126885,5.332476710568579,-3.741496598639471,,5.975395430579966,42.21
2004,Fruit Primary,42.21,5.975395430579966,7.358490566037723,13.144251296126885,5.332476710568579,,8.860459606728277,45.95
2005,Fruit Primary,45.95,8.860459606728277,5.975395430579966,7.358490566037723,13.144251296126885,,6.507072905331879,48.94
2006,Fruit Primary,48.94,6.507072905331879,8.860459606728277,5.975395430579966,7.358490566037723,,22.905598692276264,60.15
2007,Fruit Primary,60.15,22.905598692276264,6.507072905331879,8.860459606728277,5.975395430579966,,-1.3965087281795463,59.31
2008,Fruit Primary,59.31,-1.3965087281795463,22.905598692276264,6.507072905331879,8.860459606728277,,10.470409711684358,65.52
2009,Fruit Primary,65.52,10.470409711684358,-1.3965087281795463,22.905598692276264,6.507072905331879,,17.73504273504274,77.14
2010,Fruit Primary,77.14,17.73504273504274,10.470409711684358,-1.3965087281795463,22.905598692276264,,9.048483277158414,84.12
2011,Fruit Primary,84.12,9.048483277158414,17.73504273504274,10.470409711684358,-1.3965087281795463,,8.511650023775562,91.28
2012,Fruit Primary,91.28,8.511650023775562,9.048483277158414,17.73504273504274,10.470409711684358,,-4.338299737072749,87.32
2013,Fruit Primary,87.32,-4.338299737072749,8.511650023775562,9.048483277158414,17.73504273504274,,8.394411360513065,94.65
2014,Fruit Primary,94.65,8.394411360513065,-4.338299737072749,8.511650023775562,9.048483277158414,,6.032752245113571,100.36
2015,Fruit Primary,100.36,6.032752245113571,8.394411360513065,-4.338299737072749,8.511650023775562,,4.613391789557597,104.99
2016,Fruit Primary,104.99,4.613391789557597,6.032752245113571,8.394411360513065,-4.338299737072749,,4.848080769597107,110.08
2017,Fruit Primary,110.08,4.848080769597107,4.613391789557597,6.032752245113571,8.394411360513065,,-0.28161337209302584,109.77
2018,Fruit Primary,109.77,-0.28161337209302584,4.848080769597107,4.613391789557597,6.032752245113571,,5.575293796119163,115.89
2019,Fruit Primary,115.89,5.575293796119163,-0.28161337209302584,4.848080769597107,4.613391789557597,,-5.695055656225723,109.29
2020,Fruit Primary,109.29,-5.695055656225723,5.575293796119163,-0.28161337209302584,4.848080769597107,,18.84893402873089,129.89
2021,Fruit Primary,129.89,18.84893402873089,-5.695055656225723,5.575293796119163,-0.28161337209302584,,5.073523750866116,136.48
2022,Fruit Primary,136.48,5.073523750866116,18.84893402873089,-5.695055656225723,5.575293796119163,,2.293376318874585,139.61
2023,Fruit Primary,139.61,2.293376318874585,5.073523750866116,18.84893402873089,-5.695055656225723,,6.432203996848362,148.59
2024,Fruit Primary,148.59,6.432203996848362,2.293376318874585,5.073523750866116,18.84893402873089,,5.760818359243558,157.15
2025,Fruit Primary,157.15,5.760818359243558,6.432203996848362,2.293376318874585,5.073523750866116,,,
1991,"Fruit excl Melons, Total",14.7,,,,,,12.993197278911573,16.61
1992,"Fruit excl Melons, Total",16.61,12.993197278911573,,,,,29.13907284768211,21.45
1993,"Fruit excl Melons, Total",21.45,29.13907284768211,12.993197278911573,,,,4.615384615384621,22.44
1994,"Fruit excl Melons, Total",22.44,4.615384615384621,29.13907284768211,12.993197278911573,,,4.411764705882337,23.43
1995,"Fruit excl Melons, Total",23.43,4.411764705882337,4.615384615384621,29.13907284768211,12.993197278911573,,23.474178403755875,28.93
1996,"Fruit excl Melons, Total",28.93,23.474178403755875,4.411764705882337,4.615384615384621,29.13907284768211,,10.404424472865536,31.94
1997,"Fruit excl Melons, Total",31.94,10.404424472865536,23.474178403755875,4.411764705882337,4.615384615384621,,3.2561051972448185,32.98
1998,"Fruit excl Melons, Total",32.98,3.2561051972448185,10.404424472865536,23.474178403755875,4.411764705882337,,-3.3353547604608846,31.88
1999,"Fruit excl Melons, Total",31.88,-3.3353547604608846,3.2561051972448185,10.404424472865536,23.474178403755875,,-3.826850690087824,30.66
2000,"Fruit excl Melons, Total",30.66,-3.826850690087824,-3.3353547604608846,3.2561051972448185,10.404424472865536,,6.979778212654919,32.8
2001,"Fruit excl Melons, Total",32.8,6.979778212654919,-3.826850690087824,-3.3353547604608846,3.2561051972448185,,13.140243902439043,37.11
2002,"Fruit excl Melons, Total",37.11,13.140243902439043,6.979778212654919,-3.826850690087824,-3.3353547604608846,,7.329560765292364,39.83
2003,"Fruit excl Melons, Total",39.83,7.329560765292364,13.140243902439043,6.979778212654919,-3.826850690087824,,5.975395430579966,42.21
2004,"Fruit excl Melons, Total",42.21,5.975395430579966,7.329560765292364,13.140243902439043,6.979778212654919,,8.860459606728277,45.95
2005,"Fruit excl Melons, Total",45.95,8.860459606728277,5.975395430579966,7.329560765292364,13.140243902439043,,6.507072905331879,48.94
2006,"Fruit excl Melons, Total",48.94,6.507072905331879,8.860459606728277,5.975395430579966,7.329560765292364,,22.905598692276264,60.15
2007,"Fruit excl Melons, Total",60.15,22.905598692276264,6.507072905331879,8.860459606728277,5.975395430579966,,-1.3965087281795463,59.31
2008,"Fruit excl Melons, Total",59.31,-1.3965087281795463,22.905598692276264,6.507072905331879,8.860459606728277,,10.470409711684358,65.52
2009,"Fruit excl Melons, Total",65.52,10.470409711684358,-1.3965087281795463,22.905598692276264,6.507072905331879,,17.73504273504274,77.14
2010,"Fruit excl Melons, Total",77.14,17.73504273504274,10.470409711684358,-1.3965087281795463,22.905598692276264,,9.048483277158414,84.12
2011,"Fruit excl Melons, Total",84.12,9.048483277158414,17.73504273504274,10.470409711684358,-1.3965087281795463,,8.511650023775562,91.28
2012,"Fruit excl Melons, Total",91.28,8.511650023775562,9.048483277158414,17.73504273504274,10.470409711684358,,-4.338299737072749,87.32
2013,"Fruit excl Melons, Total",87.32,-4.338299737072749,8.511650023775562,9.048483277158414,17.73504273504274,,8.394411360513065,94.65
2014,"Fruit excl Melons, Total",94.65,8.394411360513065,-4.338299737072749,8.511650023775562,9.048483277158414,,6.032752245113571,100.36
2015,"Fruit excl Melons, Total",100.36,6.032752245113571,8.394411360513065,-4.338299737072749,8.511650023775562,,4.613391789557597,104.99
2016,"Fruit excl Melons, Total",104.99,4.613391789557597,6.032752245113571,8.394411360513065,-4.338299737072749,,4.848080769597107,110.08
2017,"Fruit excl Melons, Total",110.08,4.848080769597107,4.613391789557597,6.032752245113571,8.394411360513065,,-0.28161337209302584,109.77
2018,"Fruit excl Melons, Total",109.77,-0.28161337209302584,4.848080769597107,4.613391789557597,6.032752245113571,,5.520634053019946,115.83
2019,"Fruit excl Melons, Total",115.83,5.520634053019946,-0.28161337209302584,4.848080769597107,4.613391789557597,,-5.654838988172317,109.28
2020,"Fruit excl Melons, Total",109.28,-5.654838988172317,5.520634053019946,-0.28161337209302584,4.848080769597107,,18.713396778916525,129.73
2021,"Fruit excl Melons, Total",129.73,18.713396778916525,-5.654838988172317,5.520634053019946,-0.28161337209302584,,4.933323055576966,136.13
2022,"Fruit excl Melons, Total",136.13,4.933323055576966,18.713396778916525,-5.654838988172317,5.520634053019946,,2.233159479908897,139.17
2023,"Fruit excl Melons, Total",139.17,2.233159479908897,4.933323055576966,18.713396778916525,-5.654838988172317,,6.5675073650930615,148.31
2024,"Fruit excl Melons, Total",148.31,6.5675073650930615,2.233159479908897,4.933323055576966,18.713396778916525,,5.886319196278067,157.04
2025,"Fruit excl Melons, Total",157.04,5.886319196278067,6.5675073650930615,2.233159479908897,4.933323055576966,,,
1991,"Ginger, raw",18.54,,,,,8.052054962983517,8.468176914778859,20.11
1992,"Ginger, raw",20.11,8.468176914778859,,,,8.603263712479379,19.492789656887123,24.03
1993,"Ginger, raw",24.03,19.492789656887123,8.468176914778859,,,23.545078024239515,48.35622138992923,35.65
1994,"Ginger, raw",35.65,48.35622138992923,19.492789656887123,8.468176914778859,,22.169833853617224,-16.437587657784015,29.79
1995,"Ginger, raw",29.79,-16.437587657784015,48.35622138992923,19.492789656887123,8.468176914778859,22.78092282593441,-55.924806982208786,13.13
1996,"Ginger, raw",13.13,-55.924806982208786,-16.437587657784015,48.35622138992923,19.492789656887123,-2.5882273076644133,81.26428027418126,23.8
1997,"Ginger, raw",23.8,81.26428027418126,-55.924806982208786,-16.437587657784015,48.35622138992923,8.133730247295254,28.15126050420167,30.5
1998,"Ginger, raw",30.5,28.15126050420167,81.26428027418126,-55.924806982208786,-16.437587657784015,13.183525244504326,-20.0327868852459,24.39
1999,"Ginger, raw",24.39,-20.0327868852459,28.15126050420167,81.26428027418126,-55.924806982208786,10.65983322526035,49.32349323493235,36.42
2000,"Ginger, raw",36.42,49.32349323493235,-20.0327868852459,28.15126050420167,81.26428027418126,8.936314572849176,-5.134541460735875,34.55
2001,"Ginger, raw",34.55,-5.134541460735875,49.32349323493235,-20.0327868852459,28.15126050420167,12.417978574628497,-18.379160636758318,28.2
2002,"Ginger, raw",28.2,-18.379160636758318,-5.134541460735875,49.32349323493235,-20.0327868852459,11.765058678658896,94.14893617021276,54.75
2003,"Ginger, raw",54.75,94.14893617021276,-18.379160636758318,-5.134541460735875,49.32349323493235,4.4072778546204,-9.26027397260274,49.68
2004,"Ginger, raw",49.68,-9.26027397260274,94.14893617021276,-18.379160636758318,-5.134541460735875,4.189253882405283,-16.54589371980676,41.46
2005,"Ginger, raw",41.46,-16.54589371980676,-9.26027397260274,94.14893617021276,-18.379160636758318,3.362954622851286,18.041485769416287,48.94
2006,"Ginger, raw",48.94,18.041485769416287,-16.54589371980676,-9.26027397260274,94.14893617021276,6.346851798394734,22.905598692276264,60.15
2007,"Ginger, raw",60.15,22.905598692276264,18.041485769416287,-16.54589371980676,-9.26027397260274,5.164741601422748,-1.3965087281795463,59.31
2008,"Ginger, raw",59.31,-1.3965087281795463,22.905598692276264,18.041485769416287,-16.54589371980676,3.0599530623538835,10.470409711684358,65.52
2009,"Ginger, raw",65.52,10.470409711684358,-1.3965087281795463,22.905598692276264,18.041485769416287,1.5434123659288217,17.73504273504274,77.14
2010,"Ginger, raw",77.14,17.73504273504274,10.470409711684358,-1.3965087281795463,22.905598692276264,-0.2729058901179899,9.048483277158414,84.12
2011,"Ginger, raw",84.12,9.048483277158414,17.73504273504274,10.470409711684358,-1.3965087281795463,5.301211921340507,8.511650023775562,91.28
2012,"Ginger, raw",91.28,8.511650023775562,9.048483277158414,17.73504273504274,10.470409711684358,7.692184306571105,-4.338299737072749,87.32
2013,"Ginger, raw",87.32,-4.338299737072749,8.511650023775562,9.048483277158414,17.73504273504274,9.16390036862986,8.394411360513065,94.65
2014,"Ginger, raw",94.65,8.394411360513065,-4.338299737072749,8.511650023775562,9.048483277158414,5.106202492997275,6.032752245113571,100.36
2015,"Ginger, raw",100.36,6.032752245113571,8.394411360513065,-4.338299737072749,8.511650023775562,,4.613391789557597,104.99
2016,"Ginger, raw",104.99,4.613391789557597,6.032752245113571,8.394411360513065,-4.338299737072749,,4.848080769597107,110.08
2017,"Ginger, raw",110.08,4.848080769597107,4.613391789557597,6.032752245113571,8.394411360513065,,-0.28161337209302584,109.77
2018,"Ginger, raw",109.77,-0.28161337209302584,4.848080769597107,4.613391789557597,6.032752245113571,,0.06376970028241224,109.84
2019,"Ginger, raw",109.84,0.06376970028241224,-0.28161337209302584,4.848080769597107,4.613391789557597,15.991652848497651,-0.6008739985433276,109.18
2020,"Ginger, raw",109.18,-0.6008739985433276,0.06376970028241224,-0.28161337209302584,4.848080769597107,13.09539406221287,16.440740062282465,127.13
2021,"Ginger, raw",127.13,16.440740062282465,-0.6008739985433276,0.06376970028241224,-0.28161337209302584,10.736707911910008,7.236686855974206,136.33
2022,"Ginger, raw",136.33,7.236686855974206,16.440740062282465,-0.6008739985433276,0.06376970028241224,12.818822987896292,3.814274187632938,141.53
2023,"Ginger, raw",141.53,3.814274187632938,7.236686855974206,16.440740062282465,-0.6008739985433276,13.236534839526625,4.267646435384709,147.57
2024,"Ginger, raw",147.57,4.267646435384709,3.814274187632938,7.236686855974206,16.440740062282465,3.8832327357851564,4.09974927153216,153.62
2025,"Ginger, raw",153.62,4.09974927153216,4.267646435384709,3.814274187632938,7.236686855974206,-1.3559548993798096,,
1991,Grapes,14.42,,,,,9.600597501273834,11.303744798890424,16.05
1992,Grapes,16.05,11.303744798890424,,,,7.768451315994533,31.90031152647976,21.17
1993,Grapes,21.17,31.90031152647976,11.303744798890424,,,7.114309314213364,4.770902220122797,22.18
1994,Grapes,22.18,4.770902220122797,31.90031152647976,11.303744798890424,,12.757710401445465,2.6149684400360806,22.76
1995,Grapes,22.76,2.6149684400360806,4.770902220122797,31.90031152647976,11.303744798890424,9.33872095647619,24.824253075571168,28.41
1996,Grapes,28.41,24.824253075571168,2.6149684400360806,4.770902220122797,31.90031152647976,10.65983322526035,11.017247448081658,31.54
1997,Grapes,31.54,11.017247448081658,24.824253075571168,2.6149684400360806,4.770902220122797,8.936314572849176,3.8681039949270746,32.76
1998,Grapes,32.76,3.8681039949270746,11.017247448081658,24.824253075571168,2.6149684400360806,12.417978574628497,-3.2356532356532353,31.7
1999,Grapes,31.7,-3.2356532356532353,3.8681039949270746,11.017247448081658,24.824253075571168,11.765058678658896,-4.7003154574132395,30.21
2000,Grapes,30.21,-4.7003154574132395,-3.2356532356532353,3.8681039949270746,11.017247448081658,4.4072778546204,6.2893081761006275,32.11
2001,Grapes,32.11,6.2893081761006275,-4.7003154574132395,-3.2356532356532353,3.8681039949270746,4.189253882405283,14.356898162566178,36.72
2002,Grapes,36.72,14.356898162566178,6.2893081761006275,-4.7003154574132395,-3.2356532356532353,3.362954622851286,8.469498910675387,39.83
2003,Grapes,39.83,8.469498910675387,14.356898162566178,6.2893081761006275,-4.7003154574132395,6.346851798394734,5.975395430579966,42.21
2004,Grapes,42.21,5.975395430579966,8.469498910675387,14.356898162566178,6.2893081761006275,5.164741601422748,8.860459606728277,45.95
2005,Grapes,45.95,8.860459606728277,5.975395430579966,8.469498910675387,14.356898162566178,3.0599530623538835,6.507072905331879,48.94
2006,Grapes,48.94,6.507072905331879,8.860459606728277,5.975395430579966,8.469498910675387,3.9332578003219485,22.905598692276264,60.15
2007,Grapes,60.15,22.905598692276264,6.507072905331879,8.860459606728277,5.975395430579966,-0.38998742775064343,-1.3965087281795463,59.31
2008,Grapes,59.31,-1.3965087281795463,22.905598692276264,6.507072905331879,8.860459606728277,7.020881692890004,10.470409711684358,65.52
2009,Grapes,65.52,10.470409711684358,-1.3965087281795463,22.905598692276264,6.507072905331879,6.255090177747146,17.73504273504274,77.14
2010,Grapes,77.14,17.73504273504274,10.470409711684358,-1.3965087281795463,22.905598692276264,9.908840274528222,9.048483277158414,84.12
2011,Grapes,84.12,9.048483277158414,17.73504273504274,10.470409711684358,-1.3965087281795463,4.619992820085848,8.511650023775562,91.28
2012,Grapes,91.28,8.511650023775562,9.048483277158414,17.73504273504274,10.470409711684358,,-4.338299737072749,87.32
2013,Grapes,87.32,-4.338299737072749,8.511650023775562,9.048483277158414,17.73504273504274,,8.394411360513065,94.65
2014,Grapes,94.65,8.394411360513065,-4.338299737072749,8.511650023775562,9.048483277158414,,6.032752245113571,100.36
2015,Grapes,100.36,6.032752245113571,8.394411360513065,-4.338299737072749,8.511650023775562,,4.613391789557597,104.99
2016,Grapes,104.99,4.613391789557597,6.032752245113571,8.394411360513065,-4.338299737072749,14.240098677315364,4.848080769597107,110.08
2017,Grapes,110.08,4.848080769597107,4.613391789557597,6.032752245113571,8.394411360513065,21.144008279517184,-0.28161337209302584,109.77
2018,Grapes,109.77,-0.28161337209302584,4.848080769597107,4.613391789557597,6.032752245113571,4.3393735311440365,7.233306003461792,117.71
2019,Grapes,117.71,7.233306003461792,-0.28161337209302584,4.848080769597107,4.613391789557597,31.967940626418823,-8.121654914620668,108.15
2020,Grapes,108.15,-8.121654914620668,7.233306003461792,-0.28161337209302584,4.848080769597107,23.771039340258763,21.950993989828916,131.89
2021,Grapes,131.89,21.950993989828916,-8.121654914620668,7.233306003461792,-0.28161337209302584,13.574388995546224,4.935931458033216,138.4
2022,Grapes,138.4,4.935931458033216,21.950993989828916,-8.121654914620668,7.233306003461792,-4.555766631708213,2.839595375722559,142.33
2023,Grapes,142.33,2.839595375722559,4.935931458033216,21.950993989828916,-8.121654914620668,-5.597823192548414,6.084451626501797,150.99
2024,Grapes,150.99,6.084451626501797,2.839595375722559,4.935931458033216,21.950993989828916,29.394282830075323,5.742102125968596,159.66
2025,Grapes,159.66,5.742102125968596,6.084451626501797,2.839595375722559,4.935931458033216,30.461117094439846,,
1991,Green garlic,8.5,,,,,12.757710401445465,22.705882352941174,10.43
1992,Green garlic,10.43,22.705882352941174,,,,9.33872095647619,43.24065196548419,14.94
1993,Green garlic,14.94,43.24065196548419,22.705882352941174,,,10.65983322526035,-23.22623828647924,11.47
1994,Green garlic,11.47,-23.22623828647924,43.24065196548419,22.705882352941174,,8.936314572849176,43.41761115954663,16.45
1995,Green garlic,16.45,43.41761115954663,-23.22623828647924,43.24065196548419,22.705882352941174,12.417978574628497,-7.173252279635256,15.27
1996,Green garlic,15.27,-7.173252279635256,43.41761115954663,-23.22623828647924,43.24065196548419,11.765058678658896,59.65946299934512,24.38
1997,Green garlic,24.38,59.65946299934512,-7.173252279635256,43.41761115954663,-23.22623828647924,4.4072778546204,18.82690730106644,28.97
1998,Green garlic,28.97,18.82690730106644,59.65946299934512,-7.173252279635256,43.41761115954663,4.189253882405283,-37.76320331377286,18.03
1999,Green garlic,18.03,-37.76320331377286,18.82690730106644,59.65946299934512,-7.173252279635256,3.362954622851286,5.268996117581803,18.98
2000,Green garlic,18.98,5.268996117581803,-37.76320331377286,18.82690730106644,59.65946299934512,6.346851798394734,15.700737618545846,21.96
2001,Green garlic,21.96,15.700737618545846,5.268996117581803,-37.76320331377286,18.82690730106644,5.164741601422748,67.21311475409834,36.72
2002,Green garlic,36.72,67.21311475409834,15.700737618545846,5.268996117581803,-37.76320331377286,3.0599530623538835,8.469498910675387,39.83
2003,Green garlic,39.83,8.469498910675387,67.21311475409834,15.700737618545846,5.268996117581803,14.339865555932162,5.975395430579966,42.21
2004,Green garlic,42.21,5.975395430579966,8.469498910675387,67.21311475409834,15.700737618545846,8.264918599395408,8.860459606728277,45.95
2005,Green garlic,45.95,8.860459606728277,5.975395430579966,8.469498910675387,67.21311475409834,22.14534498358593,6.507072905331879,48.94
2006,Green garlic,48.94,6.507072905331879,8.860459606728277,5.975395430579966,8.469498910675387,11.876444110934273,22.905598692276264,60.15
2007,Green garlic,60.15,22.905598692276264,6.507072905331879,8.860459606728277,5.975395430579966,14.802892722118541,-1.3965087281795463,59.31
2008,Green garlic,59.31,-1.3965087281795463,22.905598692276264,6.507072905331879,8.860459606728277,3.1232162117846163,10.470409711684358,65.52
2009,Green garlic,65.52,10.470409711684358,-1.3965087281795463,22.905598692276264,6.507072905331879,,17.73504273504274,77.14
2010,Green garlic,77.14,17.73504273504274,10.470409711684358,-1.3965087281795463,22.905598692276264,,9.048483277158414,84.12
2011,Green garlic,84.12,9.048483277158414,17.73504273504274,10.470409711684358,-1.3965087281795463,,8.511650023775562,91.28
2012,Green garlic,91.28,8.511650023775562,9.048483277158414,17.73504273504274,10.470409711684358,,-4.338299737072749,87.32
2013,Green garlic,87.32,-4.338299737072749,8.511650023775562,9.048483277158414,17.73504273504274,6.086516534277718,8.394411360513065,94.65
2014,Green garlic,94.65,8.394411360513065,-4.338299737072749,8.511650023775562,9.048483277158414,8.217353756387205,6.032752245113571,100.36
2015,Green garlic,100.36,6.032752245113571,8.394411360513065,-4.338299737072749,8.511650023775562,3.4907735979452426,4.613391789557597,104.99
2016,Green garlic,104.99,4.613391789557597,6.032752245113571,8.394411360513065,-4.338299737072749,-2.9076654875993437,4.848080769597107,110.08
2017,Green garlic,110.08,4.848080769597107,4.613391789557597,6.032752245113571,8.394411360513065,-6.942609976831524,-0.28161337209302584,109.77
2018,Green garlic,109.77,-0.28161337209302584,4.848080769597107,4.613391789557597,6.032752245113571,-0.3292605158899307,38.45312927029243,151.98
2019,Green garlic,151.98,38.45312927029243,-0.28161337209302584,4.848080769597107,4.613391789557597,2.9636606572698008,-13.376760100013152,131.65
2020,Green garlic,131.65,-13.376760100013152,38.45312927029243,-0.28161337209302584,4.848080769597107,8.847972426075502,41.35966578047854,186.1
2021,Green garlic,186.1,41.35966578047854,-13.376760100013152,38.45312927029243,-0.28161337209302584,5.529282431417399,7.646426652337457,200.33
2022,Green garlic,200.33,7.646426652337457,41.35966578047854,-13.376760100013152,38.45312927029243,4.755220778306826,-4.597414266460342,191.12
2023,Green garlic,191.12,-4.597414266460342,7.646426652337457,41.35966578047854,-13.376760100013152,3.8618262146103444,6.320636249476763,203.2
2024,Green garlic,203.2,6.320636249476763,-4.597414266460342,7.646426652337457,41.35966578047854,3.9325083966041787,5.949803149606292,215.29
2025,Green garlic,215.29,5.949803149606292,6.320636249476763,-4.597414266460342,7.646426652337457,2.8263329763446237,,
1991,"Groundnuts, excluding shelled",29.48,,,,,,-2.103120759837185,28.86
1992,"Groundnuts, excluding shelled",28.86,-2.103120759837185,,,,,5.405405405405417,30.42
1993,"Groundnuts, excluding shelled",30.42,5.405405405405417,-2.103120759837185,,,,14.957264957264949,34.97
1994,"Groundnuts, excluding shelled",34.97,14.957264957264949,5.405405405405417,-2.103120759837185,,9.782528378293572,4.289390906491275,36.47
1995,"Groundnuts, excluding shelled",36.47,4.289390906491275,14.957264957264949,5.405405405405417,-2.103120759837185,24.741829361437933,-8.774335069920468,33.27
1996,"Groundnuts, excluding shelled",33.27,-8.774335069920468,4.289390906491275,14.957264957264949,5.405405405405417,15.445128891671672,-4.23805229936881,31.86
1997,"Groundnuts, excluding shelled",31.86,-4.23805229936881,-8.774335069920468,4.289390906491275,14.957264957264949,5.583055603546573,-7.815442561205266,29.37
1998,"Groundnuts, excluding shelled",29.37,-7.815442561205266,-4.23805229936881,-8.774335069920468,4.289390906491275,5.05074739241038,11.065713312904313,32.62
1999,"Groundnuts, excluding shelled",32.62,11.065713312904313,-7.815442561205266,-4.23805229936881,-8.774335069920468,7.355728282233033,5.640711220110384,34.46
2000,"Groundnuts, excluding shelled",34.46,5.640711220110384,11.065713312904313,-7.815442561205266,-4.23805229936881,17.98414152903217,9.83749274521184,37.85
2001,"Groundnuts, excluding shelled",37.85,9.83749274521184,5.640711220110384,11.065713312904313,-7.815442561205266,0.6211479944979151,1.109643328929999,38.27
2002,"Groundnuts, excluding shelled",38.27,1.109643328929999,9.83749274521184,5.640711220110384,11.065713312904313,-2.179684834322806,3.3185262607786647,39.54
2003,"Groundnuts, excluding shelled",39.54,3.3185262607786647,1.109643328929999,9.83749274521184,5.640711220110384,-6.072265007173091,7.157309054122396,42.37
2004,"Groundnuts, excluding shelled",42.37,7.157309054122396,3.3185262607786647,1.109643328929999,9.83749274521184,0.8455500471801157,1.3216898749115025,42.93
2005,"Groundnuts, excluding shelled",42.93,1.3216898749115025,7.157309054122396,3.3185262607786647,1.109643328929999,10.610024671366311,0.0,42.93
2006,"Groundnuts, excluding shelled",42.93,0.0,1.3216898749115025,7.157309054122396,3.3185262607786647,11.157733130598567,1.979967388772419,43.78
2007,"Groundnuts, excluding shelled",43.78,1.979967388772419,0.0,1.3216898749115025,7.157309054122396,15.82186447906247,35.472818638647794,59.31
2008,"Groundnuts, excluding shelled",59.31,35.472818638647794,1.979967388772419,0.0,1.3216898749115025,6.130307257754932,10.470409711684358,65.52
2009,"Groundnuts, excluding shelled",65.52,10.470409711684358,35.472818638647794,1.979967388772419,0.0,8.869752402002671,17.73504273504274,77.14
2010,"Groundnuts, excluding shelled",77.14,17.73504273504274,10.470409711684358,35.472818638647794,1.979967388772419,7.143617754693371,9.048483277158414,84.12
2011,"Groundnuts, excluding shelled",84.12,9.048483277158414,17.73504273504274,10.470409711684358,35.472818638647794,12.417978574628494,8.511650023775562,91.28
2012,"Groundnuts, excluding shelled",91.28,8.511650023775562,9.048483277158414,17.73504273504274,10.470409711684358,11.765058678658896,-4.338299737072749,87.32
2013,"Groundnuts, excluding shelled",87.32,-4.338299737072749,8.511650023775562,9.048483277158414,17.73504273504274,4.4072778546204,8.394411360513065,94.65
2014,"Groundnuts, excluding shelled",94.65,8.394411360513065,-4.338299737072749,8.511650023775562,9.048483277158414,4.189253882405283,6.032752245113571,100.36
2015,"Groundnuts, excluding shelled",100.36,6.032752245113571,8.394411360513065,-4.338299737072749,8.511650023775562,3.362954622851286,4.613391789557597,104.99
2016,"Groundnuts, excluding shelled",104.99,4.613391789557597,6.032752245113571,8.394411360513065,-4.338299737072749,6.346851798394734,4.848080769597107,110.08
2017,"Groundnuts, excluding shelled",110.08,4.848080769597107,4.613391789557597,6.032752245113571,8.394411360513065,5.164741601422748,-0.28161337209302584,109.77
2018,"Groundnuts, excluding shelled",109.77,-0.28161337209302584,4.848080769597107,4.613391789557597,6.032752245113571,3.0599530623538835,10.385351188849423,121.17
2019,"Groundnuts, excluding shelled",121.17,10.385351188849423,-0.28161337209302584,4.848080769597107,4.613391789557597,4.12456690116917,-10.085004539077325,108.95
2020,"Groundnuts, excluding shelled",108.95,-10.085004539077325,10.385351188849423,-0.28161337209302584,4.848080769597107,3.297227939211757,13.042680128499295,123.16
2021,"Groundnuts, excluding shelled",123.16,13.042680128499295,-10.085004539077325,10.385351188849423,-0.28161337209302584,6.145487924615288,2.752517050990577,126.55
2022,"Groundnuts, excluding shelled",126.55,2.752517050990577,13.042680128499295,-10.085004539077325,10.385351188849423,4.717304805839448,-3.3820624259186083,122.27
2023,"Groundnuts, excluding shelled",122.27,-3.3820624259186083,2.752517050990577,13.042680128499295,-10.085004539077325,4.468745984564923,14.975055205692334,140.58
2024,"Groundnuts, excluding shelled",140.58,14.975055205692334,-3.3820624259186083,2.752517050990577,13.042680128499295,4.217316703777553,8.585858585858585,152.65
2025,"Groundnuts, excluding shelled",152.65,8.585858585858585,14.975055205692334,-3.3820624259186083,2.752517050990577,,,
1991,"Hen eggs in shell, fresh",15.73,,,,,8.690877754369877,0.0,15.73
1992,"Hen eggs in shell, fresh",15.73,0.0,,,,6.963936563348781,0.0,15.73
1993,"Hen eggs in shell, fresh",15.73,0.0,0.0,,,12.417978574628497,69.1036236490782,26.6
1994,"Hen eggs in shell, fresh",26.6,69.1036236490782,0.0,0.0,,11.765058678658896,23.684210526315773,32.9
1995,"Hen eggs in shell, fresh",32.9,23.684210526315773,69.1036236490782,0.0,0.0,4.4072778546204,-23.252279635258354,25.25
1996,"Hen eggs in shell, fresh",25.25,-23.252279635258354,23.684210526315773,69.1036236490782,0.0,4.189253882405283,33.188118811881196,33.63
1997,"Hen eggs in shell, fresh",33.63,33.188118811881196,-23.252279635258354,23.684210526315773,69.1036236490782,3.362954622851286,-0.14867677668749524,33.58
1998,"Hen eggs in shell, fresh",33.58,-0.14867677668749524,33.188118811881196,-23.252279635258354,23.684210526315773,6.346851798394734,5.300774270399056,35.36
1999,"Hen eggs in shell, fresh",35.36,5.300774270399056,-0.14867677668749524,33.188118811881196,-23.252279635258354,5.164741601422748,1.979638009049789,36.06
2000,"Hen eggs in shell, fresh",36.06,1.979638009049789,5.300774270399056,-0.14867677668749524,33.188118811881196,3.0599530623538835,1.0537992235163385,36.44
2001,"Hen eggs in shell, fresh",36.44,1.0537992235163385,1.979638009049789,5.300774270399056,-0.14867677668749524,4.16404338229638,0.7683863885839859,36.72
2002,"Hen eggs in shell, fresh",36.72,0.7683863885839859,1.0537992235163385,1.979638009049789,5.300774270399056,3.341466277616805,8.469498910675387,39.83
2003,"Hen eggs in shell, fresh",39.83,8.469498910675387,0.7683863885839859,1.0537992235163385,1.979638009049789,6.125858741686842,5.975395430579966,42.21
2004,"Hen eggs in shell, fresh",42.21,5.975395430579966,8.469498910675387,0.7683863885839859,1.0537992235163385,4.651197280011019,8.860459606728277,45.95
2005,"Hen eggs in shell, fresh",45.95,8.860459606728277,5.975395430579966,8.469498910675387,0.7683863885839859,4.4351288526121735,6.507072905331879,48.94
2006,"Hen eggs in shell, fresh",48.94,6.507072905331879,8.860459606728277,5.975395430579966,8.469498910675387,4.164546651828324,22.905598692276264,60.15
2007,"Hen eggs in shell, fresh",60.15,22.905598692276264,6.507072905331879,8.860459606728277,5.975395430579966,,-1.3965087281795463,59.31
2008,"Hen eggs in shell, fresh",59.31,-1.3965087281795463,22.905598692276264,6.507072905331879,8.860459606728277,,10.470409711684358,65.52
2009,"Hen eggs in shell, fresh",65.52,10.470409711684358,-1.3965087281795463,22.905598692276264,6.507072905331879,,17.73504273504274,77.14
2010,"Hen eggs in shell, fresh",77.14,17.73504273504274,10.470409711684358,-1.3965087281795463,22.905598692276264,,9.048483277158414,84.12
2011,"Hen eggs in shell, fresh",84.12,9.048483277158414,17.73504273504274,10.470409711684358,-1.3965087281795463,15.964047825239938,8.511650023775562,91.28
2012,"Hen eggs in shell, fresh",91.28,8.511650023775562,9.048483277158414,17.73504273504274,10.470409711684358,9.25202155177532,-4.338299737072749,87.32
2013,"Hen eggs in shell, fresh",87.32,-4.338299737072749,8.511650023775562,9.048483277158414,17.73504273504274,-1.5059945613381658,8.394411360513065,94.65
2014,"Hen eggs in shell, fresh",94.65,8.394411360513065,-4.338299737072749,8.511650023775562,9.048483277158414,-13.825376857393016,6.032752245113571,100.36
2015,"Hen eggs in shell, fresh",100.36,6.032752245113571,8.394411360513065,-4.338299737072749,8.511650023775562,28.675751515399856,4.613391789557597,104.99
2016,"Hen eggs in shell, fresh",104.99,4.613391789557597,6.032752245113571,8.394411360513065,-4.338299737072749,31.9316831132537,4.848080769597107,110.08
2017,"Hen eggs in shell, fresh",110.08,4.848080769597107,4.613391789557597,6.032752245113571,8.394411360513065,33.45521627132738,-0.28161337209302584,109.77
2018,"Hen eggs in shell, fresh",109.77,-0.28161337209302584,4.848080769597107,4.613391789557597,6.032752245113571,10.267560086439085,7.789013391637067,118.32
2019,"Hen eggs in shell, fresh",118.32,7.789013391637067,-0.28161337209302584,4.848080769597107,4.613391789557597,9.72827913273371,-4.648411088573356,112.82
2020,"Hen eggs in shell, fresh",112.82,-4.648411088573356,7.789013391637067,-0.28161337209302584,4.848080769597107,15.970899714488054,15.564616202800918,130.38
2021,"Hen eggs in shell, fresh",130.38,15.564616202800918,-4.648411088573356,7.789013391637067,-0.28161337209302584,-1.7810808813737813,7.3017333946924445,139.9
2022,"Hen eggs in shell, fresh",139.9,7.3017333946924445,15.564616202800918,-4.648411088573356,7.789013391637067,1.1822166020049465,2.1443888491779806,142.9
2023,"Hen eggs in shell, fresh",142.9,2.1443888491779806,7.3017333946924445,15.564616202800918,-4.648411088573356,3.1483554213656433,6.5220433869839,152.22
2024,"Hen eggs in shell, fresh",152.22,6.5220433869839,2.1443888491779806,7.3017333946924445,15.564616202800918,10.439989371894356,6.116147680988049,161.53
2025,"Hen eggs in shell, fresh",161.53,6.116147680988049,6.5220433869839,2.1443888491779806,7.3017333946924445,9.33872095647619,,
1991,Jute & Jute-like Fibres,20.5,,,,,,-3.0243902439024417,19.88
1992,Jute & Jute-like Fibres,19.88,-3.0243902439024417,,,,,22.384305835010053,24.33
1993,Jute & Jute-like Fibres,24.33,22.384305835010053,-3.0243902439024417,,,,9.987669543773126,26.76
1994,Jute & Jute-like Fibres,26.76,9.987669543773126,22.384305835010053,-3.0243902439024417,,,41.85351270553064,37.96
1995,Jute & Jute-like Fibres,37.96,41.85351270553064,9.987669543773126,22.384305835010053,-3.0243902439024417,,-5.5057955742887295,35.87
1996,Jute & Jute-like Fibres,35.87,-5.5057955742887295,41.85351270553064,9.987669543773126,22.384305835010053,,-19.598550320602172,28.84
1997,Jute & Jute-like Fibres,28.84,-19.598550320602172,-5.5057955742887295,41.85351270553064,9.987669543773126,,40.25658807212207,40.45
1998,Jute & Jute-like Fibres,40.45,40.25658807212207,-19.598550320602172,-5.5057955742887295,41.85351270553064,,1.4091470951792306,41.02
1999,Jute & Jute-like Fibres,41.02,1.4091470951792306,40.25658807212207,-19.598550320602172,-5.5057955742887295,,12.286689419795227,46.06
2000,Jute & Jute-like Fibres,46.06,12.286689419795227,1.4091470951792306,40.25658807212207,-19.598550320602172,,-11.832392531480684,40.61
2001,Jute & Jute-like Fibres,40.61,-11.832392531480684,12.286689419795227,1.4091470951792306,40.25658807212207,,-6.993351391282932,37.77
2002,Jute & Jute-like Fibres,37.77,-6.993351391282932,-11.832392531480684,12.286689419795227,1.4091470951792306,,0.6089489012443661,38.0
2003,Jute & Jute-like Fibres,38.0,0.6089489012443661,-6.993351391282932,-11.832392531480684,12.286689419795227,,8.921052631578942,41.39
2004,Jute & Jute-like Fibres,41.39,8.921052631578942,0.6089489012443661,-6.993351391282932,-11.832392531480684,,22.300072481275656,50.62
2005,Jute & Jute-like Fibres,50.62,22.300072481275656,8.921052631578942,0.6089489012443661,-6.993351391282932,,2.2520742789411408,51.76
2006,Jute & Jute-like Fibres,51.76,2.2520742789411408,22.300072481275656,8.921052631578942,0.6089489012443661,,22.91344667697064,63.62
2007,Jute & Jute-like Fibres,63.62,22.91344667697064,2.2520742789411408,22.300072481275656,8.921052631578942,,-6.7745991826469565,59.31
2008,Jute & Jute-like Fibres,59.31,-6.7745991826469565,22.91344667697064,2.2520742789411408,22.300072481275656,,10.470409711684358,65.52
2009,Jute & Jute-like Fibres,65.52,10.470409711684358,-6.7745991826469565,22.91344667697064,2.2520742789411408,,17.73504273504274,77.14
2010,Jute & Jute-like Fibres,77.14,17.73504273504274,10.470409711684358,-6.7745991826469565,22.91344667697064,,9.048483277158414,84.12
2011,Jute & Jute-like Fibres,84.12,9.048483277158414,17.73504273504274,10.470409711684358,-6.7745991826469565,,8.511650023775562,91.28
2012,Jute & Jute-like Fibres,91.28,8.511650023775562,9.048483277158414,17.73504273504274,10.470409711684358,,-4.338299737072749,87.32
2013,Jute & Jute-like Fibres,87.32,-4.338299737072749,8.511650023775562,9.048483277158414,17.73504273504274,,8.394411360513065,94.65
2014,Jute & Jute-like Fibres,94.65,8.394411360513065,-4.338299737072749,8.511650023775562,9.048483277158414,,6.032752245113571,100.36
2015,Jute & Jute-like Fibres,100.36,6.032752245113571,8.394411360513065,-4.338299737072749,8.511650023775562,,4.613391789557597,104.99
2016,Jute & Jute-like Fibres,104.99,4.613391789557597,6.032752245113571,8.394411360513065,-4.338299737072749,,4.848080769597107,110.08
2017,Jute & Jute-like Fibres,110.08,4.848080769597107,4.613391789557597,6.032752245113571,8.394411360513065,,-0.28161337209302584,109.77
2018,Jute & Jute-like Fibres,109.77,-0.28161337209302584,4.848080769597107,4.613391789557597,6.032752245113571,,7.807233306003458,118.34
2019,Jute & Jute-like Fibres,118.34,7.807233306003458,-0.28161337209302584,4.848080769597107,4.613391789557597,,2.366063883724867,121.14
2020,Jute & Jute-like Fibres,121.14,2.366063883724867,7.807233306003458,-0.28161337209302584,4.848080769597107,,8.263166584117565,131.15
2021,Jute & Jute-like Fibres,131.15,8.263166584117565,2.366063883724867,7.807233306003458,-0.28161337209302584,,3.522683949675942,135.77
2022,Jute & Jute-like Fibres,135.77,3.522683949675942,8.263166584117565,2.366063883724867,7.807233306003458,,1.6203874199012924,137.97
2023,Jute & Jute-like Fibres,137.97,1.6203874199012924,3.522683949675942,8.263166584117565,2.366063883724867,,7.508878741755454,148.33
2024,Jute & Jute-like Fibres,148.33,7.508878741755454,1.6203874199012924,3.522683949675942,8.263166584117565,,5.31247893211082,156.21
2025,Jute & Jute-like Fibres,156.21,5.31247893211082,7.508878741755454,1.6203874199012924,3.522683949675942,,,
1991,"Jute, raw or retted",20.76,,,,,,-4.86512524084779,19.75
1992,"Jute, raw or retted",19.75,-4.86512524084779,,,,,22.987341772151893,24.29
1993,"Jute, raw or retted",24.29,22.987341772151893,-4.86512524084779,,,,9.551255660765756,26.61
1994,"Jute, raw or retted",26.61,9.551255660765756,22.987341772151893,-4.86512524084779,,,47.04998121007142,39.13
1995,"Jute, raw or retted",39.13,47.04998121007142,9.551255660765756,22.987341772151893,-4.86512524084779,13.982828816809752,-4.804497827753651,37.25
1996,"Jute, raw or retted",37.25,-4.804497827753651,47.04998121007142,9.551255660765756,22.987341772151893,24.082211822120595,-19.38255033557047,30.03
1997,"Jute, raw or retted",30.03,-19.38255033557047,-4.804497827753651,47.04998121007142,9.551255660765756,16.91889765133479,34.89843489843489,40.51
1998,"Jute, raw or retted",40.51,34.89843489843489,-19.38255033557047,-4.804497827753651,47.04998121007142,7.951439123380916,2.1229326092322864,41.37
1999,"Jute, raw or retted",41.37,2.1229326092322864,34.89843489843489,-19.38255033557047,-4.804497827753651,1.048577852642076,15.300942712110244,47.7
2000,"Jute, raw or retted",47.7,15.300942712110244,2.1229326092322864,34.89843489843489,-19.38255033557047,3.3591311069063927,-16.45702306079665,39.85
2001,"Jute, raw or retted",39.85,-16.45702306079665,15.300942712110244,2.1229326092322864,34.89843489843489,4.493000279641536,-7.001254705144289,37.06
2002,"Jute, raw or retted",37.06,-7.001254705144289,-16.45702306079665,15.300942712110244,2.1229326092322864,1.874624440936417,0.5936319481921082,37.28
2003,"Jute, raw or retted",37.28,0.5936319481921082,-7.001254705144289,-16.45702306079665,15.300942712110244,-0.8848402859791554,9.951716738197437,40.99
2004,"Jute, raw or retted",40.99,9.951716738197437,0.5936319481921082,-7.001254705144289,-16.45702306079665,-0.11809118619089636,24.71334471822395,51.12
2005,"Jute, raw or retted",51.12,24.71334471822395,9.951716738197437,0.5936319481921082,-7.001254705144289,4.242411064384896,1.8388106416275418,52.06
2006,"Jute, raw or retted",52.06,1.8388106416275418,24.71334471822395,9.951716738197437,0.5936319481921082,4.447676700369745,22.915866308106025,63.99
2007,"Jute, raw or retted",63.99,22.915866308106025,1.8388106416275418,24.71334471822395,9.951716738197437,4.332330607333184,-7.313642756680727,59.31
2008,"Jute, raw or retted",59.31,-7.313642756680727,22.915866308106025,1.8388106416275418,24.71334471822395,8.075429978747046,10.470409711684358,65.52
2009,"Jute, raw or retted",65.52,10.470409711684358,-7.313642756680727,22.915866308106025,1.8388106416275418,7.389085109381472,17.73504273504274,77.14
2010,"Jute, raw or retted",77.14,17.73504273504274,10.470409711684358,-7.313642756680727,22.915866308106025,10.65983322526035,9.048483277158414,84.12
2011,"Jute, raw or retted",84.12,9.048483277158414,17.73504273504274,10.470409711684358,-7.313642756680727,8.936314572849176,8.511650023775562,91.28
2012,"Jute, raw or retted",91.28,8.511650023775562,9.048483277158414,17.73504273504274,10.470409711684358,12.417978574628497,-4.338299737072749,87.32
2013,"Jute, raw or retted",87.32,-4.338299737072749,8.511650023775562,9.048483277158414,17.73504273504274,11.765058678658896,8.394411360513065,94.65
2014,"Jute, raw or retted",94.65,8.394411360513065,-4.338299737072749,8.511650023775562,9.048483277158414,4.4072778546204,6.032752245113571,100.36
2015,"Jute, raw or retted",100.36,6.032752245113571,8.394411360513065,-4.338299737072749,8.511650023775562,4.189253882405283,4.613391789557597,104.99
2016,"Jute, raw or retted",104.99,4.613391789557597,6.032752245113571,8.394411360513065,-4.338299737072749,3.362954622851286,4.848080769597107,110.08
2017,"Jute, raw or retted",110.08,4.848080769597107,4.613391789557597,6.032752245113571,8.394411360513065,6.346851798394734,-0.28161337209302584,109.77
2018,"Jute, raw or retted",109.77,-0.28161337209302584,4.848080769597107,4.613391789557597,6.032752245113571,5.164741601422748,7.925662749385087,118.47
2019,"Jute, raw or retted",118.47,7.925662749385087,-0.28161337209302584,4.848080769597107,4.613391789557597,3.0599530623538835,2.3803494555583837,121.29
2020,"Jute, raw or retted",121.29,2.3803494555583837,7.925662749385087,-0.28161337209302584,4.848080769597107,3.7966084425739286,8.071564020117084,131.08
2021,"Jute, raw or retted",131.08,8.071564020117084,2.3803494555583837,7.925662749385087,-0.28161337209302584,0.15090387994115714,3.501678364357619,135.67
2022,"Jute, raw or retted",135.67,3.501678364357619,8.071564020117084,2.3803494555583837,7.925662749385087,4.7852762753125235,1.7321441733618492,138.02
2023,"Jute, raw or retted",138.02,1.7321441733618492,3.501678364357619,8.071564020117084,2.3803494555583837,4.458287400022555,7.259817417765535,148.04
2024,"Jute, raw or retted",148.04,7.259817417765535,1.7321441733618492,3.501678364357619,8.071564020117084,7.006477964523626,5.174277222372337,155.7
2025,"Jute, raw or retted",155.7,5.174277222372337,7.259817417765535,1.7321441733618492,3.501678364357619,5.249331093758274,,
1991,"Kenaf, and other textile bast fibres, raw or retted",18.08,,,,,3.6453793782423176,16.482300884955748,21.06
1992,"Kenaf, and other textile bast fibres, raw or retted",21.06,16.482300884955748,,,,3.7872702673404386,17.141500474833826,24.67
1993,"Kenaf, and other textile bast fibres, raw or retted",24.67,17.141500474833826,16.482300884955748,,,,14.268342115930267,28.19
1994,"Kenaf, and other textile bast fibres, raw or retted",28.19,14.268342115930267,17.141500474833826,16.482300884955748,,,-3.6537779354381072,27.16
1995,"Kenaf, and other textile bast fibres, raw or retted",27.16,-3.6537779354381072,14.268342115930267,17.141500474833826,16.482300884955748,,-15.132547864506629,23.05
1996,"Kenaf, and other textile bast fibres, raw or retted",23.05,-15.132547864506629,-3.6537779354381072,14.268342115930267,17.141500474833826,,-22.68980477223428,17.82
1997,"Kenaf, and other textile bast fibres, raw or retted",17.82,-22.68980477223428,-15.132547864506629,-3.6537779354381072,14.268342115930267,8.865780817031181,123.84960718294052,39.89
1998,"Kenaf, and other textile bast fibres, raw or retted",39.89,123.84960718294052,-22.68980477223428,-15.132547864506629,-3.6537779354381072,7.337941415211851,-5.364753070945105,37.75
1999,"Kenaf, and other textile bast fibres, raw or retted",37.75,-5.364753070945105,123.84960718294052,-22.68980477223428,-15.132547864506629,3.6393825225320513,-18.11920529801324,30.91
2000,"Kenaf, and other textile bast fibres, raw or retted",30.91,-18.11920529801324,-5.364753070945105,123.84960718294052,-22.68980477223428,3.375089252333195,54.28663862827563,47.69
2001,"Kenaf, and other textile bast fibres, raw or retted",47.69,54.28663862827563,-18.11920529801324,-5.364753070945105,123.84960718294052,4.624500776740305,-6.982595932061231,44.36
2002,"Kenaf, and other textile bast fibres, raw or retted",44.36,-6.982595932061231,54.28663862827563,-18.11920529801324,-5.364753070945105,8.38143777483103,0.6086564472497891,44.63
2003,"Kenaf, and other textile bast fibres, raw or retted",44.63,0.6086564472497891,-6.982595932061231,54.28663862827563,-18.11920529801324,4.325459800026941,1.0306968406901262,45.09
2004,"Kenaf, and other textile bast fibres, raw or retted",45.09,1.0306968406901262,0.6086564472497891,-6.982595932061231,54.28663862827563,1.1373057839417091,1.9072965180749524,45.95
2005,"Kenaf, and other textile bast fibres, raw or retted",45.95,1.9072965180749524,1.0306968406901262,0.6086564472497891,-6.982595932061231,5.285210857359718,6.507072905331879,48.94
2006,"Kenaf, and other textile bast fibres, raw or retted",48.94,6.507072905331879,1.9072965180749524,1.0306968406901262,0.6086564472497891,8.157060317351918,22.905598692276264,60.15
2007,"Kenaf, and other textile bast fibres, raw or retted",60.15,22.905598692276264,6.507072905331879,1.9072965180749524,1.0306968406901262,5.502011324255061,-1.3965087281795463,59.31
2008,"Kenaf, and other textile bast fibres, raw or retted",59.31,-1.3965087281795463,22.905598692276264,6.507072905331879,1.9072965180749524,2.6613701172772304,10.470409711684358,65.52
2009,"Kenaf, and other textile bast fibres, raw or retted",65.52,10.470409711684358,-1.3965087281795463,22.905598692276264,6.507072905331879,5.359460104056467,17.73504273504274,77.14
2010,"Kenaf, and other textile bast fibres, raw or retted",77.14,17.73504273504274,10.470409711684358,-1.3965087281795463,22.905598692276264,14.363438843716246,9.048483277158414,84.12
2011,"Kenaf, and other textile bast fibres, raw or retted",84.12,9.048483277158414,17.73504273504274,10.470409711684358,-1.3965087281795463,11.381434284158042,8.511650023775562,91.28
2012,"Kenaf, and other textile bast fibres, raw or retted",91.28,8.511650023775562,9.048483277158414,17.73504273504274,10.470409711684358,10.65983322526035,-4.338299737072749,87.32
2013,"Kenaf, and other textile bast fibres, raw or retted",87.32,-4.338299737072749,8.511650023775562,9.048483277158414,17.73504273504274,8.936314572849176,8.394411360513065,94.65
2014,"Kenaf, and other textile bast fibres, raw or retted",94.65,8.394411360513065,-4.338299737072749,8.511650023775562,9.048483277158414,12.417978574628497,6.032752245113571,100.36
2015,"Kenaf, and other textile bast fibres, raw or retted",100.36,6.032752245113571,8.394411360513065,-4.338299737072749,8.511650023775562,11.765058678658896,4.613391789557597,104.99
2016,"Kenaf, and other textile bast fibres, raw or retted",104.99,4.613391789557597,6.032752245113571,8.394411360513065,-4.338299737072749,4.4072778546204,4.848080769597107,110.08
2017,"Kenaf, and other textile bast fibres, raw or retted",110.08,4.848080769597107,4.613391789557597,6.032752245113571,8.394411360513065,4.189253882405283,-0.28161337209302584,109.77
2018,"Kenaf, and other textile bast fibres, raw or retted",109.77,-0.28161337209302584,4.848080769597107,4.613391789557597,6.032752245113571,3.362954622851286,6.641158786553714,117.06
2019,"Kenaf, and other textile bast fibres, raw or retted",117.06,6.641158786553714,-0.28161337209302584,4.848080769597107,4.613391789557597,6.346851798394734,2.3663078763027423,119.83
2020,"Kenaf, and other textile bast fibres, raw or retted",119.83,2.3663078763027423,6.641158786553714,-0.28161337209302584,4.848080769597107,5.164741601422748,10.005841608945998,131.82
2021,"Kenaf, and other textile bast fibres, raw or retted",131.82,10.005841608945998,2.3663078763027423,6.641158786553714,-0.28161337209302584,3.0599530623538835,3.7399484145046236,136.75
2022,"Kenaf, and other textile bast fibres, raw or retted",136.75,3.7399484145046236,10.005841608945998,2.3663078763027423,6.641158786553714,4.033467329337165,0.541133455210252,137.49
2023,"Kenaf, and other textile bast fibres, raw or retted",137.49,0.541133455210252,3.7399484145046236,10.005841608945998,2.3663078763027423,0.19220602231343253,9.86980871336096,151.06
2024,"Kenaf, and other textile bast fibres, raw or retted",151.06,9.86980871336096,0.541133455210252,3.7399484145046236,10.005841608945998,5.536016628310072,6.520587845889048,160.91
2025,"Kenaf, and other textile bast fibres, raw or retted",160.91,6.520587845889048,9.86980871336096,0.541133455210252,3.7399484145046236,4.300422035374598,,
1991,Lemons and limes,14.42,,,,,,11.303744798890424,16.05
1992,Lemons and limes,16.05,11.303744798890424,,,,,31.90031152647976,21.17
1993,Lemons and limes,21.17,31.90031152647976,11.303744798890424,,,,4.818138875767586,22.19
1994,Lemons and limes,22.19,4.818138875767586,31.90031152647976,11.303744798890424,,10.670303931998362,2.5687246507435813,22.76
1995,Lemons and limes,22.76,2.5687246507435813,4.818138875767586,31.90031152647976,11.303744798890424,9.496421800980062,24.824253075571168,28.41
1996,Lemons and limes,28.41,24.824253075571168,2.5687246507435813,4.818138875767586,31.90031152647976,10.79053589071841,11.052446321717714,31.55
1997,Lemons and limes,31.55,11.052446321717714,24.824253075571168,2.5687246507435813,4.818138875767586,8.255916478299403,3.835182250396185,32.76
1998,Lemons and limes,32.76,3.835182250396185,11.052446321717714,24.824253075571168,2.5687246507435813,6.792079896330169,-3.2356532356532353,31.7
1999,Lemons and limes,31.7,-3.2356532356532353,3.835182250396185,11.052446321717714,24.824253075571168,6.37366711417948,-4.7003154574132395,30.21
2000,Lemons and limes,30.21,-4.7003154574132395,-3.2356532356532353,3.835182250396185,11.052446321717714,6.224486298765928,6.2893081761006275,32.11
2001,Lemons and limes,32.11,6.2893081761006275,-4.7003154574132395,-3.2356532356532353,3.835182250396185,4.777463228627745,14.356898162566178,36.72
2002,Lemons and limes,36.72,14.356898162566178,6.2893081761006275,-4.7003154574132395,-3.2356532356532353,3.698992636025686,8.469498910675387,39.83
2003,Lemons and limes,39.83,8.469498910675387,14.356898162566178,6.2893081761006275,-4.7003154574132395,3.8732862270171666,5.975395430579966,42.21
2004,Lemons and limes,42.21,5.975395430579966,8.469498910675387,14.356898162566178,6.2893081761006275,5.303129098369997,8.860459606728277,45.95
2005,Lemons and limes,45.95,8.860459606728277,5.975395430579966,8.469498910675387,14.356898162566178,7.7684513159945325,6.507072905331879,48.94
2006,Lemons and limes,48.94,6.507072905331879,8.860459606728277,5.975395430579966,8.469498910675387,7.114309314213364,22.905598692276264,60.15
2007,Lemons and limes,60.15,22.905598692276264,6.507072905331879,8.860459606728277,5.975395430579966,12.757710401445465,-1.3965087281795463,59.31
2008,Lemons and limes,59.31,-1.3965087281795463,22.905598692276264,6.507072905331879,8.860459606728277,9.33872095647619,10.470409711684358,65.52
2009,Lemons and limes,65.52,10.470409711684358,-1.3965087281795463,22.905598692276264,6.507072905331879,10.65983322526035,17.73504273504274,77.14
2010,Lemons and limes,77.14,17.73504273504274,10.470409711684358,-1.3965087281795463,22.905598692276264,8.936314572849176,9.048483277158414,84.12
2011,Lemons and limes,84.12,9.048483277158414,17.73504273504274,10.470409711684358,-1.3965087281795463,12.417978574628497,8.511650023775562,91.28
2012,Lemons and limes,91.28,8.511650023775562,9.048483277158414,17.73504273504274,10.470409711684358,11.765058678658896,-4.338299737072749,87.32
2013,Lemons and limes,87.32,-4.338299737072749,8.511650023775562,9.048483277158414,17.73504273504274,4.4072778546204,8.394411360513065,94.65
2014,Lemons and limes,94.65,8.394411360513065,-4.338299737072749,8.511650023775562,9.048483277158414,4.189253882405283,6.032752245113571,100.36
2015,Lemons and limes,100.36,6.032752245113571,8.394411360513065,-4.338299737072749,8.511650023775562,3.362954622851286,4.613391789557597,104.99
2016,Lemons and limes,104.99,4.613391789557597,6.032752245113571,8.394411360513065,-4.338299737072749,6.346851798394734,4.848080769597107,110.08
2017,Lemons and limes,110.08,4.848080769597107,4.613391789557597,6.032752245113571,8.394411360513065,5.164741601422748,-0.28161337209302584,109.77
2018,Lemons and limes,109.77,-0.28161337209302584,4.848080769597107,4.613391789557597,6.032752245113571,3.0599530623538835,7.524824633324223,118.03
2019,Lemons and limes,118.03,7.524824633324223,-0.28161337209302584,4.848080769597107,4.613391789557597,4.072943810464367,-8.150470219435746,108.41
2020,Lemons and limes,108.41,-8.150470219435746,7.524824633324223,-0.28161337209302584,4.848080769597107,0.3074711734631788,21.695415552070862,131.93
2021,Lemons and limes,131.93,21.695415552070862,-8.150470219435746,7.524824633324223,-0.28161337209302584,5.557380289353081,4.95717425907678,138.47
2022,Lemons and limes,138.47,4.95717425907678,21.695415552070862,-8.150470219435746,7.524824633324223,5.236648421156352,2.845381671120095,142.41
2023,Lemons and limes,142.41,2.845381671120095,4.95717425907678,21.695415552070862,-8.150470219435746,8.113019753579549,6.144231444421044,151.16
2024,Lemons and limes,151.16,6.144231444421044,2.845381671120095,4.95717425907678,21.695415552070862,5.294818304788587,5.788568404339767,159.91
2025,Lemons and limes,159.91,5.788568404339767,6.144231444421044,2.845381671120095,4.95717425907678,,,
1991,"Lentils, dry",21.34,,,,,0.5222340541949754,-3.1396438612933397,20.67
1992,"Lentils, dry",20.67,-3.1396438612933397,,,,8.503840344450515,22.8834059022738,25.4
1993,"Lentils, dry",25.4,22.8834059022738,-3.1396438612933397,,,3.774857650938344,22.20472440944883,31.04
1994,"Lentils, dry",31.04,22.20472440944883,22.8834059022738,-3.1396438612933397,,16.34737908707245,27.15850515463918,39.47
1995,"Lentils, dry",39.47,27.15850515463918,22.20472440944883,22.8834059022738,-3.1396438612933397,11.75502430015757,1.393463389916394,40.02
1996,"Lentils, dry",40.02,1.393463389916394,27.15850515463918,22.20472440944883,22.8834059022738,15.120621427101725,-4.697651174412798,38.14
1997,"Lentils, dry",38.14,-4.697651174412798,1.393463389916394,27.15850515463918,22.20472440944883,6.600707746406893,6.44992134242266,40.6
1998,"Lentils, dry",40.6,6.44992134242266,-4.697651174412798,1.393463389916394,27.15850515463918,10.923914332265861,8.325123152709345,43.98
1999,"Lentils, dry",43.98,8.325123152709345,6.44992134242266,-4.697651174412798,1.393463389916394,12.417978574628497,-1.2960436562073685,43.41
2000,"Lentils, dry",43.41,-1.2960436562073685,8.325123152709345,6.44992134242266,-4.697651174412798,11.765058678658898,-1.4052061736926968,42.8
2001,"Lentils, dry",42.8,-1.4052061736926968,-1.2960436562073685,8.325123152709345,6.44992134242266,4.407277854620401,0.046728971962628485,42.82
2002,"Lentils, dry",42.82,0.046728971962628485,-1.4052061736926968,-1.2960436562073685,8.325123152709345,4.189253882405285,1.0042036431574086,43.25
2003,"Lentils, dry",43.25,1.0042036431574086,0.046728971962628485,-1.4052061736926968,-1.2960436562073685,3.362954622851287,11.676300578034681,48.3
2004,"Lentils, dry",48.3,11.676300578034681,1.0042036431574086,0.046728971962628485,-1.4052061736926968,6.346851798394735,0.6625258799171752,48.62
2005,"Lentils, dry",48.62,0.6625258799171752,11.676300578034681,1.0042036431574086,0.046728971962628485,5.16474160142275,0.6581653640477247,48.94
2006,"Lentils, dry",48.94,0.6581653640477247,0.6625258799171752,11.676300578034681,1.0042036431574086,3.0599530623538844,22.905598692276264,60.15
2007,"Lentils, dry",60.15,22.905598692276264,0.6581653640477247,0.6625258799171752,11.676300578034681,0.6901130431023056,-1.3965087281795463,59.31
2008,"Lentils, dry",59.31,-1.3965087281795463,22.905598692276264,0.6581653640477247,0.6625258799171752,-0.9819729289615359,10.470409711684358,65.52
2009,"Lentils, dry",65.52,10.470409711684358,-1.3965087281795463,22.905598692276264,0.6581653640477247,4.2530618200889725,17.73504273504274,77.14
2010,"Lentils, dry",77.14,17.73504273504274,10.470409711684358,-1.3965087281795463,22.905598692276264,7.3527334309886,9.048483277158414,84.12
2011,"Lentils, dry",84.12,9.048483277158414,17.73504273504274,10.470409711684358,-1.3965087281795463,8.066753811972037,8.511650023775562,91.28
2012,"Lentils, dry",91.28,8.511650023775562,9.048483277158414,17.73504273504274,10.470409711684358,4.938196897295998,-4.338299737072749,87.32
2013,"Lentils, dry",87.32,-4.338299737072749,8.511650023775562,9.048483277158414,17.73504273504274,,8.394411360513065,94.65
2014,"Lentils, dry",94.65,8.394411360513065,-4.338299737072749,8.511650023775562,9.048483277158414,,6.032752245113571,100.36
2015,"Lentils, dry",100.36,6.032752245113571,8.394411360513065,-4.338299737072749,8.511650023775562,,4.613391789557597,104.99
2016,"Lentils, dry",104.99,4.613391789557597,6.032752245113571,8.394411360513065,-4.338299737072749,,4.848080769597107,110.08
2017,"Lentils, dry",110.08,4.848080769597107,4.613391789557597,6.032752245113571,8.394411360513065,15.991652848497653,-0.28161337209302584,109.77
2018,"Lentils, dry",109.77,-0.28161337209302584,4.848080769597107,4.613391789557597,6.032752245113571,13.09539406221287,6.823357930217733,117.26
2019,"Lentils, dry",117.26,6.823357930217733,-0.28161337209302584,4.848080769597107,4.613391789557597,10.736707911910008,-6.089032918301207,110.12
2020,"Lentils, dry",110.12,-6.089032918301207,6.823357930217733,-0.28161337209302584,4.848080769597107,12.818822987896292,13.621503814021075,125.12
2021,"Lentils, dry",125.12,13.621503814021075,-6.089032918301207,6.823357930217733,-0.28161337209302584,13.236534839526625,5.842391304347827,132.43
2022,"Lentils, dry",132.43,5.842391304347827,13.621503814021075,-6.089032918301207,6.823357930217733,3.8832327357851564,1.5555387752020033,134.49
2023,"Lentils, dry",134.49,1.5555387752020033,5.842391304347827,13.621503814021075,-6.089032918301207,-1.3559548993798096,8.350063201725021,145.72
2024,"Lentils, dry",145.72,8.350063201725021,1.5555387752020033,5.842391304347827,13.621503814021075,-0.5488868389886253,6.087016195443318,154.59
2025,"Lentils, dry",154.59,6.087016195443318,8.350063201725021,1.5555387752020033,5.842391304347827,5.315296960417846,,
1991,Lettuce and chicory,22.28,,,,,9.705235083114056,-24.236983842010783,16.88
1992,Lettuce and chicory,16.88,-24.236983842010783,,,,9.600597501273834,22.748815165876767,20.72
1993,Lettuce and chicory,20.72,22.748815165876767,-24.236983842010783,,,7.768451315994533,43.14671814671816,29.66
1994,Lettuce and chicory,29.66,43.14671814671816,22.748815165876767,-24.236983842010783,,7.114309314213364,-23.263654753877272,22.76
1995,Lettuce and chicory,22.76,-23.263654753877272,43.14671814671816,22.748815165876767,-24.236983842010783,12.757710401445465,43.497363796133534,32.66
1996,Lettuce and chicory,32.66,43.497363796133534,-23.263654753877272,43.14671814671816,22.748815165876767,9.33872095647619,-7.164727495407219,30.32
1997,Lettuce and chicory,30.32,-7.164727495407219,43.497363796133534,-23.263654753877272,43.14671814671816,10.65983322526035,59.53166226912927,48.37
1998,Lettuce and chicory,48.37,59.53166226912927,-7.164727495407219,43.497363796133534,-23.263654753877272,8.936314572849176,18.896009923506305,57.51
1999,Lettuce and chicory,57.51,18.896009923506305,59.53166226912927,-7.164727495407219,43.497363796133534,12.417978574628497,-37.767344809598335,35.79
2000,Lettuce and chicory,35.79,-37.767344809598335,18.896009923506305,59.53166226912927,-7.164727495407219,11.765058678658896,-1.452919810002784,35.27
2001,Lettuce and chicory,35.27,-1.452919810002784,-37.767344809598335,18.896009923506305,59.53166226912927,4.4072778546204,15.764105472072565,40.83
2002,Lettuce and chicory,40.83,15.764105472072565,-1.452919810002784,-37.767344809598335,18.896009923506305,4.189253882405283,-2.4491795248591686,39.83
2003,Lettuce and chicory,39.83,-2.4491795248591686,15.764105472072565,-1.452919810002784,-37.767344809598335,3.362954622851286,5.975395430579966,42.21
2004,Lettuce and chicory,42.21,5.975395430579966,-2.4491795248591686,15.764105472072565,-1.452919810002784,6.346851798394734,8.860459606728277,45.95
2005,Lettuce and chicory,45.95,8.860459606728277,5.975395430579966,-2.4491795248591686,15.764105472072565,5.164741601422748,6.507072905331879,48.94
2006,Lettuce and chicory,48.94,6.507072905331879,8.860459606728277,5.975395430579966,-2.4491795248591686,3.0599530623538835,22.905598692276264,60.15
2007,Lettuce and chicory,60.15,22.905598692276264,6.507072905331879,8.860459606728277,5.975395430579966,4.015247414970759,-1.3965087281795463,59.31
2008,Lettuce and chicory,59.31,-1.3965087281795463,22.905598692276264,6.507072905331879,8.860459606728277,-0.31875430621663864,10.470409711684358,65.52
2009,Lettuce and chicory,65.52,10.470409711684358,-1.3965087281795463,22.905598692276264,6.507072905331879,7.02256360014487,17.73504273504274,77.14
2010,Lettuce and chicory,77.14,17.73504273504274,10.470409711684358,-1.3965087281795463,22.905598692276264,6.18198866111594,9.048483277158414,84.12
2011,Lettuce and chicory,84.12,9.048483277158414,17.73504273504274,10.470409711684358,-1.3965087281795463,9.846085082677893,8.511650023775562,91.28
2012,Lettuce and chicory,91.28,8.511650023775562,9.048483277158414,17.73504273504274,10.470409711684358,4.644662131608958,-4.338299737072749,87.32
2013,Lettuce and chicory,87.32,-4.338299737072749,8.511650023775562,9.048483277158414,17.73504273504274,,8.394411360513065,94.65
2014,Lettuce and chicory,94.65,8.394411360513065,-4.338299737072749,8.511650023775562,9.048483277158414,,6.032752245113571,100.36
2015,Lettuce and chicory,100.36,6.032752245113571,8.394411360513065,-4.338299737072749,8.511650023775562,,4.613391789557597,104.99
2016,Lettuce and chicory,104.99,4.613391789557597,6.032752245113571,8.394411360513065,-4.338299737072749,,4.848080769597107,110.08
2017,Lettuce and chicory,110.08,4.848080769597107,4.613391789557597,6.032752245113571,8.394411360513065,4.745866155417553,-0.28161337209302584,109.77
2018,Lettuce and chicory,109.77,-0.28161337209302584,4.848080769597107,4.613391789557597,6.032752245113571,-0.3131486963354953,7.688803862621851,118.21
2019,Lettuce and chicory,118.21,7.688803862621851,-0.28161337209302584,4.848080769597107,4.613391789557597,-3.43051360492434,0.26224515692412353,118.52
2020,Lettuce and chicory,118.52,0.26224515692412353,7.688803862621851,-0.28161337209302584,4.848080769597107,0.413969793097322,7.365845426932172,127.25
2021,Lettuce and chicory,127.25,7.365845426932172,0.26224515692412353,7.688803862621851,-0.28161337209302584,-1.7953517638660135,3.1512770137524404,131.26
2022,Lettuce and chicory,131.26,3.1512770137524404,7.365845426932172,0.26224515692412353,7.688803862621851,-2.329814724046699,0.4190156940423684,131.81
2023,Lettuce and chicory,131.81,0.4190156940423684,3.1512770137524404,7.365845426932172,0.26224515692412353,-1.7710695664397853,7.791518094226535,142.08
2024,Lettuce and chicory,142.08,7.791518094226535,0.4190156940423684,3.1512770137524404,7.365845426932172,1.65401397858797,5.3350225225225145,149.66
2025,Lettuce and chicory,149.66,5.3350225225225145,7.791518094226535,0.4190156940423684,3.1512770137524404,1.7244378917250331,,
1991,Linseed,21.04,,,,,6.346851798394732,14.258555133079852,24.04
1992,Linseed,24.04,14.258555133079852,,,,5.1647416014227465,3.4525790349417607,24.87
1993,Linseed,24.87,3.4525790349417607,14.258555133079852,,,3.059953062353881,8.886208283071962,27.08
1994,Linseed,27.08,8.886208283071962,3.4525790349417607,14.258555133079852,,3.3927336741186713,9.67503692762186,29.7
1995,Linseed,29.7,9.67503692762186,8.886208283071962,3.4525790349417607,14.258555133079852,1.8313374188514302,-7.64309764309764,27.43
1996,Linseed,27.43,-7.64309764309764,9.67503692762186,8.886208283071962,3.4525790349417607,3.750906097136659,8.093328472475392,29.65
1997,Linseed,29.65,8.093328472475392,-7.64309764309764,9.67503692762186,8.886208283071962,2.55798988123238,13.423271500843192,33.63
1998,Linseed,33.63,13.423271500843192,8.093328472475392,-7.64309764309764,9.67503692762186,2.257966985832659,3.627713351174533,34.85
1999,Linseed,34.85,3.627713351174533,13.423271500843192,8.093328472475392,-7.64309764309764,3.7991913716563666,-4.074605451936875,33.43
2000,Linseed,33.43,-4.074605451936875,3.627713351174533,13.423271500843192,8.093328472475392,,3.858809452587497,34.72
2001,Linseed,34.72,3.858809452587497,-4.074605451936875,3.627713351174533,13.423271500843192,,16.07142857142856,40.3
2002,Linseed,40.3,16.07142857142856,3.858809452587497,-4.074605451936875,3.627713351174533,,4.540942928039726,42.13
2003,Linseed,42.13,4.540942928039726,16.07142857142856,3.858809452587497,-4.074605451936875,,-4.106337526703074,40.4
2004,Linseed,40.4,-4.106337526703074,4.540942928039726,16.07142857142856,3.858809452587497,4.021771282442247,7.549504950495067,43.45
2005,Linseed,43.45,7.549504950495067,-4.106337526703074,4.540942928039726,16.07142857142856,-0.3183412331183435,12.635212888377435,48.94
2006,Linseed,48.94,12.635212888377435,7.549504950495067,-4.106337526703074,4.540942928039726,-3.4312784548043553,22.905598692276264,60.15
2007,Linseed,60.15,22.905598692276264,12.635212888377435,7.549504950495067,-4.106337526703074,0.4118778363947759,-1.3965087281795463,59.31
2008,Linseed,59.31,-1.3965087281795463,22.905598692276264,12.635212888377435,7.549504950495067,-1.796908243628593,10.470409711684358,65.52
2009,Linseed,65.52,10.470409711684358,-1.3965087281795463,22.905598692276264,12.635212888377435,-2.3349122442204227,17.73504273504274,77.14
2010,Linseed,77.14,17.73504273504274,10.470409711684358,-1.3965087281795463,22.905598692276264,-1.7813897779621473,9.048483277158414,84.12
2011,Linseed,84.12,9.048483277158414,17.73504273504274,10.470409711684358,-1.3965087281795463,1.6593484855289062,8.511650023775562,91.28
2012,Linseed,91.28,8.511650023775562,9.048483277158414,17.73504273504274,10.470409711684358,1.7323270889181277,-4.338299737072749,87.32
2013,Linseed,87.32,-4.338299737072749,8.511650023775562,9.048483277158414,17.73504273504274,3.8775596581120353,8.394411360513065,94.65
2014,Linseed,94.65,8.394411360513065,-4.338299737072749,8.511650023775562,9.048483277158414,4.287849619156935,6.032752245113571,100.36
2015,Linseed,100.36,6.032752245113571,8.394411360513065,-4.338299737072749,8.511650023775562,7.7684513159945325,4.613391789557597,104.99
2016,Linseed,104.99,4.613391789557597,6.032752245113571,8.394411360513065,-4.338299737072749,7.114309314213362,4.848080769597107,110.08
2017,Linseed,110.08,4.848080769597107,4.613391789557597,6.032752245113571,8.394411360513065,12.757710401445463,-0.28161337209302584,109.77
2018,Linseed,109.77,-0.28161337209302584,4.848080769597107,4.613391789557597,6.032752245113571,9.338720956476187,7.533934590507441,118.04
2019,Linseed,118.04,7.533934590507441,-0.28161337209302584,4.848080769597107,4.613391789557597,10.659833225260348,-6.675703151474089,110.16
2020,Linseed,110.16,-6.675703151474089,7.533934590507441,-0.28161337209302584,4.848080769597107,8.936314572849172,15.74981844589689,127.51
2021,Linseed,127.51,15.74981844589689,-6.675703151474089,7.533934590507441,-0.28161337209302584,12.417978574628492,3.827150811701019,132.39
2022,Linseed,132.39,3.827150811701019,15.74981844589689,-6.675703151474089,7.533934590507441,11.765058678658894,2.08474960344438,135.15
2023,Linseed,135.15,2.08474960344438,3.827150811701019,15.74981844589689,-6.675703151474089,4.407277854620397,8.509064002959676,146.65
2024,Linseed,146.65,8.509064002959676,2.08474960344438,3.827150811701019,15.74981844589689,4.189253882405281,7.834981247869055,158.14
2025,Linseed,158.14,7.834981247869055,8.509064002959676,2.08474960344438,3.827150811701019,3.3629546228512837,,
1991,Livestock,17.36,,,,,,13.940092165898621,19.78
1992,Livestock,19.78,13.940092165898621,,,,,2.0728008088978678,20.19
1993,Livestock,20.19,2.0728008088978678,13.940092165898621,,,,15.998018821198624,23.42
1994,Livestock,23.42,15.998018821198624,2.0728008088978678,13.940092165898621,,,10.418445772843722,25.86
1995,Livestock,25.86,10.418445772843722,15.998018821198624,2.0728008088978678,13.940092165898621,,5.955143078112912,27.4
1996,Livestock,27.4,5.955143078112912,10.418445772843722,15.998018821198624,2.0728008088978678,,8.394160583941602,29.7
1997,Livestock,29.7,8.394160583941602,5.955143078112912,10.418445772843722,15.998018821198624,,6.026936026936025,31.49
1998,Livestock,31.49,6.026936026936025,8.394160583941602,5.955143078112912,10.418445772843722,,4.699904731660842,32.97
1999,Livestock,32.97,4.699904731660842,6.026936026936025,8.394160583941602,5.955143078112912,,7.946618137700945,35.59
2000,Livestock,35.59,7.946618137700945,4.699904731660842,6.026936026936025,8.394160583941602,,1.6858668165214752,36.19
2001,Livestock,36.19,1.6858668165214752,7.946618137700945,4.699904731660842,6.026936026936025,,1.464492953854668,36.72
2002,Livestock,36.72,1.464492953854668,1.6858668165214752,7.946618137700945,4.699904731660842,,8.469498910675387,39.83
2003,Livestock,39.83,8.469498910675387,1.464492953854668,1.6858668165214752,7.946618137700945,,5.975395430579966,42.21
2004,Livestock,42.21,5.975395430579966,8.469498910675387,1.464492953854668,1.6858668165214752,,8.860459606728277,45.95
2005,Livestock,45.95,8.860459606728277,5.975395430579966,8.469498910675387,1.464492953854668,,6.507072905331879,48.94
2006,Livestock,48.94,6.507072905331879,8.860459606728277,5.975395430579966,8.469498910675387,,22.905598692276264,60.15
2007,Livestock,60.15,22.905598692276264,6.507072905331879,8.860459606728277,5.975395430579966,,-1.3965087281795463,59.31
2008,Livestock,59.31,-1.3965087281795463,22.905598692276264,6.507072905331879,8.860459606728277,,10.470409711684358,65.52
2009,Livestock,65.52,10.470409711684358,-1.3965087281795463,22.905598692276264,6.507072905331879,,17.73504273504274,77.14
2010,Livestock,77.14,17.73504273504274,10.470409711684358,-1.3965087281795463,22.905598692276264,,9.048483277158414,84.12
2011,Livestock,84.12,9.048483277158414,17.73504273504274,10.470409711684358,-1.3965087281795463,,8.511650023775562,91.28
2012,Livestock,91.28,8.511650023775562,9.048483277158414,17.73504273504274,10.470409711684358,,-4.338299737072749,87.32
2013,Livestock,87.32,-4.338299737072749,8.511650023775562,9.048483277158414,17.73504273504274,,8.394411360513065,94.65
2014,Livestock,94.65,8.394411360513065,-4.338299737072749,8.511650023775562,9.048483277158414,,6.032752245113571,100.36
2015,Livestock,100.36,6.032752245113571,8.394411360513065,-4.338299737072749,8.511650023775562,,4.613391789557597,104.99
2016,Livestock,104.99,4.613391789557597,6.032752245113571,8.394411360513065,-4.338299737072749,,4.848080769597107,110.08
2017,Livestock,110.08,4.848080769597107,4.613391789557597,6.032752245113571,8.394411360513065,,-0.28161337209302584,109.77
2018,Livestock,109.77,-0.28161337209302584,4.848080769597107,4.613391789557597,6.032752245113571,,7.6523640338890475,118.17
2019,Livestock,118.17,7.6523640338890475,-0.28161337209302584,4.848080769597107,4.613391789557597,,-6.448337141406457,110.55
2020,Livestock,110.55,-6.448337141406457,7.6523640338890475,-0.28161337209302584,4.848080769597107,,15.468113975576681,127.65
2021,Livestock,127.65,15.468113975576681,-6.448337141406457,7.6523640338890475,-0.28161337209302584,,6.6901684292988595,136.19
2022,Livestock,136.19,6.6901684292988595,15.468113975576681,-6.448337141406457,7.6523640338890475,,2.1807768558631313,139.16
2023,Livestock,139.16,2.1807768558631313,6.6901684292988595,15.468113975576681,-6.448337141406457,,7.013509629203796,148.92
2024,Livestock,148.92,7.013509629203796,2.1807768558631313,6.6901684292988595,15.468113975576681,,6.4799892559763705,158.57
2025,Livestock,158.57,6.4799892559763705,7.013509629203796,2.1807768558631313,6.6901684292988595,,,
1991,Maize (corn),22.4,,,,,38.85472402733199,0.7142857142857117,22.56
1992,Maize (corn),22.56,0.7142857142857117,,,,5.930689440625632,3.1471631205673756,23.27
1993,Maize (corn),23.27,3.1471631205673756,0.7142857142857117,,,-17.987424202891287,14.396218306832843,26.62
1994,Maize (corn),26.62,14.396218306832843,3.1471631205673756,0.7142857142857117,,-11.645473857051103,3.5311795642374078,27.56
1995,Maize (corn),27.56,3.5311795642374078,14.396218306832843,3.1471631205673756,0.7142857142857117,1.711530522993329,-0.2539912917271403,27.49
1996,Maize (corn),27.49,-0.2539912917271403,3.5311795642374078,14.396218306832843,3.1471631205673756,3.884206367741909,5.602037104401614,29.03
1997,Maize (corn),29.03,5.602037104401614,-0.2539912917271403,3.5311795642374078,14.396218306832843,4.940157558564237,12.573200137788486,32.68
1998,Maize (corn),32.68,12.573200137788486,5.602037104401614,-0.2539912917271403,3.5311795642374078,4.376014677399535,10.097919216646268,35.98
1999,Maize (corn),35.98,10.097919216646268,12.573200137788486,5.602037104401614,-0.2539912917271403,7.768451315994529,-2.2512506948304534,35.17
2000,Maize (corn),35.17,-2.2512506948304534,10.097919216646268,12.573200137788486,5.602037104401614,7.114309314213359,-5.402331532556149,33.27
2001,Maize (corn),33.27,-5.402331532556149,-2.2512506948304534,10.097919216646268,12.573200137788486,12.75771040144546,8.656447249774569,36.15
2002,Maize (corn),36.15,8.656447249774569,-5.402331532556149,-2.2512506948304534,10.097919216646268,9.338720956476184,-1.6874135546334657,35.54
2003,Maize (corn),35.54,-1.6874135546334657,8.656447249774569,-5.402331532556149,-2.2512506948304534,10.659833225260344,18.542487338210467,42.13
2004,Maize (corn),42.13,18.542487338210467,-1.6874135546334657,8.656447249774569,-5.402331532556149,8.93631457284917,-5.530500830761942,39.8
2005,Maize (corn),39.8,-5.530500830761942,18.542487338210467,-1.6874135546334657,8.656447249774569,12.417978574628492,36.03015075376885,54.14
2006,Maize (corn),54.14,36.03015075376885,-5.530500830761942,18.542487338210467,-1.6874135546334657,11.76505867865889,4.765422977465827,56.72
2007,Maize (corn),56.72,4.765422977465827,36.03015075376885,-5.530500830761942,18.542487338210467,4.4072778546203955,4.5662905500705175,59.31
2008,Maize (corn),59.31,4.5662905500705175,4.765422977465827,36.03015075376885,-5.530500830761942,4.1892538824052785,10.470409711684358,65.52
2009,Maize (corn),65.52,10.470409711684358,4.5662905500705175,4.765422977465827,36.03015075376885,3.3629546228512814,17.73504273504274,77.14
2010,Maize (corn),77.14,17.73504273504274,10.470409711684358,4.5662905500705175,4.765422977465827,6.34685179839473,9.048483277158414,84.12
2011,Maize (corn),84.12,9.048483277158414,17.73504273504274,10.470409711684358,4.5662905500705175,5.164741601422744,8.511650023775562,91.28
2012,Maize (corn),91.28,8.511650023775562,9.048483277158414,17.73504273504274,10.470409711684358,3.0599530623538787,-4.338299737072749,87.32
2013,Maize (corn),87.32,-4.338299737072749,8.511650023775562,9.048483277158414,17.73504273504274,4.297656087649989,8.394411360513065,94.65
2014,Maize (corn),94.65,8.394411360513065,-4.338299737072749,8.511650023775562,9.048483277158414,4.038397588749443,6.032752245113571,100.36
2015,Maize (corn),100.36,6.032752245113571,8.394411360513065,-4.338299737072749,8.511650023775562,7.205669386181124,4.613391789557597,104.99
2016,Maize (corn),104.99,4.613391789557597,6.032752245113571,8.394411360513065,-4.338299737072749,5.443782592816052,4.848080769597107,110.08
2017,Maize (corn),110.08,4.848080769597107,4.613391789557597,6.032752245113571,8.394411360513065,3.9027198720670206,-0.28161337209302584,109.77
2018,Maize (corn),109.77,-0.28161337209302584,4.848080769597107,4.613391789557597,6.032752245113571,3.7438799688227866,-2.4961282681971397,107.03
2019,Maize (corn),107.03,-2.4961282681971397,-0.28161337209302584,4.848080769597107,4.613391789557597,,-0.16817714659441707,106.85
2020,Maize (corn),106.85,-0.16817714659441707,-2.4961282681971397,-0.28161337209302584,4.848080769597107,,15.423490875058498,123.33
2021,Maize (corn),123.33,15.423490875058498,-0.16817714659441707,-2.4961282681971397,-0.28161337209302584,,6.802886564501742,131.72
2022,Maize (corn),131.72,6.802886564501742,15.423490875058498,-0.16817714659441707,-2.4961282681971397,,1.9738839963558963,134.32
2023,Maize (corn),134.32,1.9738839963558963,6.802886564501742,15.423490875058498,-0.16817714659441707,7.644489808106236,6.03782013103038,142.43
2024,Maize (corn),142.43,6.03782013103038,1.9738839963558963,6.802886564501742,15.423490875058498,28.14234595266358,5.687004142385721,150.53
2025,Maize (corn),150.53,5.687004142385721,6.03782013103038,1.9738839963558963,6.802886564501742,43.866864991959424,,
1991,"Mangoes, guavas and mangosteens",14.42,,,,,-11.645473857051103,11.303744798890424,16.05
1992,"Mangoes, guavas and mangosteens",16.05,11.303744798890424,,,,1.711530522993329,31.90031152647976,21.17
1993,"Mangoes, guavas and mangosteens",21.17,31.90031152647976,11.303744798890424,,,3.884206367741909,4.770902220122797,22.18
1994,"Mangoes, guavas and mangosteens",22.18,4.770902220122797,31.90031152647976,11.303744798890424,,4.940157558564237,2.6149684400360806,22.76
1995,"Mangoes, guavas and mangosteens",22.76,2.6149684400360806,4.770902220122797,31.90031152647976,11.303744798890424,4.376014677399535,24.824253075571168,28.41
1996,"Mangoes, guavas and mangosteens",28.41,24.824253075571168,2.6149684400360806,4.770902220122797,31.90031152647976,7.768451315994529,11.017247448081658,31.54
1997,"Mangoes, guavas and mangosteens",31.54,11.017247448081658,24.824253075571168,2.6149684400360806,4.770902220122797,7.114309314213359,3.8681039949270746,32.76
1998,"Mangoes, guavas and mangosteens",32.76,3.8681039949270746,11.017247448081658,24.824253075571168,2.6149684400360806,12.75771040144546,-3.2356532356532353,31.7
1999,"Mangoes, guavas and mangosteens",31.7,-3.2356532356532353,3.8681039949270746,11.017247448081658,24.824253075571168,9.338720956476184,-4.7003154574132395,30.21
2000,"Mangoes, guavas and mangosteens",30.21,-4.7003154574132395,-3.2356532356532353,3.8681039949270746,11.017247448081658,10.659833225260344,6.2893081761006275,32.11
2001,"Mangoes, guavas and mangosteens",32.11,6.2893081761006275,-4.7003154574132395,-3.2356532356532353,3.8681039949270746,8.93631457284917,14.356898162566178,36.72
2002,"Mangoes, guavas and mangosteens",36.72,14.356898162566178,6.2893081761006275,-4.7003154574132395,-3.2356532356532353,12.417978574628492,8.469498910675387,39.83
2003,"Mangoes, guavas and mangosteens",39.83,8.469498910675387,14.356898162566178,6.2893081761006275,-4.7003154574132395,11.76505867865889,5.975395430579966,42.21
2004,"Mangoes, guavas and mangosteens",42.21,5.975395430579966,8.469498910675387,14.356898162566178,6.2893081761006275,4.4072778546203955,8.860459606728277,45.95
2005,"Mangoes, guavas and mangosteens",45.95,8.860459606728277,5.975395430579966,8.469498910675387,14.356898162566178,4.1892538824052785,6.507072905331879,48.94
2006,"Mangoes, guavas and mangosteens",48.94,6.507072905331879,8.860459606728277,5.975395430579966,8.469498910675387,3.3629546228512814,22.905598692276264,60.15
2007,"Mangoes, guavas and mangosteens",60.15,22.905598692276264,6.507072905331879,8.860459606728277,5.975395430579966,6.34685179839473,-1.3965087281795463,59.31
2008,"Mangoes, guavas and mangosteens",59.31,-1.3965087281795463,22.905598692276264,6.507072905331879,8.860459606728277,5.164741601422744,10.470409711684358,65.52
2009,"Mangoes, guavas and mangosteens",65.52,10.470409711684358,-1.3965087281795463,22.905598692276264,6.507072905331879,3.0599530623538787,17.73504273504274,77.14
2010,"Mangoes, guavas and mangosteens",77.14,17.73504273504274,10.470409711684358,-1.3965087281795463,22.905598692276264,4.224776430184382,9.048483277158414,84.12
2011,"Mangoes, guavas and mangosteens",84.12,9.048483277158414,17.73504273504274,10.470409711684358,-1.3965087281795463,3.9654529703712087,8.511650023775562,91.28
2012,"Mangoes, guavas and mangosteens",91.28,8.511650023775562,9.048483277158414,17.73504273504274,10.470409711684358,7.1686358352929105,-4.338299737072749,87.32
2013,"Mangoes, guavas and mangosteens",87.32,-4.338299737072749,8.511650023775562,9.048483277158414,17.73504273504274,5.512773709189389,8.394411360513065,94.65
2014,"Mangoes, guavas and mangosteens",94.65,8.394411360513065,-4.338299737072749,8.511650023775562,9.048483277158414,3.9813371326817912,6.032752245113571,100.36
2015,"Mangoes, guavas and mangosteens",100.36,6.032752245113571,8.394411360513065,-4.338299737072749,8.511650023775562,3.7498617208654292,4.613391789557597,104.99
2016,"Mangoes, guavas and mangosteens",104.99,4.613391789557597,6.032752245113571,8.394411360513065,-4.338299737072749,,4.848080769597107,110.08
2017,"Mangoes, guavas and mangosteens",110.08,4.848080769597107,4.613391789557597,6.032752245113571,8.394411360513065,,-0.28161337209302584,109.77
2018,"Mangoes, guavas and mangosteens",109.77,-0.28161337209302584,4.848080769597107,4.613391789557597,6.032752245113571,,7.479274847408224,117.98
2019,"Mangoes, guavas and mangosteens",117.98,7.479274847408224,-0.28161337209302584,4.848080769597107,4.613391789557597,,-8.153924393965085,108.36
2020,"Mangoes, guavas and mangosteens",108.36,-8.153924393965085,7.479274847408224,-0.28161337209302584,4.848080769597107,7.657956476348979,21.742340346991497,131.92
2021,"Mangoes, guavas and mangosteens",131.92,21.742340346991497,-8.153924393965085,7.479274847408224,-0.28161337209302584,28.14323339336777,4.957550030321434,138.46
2022,"Mangoes, guavas and mangosteens",138.46,4.957550030321434,21.742340346991497,-8.153924393965085,7.479274847408224,43.85230126973054,2.8383648707207776,142.39
2023,"Mangoes, guavas and mangosteens",142.39,2.8383648707207776,4.957550030321434,21.742340346991497,-8.153924393965085,38.84652978420168,6.138071493784691,151.13
2024,"Mangoes, guavas and mangosteens",151.13,6.138071493784691,2.8383648707207776,4.957550030321434,21.742340346991497,5.920166127247839,5.776483821875211,159.86
2025,"Mangoes, guavas and mangosteens",159.86,5.776483821875211,6.138071493784691,2.8383648707207776,4.957550030321434,-17.99292967687163,,
1991,"Meat of buffalo, fresh or chilled",34.97,,,,,-11.646153094623864,16.24249356591363,40.65
1992,"Meat of buffalo, fresh or chilled",40.65,16.24249356591363,,,,1.7136432287128385,9.151291512915115,44.37
1993,"Meat of buffalo, fresh or chilled",44.37,9.151291512915115,16.24249356591363,,,3.892984901493293,-11.156186612576057,39.42
1994,"Meat of buffalo, fresh or chilled",39.42,-11.156186612576057,9.151291512915115,16.24249356591363,,3.254369696933489,1.0654490106544845,39.84
1995,"Meat of buffalo, fresh or chilled",39.84,1.0654490106544845,-11.156186612576057,9.151291512915115,16.24249356591363,2.6898463347130153,-0.20080321285141922,39.76
1996,"Meat of buffalo, fresh or chilled",39.76,-0.20080321285141922,1.0654490106544845,-11.156186612576057,9.151291512915115,6.078895258195845,0.37726358148892913,39.91
1997,"Meat of buffalo, fresh or chilled",39.91,0.37726358148892913,-0.20080321285141922,1.0654490106544845,-11.156186612576057,7.1143093142133615,-5.562515660235523,37.69
1998,"Meat of buffalo, fresh or chilled",37.69,-5.562515660235523,0.37726358148892913,-0.20080321285141922,1.0654490106544845,12.75771040144546,-1.8041920933934752,37.01
1999,"Meat of buffalo, fresh or chilled",37.01,-1.8041920933934752,-5.562515660235523,0.37726358148892913,-0.20080321285141922,9.338720956476186,2.053499054309671,37.77
2000,"Meat of buffalo, fresh or chilled",37.77,2.053499054309671,-1.8041920933934752,-5.562515660235523,0.37726358148892913,10.659833225260348,4.712734974847743,39.55
2001,"Meat of buffalo, fresh or chilled",39.55,4.712734974847743,2.053499054309671,-1.8041920933934752,-5.562515660235523,8.936314572849172,-1.5929203539822856,38.92
2002,"Meat of buffalo, fresh or chilled",38.92,-1.5929203539822856,4.712734974847743,2.053499054309671,-1.8041920933934752,12.417978574628492,2.338129496402863,39.83
2003,"Meat of buffalo, fresh or chilled",39.83,2.338129496402863,-1.5929203539822856,4.712734974847743,2.053499054309671,11.765058678658894,5.975395430579966,42.21
2004,"Meat of buffalo, fresh or chilled",42.21,5.975395430579966,2.338129496402863,-1.5929203539822856,4.712734974847743,4.407277854620397,8.860459606728277,45.95
2005,"Meat of buffalo, fresh or chilled",45.95,8.860459606728277,5.975395430579966,2.338129496402863,-1.5929203539822856,4.189253882405281,6.507072905331879,48.94
2006,"Meat of buffalo, fresh or chilled",48.94,6.507072905331879,8.860459606728277,5.975395430579966,2.338129496402863,3.3629546228512837,22.905598692276264,60.15
2007,"Meat of buffalo, fresh or chilled",60.15,22.905598692276264,6.507072905331879,8.860459606728277,5.975395430579966,6.346851798394732,-1.3965087281795463,59.31
2008,"Meat of buffalo, fresh or chilled",59.31,-1.3965087281795463,22.905598692276264,6.507072905331879,8.860459606728277,5.1647416014227465,10.470409711684358,65.52
2009,"Meat of buffalo, fresh or chilled",65.52,10.470409711684358,-1.3965087281795463,22.905598692276264,6.507072905331879,3.059953062353881,17.73504273504274,77.14
2010,"Meat of buffalo, fresh or chilled",77.14,17.73504273504274,10.470409711684358,-1.3965087281795463,22.905598692276264,4.069907158069959,9.048483277158414,84.12
2011,"Meat of buffalo, fresh or chilled",84.12,9.048483277158414,17.73504273504274,10.470409711684358,-1.3965087281795463,0.9700165472157677,8.511650023775562,91.28
2012,"Meat of buffalo, fresh or chilled",91.28,8.511650023775562,9.048483277158414,17.73504273504274,10.470409711684358,5.282960597139895,-4.338299737072749,87.32
2013,"Meat of buffalo, fresh or chilled",87.32,-4.338299737072749,8.511650023775562,9.048483277158414,17.73504273504274,4.63263303989951,8.394411360513065,94.65
2014,"Meat of buffalo, fresh or chilled",94.65,8.394411360513065,-4.338299737072749,8.511650023775562,9.048483277158414,6.627295408404673,6.032752245113571,100.36
2015,"Meat of buffalo, fresh or chilled",100.36,6.032752245113571,8.394411360513065,-4.338299737072749,8.511650023775562,5.2411528559210785,4.613391789557597,104.99
2016,"Meat of buffalo, fresh or chilled",104.99,4.613391789557597,6.032752245113571,8.394411360513065,-4.338299737072749,,4.848080769597107,110.08
2017,"Meat of buffalo, fresh or chilled",110.08,4.848080769597107,4.613391789557597,6.032752245113571,8.394411360513065,,-0.28161337209302584,109.77
2018,"Meat of buffalo, fresh or chilled",109.77,-0.28161337209302584,4.848080769597107,4.613391789557597,6.032752245113571,,6.149221098660829,116.52
2019,"Meat of buffalo, fresh or chilled",116.52,6.149221098660829,-0.28161337209302584,4.848080769597107,4.613391789557597,,-0.09440439409543755,116.41
2020,"Meat of buffalo, fresh or chilled",116.41,-0.09440439409543755,6.149221098660829,-0.28161337209302584,4.848080769597107,10.578514905271591,4.870715574263373,122.08
2021,"Meat of buffalo, fresh or chilled",122.08,4.870715574263373,-0.09440439409543755,6.149221098660829,-0.28161337209302584,9.508912309392905,1.6956094364351415,124.15
2022,"Meat of buffalo, fresh or chilled",124.15,1.6956094364351415,4.870715574263373,-0.09440439409543755,6.149221098660829,9.681425593516874,-0.8779701973419263,123.06
2023,"Meat of buffalo, fresh or chilled",123.06,-0.8779701973419263,1.6956094364351415,4.870715574263373,-0.09440439409543755,13.46733295211198,10.677718186250607,136.2
2024,"Meat of buffalo, fresh or chilled",136.2,10.677718186250607,-0.8779701973419263,1.6956094364351415,4.870715574263373,14.724821624070133,3.0323054331865107,140.33
2025,"Meat of buffalo, fresh or chilled",140.33,3.0323054331865107,10.677718186250607,-0.8779701973419263,1.6956094364351415,12.647253967555109,,
1991,"Meat of buffalo, fresh or chilled (biological)",32.98,,,,,6.942660441136017,16.282595512431786,38.35
1992,"Meat of buffalo, fresh or chilled (biological)",38.35,16.282595512431786,,,,4.653745901355761,9.152542372881346,41.86
1993,"Meat of buffalo, fresh or chilled (biological)",41.86,9.152542372881346,16.282595512431786,,,3.2368117531196687,-11.156235069278553,37.19
1994,"Meat of buffalo, fresh or chilled (biological)",37.19,-11.156235069278553,9.152542372881346,16.282595512431786,,4.941543864547115,1.0486689970422125,37.58
1995,"Meat of buffalo, fresh or chilled (biological)",37.58,1.0486689970422125,-11.156235069278553,9.152542372881346,16.282595512431786,5.387448621600339,-0.18626929217668842,37.51
1996,"Meat of buffalo, fresh or chilled (biological)",37.51,-0.18626929217668842,1.0486689970422125,-11.156235069278553,9.152542372881346,7.7684513159945325,0.3465742468675037,37.64
1997,"Meat of buffalo, fresh or chilled (biological)",37.64,0.3465742468675037,-0.18626929217668842,1.0486689970422125,-11.156235069278553,7.114309314213362,-5.552603613177476,35.55
1998,"Meat of buffalo, fresh or chilled (biological)",35.55,-5.552603613177476,0.3465742468675037,-0.18626929217668842,1.0486689970422125,12.757710401445463,-1.8002812939521773,34.91
1999,"Meat of buffalo, fresh or chilled (biological)",34.91,-1.8002812939521773,-5.552603613177476,0.3465742468675037,-0.18626929217668842,9.338720956476187,2.062446290461195,35.63
2000,"Meat of buffalo, fresh or chilled (biological)",35.63,2.062446290461195,-1.8002812939521773,-5.552603613177476,0.3465742468675037,10.659833225260348,4.687061465057529,37.3
2001,"Meat of buffalo, fresh or chilled (biological)",37.3,4.687061465057529,2.062446290461195,-1.8002812939521773,-5.552603613177476,8.936314572849172,-1.5549597855227804,36.72
2002,"Meat of buffalo, fresh or chilled (biological)",36.72,-1.5549597855227804,4.687061465057529,2.062446290461195,-1.8002812939521773,12.417978574628492,8.469498910675387,39.83
2003,"Meat of buffalo, fresh or chilled (biological)",39.83,8.469498910675387,-1.5549597855227804,4.687061465057529,2.062446290461195,11.765058678658894,5.975395430579966,42.21
2004,"Meat of buffalo, fresh or chilled (biological)",42.21,5.975395430579966,8.469498910675387,-1.5549597855227804,4.687061465057529,4.407277854620397,8.860459606728277,45.95
2005,"Meat of buffalo, fresh or chilled (biological)",45.95,8.860459606728277,5.975395430579966,8.469498910675387,-1.5549597855227804,4.189253882405281,6.507072905331879,48.94
2006,"Meat of buffalo, fresh or chilled (biological)",48.94,6.507072905331879,8.860459606728277,5.975395430579966,8.469498910675387,3.3629546228512837,22.905598692276264,60.15
2007,"Meat of buffalo, fresh or chilled (biological)",60.15,22.905598692276264,6.507072905331879,8.860459606728277,5.975395430579966,6.346851798394732,-1.3965087281795463,59.31
2008,"Meat of buffalo, fresh or chilled (biological)",59.31,-1.3965087281795463,22.905598692276264,6.507072905331879,8.860459606728277,5.1647416014227465,10.470409711684358,65.52
2009,"Meat of buffalo, fresh or chilled (biological)",65.52,10.470409711684358,-1.3965087281795463,22.905598692276264,6.507072905331879,3.059953062353881,17.73504273504274,77.14
2010,"Meat of buffalo, fresh or chilled (biological)",77.14,17.73504273504274,10.470409711684358,-1.3965087281795463,22.905598692276264,4.488965188497221,9.048483277158414,84.12
2011,"Meat of buffalo, fresh or chilled (biological)",84.12,9.048483277158414,17.73504273504274,10.470409711684358,-1.3965087281795463,0.6505301452825671,8.511650023775562,91.28
2012,"Meat of buffalo, fresh or chilled (biological)",91.28,8.511650023775562,9.048483277158414,17.73504273504274,10.470409711684358,5.482831552245074,-4.338299737072749,87.32
2013,"Meat of buffalo, fresh or chilled (biological)",87.32,-4.338299737072749,8.511650023775562,9.048483277158414,17.73504273504274,4.472651946587949,8.394411360513065,94.65
2014,"Meat of buffalo, fresh or chilled (biological)",94.65,8.394411360513065,-4.338299737072749,8.511650023775562,9.048483277158414,7.248515456616662,6.032752245113571,100.36
2015,"Meat of buffalo, fresh or chilled (biological)",100.36,6.032752245113571,8.394411360513065,-4.338299737072749,8.511650023775562,5.246748194708371,4.613391789557597,104.99
2016,"Meat of buffalo, fresh or chilled (biological)",104.99,4.613391789557597,6.032752245113571,8.394411360513065,-4.338299737072749,,4.848080769597107,110.08
2017,"Meat of buffalo, fresh or chilled (biological)",110.08,4.848080769597107,4.613391789557597,6.032752245113571,8.394411360513065,,-0.28161337209302584,109.77
2018,"Meat of buffalo, fresh or chilled (biological)",109.77,-0.28161337209302584,4.848080769597107,4.613391789557597,6.032752245113571,,5.611733624851967,115.93
2019,"Meat of buffalo, fresh or chilled (biological)",115.93,5.611733624851967,-0.28161337209302584,4.848080769597107,4.613391789557597,,0.16389200379538504,116.12
2020,"Meat of buffalo, fresh or chilled (biological)",116.12,0.16389200379538504,5.611733624851967,-0.28161337209302584,4.848080769597107,10.578514905271591,5.4770926627626615,122.48
2021,"Meat of buffalo, fresh or chilled (biological)",122.48,5.4770926627626615,0.16389200379538504,5.611733624851967,-0.28161337209302584,9.508912309392905,2.0329849771391295,124.97
2022,"Meat of buffalo, fresh or chilled (biological)",124.97,2.0329849771391295,5.4770926627626615,0.16389200379538504,5.611733624851967,9.681425593516874,-0.7361766824037774,124.05
2023,"Meat of buffalo, fresh or chilled (biological)",124.05,-0.7361766824037774,2.0329849771391295,5.4770926627626615,0.16389200379538504,13.46733295211198,10.100765820233782,136.58
2024,"Meat of buffalo, fresh or chilled (biological)",136.58,10.100765820233782,-0.7361766824037774,2.0329849771391295,5.4770926627626615,14.713022214040636,3.843901010396844,141.83
2025,"Meat of buffalo, fresh or chilled (biological)",141.83,3.843901010396844,10.100765820233782,-0.7361766824037774,2.0329849771391295,12.646671690368656,,
1991,"Meat of cattle with the bone, fresh or chilled",33.62,,,,,4.941543864547115,14.069006543723983,38.35
1992,"Meat of cattle with the bone, fresh or chilled",38.35,14.069006543723983,,,,5.387448621600339,9.152542372881346,41.86
1993,"Meat of cattle with the bone, fresh or chilled",41.86,9.152542372881346,14.069006543723983,,,7.7684513159945325,-11.156235069278553,37.19
1994,"Meat of cattle with the bone, fresh or chilled",37.19,-11.156235069278553,9.152542372881346,14.069006543723983,,7.114309314213362,1.0486689970422125,37.58
1995,"Meat of cattle with the bone, fresh or chilled",37.58,1.0486689970422125,-11.156235069278553,9.152542372881346,14.069006543723983,12.757710401445463,-0.18626929217668842,37.51
1996,"Meat of cattle with the bone, fresh or chilled",37.51,-0.18626929217668842,1.0486689970422125,-11.156235069278553,9.152542372881346,9.338720956476187,0.3732338043188399,37.65
1997,"Meat of cattle with the bone, fresh or chilled",37.65,0.3732338043188399,-0.18626929217668842,1.0486689970422125,-11.156235069278553,10.659833225260348,-5.577689243027894,35.55
1998,"Meat of cattle with the bone, fresh or chilled",35.55,-5.577689243027894,0.3732338043188399,-0.18626929217668842,1.0486689970422125,8.936314572849172,-1.8002812939521773,34.91
1999,"Meat of cattle with the bone, fresh or chilled",34.91,-1.8002812939521773,-5.577689243027894,0.3732338043188399,-0.18626929217668842,12.417978574628492,2.033801203093666,35.62
2000,"Meat of cattle with the bone, fresh or chilled",35.62,2.033801203093666,-1.8002812939521773,-5.577689243027894,0.3732338043188399,11.765058678658894,4.744525547445266,37.31
2001,"Meat of cattle with the bone, fresh or chilled",37.31,4.744525547445266,2.033801203093666,-1.8002812939521773,-5.577689243027894,4.407277854620397,-1.5813454837845131,36.72
2002,"Meat of cattle with the bone, fresh or chilled",36.72,-1.5813454837845131,4.744525547445266,2.033801203093666,-1.8002812939521773,4.189253882405281,8.469498910675387,39.83
2003,"Meat of cattle with the bone, fresh or chilled",39.83,8.469498910675387,-1.5813454837845131,4.744525547445266,2.033801203093666,3.3629546228512837,5.975395430579966,42.21
2004,"Meat of cattle with the bone, fresh or chilled",42.21,5.975395430579966,8.469498910675387,-1.5813454837845131,4.744525547445266,6.346851798394732,8.860459606728277,45.95
2005,"Meat of cattle with the bone, fresh or chilled",45.95,8.860459606728277,5.975395430579966,8.469498910675387,-1.5813454837845131,5.1647416014227465,6.507072905331879,48.94
2006,"Meat of cattle with the bone, fresh or chilled",48.94,6.507072905331879,8.860459606728277,5.975395430579966,8.469498910675387,3.059953062353881,22.905598692276264,60.15
2007,"Meat of cattle with the bone, fresh or chilled",60.15,22.905598692276264,6.507072905331879,8.860459606728277,5.975395430579966,4.3401692211716,-1.3965087281795463,59.31
2008,"Meat of cattle with the bone, fresh or chilled",59.31,-1.3965087281795463,22.905598692276264,6.507072905331879,8.860459606728277,3.1777332261540026,10.470409711684358,65.52
2009,"Meat of cattle with the bone, fresh or chilled",65.52,10.470409711684358,-1.3965087281795463,22.905598692276264,6.507072905331879,6.257709706390638,17.73504273504274,77.14
2010,"Meat of cattle with the bone, fresh or chilled",77.14,17.73504273504274,10.470409711684358,-1.3965087281795463,22.905598692276264,4.636329485887912,9.048483277158414,84.12
2011,"Meat of cattle with the bone, fresh or chilled",84.12,9.048483277158414,17.73504273504274,10.470409711684358,-1.3965087281795463,3.9184213770897376,8.511650023775562,91.28
2012,"Meat of cattle with the bone, fresh or chilled",91.28,8.511650023775562,9.048483277158414,17.73504273504274,10.470409711684358,3.9395194943398075,-4.338299737072749,87.32
2013,"Meat of cattle with the bone, fresh or chilled",87.32,-4.338299737072749,8.511650023775562,9.048483277158414,17.73504273504274,,8.394411360513065,94.65
2014,"Meat of cattle with the bone, fresh or chilled",94.65,8.394411360513065,-4.338299737072749,8.511650023775562,9.048483277158414,,6.032752245113571,100.36
2015,"Meat of cattle with the bone, fresh or chilled",100.36,6.032752245113571,8.394411360513065,-4.338299737072749,8.511650023775562,,4.613391789557597,104.99
2016,"Meat of cattle with the bone, fresh or chilled",104.99,4.613391789557597,6.032752245113571,8.394411360513065,-4.338299737072749,,4.848080769597107,110.08
2017,"Meat of cattle with the bone, fresh or chilled",110.08,4.848080769597107,4.613391789557597,6.032752245113571,8.394411360513065,1.0692525390571817,-0.28161337209302584,109.77
2018,"Meat of cattle with the bone, fresh or chilled",109.77,-0.28161337209302584,4.848080769597107,4.613391789557597,6.032752245113571,-1.1541441779185229,7.205976131912184,117.68
2019,"Meat of cattle with the bone, fresh or chilled",117.68,7.205976131912184,-0.28161337209302584,4.848080769597107,4.613391789557597,6.506883798659228,0.016995241332429245,117.7
2020,"Meat of cattle with the bone, fresh or chilled",117.7,0.016995241332429245,7.205976131912184,-0.28161337209302584,4.848080769597107,6.305005630962853,5.395072217502128,124.05
2021,"Meat of cattle with the bone, fresh or chilled",124.05,5.395072217502128,0.016995241332429245,7.205976131912184,-0.28161337209302584,5.284680828269164,1.9508262797259146,126.47
2022,"Meat of cattle with the bone, fresh or chilled",126.47,1.9508262797259146,5.395072217502128,0.016995241332429245,7.205976131912184,1.928021464611991,-0.8065153791412927,125.45
2023,"Meat of cattle with the bone, fresh or chilled",125.45,-0.8065153791412927,1.9508262797259146,5.395072217502128,0.016995241332429245,2.0273712462038715,10.24312475089677,138.3
2024,"Meat of cattle with the bone, fresh or chilled",138.3,10.24312475089677,-0.8065153791412927,1.9508262797259146,5.395072217502128,1.5618098803012677,3.7237888647866813,143.45
2025,"Meat of cattle with the bone, fresh or chilled",143.45,3.7237888647866813,10.24312475089677,-0.8065153791412927,1.9508262797259146,3.2240771089843534,,
1991,"Meat of cattle with the bone, fresh or chilled (biological)",33.62,,,,,7.1143093142133615,14.069006543723983,38.35
1992,"Meat of cattle with the bone, fresh or chilled (biological)",38.35,14.069006543723983,,,,12.75771040144546,9.152542372881346,41.86
1993,"Meat of cattle with the bone, fresh or chilled (biological)",41.86,9.152542372881346,14.069006543723983,,,9.338720956476186,-11.156235069278553,37.19
1994,"Meat of cattle with the bone, fresh or chilled (biological)",37.19,-11.156235069278553,9.152542372881346,14.069006543723983,,10.659833225260348,1.0486689970422125,37.58
1995,"Meat of cattle with the bone, fresh or chilled (biological)",37.58,1.0486689970422125,-11.156235069278553,9.152542372881346,14.069006543723983,8.936314572849172,-0.18626929217668842,37.51
1996,"Meat of cattle with the bone, fresh or chilled (biological)",37.51,-0.18626929217668842,1.0486689970422125,-11.156235069278553,9.152542372881346,12.417978574628492,0.3732338043188399,37.65
1997,"Meat of cattle with the bone, fresh or chilled (biological)",37.65,0.3732338043188399,-0.18626929217668842,1.0486689970422125,-11.156235069278553,11.765058678658894,-5.577689243027894,35.55
1998,"Meat of cattle with the bone, fresh or chilled (biological)",35.55,-5.577689243027894,0.3732338043188399,-0.18626929217668842,1.0486689970422125,4.407277854620397,-1.8002812939521773,34.91
1999,"Meat of cattle with the bone, fresh or chilled (biological)",34.91,-1.8002812939521773,-5.577689243027894,0.3732338043188399,-0.18626929217668842,4.189253882405281,2.062446290461195,35.63
2000,"Meat of cattle with the bone, fresh or chilled (biological)",35.63,2.062446290461195,-1.8002812939521773,-5.577689243027894,0.3732338043188399,3.3629546228512837,4.715127701375255,37.31
2001,"Meat of cattle with the bone, fresh or chilled (biological)",37.31,4.715127701375255,2.062446290461195,-1.8002812939521773,-5.577689243027894,6.346851798394732,-1.5813454837845131,36.72
2002,"Meat of cattle with the bone, fresh or chilled (biological)",36.72,-1.5813454837845131,4.715127701375255,2.062446290461195,-1.8002812939521773,5.1647416014227465,8.469498910675387,39.83
2003,"Meat of cattle with the bone, fresh or chilled (biological)",39.83,8.469498910675387,-1.5813454837845131,4.715127701375255,2.062446290461195,3.059953062353881,5.975395430579966,42.21
2004,"Meat of cattle with the bone, fresh or chilled (biological)",42.21,5.975395430579966,8.469498910675387,-1.5813454837845131,4.715127701375255,4.082053767647568,8.860459606728277,45.95
2005,"Meat of cattle with the bone, fresh or chilled (biological)",45.95,8.860459606728277,5.975395430579966,8.469498910675387,-1.5813454837845131,3.044143031701777,6.507072905331879,48.94
2006,"Meat of cattle with the bone, fresh or chilled (biological)",48.94,6.507072905331879,8.860459606728277,5.975395430579966,8.469498910675387,7.038222055940686,22.905598692276264,60.15
2007,"Meat of cattle with the bone, fresh or chilled (biological)",60.15,22.905598692276264,6.507072905331879,8.860459606728277,5.975395430579966,5.202961768620557,-1.3965087281795463,59.31
2008,"Meat of cattle with the bone, fresh or chilled (biological)",59.31,-1.3965087281795463,22.905598692276264,6.507072905331879,8.860459606728277,4.974597840183979,10.470409711684358,65.52
2009,"Meat of cattle with the bone, fresh or chilled (biological)",65.52,10.470409711684358,-1.3965087281795463,22.905598692276264,6.507072905331879,3.5693423483983437,17.73504273504274,77.14
2010,"Meat of cattle with the bone, fresh or chilled (biological)",77.14,17.73504273504274,10.470409711684358,-1.3965087281795463,22.905598692276264,,9.048483277158414,84.12
2011,"Meat of cattle with the bone, fresh or chilled (biological)",84.12,9.048483277158414,17.73504273504274,10.470409711684358,-1.3965087281795463,,8.511650023775562,91.28
2012,"Meat of cattle with the bone, fresh or chilled (biological)",91.28,8.511650023775562,9.048483277158414,17.73504273504274,10.470409711684358,,-4.338299737072749,87.32
2013,"Meat of cattle with the bone, fresh or chilled (biological)",87.32,-4.338299737072749,8.511650023775562,9.048483277158414,17.73504273504274,,8.394411360513065,94.65
2014,"Meat of cattle with the bone, fresh or chilled (biological)",94.65,8.394411360513065,-4.338299737072749,8.511650023775562,9.048483277158414,1.0692525390571817,6.032752245113571,100.36
2015,"Meat of cattle with the bone, fresh or chilled (biological)",100.36,6.032752245113571,8.394411360513065,-4.338299737072749,8.511650023775562,-1.1541441779185229,4.613391789557597,104.99
2016,"Meat of cattle with the bone, fresh or chilled (biological)",104.99,4.613391789557597,6.032752245113571,8.394411360513065,-4.338299737072749,6.506883798659228,4.848080769597107,110.08
2017,"Meat of cattle with the bone, fresh or chilled (biological)",110.08,4.848080769597107,4.613391789557597,6.032752245113571,8.394411360513065,6.305005630962853,-0.28161337209302584,109.77
2018,"Meat of cattle with the bone, fresh or chilled (biological)",109.77,-0.28161337209302584,4.848080769597107,4.613391789557597,6.032752245113571,5.284680828269164,6.376970028240869,116.77
2019,"Meat of cattle with the bone, fresh or chilled (biological)",116.77,6.376970028240869,-0.28161337209302584,4.848080769597107,4.613391789557597,1.928021464611991,0.09420227798235814,116.88
2020,"Meat of cattle with the bone, fresh or chilled (biological)",116.88,0.09420227798235814,6.376970028240869,-0.28161337209302584,4.848080769597107,2.0273712462038715,5.44147843942504,123.24
2021,"Meat of cattle with the bone, fresh or chilled (biological)",123.24,5.44147843942504,0.09420227798235814,6.376970028240869,-0.28161337209302584,1.5618098803012677,1.9879909120415373,125.69
2022,"Meat of cattle with the bone, fresh or chilled (biological)",125.69,1.9879909120415373,5.44147843942504,0.09420227798235814,6.376970028240869,3.2240771089843534,-0.7717399952263504,124.72
2023,"Meat of cattle with the bone, fresh or chilled (biological)",124.72,-0.7717399952263504,1.9879909120415373,5.44147843942504,0.09420227798235814,3.693363500314612,10.174791533034,137.41
2024,"Meat of cattle with the bone, fresh or chilled (biological)",137.41,10.174791533034,-0.7717399952263504,1.9879909120415373,5.44147843942504,5.321830507079575,3.7842951750236553,142.61
2025,"Meat of cattle with the bone, fresh or chilled (biological)",142.61,3.7842951750236553,10.174791533034,-0.7717399952263504,1.9879909120415373,7.768451315994532,,
1991,"Meat of chickens, fresh or chilled",18.05,,,,,7.1143093142133615,4.875346260387814,18.93
1992,"Meat of chickens, fresh or chilled",18.93,4.875346260387814,,,,12.75771040144546,16.74590596936081,22.1
1993,"Meat of chickens, fresh or chilled",22.1,16.74590596936081,4.875346260387814,,,9.338720956476186,1.312217194570131,22.39
1994,"Meat of chickens, fresh or chilled",22.39,1.312217194570131,16.74590596936081,4.875346260387814,,10.659833225260348,66.36891469405984,37.25
1995,"Meat of chickens, fresh or chilled",37.25,66.36891469405984,1.312217194570131,16.74590596936081,4.875346260387814,8.936314572849172,63.91946308724832,61.06
1996,"Meat of chickens, fresh or chilled",61.06,63.91946308724832,66.36891469405984,1.312217194570131,16.74590596936081,12.417978574628492,-13.724205699312153,52.68
1997,"Meat of chickens, fresh or chilled",52.68,-13.724205699312153,63.91946308724832,66.36891469405984,1.312217194570131,11.765058678658894,-32.40318906605923,35.61
1998,"Meat of chickens, fresh or chilled",35.61,-32.40318906605923,-13.724205699312153,63.91946308724832,66.36891469405984,4.407277854620397,-7.834877843302445,32.82
1999,"Meat of chickens, fresh or chilled",32.82,-7.834877843302445,-32.40318906605923,-13.724205699312153,63.91946308724832,4.189253882405281,5.301645338208405,34.56
2000,"Meat of chickens, fresh or chilled",34.56,5.301645338208405,-7.834877843302445,-32.40318906605923,-13.724205699312153,3.3629546228512837,7.66782407407407,37.21
2001,"Meat of chickens, fresh or chilled",37.21,7.66782407407407,5.301645338208405,-7.834877843302445,-32.40318906605923,6.346851798394732,-1.3168503090567052,36.72
2002,"Meat of chickens, fresh or chilled",36.72,-1.3168503090567052,7.66782407407407,5.301645338208405,-7.834877843302445,5.1647416014227465,8.469498910675387,39.83
2003,"Meat of chickens, fresh or chilled",39.83,8.469498910675387,-1.3168503090567052,7.66782407407407,5.301645338208405,3.059953062353881,5.975395430579966,42.21
2004,"Meat of chickens, fresh or chilled",42.21,5.975395430579966,8.469498910675387,-1.3168503090567052,7.66782407407407,3.9939908482099526,8.860459606728277,45.95
2005,"Meat of chickens, fresh or chilled",45.95,8.860459606728277,5.975395430579966,8.469498910675387,-1.3168503090567052,3.972400359579652,6.507072905331879,48.94
2006,"Meat of chickens, fresh or chilled",48.94,6.507072905331879,8.860459606728277,5.975395430579966,8.469498910675387,6.907226562526088,22.905598692276264,60.15
2007,"Meat of chickens, fresh or chilled",60.15,22.905598692276264,6.507072905331879,8.860459606728277,5.975395430579966,5.663514027406187,-1.3965087281795463,59.31
2008,"Meat of chickens, fresh or chilled",59.31,-1.3965087281795463,22.905598692276264,6.507072905331879,8.860459606728277,4.680500409698329,10.470409711684358,65.52
2009,"Meat of chickens, fresh or chilled",65.52,10.470409711684358,-1.3965087281795463,22.905598692276264,6.507072905331879,4.071656653803323,17.73504273504274,77.14
2010,"Meat of chickens, fresh or chilled",77.14,17.73504273504274,10.470409711684358,-1.3965087281795463,22.905598692276264,,9.048483277158414,84.12
2011,"Meat of chickens, fresh or chilled",84.12,9.048483277158414,17.73504273504274,10.470409711684358,-1.3965087281795463,,8.511650023775562,91.28
2012,"Meat of chickens, fresh or chilled",91.28,8.511650023775562,9.048483277158414,17.73504273504274,10.470409711684358,,-4.338299737072749,87.32
2013,"Meat of chickens, fresh or chilled",87.32,-4.338299737072749,8.511650023775562,9.048483277158414,17.73504273504274,,8.394411360513065,94.65
2014,"Meat of chickens, fresh or chilled",94.65,8.394411360513065,-4.338299737072749,8.511650023775562,9.048483277158414,9.506601175980407,6.032752245113571,100.36
2015,"Meat of chickens, fresh or chilled",100.36,6.032752245113571,8.394411360513065,-4.338299737072749,8.511650023775562,9.681716418415112,4.613391789557597,104.99
2016,"Meat of chickens, fresh or chilled",104.99,4.613391789557597,6.032752245113571,8.394411360513065,-4.338299737072749,13.463213687605238,4.848080769597107,110.08
2017,"Meat of chickens, fresh or chilled",110.08,4.848080769597107,4.613391789557597,6.032752245113571,8.394411360513065,14.713851330483303,-0.28161337209302584,109.77
2018,"Meat of chickens, fresh or chilled",109.77,-0.28161337209302584,4.848080769597107,4.613391789557597,6.032752245113571,12.643192341507484,8.32650086544593,118.91
2019,"Meat of chickens, fresh or chilled",118.91,8.32650086544593,-0.28161337209302584,4.848080769597107,4.613391789557597,6.948626328598224,4.070305272895469,123.75
2020,"Meat of chickens, fresh or chilled",123.75,4.070305272895469,8.32650086544593,-0.28161337209302584,4.848080769597107,3.67511847238654,9.220202020202017,135.16
2021,"Meat of chickens, fresh or chilled",135.16,9.220202020202017,4.070305272895469,8.32650086544593,-0.28161337209302584,1.7668859824708811,3.0408404853507154,139.27
2022,"Meat of chickens, fresh or chilled",139.27,3.0408404853507154,9.220202020202017,4.070305272895469,8.32650086544593,1.2204750970522789,-0.5528828893516247,138.5
2023,"Meat of chickens, fresh or chilled",138.5,-0.5528828893516247,3.0408404853507154,9.220202020202017,4.070305272895469,3.4882427373329428,8.743682310469314,150.61
2024,"Meat of chickens, fresh or chilled",150.61,8.743682310469314,-0.5528828893516247,3.0408404853507154,9.220202020202017,5.387448621600339,5.603877564570747,159.05
2025,"Meat of chickens, fresh or chilled",159.05,5.603877564570747,8.743682310469314,-0.5528828893516247,3.0408404853507154,7.7684513159945325,,
1991,"Meat of chickens, fresh or chilled (biological)",18.05,,,,,10.659833225260348,4.875346260387814,18.93
1992,"Meat of chickens, fresh or chilled (biological)",18.93,4.875346260387814,,,,8.936314572849172,16.74590596936081,22.1
1993,"Meat of chickens, fresh or chilled (biological)",22.1,16.74590596936081,4.875346260387814,,,12.417978574628492,1.312217194570131,22.39
1994,"Meat of chickens, fresh or chilled (biological)",22.39,1.312217194570131,16.74590596936081,4.875346260387814,,11.765058678658894,66.36891469405984,37.25
1995,"Meat of chickens, fresh or chilled (biological)",37.25,66.36891469405984,1.312217194570131,16.74590596936081,4.875346260387814,4.407277854620397,63.91946308724832,61.06
1996,"Meat of chickens, fresh or chilled (biological)",61.06,63.91946308724832,66.36891469405984,1.312217194570131,16.74590596936081,4.189253882405281,-13.724205699312153,52.68
1997,"Meat of chickens, fresh or chilled (biological)",52.68,-13.724205699312153,63.91946308724832,66.36891469405984,1.312217194570131,3.3629546228512837,-32.40318906605923,35.61
1998,"Meat of chickens, fresh or chilled (biological)",35.61,-32.40318906605923,-13.724205699312153,63.91946308724832,66.36891469405984,6.346851798394732,-7.834877843302445,32.82
1999,"Meat of chickens, fresh or chilled (biological)",32.82,-7.834877843302445,-32.40318906605923,-13.724205699312153,63.91946308724832,5.1647416014227465,5.301645338208405,34.56
2000,"Meat of chickens, fresh or chilled (biological)",34.56,5.301645338208405,-7.834877843302445,-32.40318906605923,-13.724205699312153,3.059953062353881,7.66782407407407,37.21
2001,"Meat of chickens, fresh or chilled (biological)",37.21,7.66782407407407,5.301645338208405,-7.834877843302445,-32.40318906605923,4.531478322018828,-1.3168503090567052,36.72
2002,"Meat of chickens, fresh or chilled (biological)",36.72,-1.3168503090567052,7.66782407407407,5.301645338208405,-7.834877843302445,0.6009460512262095,8.469498910675387,39.83
2003,"Meat of chickens, fresh or chilled (biological)",39.83,8.469498910675387,-1.3168503090567052,7.66782407407407,5.301645338208405,5.806906008276275,5.975395430579966,42.21
2004,"Meat of chickens, fresh or chilled (biological)",42.21,5.975395430579966,8.469498910675387,-1.3168503090567052,7.66782407407407,4.956659649951222,8.860459606728277,45.95
2005,"Meat of chickens, fresh or chilled (biological)",45.95,8.860459606728277,5.975395430579966,8.469498910675387,-1.3168503090567052,7.934078404481025,6.507072905331879,48.94
2006,"Meat of chickens, fresh or chilled (biological)",48.94,6.507072905331879,8.860459606728277,5.975395430579966,8.469498910675387,5.292895490643752,22.905598692276264,60.15
2007,"Meat of chickens, fresh or chilled (biological)",60.15,22.905598692276264,6.507072905331879,8.860459606728277,5.975395430579966,,-1.3965087281795463,59.31
2008,"Meat of chickens, fresh or chilled (biological)",59.31,-1.3965087281795463,22.905598692276264,6.507072905331879,8.860459606728277,,10.470409711684358,65.52
2009,"Meat of chickens, fresh or chilled (biological)",65.52,10.470409711684358,-1.3965087281795463,22.905598692276264,6.507072905331879,,17.73504273504274,77.14
2010,"Meat of chickens, fresh or chilled (biological)",77.14,17.73504273504274,10.470409711684358,-1.3965087281795463,22.905598692276264,,9.048483277158414,84.12
2011,"Meat of chickens, fresh or chilled (biological)",84.12,9.048483277158414,17.73504273504274,10.470409711684358,-1.3965087281795463,9.506601175980407,8.511650023775562,91.28
2012,"Meat of chickens, fresh or chilled (biological)",91.28,8.511650023775562,9.048483277158414,17.73504273504274,10.470409711684358,9.681716418415112,-4.338299737072749,87.32
2013,"Meat of chickens, fresh or chilled (biological)",87.32,-4.338299737072749,8.511650023775562,9.048483277158414,17.73504273504274,13.463213687605238,8.394411360513065,94.65
2014,"Meat of chickens, fresh or chilled (biological)",94.65,8.394411360513065,-4.338299737072749,8.511650023775562,9.048483277158414,14.713851330483303,6.032752245113571,100.36
2015,"Meat of chickens, fresh or chilled (biological)",100.36,6.032752245113571,8.394411360513065,-4.338299737072749,8.511650023775562,12.643192341507484,4.613391789557597,104.99
2016,"Meat of chickens, fresh or chilled (biological)",104.99,4.613391789557597,6.032752245113571,8.394411360513065,-4.338299737072749,6.948626328598224,4.848080769597107,110.08
2017,"Meat of chickens, fresh or chilled (biological)",110.08,4.848080769597107,4.613391789557597,6.032752245113571,8.394411360513065,3.67511847238654,-0.28161337209302584,109.77
2018,"Meat of chickens, fresh or chilled (biological)",109.77,-0.28161337209302584,4.848080769597107,4.613391789557597,6.032752245113571,1.7668859824708811,8.107861893049106,118.67
2019,"Meat of chickens, fresh or chilled (biological)",118.67,8.107861893049106,-0.28161337209302584,4.848080769597107,4.613391789557597,1.2204750970522789,4.070110390157589,123.5
2020,"Meat of chickens, fresh or chilled (biological)",123.5,4.070110390157589,8.107861893049106,-0.28161337209302584,4.848080769597107,3.4882427373329428,9.327935222672078,135.02
2021,"Meat of chickens, fresh or chilled (biological)",135.02,9.327935222672078,4.070110390157589,8.107861893049106,-0.28161337209302584,5.387448621600339,3.140275514738544,139.26
2022,"Meat of chickens, fresh or chilled (biological)",139.26,3.140275514738544,9.327935222672078,4.070110390157589,8.107861893049106,7.7684513159945325,-0.5241993393652056,138.53
2023,"Meat of chickens, fresh or chilled (biological)",138.53,-0.5241993393652056,3.140275514738544,9.327935222672078,4.070110390157589,7.114309314213362,8.633508987222992,150.49
2024,"Meat of chickens, fresh or chilled (biological)",150.49,8.633508987222992,-0.5241993393652056,3.140275514738544,9.327935222672078,12.757710401445463,5.541896471526342,158.83
2025,"Meat of chickens, fresh or chilled (biological)",158.83,5.541896471526342,8.633508987222992,-0.5241993393652056,3.140275514738544,9.338720956476187,,
1991,"Meat of ducks, fresh or chilled",18.93,,,,,10.659833225260348,4.912836767036444,19.86
1992,"Meat of ducks, fresh or chilled",19.86,4.912836767036444,,,,8.936314572849172,16.76737160120847,23.19
1993,"Meat of ducks, fresh or chilled",23.19,16.76737160120847,4.912836767036444,,,12.417978574628492,1.2936610608020649,23.49
1994,"Meat of ducks, fresh or chilled",23.49,1.2936610608020649,16.76737160120847,4.912836767036444,,11.765058678658894,66.3686675180928,39.08
1995,"Meat of ducks, fresh or chilled",39.08,66.3686675180928,1.2936610608020649,16.76737160120847,4.912836767036444,4.407277854620397,63.89457523029682,64.05
1996,"Meat of ducks, fresh or chilled",64.05,63.89457523029682,66.3686675180928,1.2936610608020649,16.76737160120847,4.189253882405281,-13.723653395784542,55.26
1997,"Meat of ducks, fresh or chilled",55.26,-13.723653395784542,63.89457523029682,66.3686675180928,1.2936610608020649,3.3629546228512837,-32.410423452768725,37.35
1998,"Meat of ducks, fresh or chilled",37.35,-32.410423452768725,-13.723653395784542,63.89457523029682,66.3686675180928,6.346851798394732,-7.844712182061575,34.42
1999,"Meat of ducks, fresh or chilled",34.42,-7.844712182061575,-32.410423452768725,-13.723653395784542,63.89457523029682,5.1647416014227465,5.316676350958738,36.25
2000,"Meat of ducks, fresh or chilled",36.25,5.316676350958738,-7.844712182061575,-32.410423452768725,-13.723653395784542,3.059953062353881,7.668965517241388,39.03
2001,"Meat of ducks, fresh or chilled",39.03,7.668965517241388,5.316676350958738,-7.844712182061575,-32.410423452768725,4.3766090499044035,-1.3066871637202104,38.52
2002,"Meat of ducks, fresh or chilled",38.52,-1.3066871637202104,7.668965517241388,5.316676350958738,-7.844712182061575,3.4262977710230076,3.4008307372793256,39.83
2003,"Meat of ducks, fresh or chilled",39.83,3.4008307372793256,-1.3066871637202104,7.668965517241388,5.316676350958738,6.7808298027737495,5.975395430579966,42.21
2004,"Meat of ducks, fresh or chilled",42.21,5.975395430579966,3.4008307372793256,-1.3066871637202104,7.668965517241388,5.33524945371602,8.860459606728277,45.95
2005,"Meat of ducks, fresh or chilled",45.95,8.860459606728277,5.975395430579966,3.4008307372793256,-1.3066871637202104,4.578459128159758,6.507072905331879,48.94
2006,"Meat of ducks, fresh or chilled",48.94,6.507072905331879,8.860459606728277,5.975395430579966,3.4008307372793256,3.990232731374894,22.905598692276264,60.15
2007,"Meat of ducks, fresh or chilled",60.15,22.905598692276264,6.507072905331879,8.860459606728277,5.975395430579966,,-1.3965087281795463,59.31
2008,"Meat of ducks, fresh or chilled",59.31,-1.3965087281795463,22.905598692276264,6.507072905331879,8.860459606728277,,10.470409711684358,65.52
2009,"Meat of ducks, fresh or chilled",65.52,10.470409711684358,-1.3965087281795463,22.905598692276264,6.507072905331879,,17.73504273504274,77.14
2010,"Meat of ducks, fresh or chilled",77.14,17.73504273504274,10.470409711684358,-1.3965087281795463,22.905598692276264,,9.048483277158414,84.12
2011,"Meat of ducks, fresh or chilled",84.12,9.048483277158414,17.73504273504274,10.470409711684358,-1.3965087281795463,7.383399726634003,8.511650023775562,91.28
2012,"Meat of ducks, fresh or chilled",91.28,8.511650023775562,9.048483277158414,17.73504273504274,10.470409711684358,15.52907239158687,-4.338299737072749,87.32
2013,"Meat of ducks, fresh or chilled",87.32,-4.338299737072749,8.511650023775562,9.048483277158414,17.73504273504274,25.008783565110775,8.394411360513065,94.65
2014,"Meat of ducks, fresh or chilled",94.65,8.394411360513065,-4.338299737072749,8.511650023775562,9.048483277158414,22.98168496155252,6.032752245113571,100.36
2015,"Meat of ducks, fresh or chilled",100.36,6.032752245113571,8.394411360513065,-4.338299737072749,8.511650023775562,5.542973266743265,4.613391789557597,104.99
2016,"Meat of ducks, fresh or chilled",104.99,4.613391789557597,6.032752245113571,8.394411360513065,-4.338299737072749,-8.925007672659637,4.848080769597107,110.08
2017,"Meat of ducks, fresh or chilled",110.08,4.848080769597107,4.613391789557597,6.032752245113571,8.394411360513065,-5.697480582376948,-0.28161337209302584,109.77
2018,"Meat of ducks, fresh or chilled",109.77,-0.28161337209302584,4.848080769597107,4.613391789557597,6.032752245113571,2.206118487030075,7.64325407670583,118.16
2019,"Meat of ducks, fresh or chilled",118.16,7.64325407670583,-0.28161337209302584,4.848080769597107,4.613391789557597,3.006356960601218,-4.451591062965465,112.9
2020,"Meat of ducks, fresh or chilled",112.9,-4.451591062965465,7.64325407670583,-0.28161337209302584,4.848080769597107,4.238585732739055,12.657218777679358,127.19
2021,"Meat of ducks, fresh or chilled",127.19,12.657218777679358,-4.451591062965465,7.64325407670583,-0.28161337209302584,4.432163501667946,5.692271404984672,134.43
2022,"Meat of ducks, fresh or chilled",134.43,5.692271404984672,12.657218777679358,-4.451591062965465,7.64325407670583,7.475448887818746,1.5323960425500216,136.49
2023,"Meat of ducks, fresh or chilled",136.49,1.5323960425500216,5.692271404984672,12.657218777679358,-4.451591062965465,7.114309314213365,8.498791120228578,148.09
2024,"Meat of ducks, fresh or chilled",148.09,8.498791120228578,1.5323960425500216,5.692271404984672,12.657218777679358,12.757710401445465,6.090890674589788,157.11
2025,"Meat of ducks, fresh or chilled",157.11,6.090890674589788,8.498791120228578,1.5323960425500216,5.692271404984672,9.33872095647619,,
1991,"Meat of goat, fresh or chilled",14.35,,,,,10.65983322526035,10.940766550522651,15.92
1992,"Meat of goat, fresh or chilled",15.92,10.940766550522651,,,,8.936314572849176,11.68341708542715,17.78
1993,"Meat of goat, fresh or chilled",17.78,11.68341708542715,10.940766550522651,,,12.417978574628497,9.11136107986501,19.4
1994,"Meat of goat, fresh or chilled",19.4,9.11136107986501,11.68341708542715,10.940766550522651,,11.765058678658896,7.731958762886593,20.9
1995,"Meat of goat, fresh or chilled",20.9,7.731958762886593,9.11136107986501,11.68341708542715,10.940766550522651,4.4072778546204,12.200956937799056,23.45
1996,"Meat of goat, fresh or chilled",23.45,12.200956937799056,7.731958762886593,9.11136107986501,11.68341708542715,4.189253882405283,20.469083155650324,28.25
1997,"Meat of goat, fresh or chilled",28.25,20.469083155650324,12.200956937799056,7.731958762886593,9.11136107986501,3.362954622851286,11.504424778761058,31.5
1998,"Meat of goat, fresh or chilled",31.5,11.504424778761058,20.469083155650324,12.200956937799056,7.731958762886593,6.346851798394734,5.968253968253978,33.38
1999,"Meat of goat, fresh or chilled",33.38,5.968253968253978,11.504424778761058,20.469083155650324,12.200956937799056,5.164741601422748,3.355302576393049,34.5
2000,"Meat of goat, fresh or chilled",34.5,3.355302576393049,5.968253968253978,11.504424778761058,20.469083155650324,3.0599530623538835,4.637681159420293,36.1
2001,"Meat of goat, fresh or chilled",36.1,4.637681159420293,3.355302576393049,5.968253968253978,11.504424778761058,4.270326216100393,1.7174515235456989,36.72
2002,"Meat of goat, fresh or chilled",36.72,1.7174515235456989,4.637681159420293,3.355302576393049,5.968253968253978,2.508420372405371,8.469498910675387,39.83
2003,"Meat of goat, fresh or chilled",39.83,8.469498910675387,1.7174515235456989,4.637681159420293,3.355302576393049,6.1159573177945115,5.975395430579966,42.21
2004,"Meat of goat, fresh or chilled",42.21,5.975395430579966,8.469498910675387,1.7174515235456989,4.637681159420293,4.680524276916784,8.860459606728277,45.95
2005,"Meat of goat, fresh or chilled",45.95,8.860459606728277,5.975395430579966,8.469498910675387,1.7174515235456989,4.922047694175574,6.507072905331879,48.94
2006,"Meat of goat, fresh or chilled",48.94,6.507072905331879,8.860459606728277,5.975395430579966,8.469498910675387,4.286625092928465,22.905598692276264,60.15
2007,"Meat of goat, fresh or chilled",60.15,22.905598692276264,6.507072905331879,8.860459606728277,5.975395430579966,,-1.3965087281795463,59.31
2008,"Meat of goat, fresh or chilled",59.31,-1.3965087281795463,22.905598692276264,6.507072905331879,8.860459606728277,,10.470409711684358,65.52
2009,"Meat of goat, fresh or chilled",65.52,10.470409711684358,-1.3965087281795463,22.905598692276264,6.507072905331879,,17.73504273504274,77.14
2010,"Meat of goat, fresh or chilled",77.14,17.73504273504274,10.470409711684358,-1.3965087281795463,22.905598692276264,,9.048483277158414,84.12
2011,"Meat of goat, fresh or chilled",84.12,9.048483277158414,17.73504273504274,10.470409711684358,-1.3965087281795463,10.449206863525689,8.511650023775562,91.28
2012,"Meat of goat, fresh or chilled",91.28,8.511650023775562,9.048483277158414,17.73504273504274,10.470409711684358,8.500407271946687,-4.338299737072749,87.32
2013,"Meat of goat, fresh or chilled",87.32,-4.338299737072749,8.511650023775562,9.048483277158414,17.73504273504274,10.378905905995037,8.394411360513065,94.65
2014,"Meat of goat, fresh or chilled",94.65,8.394411360513065,-4.338299737072749,8.511650023775562,9.048483277158414,8.295948759052513,6.032752245113571,100.36
2015,"Meat of goat, fresh or chilled",100.36,6.032752245113571,8.394411360513065,-4.338299737072749,8.511650023775562,7.284637374405712,4.613391789557597,104.99
2016,"Meat of goat, fresh or chilled",104.99,4.613391789557597,6.032752245113571,8.394411360513065,-4.338299737072749,6.194897353251121,4.848080769597107,110.08
2017,"Meat of goat, fresh or chilled",110.08,4.848080769597107,4.613391789557597,6.032752245113571,8.394411360513065,6.615270333792689,-0.28161337209302584,109.77
2018,"Meat of goat, fresh or chilled",109.77,-0.28161337209302584,4.848080769597107,4.613391789557597,6.032752245113571,5.039886340810123,8.900428167987616,119.54
2019,"Meat of goat, fresh or chilled",119.54,8.900428167987616,-0.28161337209302584,4.848080769597107,4.613391789557597,3.9355698224861926,-6.667224360046853,111.57
2020,"Meat of goat, fresh or chilled",111.57,-6.667224360046853,8.900428167987616,-0.28161337209302584,4.848080769597107,3.949575820701142,14.215290848794492,127.43
2021,"Meat of goat, fresh or chilled",127.43,14.215290848794492,-6.667224360046853,8.900428167987616,-0.28161337209302584,5.321830507079576,5.869889351016244,134.91
2022,"Meat of goat, fresh or chilled",134.91,5.869889351016244,14.215290848794492,-6.667224360046853,8.900428167987616,7.7684513159945325,1.6603661700392847,137.15
2023,"Meat of goat, fresh or chilled",137.15,1.6603661700392847,5.869889351016244,14.215290848794492,-6.667224360046853,7.114309314213362,8.209989063069623,148.41
2024,"Meat of goat, fresh or chilled",148.41,8.209989063069623,1.6603661700392847,5.869889351016244,14.215290848794492,12.757710401445463,6.131662286907891,157.51
2025,"Meat of goat, fresh or chilled",157.51,6.131662286907891,8.209989063069623,1.6603661700392847,5.869889351016244,9.338720956476187,,
1991,"Meat of goat, fresh or chilled (biological)",14.35,,,,,11.765058678658894,10.940766550522651,15.92
1992,"Meat of goat, fresh or chilled (biological)",15.92,10.940766550522651,,,,4.407277854620397,11.68341708542715,17.78
1993,"Meat of goat, fresh or chilled (biological)",17.78,11.68341708542715,10.940766550522651,,,4.189253882405281,9.11136107986501,19.4
1994,"Meat of goat, fresh or chilled (biological)",19.4,9.11136107986501,11.68341708542715,10.940766550522651,,3.3629546228512837,7.731958762886593,20.9
1995,"Meat of goat, fresh or chilled (biological)",20.9,7.731958762886593,9.11136107986501,11.68341708542715,10.940766550522651,6.346851798394732,12.200956937799056,23.45
1996,"Meat of goat, fresh or chilled (biological)",23.45,12.200956937799056,7.731958762886593,9.11136107986501,11.68341708542715,5.1647416014227465,20.469083155650324,28.25
1997,"Meat of goat, fresh or chilled (biological)",28.25,20.469083155650324,12.200956937799056,7.731958762886593,9.11136107986501,3.059953062353881,11.469026548672566,31.49
1998,"Meat of goat, fresh or chilled (biological)",31.49,11.469026548672566,20.469083155650324,12.200956937799056,7.731958762886593,4.063833853281161,6.001905366783111,33.38
1999,"Meat of goat, fresh or chilled (biological)",33.38,6.001905366783111,11.469026548672566,20.469083155650324,12.200956937799056,0.19906250256674843,3.355302576393049,34.5
2000,"Meat of goat, fresh or chilled (biological)",34.5,3.355302576393049,6.001905366783111,11.469026548672566,20.469083155650324,5.503063425998685,4.637681159420293,36.1
2001,"Meat of goat, fresh or chilled (biological)",36.1,4.637681159420293,3.355302576393049,6.001905366783111,11.469026548672566,5.203842916957105,1.7174515235456989,36.72
2002,"Meat of goat, fresh or chilled (biological)",36.72,1.7174515235456989,4.637681159420293,3.355302576393049,6.001905366783111,8.183194385759135,8.469498910675387,39.83
2003,"Meat of goat, fresh or chilled (biological)",39.83,8.469498910675387,1.7174515235456989,4.637681159420293,3.355302576393049,5.312203783133799,5.975395430579966,42.21
2004,"Meat of goat, fresh or chilled (biological)",42.21,5.975395430579966,8.469498910675387,1.7174515235456989,4.637681159420293,,8.860459606728277,45.95
2005,"Meat of goat, fresh or chilled (biological)",45.95,8.860459606728277,5.975395430579966,8.469498910675387,1.7174515235456989,,6.507072905331879,48.94
2006,"Meat of goat, fresh or chilled (biological)",48.94,6.507072905331879,8.860459606728277,5.975395430579966,8.469498910675387,,22.905598692276264,60.15
2007,"Meat of goat, fresh or chilled (biological)",60.15,22.905598692276264,6.507072905331879,8.860459606728277,5.975395430579966,,-1.3965087281795463,59.31
2008,"Meat of goat, fresh or chilled (biological)",59.31,-1.3965087281795463,22.905598692276264,6.507072905331879,8.860459606728277,5.798552850535775,10.470409711684358,65.52
2009,"Meat of goat, fresh or chilled (biological)",65.52,10.470409711684358,-1.3965087281795463,22.905598692276264,6.507072905331879,12.934323675293676,17.73504273504274,77.14
2010,"Meat of goat, fresh or chilled (biological)",77.14,17.73504273504274,10.470409711684358,-1.3965087281795463,22.905598692276264,8.556530668467802,9.048483277158414,84.12
2011,"Meat of goat, fresh or chilled (biological)",84.12,9.048483277158414,17.73504273504274,10.470409711684358,-1.3965087281795463,-1.2507383379954167,8.511650023775562,91.28
2012,"Meat of goat, fresh or chilled (biological)",91.28,8.511650023775562,9.048483277158414,17.73504273504274,10.470409711684358,1.7657335438435837,-4.338299737072749,87.32
2013,"Meat of goat, fresh or chilled (biological)",87.32,-4.338299737072749,8.511650023775562,9.048483277158414,17.73504273504274,11.68964519324151,8.394411360513065,94.65
2014,"Meat of goat, fresh or chilled (biological)",94.65,8.394411360513065,-4.338299737072749,8.511650023775562,9.048483277158414,10.840162259542362,6.032752245113571,100.36
2015,"Meat of goat, fresh or chilled (biological)",100.36,6.032752245113571,8.394411360513065,-4.338299737072749,8.511650023775562,9.883466797071637,4.613391789557597,104.99
2016,"Meat of goat, fresh or chilled (biological)",104.99,4.613391789557597,6.032752245113571,8.394411360513065,-4.338299737072749,2.8676057934689783,4.848080769597107,110.08
2017,"Meat of goat, fresh or chilled (biological)",110.08,4.848080769597107,4.613391789557597,6.032752245113571,8.394411360513065,6.373291894902569,-0.28161337209302584,109.77
2018,"Meat of goat, fresh or chilled (biological)",109.77,-0.28161337209302584,4.848080769597107,4.613391789557597,6.032752245113571,-1.1034628128795425,8.454040266010754,119.05
2019,"Meat of goat, fresh or chilled (biological)",119.05,8.454040266010754,-0.28161337209302584,4.848080769597107,4.613391789557597,-0.08932614009837181,1.3607727845443174,120.67
2020,"Meat of goat, fresh or chilled (biological)",120.67,1.3607727845443174,8.454040266010754,-0.28161337209302584,4.848080769597107,9.11182420704648,8.958316068616877,131.48
2021,"Meat of goat, fresh or chilled (biological)",131.48,8.958316068616877,1.3607727845443174,8.454040266010754,-0.28161337209302584,15.18419028693272,3.5898996045025777,136.2
2022,"Meat of goat, fresh or chilled (biological)",136.2,3.5898996045025777,8.958316068616877,1.3607727845443174,8.454040266010754,14.949213109926276,-0.7929515418502064,135.12
2023,"Meat of goat, fresh or chilled (biological)",135.12,-0.7929515418502064,3.5898996045025777,8.958316068616877,1.3607727845443174,12.052379440869759,9.021610420367088,147.31
2024,"Meat of goat, fresh or chilled (biological)",147.31,9.021610420367088,-0.7929515418502064,3.5898996045025777,8.958316068616877,13.405594630495424,5.919489511913656,156.03
2025,"Meat of goat, fresh or chilled (biological)",156.03,5.919489511913656,9.021610420367088,-0.7929515418502064,3.5898996045025777,12.417978574628492,,
1991,"Meat of pig with the bone, fresh or chilled",27.91,,,,,3.3629546228512823,12.217843067001066,31.32
1992,"Meat of pig with the bone, fresh or chilled",31.32,12.217843067001066,,,,6.346851798394731,-16.37931034482758,26.19
1993,"Meat of pig with the bone, fresh or chilled",26.19,-16.37931034482758,12.217843067001066,,,5.164741601422745,7.369224894998094,28.12
1994,"Meat of pig with the bone, fresh or chilled",28.12,7.369224894998094,-16.37931034482758,12.217843067001066,,3.05995306235388,5.547652916073953,29.68
1995,"Meat of pig with the bone, fresh or chilled",29.68,5.547652916073953,7.369224894998094,-16.37931034482758,12.217843067001066,4.5648814983572334,6.60377358490567,31.64
1996,"Meat of pig with the bone, fresh or chilled",31.64,6.60377358490567,5.547652916073953,7.369224894998094,-16.37931034482758,1.4545729155872802,6.763590391908969,33.78
1997,"Meat of pig with the bone, fresh or chilled",33.78,6.763590391908969,6.60377358490567,5.547652916073953,7.369224894998094,5.862957819260537,2.48667850799289,34.62
1998,"Meat of pig with the bone, fresh or chilled",34.62,2.48667850799289,6.763590391908969,6.60377358490567,5.547652916073953,5.012705487968348,-3.466204506065851,33.42
1999,"Meat of pig with the bone, fresh or chilled",33.42,-3.466204506065851,2.48667850799289,6.763590391908969,6.60377358490567,7.228204989210169,7.061639736684611,35.78
2000,"Meat of pig with the bone, fresh or chilled",35.78,7.061639736684611,-3.466204506065851,2.48667850799289,6.763590391908969,5.420028119998349,1.0899944102850778,36.17
2001,"Meat of pig with the bone, fresh or chilled",36.17,1.0899944102850778,7.061639736684611,-3.466204506065851,2.48667850799289,,1.5205971799834073,36.72
2002,"Meat of pig with the bone, fresh or chilled",36.72,1.5205971799834073,1.0899944102850778,7.061639736684611,-3.466204506065851,,8.469498910675387,39.83
2003,"Meat of pig with the bone, fresh or chilled",39.83,8.469498910675387,1.5205971799834073,1.0899944102850778,7.061639736684611,,5.975395430579966,42.21
2004,"Meat of pig with the bone, fresh or chilled",42.21,5.975395430579966,8.469498910675387,1.5205971799834073,1.0899944102850778,,8.860459606728277,45.95
2005,"Meat of pig with the bone, fresh or chilled",45.95,8.860459606728277,5.975395430579966,8.469498910675387,1.5205971799834073,13.88618315686137,6.507072905331879,48.94
2006,"Meat of pig with the bone, fresh or chilled",48.94,6.507072905331879,8.860459606728277,5.975395430579966,8.469498910675387,14.210626186239205,22.905598692276264,60.15
2007,"Meat of pig with the bone, fresh or chilled",60.15,22.905598692276264,6.507072905331879,8.860459606728277,5.975395430579966,21.126809062991462,-1.3965087281795463,59.31
2008,"Meat of pig with the bone, fresh or chilled",59.31,-1.3965087281795463,22.905598692276264,6.507072905331879,8.860459606728277,4.356327182283003,10.470409711684358,65.52
2009,"Meat of pig with the bone, fresh or chilled",65.52,10.470409711684358,-1.3965087281795463,22.905598692276264,6.507072905331879,31.95476618995185,17.73504273504274,77.14
2010,"Meat of pig with the bone, fresh or chilled",77.14,17.73504273504274,10.470409711684358,-1.3965087281795463,22.905598692276264,23.75431489907611,9.048483277158414,84.12
2011,"Meat of pig with the bone, fresh or chilled",84.12,9.048483277158414,17.73504273504274,10.470409711684358,-1.3965087281795463,13.553442461012404,8.511650023775562,91.28
2012,"Meat of pig with the bone, fresh or chilled",91.28,8.511650023775562,9.048483277158414,17.73504273504274,10.470409711684358,-6.774751565364947,-4.338299737072749,87.32
2013,"Meat of pig with the bone, fresh or chilled",87.32,-4.338299737072749,8.511650023775562,9.048483277158414,17.73504273504274,-7.81871971584286,8.394411360513065,94.65
2014,"Meat of pig with the bone, fresh or chilled",94.65,8.394411360513065,-4.338299737072749,8.511650023775562,9.048483277158414,3.954002045736861,6.032752245113571,100.36
2015,"Meat of pig with the bone, fresh or chilled",100.36,6.032752245113571,8.394411360513065,-4.338299737072749,8.511650023775562,6.430107125931111,4.613391789557597,104.99
2016,"Meat of pig with the bone, fresh or chilled",104.99,4.613391789557597,6.032752245113571,8.394411360513065,-4.338299737072749,4.128891837483015,4.848080769597107,110.08
2017,"Meat of pig with the bone, fresh or chilled",110.08,4.848080769597107,4.613391789557597,6.032752245113571,8.394411360513065,7.114309314213364,-0.28161337209302584,109.77
2018,"Meat of pig with the bone, fresh or chilled",109.77,-0.28161337209302584,4.848080769597107,4.613391789557597,6.032752245113571,12.757710401445465,7.679693905438656,118.2
2019,"Meat of pig with the bone, fresh or chilled",118.2,7.679693905438656,-0.28161337209302584,4.848080769597107,4.613391789557597,9.33872095647619,1.7343485617597354,120.25
2020,"Meat of pig with the bone, fresh or chilled",120.25,1.7343485617597354,7.679693905438656,-0.28161337209302584,4.848080769597107,10.65983322526035,11.700623700623701,134.32
2021,"Meat of pig with the bone, fresh or chilled",134.32,11.700623700623701,1.7343485617597354,7.679693905438656,-0.28161337209302584,8.936314572849176,2.1739130434782705,137.24
2022,"Meat of pig with the bone, fresh or chilled",137.24,2.1739130434782705,11.700623700623701,1.7343485617597354,7.679693905438656,12.417978574628497,1.0492567764500027,138.68
2023,"Meat of pig with the bone, fresh or chilled",138.68,1.0492567764500027,2.1739130434782705,11.700623700623701,1.7343485617597354,11.765058678658896,7.484857225266794,149.06
2024,"Meat of pig with the bone, fresh or chilled",149.06,7.484857225266794,1.0492567764500027,2.1739130434782705,11.700623700623701,4.4072778546204,6.963638803166505,159.44
2025,"Meat of pig with the bone, fresh or chilled",159.44,6.963638803166505,7.484857225266794,1.0492567764500027,2.1739130434782705,4.189253882405283,,
1991,"Meat of pig with the bone, fresh or chilled (biological)",27.91,,,,,3.362954622851286,12.217843067001066,31.32
1992,"Meat of pig with the bone, fresh or chilled (biological)",31.32,12.217843067001066,,,,6.346851798394734,-16.37931034482758,26.19
1993,"Meat of pig with the bone, fresh or chilled (biological)",26.19,-16.37931034482758,12.217843067001066,,,5.164741601422748,7.369224894998094,28.12
1994,"Meat of pig with the bone, fresh or chilled (biological)",28.12,7.369224894998094,-16.37931034482758,12.217843067001066,,3.0599530623538835,5.547652916073953,29.68
1995,"Meat of pig with the bone, fresh or chilled (biological)",29.68,5.547652916073953,7.369224894998094,-16.37931034482758,12.217843067001066,4.039540634125962,6.60377358490567,31.64
1996,"Meat of pig with the bone, fresh or chilled (biological)",31.64,6.60377358490567,5.547652916073953,7.369224894998094,-16.37931034482758,4.45073150978626,6.763590391908969,33.78
1997,"Meat of pig with the bone, fresh or chilled (biological)",33.78,6.763590391908969,6.60377358490567,5.547652916073953,7.369224894998094,8.395874857813862,2.48667850799289,34.62
1998,"Meat of pig with the bone, fresh or chilled (biological)",34.62,2.48667850799289,6.763590391908969,6.60377358490567,5.547652916073953,7.572475182591563,-3.466204506065851,33.42
1999,"Meat of pig with the bone, fresh or chilled (biological)",33.42,-3.466204506065851,2.48667850799289,6.763590391908969,6.60377358490567,5.9516783813936,7.061639736684611,35.78
2000,"Meat of pig with the bone, fresh or chilled (biological)",35.78,7.061639736684611,-3.466204506065851,2.48667850799289,6.763590391908969,3.942039176688174,1.0899944102850778,36.17
2001,"Meat of pig with the bone, fresh or chilled (biological)",36.17,1.0899944102850778,7.061639736684611,-3.466204506065851,2.48667850799289,,1.5205971799834073,36.72
2002,"Meat of pig with the bone, fresh or chilled (biological)",36.72,1.5205971799834073,1.0899944102850778,7.061639736684611,-3.466204506065851,,8.469498910675387,39.83
2003,"Meat of pig with the bone, fresh or chilled (biological)",39.83,8.469498910675387,1.5205971799834073,1.0899944102850778,7.061639736684611,,5.975395430579966,42.21
2004,"Meat of pig with the bone, fresh or chilled (biological)",42.21,5.975395430579966,8.469498910675387,1.5205971799834073,1.0899944102850778,,8.860459606728277,45.95
2005,"Meat of pig with the bone, fresh or chilled (biological)",45.95,8.860459606728277,5.975395430579966,8.469498910675387,1.5205971799834073,0.17196157357500988,6.507072905331879,48.94
2006,"Meat of pig with the bone, fresh or chilled (biological)",48.94,6.507072905331879,8.860459606728277,5.975395430579966,8.469498910675387,6.42393242347379,22.905598692276264,60.15
2007,"Meat of pig with the bone, fresh or chilled (biological)",60.15,22.905598692276264,6.507072905331879,8.860459606728277,5.975395430579966,13.79808805163997,-1.3965087281795463,59.31
2008,"Meat of pig with the bone, fresh or chilled (biological)",59.31,-1.3965087281795463,22.905598692276264,6.507072905331879,8.860459606728277,5.048183848172047,10.470409711684358,65.52
2009,"Meat of pig with the bone, fresh or chilled (biological)",65.52,10.470409711684358,-1.3965087281795463,22.905598692276264,6.507072905331879,4.344926081762169,17.73504273504274,77.14
2010,"Meat of pig with the bone, fresh or chilled (biological)",77.14,17.73504273504274,10.470409711684358,-1.3965087281795463,22.905598692276264,-1.521671374335475,9.048483277158414,84.12
2011,"Meat of pig with the bone, fresh or chilled (biological)",84.12,9.048483277158414,17.73504273504274,10.470409711684358,-1.3965087281795463,-2.015189575499028,8.511650023775562,91.28
2012,"Meat of pig with the bone, fresh or chilled (biological)",91.28,8.511650023775562,9.048483277158414,17.73504273504274,10.470409711684358,-4.89224535230925,-4.338299737072749,87.32
2013,"Meat of pig with the bone, fresh or chilled (biological)",87.32,-4.338299737072749,8.511650023775562,9.048483277158414,17.73504273504274,-2.5085605062000886,8.394411360513065,94.65
2014,"Meat of pig with the bone, fresh or chilled (biological)",94.65,8.394411360513065,-4.338299737072749,8.511650023775562,9.048483277158414,0.43215407611572115,6.032752245113571,100.36
2015,"Meat of pig with the bone, fresh or chilled (biological)",100.36,6.032752245113571,8.394411360513065,-4.338299737072749,8.511650023775562,4.842220163356571,4.613391789557597,104.99
2016,"Meat of pig with the bone, fresh or chilled (biological)",104.99,4.613391789557597,6.032752245113571,8.394411360513065,-4.338299737072749,7.768451315994533,4.848080769597107,110.08
2017,"Meat of pig with the bone, fresh or chilled (biological)",110.08,4.848080769597107,4.613391789557597,6.032752245113571,8.394411360513065,7.114309314213364,-0.28161337209302584,109.77
2018,"Meat of pig with the bone, fresh or chilled (biological)",109.77,-0.28161337209302584,4.848080769597107,4.613391789557597,6.032752245113571,12.757710401445465,7.4155051471258115,117.91
2019,"Meat of pig with the bone, fresh or chilled (biological)",117.91,7.4155051471258115,-0.28161337209302584,4.848080769597107,4.613391789557597,9.33872095647619,4.783309303706207,123.55
2020,"Meat of pig with the bone, fresh or chilled (biological)",123.55,4.783309303706207,7.4155051471258115,-0.28161337209302584,4.848080769597107,10.65983322526035,8.52286523674628,134.08
2021,"Meat of pig with the bone, fresh or chilled (biological)",134.08,8.52286523674628,4.783309303706207,7.4155051471258115,-0.28161337209302584,8.936314572849176,3.6843675417661093,139.02
2022,"Meat of pig with the bone, fresh or chilled (biological)",139.02,3.6843675417661093,8.52286523674628,4.783309303706207,7.4155051471258115,12.417978574628497,1.8342684505826323,141.57
2023,"Meat of pig with the bone, fresh or chilled (biological)",141.57,1.8342684505826323,3.6843675417661093,8.52286523674628,4.783309303706207,11.765058678658896,6.696333969061263,151.05
2024,"Meat of pig with the bone, fresh or chilled (biological)",151.05,6.696333969061263,1.8342684505826323,3.6843675417661093,8.52286523674628,4.4072778546204,4.885799404170799,158.43
2025,"Meat of pig with the bone, fresh or chilled (biological)",158.43,4.885799404170799,6.696333969061263,1.8342684505826323,3.6843675417661093,4.189253882405283,,
1991,"Meat of sheep, fresh or chilled",16.34,,,,,3.0599530623538835,11.689106487148093,18.25
1992,"Meat of sheep, fresh or chilled",18.25,11.689106487148093,,,,4.413048878637217,9.095890410958907,19.91
1993,"Meat of sheep, fresh or chilled",19.91,9.095890410958907,11.689106487148093,,,5.985330559121077,7.734806629834257,21.45
1994,"Meat of sheep, fresh or chilled",21.45,7.734806629834257,9.095890410958907,11.689106487148093,,7.33143325673026,12.214452214452209,24.07
1995,"Meat of sheep, fresh or chilled",24.07,12.214452214452209,7.734806629834257,9.095890410958907,11.689106487148093,4.941978124315106,20.440382218529287,28.99
1996,"Meat of sheep, fresh or chilled",28.99,20.440382218529287,12.214452214452209,7.734806629834257,9.095890410958907,2.116909622339441,11.486719558468451,32.32
1997,"Meat of sheep, fresh or chilled",32.32,11.486719558468451,20.440382218529287,12.214452214452209,7.734806629834257,3.959659483663648,6.002475247524752,34.26
1998,"Meat of sheep, fresh or chilled",34.26,6.002475247524752,11.486719558468451,20.440382218529287,12.214452214452209,,3.3566841798015057,35.41
1999,"Meat of sheep, fresh or chilled",35.41,3.3566841798015057,6.002475247524752,11.486719558468451,20.440382218529287,,1.6661959898333967,36.0
2000,"Meat of sheep, fresh or chilled",36.0,1.6661959898333967,3.3566841798015057,6.002475247524752,11.486719558468451,,0.2777777777777768,36.1
2001,"Meat of sheep, fresh or chilled",36.1,0.2777777777777768,1.6661959898333967,3.3566841798015057,6.002475247524752,,1.7174515235456989,36.72
2002,"Meat of sheep, fresh or chilled",36.72,1.7174515235456989,0.2777777777777768,1.6661959898333967,3.3566841798015057,7.670216550789469,8.469498910675387,39.83
2003,"Meat of sheep, fresh or chilled",39.83,8.469498910675387,1.7174515235456989,0.2777777777777768,1.6661959898333967,28.143153936991492,5.975395430579966,42.21
2004,"Meat of sheep, fresh or chilled",42.21,5.975395430579966,8.469498910675387,1.7174515235456989,0.2777777777777768,43.846917087358584,8.860459606728277,45.95
2005,"Meat of sheep, fresh or chilled",45.95,8.860459606728277,5.975395430579966,8.469498910675387,1.7174515235456989,38.8355721113485,6.507072905331879,48.94
2006,"Meat of sheep, fresh or chilled",48.94,6.507072905331879,8.860459606728277,5.975395430579966,8.469498910675387,5.924705006241382,22.905598692276264,60.15
2007,"Meat of sheep, fresh or chilled",60.15,22.905598692276264,6.507072905331879,8.860459606728277,5.975395430579966,-17.992002019641085,-1.3965087281795463,59.31
2008,"Meat of sheep, fresh or chilled",59.31,-1.3965087281795463,22.905598692276264,6.507072905331879,8.860459606728277,-11.65344502091088,10.470409711684358,65.52
2009,"Meat of sheep, fresh or chilled",65.52,10.470409711684358,-1.3965087281795463,22.905598692276264,6.507072905331879,1.7118607151905882,17.73504273504274,77.14
2010,"Meat of sheep, fresh or chilled",77.14,17.73504273504274,10.470409711684358,-1.3965087281795463,22.905598692276264,6.537933637847698,9.048483277158414,84.12
2011,"Meat of sheep, fresh or chilled",84.12,9.048483277158414,17.73504273504274,10.470409711684358,-1.3965087281795463,7.594005220738836,8.511650023775562,91.28
2012,"Meat of sheep, fresh or chilled",91.28,8.511650023775562,9.048483277158414,17.73504273504274,10.470409711684358,7.021701133496262,-4.338299737072749,87.32
2013,"Meat of sheep, fresh or chilled",87.32,-4.338299737072749,8.511650023775562,9.048483277158414,17.73504273504274,7.768451315994535,8.394411360513065,94.65
2014,"Meat of sheep, fresh or chilled",94.65,8.394411360513065,-4.338299737072749,8.511650023775562,9.048483277158414,7.114309314213365,6.032752245113571,100.36
2015,"Meat of sheep, fresh or chilled",100.36,6.032752245113571,8.394411360513065,-4.338299737072749,8.511650023775562,12.757710401445465,4.613391789557597,104.99
2016,"Meat of sheep, fresh or chilled",104.99,4.613391789557597,6.032752245113571,8.394411360513065,-4.338299737072749,9.33872095647619,4.848080769597107,110.08
2017,"Meat of sheep, fresh or chilled",110.08,4.848080769597107,4.613391789557597,6.032752245113571,8.394411360513065,10.65983322526035,-0.28161337209302584,109.77
2018,"Meat of sheep, fresh or chilled",109.77,-0.28161337209302584,4.848080769597107,4.613391789557597,6.032752245113571,8.936314572849176,9.027967568552441,119.68
2019,"Meat of sheep, fresh or chilled",119.68,9.027967568552441,-0.28161337209302584,4.848080769597107,4.613391789557597,12.417978574628497,-6.94351604278075,111.37
2020,"Meat of sheep, fresh or chilled",111.37,-6.94351604278075,9.027967568552441,-0.28161337209302584,4.848080769597107,11.765058678658896,15.33626649905717,128.45
2021,"Meat of sheep, fresh or chilled",128.45,15.33626649905717,-6.94351604278075,9.027967568552441,-0.28161337209302584,4.4072778546204,6.477228493577281,136.77
2022,"Meat of sheep, fresh or chilled",136.77,6.477228493577281,15.33626649905717,-6.94351604278075,9.027967568552441,4.189253882405283,1.9887402208086602,139.49
2023,"Meat of sheep, fresh or chilled",139.49,1.9887402208086602,6.477228493577281,15.33626649905717,-6.94351604278075,3.362954622851286,7.412717757545351,149.83
2024,"Meat of sheep, fresh or chilled",149.83,7.412717757545351,1.9887402208086602,6.477228493577281,15.33626649905717,6.346851798394734,6.901154641927509,160.17
2025,"Meat of sheep, fresh or chilled",160.17,6.901154641927509,7.412717757545351,1.9887402208086602,6.477228493577281,5.164741601422748,,
1991,"Meat of sheep, fresh or chilled (biological)",16.34,,,,,3.0599530623538835,11.689106487148093,18.25
1992,"Meat of sheep, fresh or chilled (biological)",18.25,11.689106487148093,,,,4.115456943985975,9.095890410958907,19.91
1993,"Meat of sheep, fresh or chilled (biological)",19.91,9.095890410958907,11.689106487148093,,,5.184466506854614,7.734806629834257,21.45
1994,"Meat of sheep, fresh or chilled (biological)",21.45,7.734806629834257,9.095890410958907,11.689106487148093,,10.089038506980735,12.214452214452209,24.07
1995,"Meat of sheep, fresh or chilled (biological)",24.07,12.214452214452209,7.734806629834257,9.095890410958907,11.689106487148093,9.154542931010047,20.440382218529287,28.99
1996,"Meat of sheep, fresh or chilled (biological)",28.99,20.440382218529287,12.214452214452209,7.734806629834257,9.095890410958907,6.1786510261322745,11.486719558468451,32.32
1997,"Meat of sheep, fresh or chilled (biological)",32.32,11.486719558468451,20.440382218529287,12.214452214452209,7.734806629834257,3.43280814999337,6.002475247524752,34.26
1998,"Meat of sheep, fresh or chilled (biological)",34.26,6.002475247524752,11.486719558468451,20.440382218529287,12.214452214452209,,3.3566841798015057,35.41
1999,"Meat of sheep, fresh or chilled (biological)",35.41,3.3566841798015057,6.002475247524752,11.486719558468451,20.440382218529287,,1.6661959898333967,36.0
2000,"Meat of sheep, fresh or chilled (biological)",36.0,1.6661959898333967,3.3566841798015057,6.002475247524752,11.486719558468451,,0.2777777777777768,36.1
2001,"Meat of sheep, fresh or chilled (biological)",36.1,0.2777777777777768,1.6661959898333967,3.3566841798015057,6.002475247524752,,1.7174515235456989,36.72
2002,"Meat of sheep, fresh or chilled (biological)",36.72,1.7174515235456989,0.2777777777777768,1.6661959898333967,3.3566841798015057,20.026299694125782,8.469498910675387,39.83
2003,"Meat of sheep, fresh or chilled (biological)",39.83,8.469498910675387,1.7174515235456989,0.2777777777777768,1.6661959898333967,10.326460941334139,5.975395430579966,42.21
2004,"Meat of sheep, fresh or chilled (biological)",42.21,5.975395430579966,8.469498910675387,1.7174515235456989,0.2777777777777768,-19.487135755379434,8.860459606728277,45.95
2005,"Meat of sheep, fresh or chilled (biological)",45.95,8.860459606728277,5.975395430579966,8.469498910675387,1.7174515235456989,2.0758981843955766,6.507072905331879,48.94
2006,"Meat of sheep, fresh or chilled (biological)",48.94,6.507072905331879,8.860459606728277,5.975395430579966,8.469498910675387,6.463016814952959,22.905598692276264,60.15
2007,"Meat of sheep, fresh or chilled (biological)",60.15,22.905598692276264,6.507072905331879,8.860459606728277,5.975395430579966,26.765620615093706,-1.3965087281795463,59.31
2008,"Meat of sheep, fresh or chilled (biological)",59.31,-1.3965087281795463,22.905598692276264,6.507072905331879,8.860459606728277,14.686397683097262,10.470409711684358,65.52
2009,"Meat of sheep, fresh or chilled (biological)",65.52,10.470409711684358,-1.3965087281795463,22.905598692276264,6.507072905331879,26.857350715546307,17.73504273504274,77.14
2010,"Meat of sheep, fresh or chilled (biological)",77.14,17.73504273504274,10.470409711684358,-1.3965087281795463,22.905598692276264,11.741453699575088,9.048483277158414,84.12
2011,"Meat of sheep, fresh or chilled (biological)",84.12,9.048483277158414,17.73504273504274,10.470409711684358,-1.3965087281795463,7.762411167792184,8.511650023775562,91.28
2012,"Meat of sheep, fresh or chilled (biological)",91.28,8.511650023775562,9.048483277158414,17.73504273504274,10.470409711684358,4.824044958389925,-4.338299737072749,87.32
2013,"Meat of sheep, fresh or chilled (biological)",87.32,-4.338299737072749,8.511650023775562,9.048483277158414,17.73504273504274,7.768451315994533,8.394411360513065,94.65
2014,"Meat of sheep, fresh or chilled (biological)",94.65,8.394411360513065,-4.338299737072749,8.511650023775562,9.048483277158414,7.114309314213364,6.032752245113571,100.36
2015,"Meat of sheep, fresh or chilled (biological)",100.36,6.032752245113571,8.394411360513065,-4.338299737072749,8.511650023775562,12.757710401445465,4.613391789557597,104.99
2016,"Meat of sheep, fresh or chilled (biological)",104.99,4.613391789557597,6.032752245113571,8.394411360513065,-4.338299737072749,9.33872095647619,4.848080769597107,110.08
2017,"Meat of sheep, fresh or chilled (biological)",110.08,4.848080769597107,4.613391789557597,6.032752245113571,8.394411360513065,10.65983322526035,-0.28161337209302584,109.77
2018,"Meat of sheep, fresh or chilled (biological)",109.77,-0.28161337209302584,4.848080769597107,4.613391789557597,6.032752245113571,8.936314572849176,8.563359752209166,119.17
2019,"Meat of sheep, fresh or chilled (biological)",119.17,8.563359752209166,-0.28161337209302584,4.848080769597107,4.613391789557597,12.417978574628497,1.9971469329529201,121.55
2020,"Meat of sheep, fresh or chilled (biological)",121.55,1.9971469329529201,8.563359752209166,-0.28161337209302584,4.848080769597107,11.765058678658896,9.7819827231592,133.44
2021,"Meat of sheep, fresh or chilled (biological)",133.44,9.7819827231592,1.9971469329529201,8.563359752209166,-0.28161337209302584,4.4072778546204,4.226618705035978,139.08
2022,"Meat of sheep, fresh or chilled (biological)",139.08,4.226618705035978,9.7819827231592,1.9971469329529201,8.563359752209166,4.189253882405283,-0.2732240437158695,138.7
2023,"Meat of sheep, fresh or chilled (biological)",138.7,-0.2732240437158695,4.226618705035978,9.7819827231592,1.9971469329529201,3.362954622851286,8.01730353280461,149.82
2024,"Meat of sheep, fresh or chilled (biological)",149.82,8.01730353280461,-0.2732240437158695,4.226618705035978,9.7819827231592,6.346851798394734,5.3931384327860155,157.9
2025,"Meat of sheep, fresh or chilled (biological)",157.9,5.3931384327860155,8.01730353280461,-0.2732240437158695,4.226618705035978,5.164741601422748,,
1991,"Meat, Total",19.45,,,,,,9.562982005141386,21.31
1992,"Meat, Total",21.31,9.562982005141386,,,,,12.294697325199433,23.93
1993,"Meat, Total",23.93,12.294697325199433,9.562982005141386,,,,0.29251984956122357,24.0
1994,"Meat, Total",24.0,0.29251984956122357,12.294697325199433,9.562982005141386,,,33.999999999999986,32.16
1995,"Meat, Total",32.16,33.999999999999986,0.29251984956122357,12.294697325199433,9.562982005141386,,40.73383084577116,45.26
1996,"Meat, Total",45.26,40.73383084577116,33.999999999999986,0.29251984956122357,12.294697325199433,,-5.788775961113557,42.64
1997,"Meat, Total",42.64,-5.788775961113557,40.73383084577116,33.999999999999986,0.29251984956122357,,-18.316135084427778,34.83
1998,"Meat, Total",34.83,-18.316135084427778,-5.788775961113557,40.73383084577116,33.999999999999986,,-2.67011197243755,33.9
1999,"Meat, Total",33.9,-2.67011197243755,-18.316135084427778,-5.788775961113557,40.73383084577116,,3.8938053097345104,35.22
2000,"Meat, Total",35.22,3.8938053097345104,-2.67011197243755,-18.316135084427778,-5.788775961113557,,5.394662123793292,37.12
2001,"Meat, Total",37.12,5.394662123793292,3.8938053097345104,-2.67011197243755,-18.316135084427778,,-0.26939655172412147,37.02
2002,"Meat, Total",37.02,-0.26939655172412147,5.394662123793292,3.8938053097345104,-2.67011197243755,,7.5904916261480215,39.83
2003,"Meat, Total",39.83,7.5904916261480215,-0.26939655172412147,5.394662123793292,3.8938053097345104,,5.975395430579966,42.21
2004,"Meat, Total",42.21,5.975395430579966,7.5904916261480215,-0.26939655172412147,5.394662123793292,,8.860459606728277,45.95
2005,"Meat, Total",45.95,8.860459606728277,5.975395430579966,7.5904916261480215,-0.26939655172412147,,6.507072905331879,48.94
2006,"Meat, Total",48.94,6.507072905331879,8.860459606728277,5.975395430579966,7.5904916261480215,,22.905598692276264,60.15
2007,"Meat, Total",60.15,22.905598692276264,6.507072905331879,8.860459606728277,5.975395430579966,,-1.3965087281795463,59.31
2008,"Meat, Total",59.31,-1.3965087281795463,22.905598692276264,6.507072905331879,8.860459606728277,,10.470409711684358,65.52
2009,"Meat, Total",65.52,10.470409711684358,-1.3965087281795463,22.905598692276264,6.507072905331879,,17.73504273504274,77.14
2010,"Meat, Total",77.14,17.73504273504274,10.470409711684358,-1.3965087281795463,22.905598692276264,,9.048483277158414,84.12
2011,"Meat, Total",84.12,9.048483277158414,17.73504273504274,10.470409711684358,-1.3965087281795463,,8.511650023775562,91.28
2012,"Meat, Total",91.28,8.511650023775562,9.048483277158414,17.73504273504274,10.470409711684358,,-4.338299737072749,87.32
2013,"Meat, Total",87.32,-4.338299737072749,8.511650023775562,9.048483277158414,17.73504273504274,,8.394411360513065,94.65
2014,"Meat, Total",94.65,8.394411360513065,-4.338299737072749,8.511650023775562,9.048483277158414,,6.032752245113571,100.36
2015,"Meat, Total",100.36,6.032752245113571,8.394411360513065,-4.338299737072749,8.511650023775562,,4.613391789557597,104.99
2016,"Meat, Total",104.99,4.613391789557597,6.032752245113571,8.394411360513065,-4.338299737072749,,4.848080769597107,110.08
2017,"Meat, Total",110.08,4.848080769597107,4.613391789557597,6.032752245113571,8.394411360513065,,-0.28161337209302584,109.77
2018,"Meat, Total",109.77,-0.28161337209302584,4.848080769597107,4.613391789557597,6.032752245113571,,8.244511250797126,118.82
2019,"Meat, Total",118.82,8.244511250797126,-0.28161337209302584,4.848080769597107,4.613391789557597,,-0.4376367614879584,118.3
2020,"Meat, Total",118.3,-0.4376367614879584,8.244511250797126,-0.28161337209302584,4.848080769597107,,10.540997464074398,130.77
2021,"Meat, Total",130.77,10.540997464074398,-0.4376367614879584,8.244511250797126,-0.28161337209302584,,3.9382121281639426,135.92
2022,"Meat, Total",135.92,3.9382121281639426,10.540997464074398,-0.4376367614879584,8.244511250797126,,0.2869334902884102,136.31
2023,"Meat, Total",136.31,0.2869334902884102,3.9382121281639426,10.540997464074398,-0.4376367614879584,,8.634729660333074,148.08
2024,"Meat, Total",148.08,8.634729660333074,0.2869334902884102,3.9382121281639426,10.540997464074398,,5.61858454889248,156.4
2025,"Meat, Total",156.4,5.61858454889248,8.634729660333074,0.2869334902884102,3.9382121281639426,,,
1991,"Milk, Total",17.2,,,,,,15.465116279069768,19.86
1992,"Milk, Total",19.86,15.465116279069768,,,,,2.467270896273921,20.35
1993,"Milk, Total",20.35,2.467270896273921,15.465116279069768,,,,13.415233415233407,23.08
1994,"Milk, Total",23.08,13.415233415233407,2.467270896273921,15.465116279069768,,,9.618717504332764,25.3
1995,"Milk, Total",25.3,9.618717504332764,13.415233415233407,2.467270896273921,15.465116279069768,,8.102766798418969,27.35
1996,"Milk, Total",27.35,8.102766798418969,9.618717504332764,13.415233415233407,2.467270896273921,,7.166361974405833,29.31
1997,"Milk, Total",29.31,7.166361974405833,8.102766798418969,9.618717504332764,13.415233415233407,,6.584783350392365,31.24
1998,"Milk, Total",31.24,6.584783350392365,7.166361974405833,8.102766798418969,9.618717504332764,,4.833546734955196,32.75
1999,"Milk, Total",32.75,4.833546734955196,6.584783350392365,7.166361974405833,8.102766798418969,,8.42748091603054,35.51
2000,"Milk, Total",35.51,8.42748091603054,4.833546734955196,6.584783350392365,7.166361974405833,,1.8586313714446634,36.17
2001,"Milk, Total",36.17,1.8586313714446634,8.42748091603054,4.833546734955196,6.584783350392365,,1.5205971799834073,36.72
2002,"Milk, Total",36.72,1.5205971799834073,1.8586313714446634,8.42748091603054,4.833546734955196,,8.469498910675387,39.83
2003,"Milk, Total",39.83,8.469498910675387,1.5205971799834073,1.8586313714446634,8.42748091603054,,5.975395430579966,42.21
2004,"Milk, Total",42.21,5.975395430579966,8.469498910675387,1.5205971799834073,1.8586313714446634,,8.860459606728277,45.95
2005,"Milk, Total",45.95,8.860459606728277,5.975395430579966,8.469498910675387,1.5205971799834073,,6.507072905331879,48.94
2006,"Milk, Total",48.94,6.507072905331879,8.860459606728277,5.975395430579966,8.469498910675387,,22.905598692276264,60.15
2007,"Milk, Total",60.15,22.905598692276264,6.507072905331879,8.860459606728277,5.975395430579966,,-1.3965087281795463,59.31
2008,"Milk, Total",59.31,-1.3965087281795463,22.905598692276264,6.507072905331879,8.860459606728277,,10.470409711684358,65.52
2009,"Milk, Total",65.52,10.470409711684358,-1.3965087281795463,22.905598692276264,6.507072905331879,,17.73504273504274,77.14
2010,"Milk, Total",77.14,17.73504273504274,10.470409711684358,-1.3965087281795463,22.905598692276264,,9.048483277158414,84.12
2011,"Milk, Total",84.12,9.048483277158414,17.73504273504274,10.470409711684358,-1.3965087281795463,,8.511650023775562,91.28
2012,"Milk, Total",91.28,8.511650023775562,9.048483277158414,17.73504273504274,10.470409711684358,,-4.338299737072749,87.32
2013,"Milk, Total",87.32,-4.338299737072749,8.511650023775562,9.048483277158414,17.73504273504274,,8.394411360513065,94.65
2014,"Milk, Total",94.65,8.394411360513065,-4.338299737072749,8.511650023775562,9.048483277158414,,6.032752245113571,100.36
2015,"Milk, Total",100.36,6.032752245113571,8.394411360513065,-4.338299737072749,8.511650023775562,,4.613391789557597,104.99
2016,"Milk, Total",104.99,4.613391789557597,6.032752245113571,8.394411360513065,-4.338299737072749,,4.848080769597107,110.08
2017,"Milk, Total",110.08,4.848080769597107,4.613391789557597,6.032752245113571,8.394411360513065,,-0.28161337209302584,109.77
2018,"Milk, Total",109.77,-0.28161337209302584,4.848080769597107,4.613391789557597,6.032752245113571,,7.625034162339439,118.14
2019,"Milk, Total",118.14,7.625034162339439,-0.28161337209302584,4.848080769597107,4.613391789557597,,-6.746233282546132,110.17
2020,"Milk, Total",110.17,-6.746233282546132,7.625034162339439,-0.28161337209302584,4.848080769597107,,15.630389398202782,127.39
2021,"Milk, Total",127.39,15.630389398202782,-6.746233282546132,7.625034162339439,-0.28161337209302584,,6.727372635214701,135.96
2022,"Milk, Total",135.96,6.727372635214701,15.630389398202782,-6.746233282546132,7.625034162339439,,2.1918211238599605,138.94
2023,"Milk, Total",138.94,2.1918211238599605,6.727372635214701,15.630389398202782,-6.746233282546132,,7.017417590326769,148.69
2024,"Milk, Total",148.69,7.017417590326769,2.1918211238599605,6.727372635214701,15.630389398202782,,6.557266796691108,158.44
2025,"Milk, Total",158.44,6.557266796691108,7.017417590326769,2.1918211238599605,6.727372635214701,,,
1991,Millet,21.86,,,,,3.415072530643679,-9.698078682525168,19.74
1992,Millet,19.74,-9.698078682525168,,,,-19.04880351240256,14.083080040526852,22.52
1993,Millet,22.52,14.083080040526852,-9.698078682525168,,,68.39637176220712,13.01065719360568,25.45
1994,Millet,25.45,13.01065719360568,14.083080040526852,-9.698078682525168,,66.91389950334231,11.709233791748531,28.43
1995,Millet,28.43,11.709233791748531,13.01065719360568,14.083080040526852,-9.698078682525168,91.99403622245511,0.9497010200492317,28.7
1996,Millet,28.7,0.9497010200492317,11.709233791748531,13.01065719360568,14.083080040526852,3.3380904865808816,-16.411149825783976,23.99
1997,Millet,23.99,-16.411149825783976,0.9497010200492317,11.709233791748531,13.01065719360568,3.529338459443141,20.758649437265532,28.97
1998,Millet,28.97,20.758649437265532,-16.411149825783976,0.9497010200492317,11.709233791748531,4.643867067748647,30.721435968243014,37.87
1999,Millet,37.87,30.721435968243014,20.758649437265532,-16.411149825783976,0.9497010200492317,10.913585982652224,-18.959598626881423,30.69
2000,Millet,30.69,-18.959598626881423,30.721435968243014,20.758649437265532,-16.411149825783976,9.33872095647619,17.888563049853357,36.18
2001,Millet,36.18,17.888563049853357,-18.959598626881423,30.721435968243014,20.758649437265532,10.65983322526035,9.673852957435036,39.68
2002,Millet,39.68,9.673852957435036,17.888563049853357,-18.959598626881423,30.721435968243014,8.936314572849176,-8.44254032258065,36.33
2003,Millet,36.33,-8.44254032258065,9.673852957435036,17.888563049853357,-18.959598626881423,12.417978574628497,-4.541701073492977,34.68
2004,Millet,34.68,-4.541701073492977,-8.44254032258065,9.673852957435036,17.888563049853357,11.765058678658896,12.716262975778548,39.09
2005,Millet,39.09,12.716262975778548,-4.541701073492977,-8.44254032258065,9.673852957435036,4.4072778546204,19.160910718853906,46.58
2006,Millet,46.58,19.160910718853906,12.716262975778548,-4.541701073492977,-8.44254032258065,4.189253882405283,13.675397166165748,52.95
2007,Millet,52.95,13.675397166165748,19.160910718853906,12.716262975778548,-4.541701073492977,3.362954622851286,12.011331444759211,59.31
2008,Millet,59.31,12.011331444759211,13.675397166165748,19.160910718853906,12.716262975778548,6.346851798394734,10.470409711684358,65.52
2009,Millet,65.52,10.470409711684358,12.011331444759211,13.675397166165748,19.160910718853906,5.164741601422748,17.73504273504274,77.14
2010,Millet,77.14,17.73504273504274,10.470409711684358,12.011331444759211,13.675397166165748,3.0599530623538835,9.048483277158414,84.12
2011,Millet,84.12,9.048483277158414,17.73504273504274,10.470409711684358,12.011331444759211,1.428019574941606,8.511650023775562,91.28
2012,Millet,91.28,8.511650023775562,9.048483277158414,17.73504273504274,10.470409711684358,4.3707355715306235,-4.338299737072749,87.32
2013,Millet,87.32,-4.338299737072749,8.511650023775562,9.048483277158414,17.73504273504274,7.456918303158937,8.394411360513065,94.65
2014,Millet,94.65,8.394411360513065,-4.338299737072749,8.511650023775562,9.048483277158414,8.846531420207375,6.032752245113571,100.36
2015,Millet,100.36,6.032752245113571,8.394411360513065,-4.338299737072749,8.511650023775562,4.92904166527581,4.613391789557597,104.99
2016,Millet,104.99,4.613391789557597,6.032752245113571,8.394411360513065,-4.338299737072749,3.6663117078619116,4.848080769597107,110.08
2017,Millet,110.08,4.848080769597107,4.613391789557597,6.032752245113571,8.394411360513065,,-0.28161337209302584,109.77
2018,Millet,109.77,-0.28161337209302584,4.848080769597107,4.613391789557597,6.032752245113571,,9.128177097567658,119.79
2019,Millet,119.79,9.128177097567658,-0.28161337209302584,4.848080769597107,4.613391789557597,,-4.482844978712752,114.42
2020,Millet,114.42,-4.482844978712752,9.128177097567658,-0.28161337209302584,4.848080769597107,,12.943541338926746,129.23
2021,Millet,129.23,12.943541338926746,-4.482844978712752,9.128177097567658,-0.28161337209302584,13.877325133074502,6.5774201036910895,137.73
2022,Millet,137.73,6.5774201036910895,12.943541338926746,-4.482844978712752,9.128177097567658,14.212126097325225,2.16365352501271,140.71
2023,Millet,140.71,2.16365352501271,6.5774201036910895,12.943541338926746,-4.482844978712752,21.129122144756057,7.519010731291287,151.29
2024,Millet,151.29,7.519010731291287,2.16365352501271,6.5774201036910895,12.943541338926746,4.360337846253465,5.862912287659472,160.16
2025,Millet,160.16,5.862912287659472,7.519010731291287,2.16365352501271,6.5774201036910895,31.948019749051923,,
1991,Mushrooms and truffles,22.28,,,,,23.75411670057616,-24.236983842010783,16.88
1992,Mushrooms and truffles,16.88,-24.236983842010783,,,,13.550494145875627,22.748815165876767,20.72
1993,Mushrooms and truffles,20.72,22.748815165876767,-24.236983842010783,,,-6.774849975986079,43.14671814671816,29.66
1994,Mushrooms and truffles,29.66,43.14671814671816,22.748815165876767,-24.236983842010783,,-7.819392017701664,-23.263654753877272,22.76
1995,Mushrooms and truffles,22.76,-23.263654753877272,43.14671814671816,22.748815165876767,-24.236983842010783,7.590781246413642,43.497363796133534,32.66
1996,Mushrooms and truffles,32.66,43.497363796133534,-23.263654753877272,43.14671814671816,22.748815165876767,10.069273313415497,-7.164727495407219,30.32
1997,Mushrooms and truffles,30.32,-7.164727495407219,43.497363796133534,-23.263654753877272,43.14671814671816,7.768451315994532,59.53166226912927,48.37
1998,Mushrooms and truffles,48.37,59.53166226912927,-7.164727495407219,43.497363796133534,-23.263654753877272,7.1143093142133615,18.896009923506305,57.51
1999,Mushrooms and truffles,57.51,18.896009923506305,59.53166226912927,-7.164727495407219,43.497363796133534,12.75771040144546,-37.767344809598335,35.79
2000,Mushrooms and truffles,35.79,-37.767344809598335,18.896009923506305,59.53166226912927,-7.164727495407219,9.338720956476186,-1.452919810002784,35.27
2001,Mushrooms and truffles,35.27,-1.452919810002784,-37.767344809598335,18.896009923506305,59.53166226912927,10.659833225260348,15.764105472072565,40.83
2002,Mushrooms and truffles,40.83,15.764105472072565,-1.452919810002784,-37.767344809598335,18.896009923506305,8.936314572849172,-2.4491795248591686,39.83
2003,Mushrooms and truffles,39.83,-2.4491795248591686,15.764105472072565,-1.452919810002784,-37.767344809598335,12.417978574628492,5.975395430579966,42.21
2004,Mushrooms and truffles,42.21,5.975395430579966,-2.4491795248591686,15.764105472072565,-1.452919810002784,11.765058678658894,8.860459606728277,45.95
2005,Mushrooms and truffles,45.95,8.860459606728277,5.975395430579966,-2.4491795248591686,15.764105472072565,4.407277854620397,6.507072905331879,48.94
2006,Mushrooms and truffles,48.94,6.507072905331879,8.860459606728277,5.975395430579966,-2.4491795248591686,4.189253882405281,22.905598692276264,60.15
2007,Mushrooms and truffles,60.15,22.905598692276264,6.507072905331879,8.860459606728277,5.975395430579966,3.3629546228512837,-1.3965087281795463,59.31
2008,Mushrooms and truffles,59.31,-1.3965087281795463,22.905598692276264,6.507072905331879,8.860459606728277,6.346851798394732,10.470409711684358,65.52
2009,Mushrooms and truffles,65.52,10.470409711684358,-1.3965087281795463,22.905598692276264,6.507072905331879,5.1647416014227465,17.73504273504274,77.14
2010,Mushrooms and truffles,77.14,17.73504273504274,10.470409711684358,-1.3965087281795463,22.905598692276264,3.059953062353881,9.048483277158414,84.12
2011,Mushrooms and truffles,84.12,9.048483277158414,17.73504273504274,10.470409711684358,-1.3965087281795463,4.0881270724363645,8.511650023775562,91.28
2012,Mushrooms and truffles,91.28,8.511650023775562,9.048483277158414,17.73504273504274,10.470409711684358,4.527589914082533,-4.338299737072749,87.32
2013,Mushrooms and truffles,87.32,-4.338299737072749,8.511650023775562,9.048483277158414,17.73504273504274,8.660979801558684,8.394411360513065,94.65
2014,Mushrooms and truffles,94.65,8.394411360513065,-4.338299737072749,8.511650023775562,9.048483277158414,7.876323669469039,6.032752245113571,100.36
2015,Mushrooms and truffles,100.36,6.032752245113571,8.394411360513065,-4.338299737072749,8.511650023775562,6.146881754956624,4.613391789557597,104.99
2016,Mushrooms and truffles,104.99,4.613391789557597,6.032752245113571,8.394411360513065,-4.338299737072749,3.915544344084575,4.848080769597107,110.08
2017,Mushrooms and truffles,110.08,4.848080769597107,4.613391789557597,6.032752245113571,8.394411360513065,,-0.28161337209302584,109.77
2018,Mushrooms and truffles,109.77,-0.28161337209302584,4.848080769597107,4.613391789557597,6.032752245113571,,7.552154504873831,118.06
2019,Mushrooms and truffles,118.06,7.552154504873831,-0.28161337209302584,4.848080769597107,4.613391789557597,,6.081653396578002,125.24
2020,Mushrooms and truffles,125.24,6.081653396578002,7.552154504873831,-0.28161337209302584,4.848080769597107,,11.55381667198978,139.71
2021,Mushrooms and truffles,139.71,11.55381667198978,6.081653396578002,7.552154504873831,-0.28161337209302584,15.99165284849765,5.081955479206934,146.81
2022,Mushrooms and truffles,146.81,5.081955479206934,11.55381667198978,6.081653396578002,7.552154504873831,13.095394062212867,1.219262992984116,148.6
2023,Mushrooms and truffles,148.6,1.219262992984116,5.081955479206934,11.55381667198978,6.081653396578002,10.736707911910003,5.5248990578735,156.81
2024,Mushrooms and truffles,156.81,5.5248990578735,1.219262992984116,5.081955479206934,11.55381667198978,12.818822987896292,5.235635482430978,165.02
2025,Mushrooms and truffles,165.02,5.235635482430978,5.5248990578735,1.219262992984116,5.081955479206934,13.236534839526621,,
1991,Natural honey,38.18,,,,,5.315296960417844,-15.269774751178621,32.35
1992,Natural honey,32.35,-15.269774751178621,,,,9.705235083114053,-11.5919629057187,28.6
1993,Natural honey,28.6,-11.5919629057187,-15.269774751178621,,,9.600597501273832,27.37762237762238,36.43
1994,Natural honey,36.43,27.37762237762238,-11.5919629057187,-15.269774751178621,,7.768451315994532,3.486137798517719,37.7
1995,Natural honey,37.7,3.486137798517719,27.37762237762238,-11.5919629057187,-15.269774751178621,7.1143093142133615,10.530503978779837,41.67
1996,Natural honey,41.67,10.530503978779837,3.486137798517719,27.37762237762238,-11.5919629057187,12.75771040144546,1.1279097672186156,42.14
1997,Natural honey,42.14,1.1279097672186156,10.530503978779837,3.486137798517719,27.37762237762238,9.338720956476186,1.3763644992880852,42.72
1998,Natural honey,42.72,1.3763644992880852,1.1279097672186156,10.530503978779837,3.486137798517719,10.659833225260348,-7.069288389513096,39.7
1999,Natural honey,39.7,-7.069288389513096,1.3763644992880852,1.1279097672186156,10.530503978779837,8.936314572849172,-0.35264483627204246,39.56
2000,Natural honey,39.56,-0.35264483627204246,-7.069288389513096,1.3763644992880852,1.1279097672186156,12.417978574628492,-7.254802831142582,36.69
2001,Natural honey,36.69,-7.254802831142582,-0.35264483627204246,-7.069288389513096,1.3763644992880852,11.765058678658894,0.08176614881438837,36.72
2002,Natural honey,36.72,0.08176614881438837,-7.254802831142582,-0.35264483627204246,-7.069288389513096,4.407277854620397,8.469498910675387,39.83
2003,Natural honey,39.83,8.469498910675387,0.08176614881438837,-7.254802831142582,-0.35264483627204246,4.189253882405281,5.975395430579966,42.21
2004,Natural honey,42.21,5.975395430579966,8.469498910675387,0.08176614881438837,-7.254802831142582,3.3629546228512837,8.860459606728277,45.95
2005,Natural honey,45.95,8.860459606728277,5.975395430579966,8.469498910675387,0.08176614881438837,6.346851798394732,6.507072905331879,48.94
2006,Natural honey,48.94,6.507072905331879,8.860459606728277,5.975395430579966,8.469498910675387,5.1647416014227465,22.905598692276264,60.15
2007,Natural honey,60.15,22.905598692276264,6.507072905331879,8.860459606728277,5.975395430579966,3.059953062353881,-1.3965087281795463,59.31
2008,Natural honey,59.31,-1.3965087281795463,22.905598692276264,6.507072905331879,8.860459606728277,3.7510586566579196,10.470409711684358,65.52
2009,Natural honey,65.52,10.470409711684358,-1.3965087281795463,22.905598692276264,6.507072905331879,-0.5519007801323278,17.73504273504274,77.14
2010,Natural honey,77.14,17.73504273504274,10.470409711684358,-1.3965087281795463,22.905598692276264,7.012327298791724,9.048483277158414,84.12
2011,Natural honey,84.12,9.048483277158414,17.73504273504274,10.470409711684358,-1.3965087281795463,6.414683925368583,8.511650023775562,91.28
2012,Natural honey,91.28,8.511650023775562,9.048483277158414,17.73504273504274,10.470409711684358,10.049175209303376,-4.338299737072749,87.32
2013,Natural honey,87.32,-4.338299737072749,8.511650023775562,9.048483277158414,17.73504273504274,4.57394180671492,8.394411360513065,94.65
2014,Natural honey,94.65,8.394411360513065,-4.338299737072749,8.511650023775562,9.048483277158414,,6.032752245113571,100.36
2015,Natural honey,100.36,6.032752245113571,8.394411360513065,-4.338299737072749,8.511650023775562,,4.613391789557597,104.99
2016,Natural honey,104.99,4.613391789557597,6.032752245113571,8.394411360513065,-4.338299737072749,,4.848080769597107,110.08
2017,Natural honey,110.08,4.848080769597107,4.613391789557597,6.032752245113571,8.394411360513065,,-0.28161337209302584,109.77
2018,Natural honey,109.77,-0.28161337209302584,4.848080769597107,4.613391789557597,6.032752245113571,7.842507640919208,8.6726792384076,119.29
2019,Natural honey,119.29,8.6726792384076,-0.28161337209302584,4.848080769597107,4.613391789557597,9.841354817431352,9.564925811048685,130.7
2020,Natural honey,130.7,9.564925811048685,8.6726792384076,-0.28161337209302584,4.848080769597107,8.934676356573325,3.7566947207345214,135.61
2021,Natural honey,135.61,3.7566947207345214,9.564925811048685,8.6726792384076,-0.28161337209302584,15.952213077346252,1.5043138411621415,137.65
2022,Natural honey,137.65,1.5043138411621415,3.7566947207345214,9.564925811048685,8.6726792384076,11.897846391400615,1.0897203051216886,139.15
2023,Natural honey,139.15,1.0897203051216886,1.5043138411621415,3.7566947207345214,9.564925811048685,12.329861896901855,9.284944304707142,152.07
2024,Natural honey,152.07,9.284944304707142,1.0897203051216886,1.5043138411621415,3.7566947207345214,5.481717357126528,1.9596238574340896,155.05
2025,Natural honey,155.05,1.9596238574340896,9.284944304707142,1.0897203051216886,1.5043138411621415,8.985692452218153,,
1991,Natural rubber in primary forms,16.7,,,,,7.082608015374883,4.910179640718559,17.52
1992,Natural rubber in primary forms,17.52,4.910179640718559,,,,7.114309314213362,16.780821917808233,20.46
1993,Natural rubber in primary forms,20.46,16.780821917808233,4.910179640718559,,,12.757710401445463,1.319648093841641,20.73
1994,Natural rubber in primary forms,20.73,1.319648093841641,16.780821917808233,4.910179640718559,,9.338720956476187,66.32899179932463,34.48
1995,Natural rubber in primary forms,34.48,66.32899179932463,1.319648093841641,16.780821917808233,4.910179640718559,10.659833225260348,63.89211136890953,56.51
1996,Natural rubber in primary forms,56.51,63.89211136890953,66.32899179932463,1.319648093841641,16.780821917808233,8.936314572849172,-13.714386834188641,48.76
1997,Natural rubber in primary forms,48.76,-13.714386834188641,63.89211136890953,66.32899179932463,1.319648093841641,12.417978574628492,-32.40360951599671,32.96
1998,Natural rubber in primary forms,32.96,-32.40360951599671,-13.714386834188641,63.89211136890953,66.32899179932463,11.765058678658894,-7.8580097087378675,30.37
1999,Natural rubber in primary forms,30.37,-7.8580097087378675,-32.40360951599671,-13.714386834188641,63.89211136890953,4.407277854620397,5.3012841620019735,31.98
2000,Natural rubber in primary forms,31.98,5.3012841620019735,-7.8580097087378675,-32.40360951599671,-13.714386834188641,4.189253882405281,7.692307692307687,34.44
2001,Natural rubber in primary forms,34.44,7.692307692307687,5.3012841620019735,-7.8580097087378675,-32.40360951599671,3.3629546228512837,6.620209059233462,36.72
2002,Natural rubber in primary forms,36.72,6.620209059233462,7.692307692307687,5.3012841620019735,-7.8580097087378675,6.346851798394732,8.469498910675387,39.83
2003,Natural rubber in primary forms,39.83,8.469498910675387,6.620209059233462,7.692307692307687,5.3012841620019735,5.1647416014227465,5.975395430579966,42.21
2004,Natural rubber in primary forms,42.21,5.975395430579966,8.469498910675387,6.620209059233462,7.692307692307687,3.059953062353881,8.860459606728277,45.95
2005,Natural rubber in primary forms,45.95,8.860459606728277,5.975395430579966,8.469498910675387,6.620209059233462,4.731897380049254,6.507072905331879,48.94
2006,Natural rubber in primary forms,48.94,6.507072905331879,8.860459606728277,5.975395430579966,8.469498910675387,0.6450932145921691,22.905598692276264,60.15
2007,Natural rubber in primary forms,60.15,22.905598692276264,6.507072905331879,8.860459606728277,5.975395430579966,6.049201878262973,-1.3965087281795463,59.31
2008,Natural rubber in primary forms,59.31,-1.3965087281795463,22.905598692276264,6.507072905331879,8.860459606728277,5.030371499673291,10.470409711684358,65.52
2009,Natural rubber in primary forms,65.52,10.470409711684358,-1.3965087281795463,22.905598692276264,6.507072905331879,8.123454906878791,17.73504273504274,77.14
2010,Natural rubber in primary forms,77.14,17.73504273504274,10.470409711684358,-1.3965087281795463,22.905598692276264,5.278215346748849,9.048483277158414,84.12
2011,Natural rubber in primary forms,84.12,9.048483277158414,17.73504273504274,10.470409711684358,-1.3965087281795463,,8.511650023775562,91.28
2012,Natural rubber in primary forms,91.28,8.511650023775562,9.048483277158414,17.73504273504274,10.470409711684358,,-4.338299737072749,87.32
2013,Natural rubber in primary forms,87.32,-4.338299737072749,8.511650023775562,9.048483277158414,17.73504273504274,,8.394411360513065,94.65
2014,Natural rubber in primary forms,94.65,8.394411360513065,-4.338299737072749,8.511650023775562,9.048483277158414,,6.032752245113571,100.36
2015,Natural rubber in primary forms,100.36,6.032752245113571,8.394411360513065,-4.338299737072749,8.511650023775562,15.99165284849765,4.613391789557597,104.99
2016,Natural rubber in primary forms,104.99,4.613391789557597,6.032752245113571,8.394411360513065,-4.338299737072749,13.095394062212867,4.848080769597107,110.08
2017,Natural rubber in primary forms,110.08,4.848080769597107,4.613391789557597,6.032752245113571,8.394411360513065,10.736707911910003,-0.28161337209302584,109.77
2018,Natural rubber in primary forms,109.77,-0.28161337209302584,4.848080769597107,4.613391789557597,6.032752245113571,12.818822987896292,7.779903434453872,118.31
2019,Natural rubber in primary forms,118.31,7.779903434453872,-0.28161337209302584,4.848080769597107,4.613391789557597,13.236534839526621,8.055109458203024,127.84
2020,Natural rubber in primary forms,127.84,8.055109458203024,7.779903434453872,-0.28161337209302584,4.848080769597107,3.8832327357851537,14.432102628285337,146.29
2021,Natural rubber in primary forms,146.29,14.432102628285337,8.055109458203024,7.779903434453872,-0.28161337209302584,-1.355954899379812,4.976416706541809,153.57
2022,Natural rubber in primary forms,153.57,4.976416706541809,14.432102628285337,8.055109458203024,7.779903434453872,-0.5488868389886278,-0.8725662564302961,152.23
2023,Natural rubber in primary forms,152.23,-0.8725662564302961,4.976416706541809,14.432102628285337,8.055109458203024,5.315296960417844,6.1945739998686244,161.66
2024,Natural rubber in primary forms,161.66,6.1945739998686244,-0.8725662564302961,4.976416706541809,14.432102628285337,9.705235083114053,5.827044414202653,171.08
2025,Natural rubber in primary forms,171.08,5.827044414202653,6.1945739998686244,-0.8725662564302961,4.976416706541809,9.600597501273832,,
1991,"Nutmeg, mace, cardamoms, raw",17.98,,,,,9.338720956476186,-5.784204671857617,16.94
1992,"Nutmeg, mace, cardamoms, raw",16.94,-5.784204671857617,,,,10.659833225260348,73.90791027154661,29.46
1993,"Nutmeg, mace, cardamoms, raw",29.46,73.90791027154661,-5.784204671857617,,,8.936314572849172,-8.04480651731161,27.09
1994,"Nutmeg, mace, cardamoms, raw",27.09,-8.04480651731161,73.90791027154661,-5.784204671857617,,12.417978574628492,-34.883720930232556,17.64
1995,"Nutmeg, mace, cardamoms, raw",17.64,-34.883720930232556,-8.04480651731161,73.90791027154661,-5.784204671857617,11.765058678658894,-15.532879818594104,14.9
1996,"Nutmeg, mace, cardamoms, raw",14.9,-15.532879818594104,-34.883720930232556,-8.04480651731161,73.90791027154661,4.407277854620397,56.644295302013425,23.34
1997,"Nutmeg, mace, cardamoms, raw",23.34,56.644295302013425,-15.532879818594104,-34.883720930232556,-8.04480651731161,4.189253882405281,-21.722365038560408,18.27
1998,"Nutmeg, mace, cardamoms, raw",18.27,-21.722365038560408,56.644295302013425,-15.532879818594104,-34.883720930232556,3.3629546228512837,45.37493158182813,26.56
1999,"Nutmeg, mace, cardamoms, raw",26.56,45.37493158182813,-21.722365038560408,56.644295302013425,-15.532879818594104,6.346851798394732,20.406626506024097,31.98
2000,"Nutmeg, mace, cardamoms, raw",31.98,20.406626506024097,45.37493158182813,-21.722365038560408,56.644295302013425,5.1647416014227465,14.790494058786742,36.71
2001,"Nutmeg, mace, cardamoms, raw",36.71,14.790494058786742,20.406626506024097,45.37493158182813,-21.722365038560408,3.059953062353881,0.027240533914452136,36.72
2002,"Nutmeg, mace, cardamoms, raw",36.72,0.027240533914452136,14.790494058786742,20.406626506024097,45.37493158182813,1.0059248921199426,8.469498910675387,39.83
2003,"Nutmeg, mace, cardamoms, raw",39.83,8.469498910675387,0.027240533914452136,14.790494058786742,20.406626506024097,-6.291604760791315,5.975395430579966,42.21
2004,"Nutmeg, mace, cardamoms, raw",42.21,5.975395430579966,8.469498910675387,0.027240533914452136,14.790494058786742,0.015317116167742265,8.860459606728277,45.95
2005,"Nutmeg, mace, cardamoms, raw",45.95,8.860459606728277,5.975395430579966,8.469498910675387,0.027240533914452136,4.837678147322618,6.507072905331879,48.94
2006,"Nutmeg, mace, cardamoms, raw",48.94,6.507072905331879,8.860459606728277,5.975395430579966,8.469498910675387,11.00766269773981,22.905598692276264,60.15
2007,"Nutmeg, mace, cardamoms, raw",60.15,22.905598692276264,6.507072905331879,8.860459606728277,5.975395430579966,8.284956055539919,-1.3965087281795463,59.31
2008,"Nutmeg, mace, cardamoms, raw",59.31,-1.3965087281795463,22.905598692276264,6.507072905331879,8.860459606728277,,10.470409711684358,65.52
2009,"Nutmeg, mace, cardamoms, raw",65.52,10.470409711684358,-1.3965087281795463,22.905598692276264,6.507072905331879,,17.73504273504274,77.14
2010,"Nutmeg, mace, cardamoms, raw",77.14,17.73504273504274,10.470409711684358,-1.3965087281795463,22.905598692276264,,9.048483277158414,84.12
2011,"Nutmeg, mace, cardamoms, raw",84.12,9.048483277158414,17.73504273504274,10.470409711684358,-1.3965087281795463,,8.511650023775562,91.28
2012,"Nutmeg, mace, cardamoms, raw",91.28,8.511650023775562,9.048483277158414,17.73504273504274,10.470409711684358,13.08356744266215,-4.338299737072749,87.32
2013,"Nutmeg, mace, cardamoms, raw",87.32,-4.338299737072749,8.511650023775562,9.048483277158414,17.73504273504274,10.73971229996078,8.394411360513065,94.65
2014,"Nutmeg, mace, cardamoms, raw",94.65,8.394411360513065,-4.338299737072749,8.511650023775562,9.048483277158414,12.81331620491971,6.032752245113571,100.36
2015,"Nutmeg, mace, cardamoms, raw",100.36,6.032752245113571,8.394411360513065,-4.338299737072749,8.511650023775562,13.233288088701975,4.613391789557597,104.99
2016,"Nutmeg, mace, cardamoms, raw",104.99,4.613391789557597,6.032752245113571,8.394411360513065,-4.338299737072749,3.884974724512057,4.848080769597107,110.08
2017,"Nutmeg, mace, cardamoms, raw",110.08,4.848080769597107,4.613391789557597,6.032752245113571,8.394411360513065,-1.3708866150252543,-0.28161337209302584,109.77
2018,"Nutmeg, mace, cardamoms, raw",109.77,-0.28161337209302584,4.848080769597107,4.613391789557597,6.032752245113571,-0.3341496643892648,3.8808417600437295,114.03
2019,"Nutmeg, mace, cardamoms, raw",114.03,3.8808417600437295,-0.28161337209302584,4.848080769597107,4.613391789557597,5.525408395112703,-3.2886082609839495,110.28
2020,"Nutmeg, mace, cardamoms, raw",110.28,-3.2886082609839495,3.8808417600437295,-0.28161337209302584,4.848080769597107,11.871946773067172,19.758795792528105,132.07
2021,"Nutmeg, mace, cardamoms, raw",132.07,19.758795792528105,-3.2886082609839495,3.8808417600437295,-0.28161337209302584,12.022577206451311,7.950329370788212,142.57
2022,"Nutmeg, mace, cardamoms, raw",142.57,7.950329370788212,19.758795792528105,-3.2886082609839495,3.8808417600437295,9.232328920298729,2.39180753314161,145.98
2023,"Nutmeg, mace, cardamoms, raw",145.98,2.39180753314161,7.950329370788212,19.758795792528105,-3.2886082609839495,7.407763667958666,4.637621591998919,152.75
2024,"Nutmeg, mace, cardamoms, raw",152.75,4.637621591998919,2.39180753314161,7.950329370788212,19.758795792528105,7.114309314213362,4.438625204582647,159.53
2025,"Nutmeg, mace, cardamoms, raw",159.53,4.438625204582647,4.637621591998919,2.39180753314161,7.950329370788212,12.757710401445463,,
1991,"Oilcrops, Oil Equivalent",27.53,,,,,,3.814021067925899,28.58
1992,"Oilcrops, Oil Equivalent",28.58,3.814021067925899,,,,,8.187543736878954,30.92
1993,"Oilcrops, Oil Equivalent",30.92,8.187543736878954,3.814021067925899,,,,12.968952134540746,34.93
1994,"Oilcrops, Oil Equivalent",34.93,12.968952134540746,8.187543736878954,3.814021067925899,,,4.838247924420269,36.62
1995,"Oilcrops, Oil Equivalent",36.62,4.838247924420269,12.968952134540746,8.187543736878954,3.814021067925899,,-4.341889677771704,35.03
1996,"Oilcrops, Oil Equivalent",35.03,-4.341889677771704,4.838247924420269,12.968952134540746,8.187543736878954,,10.048529831572917,38.55
1997,"Oilcrops, Oil Equivalent",38.55,10.048529831572917,-4.341889677771704,4.838247924420269,12.968952134540746,,2.075226977950728,39.35
1998,"Oilcrops, Oil Equivalent",39.35,2.075226977950728,10.048529831572917,-4.341889677771704,4.838247924420269,,-2.1346886912325336,38.51
1999,"Oilcrops, Oil Equivalent",38.51,-2.1346886912325336,2.075226977950728,10.048529831572917,-4.341889677771704,,0.7011165930927099,38.78
2000,"Oilcrops, Oil Equivalent",38.78,0.7011165930927099,-2.1346886912325336,2.075226977950728,10.048529831572917,,2.913873130479616,39.91
2001,"Oilcrops, Oil Equivalent",39.91,2.913873130479616,0.7011165930927099,-2.1346886912325336,2.075226977950728,,5.437233775995987,42.08
2002,"Oilcrops, Oil Equivalent",42.08,5.437233775995987,2.913873130479616,0.7011165930927099,-2.1346886912325336,,5.72718631178708,44.49
2003,"Oilcrops, Oil Equivalent",44.49,5.72718631178708,5.437233775995987,2.913873130479616,0.7011165930927099,,5.956394695437184,47.14
2004,"Oilcrops, Oil Equivalent",47.14,5.956394695437184,5.72718631178708,5.437233775995987,2.913873130479616,,-1.7819261773440842,46.3
2005,"Oilcrops, Oil Equivalent",46.3,-1.7819261773440842,5.956394695437184,5.72718631178708,5.437233775995987,,3.8660907127429978,48.09
2006,"Oilcrops, Oil Equivalent",48.09,3.8660907127429978,-1.7819261773440842,5.956394695437184,5.72718631178708,,6.695778748180503,51.31
2007,"Oilcrops, Oil Equivalent",51.31,6.695778748180503,3.8660907127429978,-1.7819261773440842,5.956394695437184,,15.591502631066078,59.31
2008,"Oilcrops, Oil Equivalent",59.31,15.591502631066078,6.695778748180503,3.8660907127429978,-1.7819261773440842,,10.470409711684358,65.52
2009,"Oilcrops, Oil Equivalent",65.52,10.470409711684358,15.591502631066078,6.695778748180503,3.8660907127429978,,17.73504273504274,77.14
2010,"Oilcrops, Oil Equivalent",77.14,17.73504273504274,10.470409711684358,15.591502631066078,6.695778748180503,,9.048483277158414,84.12
2011,"Oilcrops, Oil Equivalent",84.12,9.048483277158414,17.73504273504274,10.470409711684358,15.591502631066078,,8.511650023775562,91.28
2012,"Oilcrops, Oil Equivalent",91.28,8.511650023775562,9.048483277158414,17.73504273504274,10.470409711684358,,-4.338299737072749,87.32
2013,"Oilcrops, Oil Equivalent",87.32,-4.338299737072749,8.511650023775562,9.048483277158414,17.73504273504274,,8.394411360513065,94.65
2014,"Oilcrops, Oil Equivalent",94.65,8.394411360513065,-4.338299737072749,8.511650023775562,9.048483277158414,,6.032752245113571,100.36
2015,"Oilcrops, Oil Equivalent",100.36,6.032752245113571,8.394411360513065,-4.338299737072749,8.511650023775562,,4.613391789557597,104.99
2016,"Oilcrops, Oil Equivalent",104.99,4.613391789557597,6.032752245113571,8.394411360513065,-4.338299737072749,,4.848080769597107,110.08
2017,"Oilcrops, Oil Equivalent",110.08,4.848080769597107,4.613391789557597,6.032752245113571,8.394411360513065,,-0.28161337209302584,109.77
2018,"Oilcrops, Oil Equivalent",109.77,-0.28161337209302584,4.848080769597107,4.613391789557597,6.032752245113571,,12.034253439008836,122.98
2019,"Oilcrops, Oil Equivalent",122.98,12.034253439008836,-0.28161337209302584,4.848080769597107,4.613391789557597,,1.1465278907139442,124.39
2020,"Oilcrops, Oil Equivalent",124.39,1.1465278907139442,12.034253439008836,-0.28161337209302584,4.848080769597107,,7.3478575448187256,133.53
2021,"Oilcrops, Oil Equivalent",133.53,7.3478575448187256,1.1465278907139442,12.034253439008836,-0.28161337209302584,,2.5612221972590277,136.95
2022,"Oilcrops, Oil Equivalent",136.95,2.5612221972590277,7.3478575448187256,1.1465278907139442,12.034253439008836,,0.21905805038335835,137.25
2023,"Oilcrops, Oil Equivalent",137.25,0.21905805038335835,2.5612221972590277,7.3478575448187256,1.1465278907139442,,9.806921675774149,150.71
2024,"Oilcrops, Oil Equivalent",150.71,9.806921675774149,0.21905805038335835,2.5612221972590277,7.3478575448187256,,5.215314179550123,158.57
2025,"Oilcrops, Oil Equivalent",158.57,5.215314179550123,9.806921675774149,0.21905805038335835,2.5612221972590277,,,
1991,Okra,23.59,,,,,9.338720956476187,1.1445527766002606,23.86
1992,Okra,23.86,1.1445527766002606,,,,10.659833225260348,4.945515507124898,25.04
1993,Okra,25.04,4.945515507124898,1.1445527766002606,,,8.936314572849172,3.8738019169329174,26.01
1994,Okra,26.01,3.8738019169329174,4.945515507124898,1.1445527766002606,,12.417978574628492,10.880430603613988,28.84
1995,Okra,28.84,10.880430603613988,3.8738019169329174,4.945515507124898,1.1445527766002606,11.765058678658894,22.850208044382804,35.43
1996,Okra,35.43,22.850208044382804,10.880430603613988,3.8738019169329174,4.945515507124898,4.407277854620397,-4.6852949477843575,33.77
1997,Okra,33.77,-4.6852949477843575,22.850208044382804,10.880430603613988,3.8738019169329174,4.189253882405281,7.728753331359184,36.38
1998,Okra,36.38,7.728753331359184,-4.6852949477843575,22.850208044382804,10.880430603613988,3.3629546228512837,7.20175920835624,39.0
1999,Okra,39.0,7.20175920835624,7.728753331359184,-4.6852949477843575,22.850208044382804,6.346851798394732,-72.07692307692308,10.89
2000,Okra,10.89,-72.07692307692308,7.20175920835624,7.728753331359184,-4.6852949477843575,5.1647416014227465,270.0642791551882,40.3
2001,Okra,40.3,270.0642791551882,-72.07692307692308,7.20175920835624,7.728753331359184,3.059953062353881,2.7543424317617804,41.41
2002,Okra,41.41,2.7543424317617804,270.0642791551882,-72.07692307692308,7.20175920835624,3.3654038025690696,3.1634870804153614,42.72
2003,Okra,42.72,3.1634870804153614,2.7543424317617804,270.0642791551882,-72.07692307692308,0.19838700828347675,4.096441947565532,44.47
2004,Okra,44.47,4.096441947565532,3.1634870804153614,2.7543424317617804,270.0642791551882,7.855257981416638,3.328086350348558,45.95
2005,Okra,45.95,3.328086350348558,4.096441947565532,3.1634870804153614,2.7543424317617804,7.24439135208392,6.507072905331879,48.94
2006,Okra,48.94,6.507072905331879,3.328086350348558,4.096441947565532,3.1634870804153614,9.642235763449436,22.905598692276264,60.15
2007,Okra,60.15,22.905598692276264,6.507072905331879,3.328086350348558,4.096441947565532,4.124254074293616,-1.3965087281795463,59.31
2008,Okra,59.31,-1.3965087281795463,22.905598692276264,6.507072905331879,3.328086350348558,,10.470409711684358,65.52
2009,Okra,65.52,10.470409711684358,-1.3965087281795463,22.905598692276264,6.507072905331879,,17.73504273504274,77.14
2010,Okra,77.14,17.73504273504274,10.470409711684358,-1.3965087281795463,22.905598692276264,,9.048483277158414,84.12
2011,Okra,84.12,9.048483277158414,17.73504273504274,10.470409711684358,-1.3965087281795463,,8.511650023775562,91.28
2012,Okra,91.28,8.511650023775562,9.048483277158414,17.73504273504274,10.470409711684358,11.508353700052103,-4.338299737072749,87.32
2013,Okra,87.32,-4.338299737072749,8.511650023775562,9.048483277158414,17.73504273504274,10.61956118572733,8.394411360513065,94.65
2014,Okra,94.65,8.394411360513065,-4.338299737072749,8.511650023775562,9.048483277158414,10.128974210106644,6.032752245113571,100.36
2015,Okra,100.36,6.032752245113571,8.394411360513065,-4.338299737072749,8.511650023775562,10.515708879258794,4.613391789557597,104.99
2016,Okra,104.99,4.613391789557597,6.032752245113571,8.394411360513065,-4.338299737072749,8.046383035930353,4.848080769597107,110.08
2017,Okra,110.08,4.848080769597107,4.613391789557597,6.032752245113571,8.394411360513065,6.278427749835177,-0.28161337209302584,109.77
2018,Okra,109.77,-0.28161337209302584,4.848080769597107,4.613391789557597,6.032752245113571,3.8298545159867445,-0.2824086726792352,109.46
2019,Okra,109.46,-0.2824086726792352,-0.28161337209302584,4.848080769597107,4.613391789557597,3.3522220888275087,13.676228759364161,124.43
2020,Okra,124.43,13.676228759364161,-0.2824086726792352,-0.28161337209302584,4.848080769597107,0.7842266950408638,8.976934822791915,135.6
2021,Okra,135.6,8.976934822791915,13.676228759364161,-0.2824086726792352,-0.28161337209302584,0.7087066282882352,3.8864306784660796,140.87
2022,Okra,140.87,3.8864306784660796,8.976934822791915,13.676228759364161,-0.2824086726792352,2.4611888658319825,1.9237594945694658,143.58
2023,Okra,143.58,1.9237594945694658,3.8864306784660796,8.976934822791915,13.676228759364161,5.558938809418938,5.188744950550217,151.03
2024,Okra,151.03,5.188744950550217,1.9237594945694658,3.8864306784660796,8.976934822791915,7.114309314213362,4.932794808978347,158.48
2025,Okra,158.48,4.932794808978347,5.188744950550217,1.9237594945694658,3.8864306784660796,12.757710401445463,,
1991,"Onions and shallots, dry (excluding dehydrated)",20.04,,,,,12.417978574628492,-24.25149700598802,15.18
1992,"Onions and shallots, dry (excluding dehydrated)",15.18,-24.25149700598802,,,,11.765058678658894,22.72727272727273,18.63
1993,"Onions and shallots, dry (excluding dehydrated)",18.63,22.72727272727273,-24.25149700598802,,,4.407277854620397,43.15619967793882,26.67
1994,"Onions and shallots, dry (excluding dehydrated)",26.67,43.15619967793882,22.72727272727273,-24.25149700598802,,4.189253882405281,-23.247094113235857,20.47
1995,"Onions and shallots, dry (excluding dehydrated)",20.47,-23.247094113235857,43.15619967793882,22.72727272727273,-24.25149700598802,3.3629546228512837,43.47826086956523,29.37
1996,"Onions and shallots, dry (excluding dehydrated)",29.37,43.47826086956523,-23.247094113235857,43.15619967793882,22.72727272727273,6.346851798394732,-7.150153217568955,27.27
1997,"Onions and shallots, dry (excluding dehydrated)",27.27,-7.150153217568955,43.47826086956523,-23.247094113235857,43.15619967793882,5.1647416014227465,59.51595159515952,43.5
1998,"Onions and shallots, dry (excluding dehydrated)",43.5,59.51595159515952,-7.150153217568955,43.47826086956523,-23.247094113235857,3.059953062353881,18.896551724137932,51.72
1999,"Onions and shallots, dry (excluding dehydrated)",51.72,18.896551724137932,59.51595159515952,-7.150153217568955,43.47826086956523,3.7358753946859196,-37.76102088167054,32.19
2000,"Onions and shallots, dry (excluding dehydrated)",32.19,-37.76102088167054,18.896551724137932,59.51595159515952,-7.150153217568955,-0.04428388229180739,-1.460080770425598,31.72
2001,"Onions and shallots, dry (excluding dehydrated)",31.72,-1.460080770425598,-37.76102088167054,18.896551724137932,59.51595159515952,4.7758190463558075,15.762925598991174,36.72
2002,"Onions and shallots, dry (excluding dehydrated)",36.72,15.762925598991174,-1.460080770425598,-37.76102088167054,18.896551724137932,4.57575496905415,8.469498910675387,39.83
2003,"Onions and shallots, dry (excluding dehydrated)",39.83,8.469498910675387,15.762925598991174,-1.460080770425598,-37.76102088167054,7.368675773246583,5.975395430579966,42.21
2004,"Onions and shallots, dry (excluding dehydrated)",42.21,5.975395430579966,8.469498910675387,15.762925598991174,-1.460080770425598,5.281363714859206,8.860459606728277,45.95
2005,"Onions and shallots, dry (excluding dehydrated)",45.95,8.860459606728277,5.975395430579966,8.469498910675387,15.762925598991174,,6.507072905331879,48.94
2006,"Onions and shallots, dry (excluding dehydrated)",48.94,6.507072905331879,8.860459606728277,5.975395430579966,8.469498910675387,,22.905598692276264,60.15
2007,"Onions and shallots, dry (excluding dehydrated)",60.15,22.905598692276264,6.507072905331879,8.860459606728277,5.975395430579966,,-1.3965087281795463,59.31
2008,"Onions and shallots, dry (excluding dehydrated)",59.31,-1.3965087281795463,22.905598692276264,6.507072905331879,8.860459606728277,,10.470409711684358,65.52
2009,"Onions and shallots, dry (excluding dehydrated)",65.52,10.470409711684358,-1.3965087281795463,22.905598692276264,6.507072905331879,7.017121617976129,17.73504273504274,77.14
2010,"Onions and shallots, dry (excluding dehydrated)",77.14,17.73504273504274,10.470409711684358,-1.3965087281795463,22.905598692276264,6.129437666105101,9.048483277158414,84.12
2011,"Onions and shallots, dry (excluding dehydrated)",84.12,9.048483277158414,17.73504273504274,10.470409711684358,-1.3965087281795463,0.5312041016594987,8.511650023775562,91.28
2012,"Onions and shallots, dry (excluding dehydrated)",91.28,8.511650023775562,9.048483277158414,17.73504273504274,10.470409711684358,4.397535596199834,-4.338299737072749,87.32
2013,"Onions and shallots, dry (excluding dehydrated)",87.32,-4.338299737072749,8.511650023775562,9.048483277158414,17.73504273504274,6.531966457634947,8.394411360513065,94.65
2014,"Onions and shallots, dry (excluding dehydrated)",94.65,8.394411360513065,-4.338299737072749,8.511650023775562,9.048483277158414,12.182462075016508,6.032752245113571,100.36
2015,"Onions and shallots, dry (excluding dehydrated)",100.36,6.032752245113571,8.394411360513065,-4.338299737072749,8.511650023775562,0.9560223132596141,4.613391789557597,104.99
2016,"Onions and shallots, dry (excluding dehydrated)",104.99,4.613391789557597,6.032752245113571,8.394411360513065,-4.338299737072749,-1.2039298339472049,4.848080769597107,110.08
2017,"Onions and shallots, dry (excluding dehydrated)",110.08,4.848080769597107,4.613391789557597,6.032752245113571,8.394411360513065,-3.6384186094830966,-0.28161337209302584,109.77
2018,"Onions and shallots, dry (excluding dehydrated)",109.77,-0.28161337209302584,4.848080769597107,4.613391789557597,6.032752245113571,1.0335377947504678,7.697913819805047,118.22
2019,"Onions and shallots, dry (excluding dehydrated)",118.22,7.697913819805047,-0.28161337209302584,4.848080769597107,4.613391789557597,0.5165381257823763,6.166469294535615,125.51
2020,"Onions and shallots, dry (excluding dehydrated)",125.51,6.166469294535615,7.697913819805047,-0.28161337209302584,4.848080769597107,1.241454540239909,12.118556290335425,140.72
2021,"Onions and shallots, dry (excluding dehydrated)",140.72,12.118556290335425,6.166469294535615,7.697913819805047,-0.28161337209302584,3.5308972961452962,5.343945423536112,148.24
2022,"Onions and shallots, dry (excluding dehydrated)",148.24,5.343945423536112,12.118556290335425,6.166469294535615,7.697913819805047,10.297451192135568,0.9781435509983671,149.69
2023,"Onions and shallots, dry (excluding dehydrated)",149.69,0.9781435509983671,5.343945423536112,12.118556290335425,6.166469294535615,9.338720956476187,5.424544057719283,157.81
2024,"Onions and shallots, dry (excluding dehydrated)",157.81,5.424544057719283,0.9781435509983671,5.343945423536112,12.118556290335425,10.659833225260348,5.151764780432155,165.94
2025,"Onions and shallots, dry (excluding dehydrated)",165.94,5.151764780432155,5.424544057719283,0.9781435509983671,5.343945423536112,8.936314572849172,,
1991,Oranges,14.42,,,,,4.189253882405281,11.303744798890424,16.05
1992,Oranges,16.05,11.303744798890424,,,,3.3629546228512837,31.90031152647976,21.17
1993,Oranges,21.17,31.90031152647976,11.303744798890424,,,6.346851798394732,4.770902220122797,22.18
1994,Oranges,22.18,4.770902220122797,31.90031152647976,11.303744798890424,,5.1647416014227465,2.6149684400360806,22.76
1995,Oranges,22.76,2.6149684400360806,4.770902220122797,31.90031152647976,11.303744798890424,3.059953062353881,24.824253075571168,28.41
1996,Oranges,28.41,24.824253075571168,2.6149684400360806,4.770902220122797,31.90031152647976,3.6721056944035078,11.017247448081658,31.54
1997,Oranges,31.54,11.017247448081658,24.824253075571168,2.6149684400360806,4.770902220122797,2.0674894116266693,3.8681039949270746,32.76
1998,Oranges,32.76,3.8681039949270746,11.017247448081658,24.824253075571168,2.6149684400360806,4.1603909631251,-3.2356532356532353,31.7
1999,Oranges,31.7,-3.2356532356532353,3.8681039949270746,11.017247448081658,24.824253075571168,2.860589036681644,-4.7003154574132395,30.21
2000,Oranges,30.21,-4.7003154574132395,-3.2356532356532353,3.8681039949270746,11.017247448081658,2.8806595862484308,6.2893081761006275,32.11
2001,Oranges,32.11,6.2893081761006275,-4.7003154574132395,-3.2356532356532353,3.8681039949270746,3.8564155507713593,14.356898162566178,36.72
2002,Oranges,36.72,14.356898162566178,6.2893081761006275,-4.7003154574132395,-3.2356532356532353,,8.469498910675387,39.83
2003,Oranges,39.83,8.469498910675387,14.356898162566178,6.2893081761006275,-4.7003154574132395,,5.975395430579966,42.21
2004,Oranges,42.21,5.975395430579966,8.469498910675387,14.356898162566178,6.2893081761006275,,8.860459606728277,45.95
2005,Oranges,45.95,8.860459606728277,5.975395430579966,8.469498910675387,14.356898162566178,,6.507072905331879,48.94
2006,Oranges,48.94,6.507072905331879,8.860459606728277,5.975395430579966,8.469498910675387,14.93915947031306,22.905598692276264,60.15
2007,Oranges,60.15,22.905598692276264,6.507072905331879,8.860459606728277,5.975395430579966,17.336052937579087,-1.3965087281795463,59.31
2008,Oranges,59.31,-1.3965087281795463,22.905598692276264,6.507072905331879,8.860459606728277,9.563055906507403,10.470409711684358,65.52
2009,Oranges,65.52,10.470409711684358,-1.3965087281795463,22.905598692276264,6.507072905331879,4.553027206309886,17.73504273504274,77.14
2010,Oranges,77.14,17.73504273504274,10.470409711684358,-1.3965087281795463,22.905598692276264,4.987068840125148,9.048483277158414,84.12
2011,Oranges,84.12,9.048483277158414,17.73504273504274,10.470409711684358,-1.3965087281795463,3.1551507873796627,8.511650023775562,91.28
2012,Oranges,91.28,8.511650023775562,9.048483277158414,17.73504273504274,10.470409711684358,29.738282156739345,-4.338299737072749,87.32
2013,Oranges,87.32,-4.338299737072749,8.511650023775562,9.048483277158414,17.73504273504274,25.1073857051349,8.394411360513065,94.65
2014,Oranges,94.65,8.394411360513065,-4.338299737072749,8.511650023775562,9.048483277158414,29.255197104701566,6.032752245113571,100.36
2015,Oranges,100.36,6.032752245113571,8.394411360513065,-4.338299737072749,8.511650023775562,6.5555752045066695,4.613391789557597,104.99
2016,Oranges,104.99,4.613391789557597,6.032752245113571,8.394411360513065,-4.338299737072749,6.8063067717604255,4.848080769597107,110.08
2017,Oranges,110.08,4.848080769597107,4.613391789557597,6.032752245113571,8.394411360513065,7.76845131599453,-0.28161337209302584,109.77
2018,Oranges,109.77,-0.28161337209302584,4.848080769597107,4.613391789557597,6.032752245113571,7.114309314213361,6.686708572469713,117.11
2019,Oranges,117.11,6.686708572469713,-0.28161337209302584,4.848080769597107,4.613391789557597,12.75771040144546,-8.060797540773635,107.67
2020,Oranges,107.67,-8.060797540773635,6.686708572469713,-0.28161337209302584,4.848080769597107,9.338720956476186,22.41107086467913,131.8
2021,Oranges,131.8,22.41107086467913,-8.060797540773635,6.686708572469713,-0.28161337209302584,10.659833225260344,4.8937784522002925,138.25
2022,Oranges,138.25,4.8937784522002925,22.41107086467913,-8.060797540773635,6.686708572469713,8.93631457284917,2.842676311030745,142.18
2023,Oranges,142.18,2.842676311030745,4.8937784522002925,22.41107086467913,-8.060797540773635,12.417978574628492,5.985370656913758,150.69
2024,Oranges,150.69,5.985370656913758,2.842676311030745,4.8937784522002925,22.41107086467913,11.76505867865889,5.647355498042339,159.2
2025,Oranges,159.2,5.647355498042339,5.985370656913758,2.842676311030745,4.8937784522002925,4.4072778546203955,,
1991,"Other beans, green",13.79,,,,,5.164741601422744,6.091370558375653,14.63
1992,"Other beans, green",14.63,6.091370558375653,,,,3.0599530623538787,7.5187969924811915,15.73
1993,"Other beans, green",15.73,7.5187969924811915,6.091370558375653,,,4.100273682013963,9.917355371900815,17.29
1994,"Other beans, green",17.29,9.917355371900815,7.5187969924811915,6.091370558375653,,-0.05817389623891067,12.08791208791209,19.38
1995,"Other beans, green",19.38,12.08791208791209,9.917355371900815,7.5187969924811915,6.091370558375653,6.974547465800156,4.7987616099071095,20.31
1996,"Other beans, green",20.31,4.7987616099071095,12.08791208791209,9.917355371900815,7.5187969924811915,7.432243090051242,30.9699655342196,26.6
1997,"Other beans, green",26.6,30.9699655342196,4.7987616099071095,12.08791208791209,9.917355371900815,11.034848930290268,-0.07518796992482812,26.58
1998,"Other beans, green",26.58,-0.07518796992482812,30.9699655342196,4.7987616099071095,12.08791208791209,5.435344499254884,6.094808126410833,28.2
1999,"Other beans, green",28.2,6.094808126410833,-0.07518796992482812,30.9699655342196,4.7987616099071095,,10.425531914893615,31.14
2000,"Other beans, green",31.14,10.425531914893615,6.094808126410833,-0.07518796992482812,30.9699655342196,,10.436737315350042,34.39
2001,"Other beans, green",34.39,10.436737315350042,10.425531914893615,6.094808126410833,-0.07518796992482812,,8.83977900552486,37.43
2002,"Other beans, green",37.43,8.83977900552486,10.436737315350042,10.425531914893615,6.094808126410833,,6.411969008816443,39.83
2003,"Other beans, green",39.83,6.411969008816443,8.83977900552486,10.436737315350042,10.425531914893615,-5.87480976226421,5.975395430579966,42.21
2004,"Other beans, green",42.21,5.975395430579966,6.411969008816443,8.83977900552486,10.436737315350042,6.860616235616224,8.860459606728277,45.95
2005,"Other beans, green",45.95,8.860459606728277,5.975395430579966,6.411969008816443,8.83977900552486,10.210274131083516,6.507072905331879,48.94
2006,"Other beans, green",48.94,6.507072905331879,8.860459606728277,5.975395430579966,6.411969008816443,4.915421368752198,22.905598692276264,60.15
2007,"Other beans, green",60.15,22.905598692276264,6.507072905331879,8.860459606728277,5.975395430579966,7.88976184309267,-1.3965087281795463,59.31
2008,"Other beans, green",59.31,-1.3965087281795463,22.905598692276264,6.507072905331879,8.860459606728277,17.286727738151356,10.470409711684358,65.52
2009,"Other beans, green",65.52,10.470409711684358,-1.3965087281795463,22.905598692276264,6.507072905331879,14.145829259853386,17.73504273504274,77.14
2010,"Other beans, green",77.14,17.73504273504274,10.470409711684358,-1.3965087281795463,22.905598692276264,-4.310530706073268,9.048483277158414,84.12
2011,"Other beans, green",84.12,9.048483277158414,17.73504273504274,10.470409711684358,-1.3965087281795463,-9.229950435182706,8.511650023775562,91.28
2012,"Other beans, green",91.28,8.511650023775562,9.048483277158414,17.73504273504274,10.470409711684358,-4.347043134309221,-4.338299737072749,87.32
2013,"Other beans, green",87.32,-4.338299737072749,8.511650023775562,9.048483277158414,17.73504273504274,3.9080386438887786,8.394411360513065,94.65
2014,"Other beans, green",94.65,8.394411360513065,-4.338299737072749,8.511650023775562,9.048483277158414,1.197393821269048,6.032752245113571,100.36
2015,"Other beans, green",100.36,6.032752245113571,8.394411360513065,-4.338299737072749,8.511650023775562,3.0837112563854876,4.613391789557597,104.99
2016,"Other beans, green",104.99,4.613391789557597,6.032752245113571,8.394411360513065,-4.338299737072749,10.548616136633356,4.848080769597107,110.08
2017,"Other beans, green",110.08,4.848080769597107,4.613391789557597,6.032752245113571,8.394411360513065,11.563776210665587,-0.28161337209302584,109.77
2018,"Other beans, green",109.77,-0.28161337209302584,4.848080769597107,4.613391789557597,6.032752245113571,10.659833225260344,9.629224742643716,120.34
2019,"Other beans, green",120.34,9.629224742643716,-0.28161337209302584,4.848080769597107,4.613391789557597,8.93631457284917,-7.412331726774147,111.42
2020,"Other beans, green",111.42,-7.412331726774147,9.629224742643716,-0.28161337209302584,4.848080769597107,12.417978574628492,15.930712618919385,129.17
2021,"Other beans, green",129.17,15.930712618919385,-7.412331726774147,9.629224742643716,-0.28161337209302584,11.76505867865889,6.57273360687467,137.66
2022,"Other beans, green",137.66,6.57273360687467,15.930712618919385,-7.412331726774147,9.629224742643716,4.4072778546203955,1.8669184948423512,140.23
2023,"Other beans, green",140.23,1.8669184948423512,6.57273360687467,15.930712618919385,-7.412331726774147,4.1892538824052785,7.394993938529559,150.6
2024,"Other beans, green",150.6,7.394993938529559,1.8669184948423512,6.57273360687467,15.930712618919385,3.3629546228512814,6.8857901726427695,160.97
2025,"Other beans, green",160.97,6.8857901726427695,7.394993938529559,1.8669184948423512,6.57273360687467,6.34685179839473,,
1991,"Other citrus fruit, n.e.c.",14.42,,,,,-1.161175557994616,11.303744798890424,16.05
1992,"Other citrus fruit, n.e.c.",16.05,11.303744798890424,,,,1.4456856463387096,31.90031152647976,21.17
1993,"Other citrus fruit, n.e.c.",21.17,31.90031152647976,11.303744798890424,,,1.5774288216932097,4.770902220122797,22.18
1994,"Other citrus fruit, n.e.c.",22.18,4.770902220122797,31.90031152647976,11.303744798890424,,4.860478809381149,2.6149684400360806,22.76
1995,"Other citrus fruit, n.e.c.",22.76,2.6149684400360806,4.770902220122797,31.90031152647976,11.303744798890424,5.813105871311254,24.824253075571168,28.41
1996,"Other citrus fruit, n.e.c.",28.41,24.824253075571168,2.6149684400360806,4.770902220122797,31.90031152647976,,11.017247448081658,31.54
1997,"Other citrus fruit, n.e.c.",31.54,11.017247448081658,24.824253075571168,2.6149684400360806,4.770902220122797,,3.8681039949270746,32.76
1998,"Other citrus fruit, n.e.c.",32.76,3.8681039949270746,11.017247448081658,24.824253075571168,2.6149684400360806,,-3.2356532356532353,31.7
1999,"Other citrus fruit, n.e.c.",31.7,-3.2356532356532353,3.8681039949270746,11.017247448081658,24.824253075571168,,-4.7003154574132395,30.21
2000,"Other citrus fruit, n.e.c.",30.21,-4.7003154574132395,-3.2356532356532353,3.8681039949270746,11.017247448081658,13.091472738148235,6.2893081761006275,32.11
2001,"Other citrus fruit, n.e.c.",32.11,6.2893081761006275,-4.7003154574132395,-3.2356532356532353,3.8681039949270746,10.743815631111723,14.356898162566178,36.72
2002,"Other citrus fruit, n.e.c.",36.72,14.356898162566178,6.2893081761006275,-4.7003154574132395,-3.2356532356532353,12.821465765007682,8.469498910675387,39.83
2003,"Other citrus fruit, n.e.c.",39.83,8.469498910675387,14.356898162566178,6.2893081761006275,-4.7003154574132395,13.230861360376457,5.975395430579966,42.21
2004,"Other citrus fruit, n.e.c.",42.21,5.975395430579966,8.469498910675387,14.356898162566178,6.2893081761006275,3.8782171860597443,8.860459606728277,45.95
2005,"Other citrus fruit, n.e.c.",45.95,8.860459606728277,5.975395430579966,8.469498910675387,14.356898162566178,-1.3646350460004246,6.507072905331879,48.94
2006,"Other citrus fruit, n.e.c.",48.94,6.507072905331879,8.860459606728277,5.975395430579966,8.469498910675387,-0.3280146186873442,22.905598692276264,60.15
2007,"Other citrus fruit, n.e.c.",60.15,22.905598692276264,6.507072905331879,8.860459606728277,5.975395430579966,11.60354793387416,-1.3965087281795463,59.31
2008,"Other citrus fruit, n.e.c.",59.31,-1.3965087281795463,22.905598692276264,6.507072905331879,8.860459606728277,17.882115829759655,10.470409711684358,65.52
2009,"Other citrus fruit, n.e.c.",65.52,10.470409711684358,-1.3965087281795463,22.905598692276264,6.507072905331879,13.159736963309669,17.73504273504274,77.14
2010,"Other citrus fruit, n.e.c.",77.14,17.73504273504274,10.470409711684358,-1.3965087281795463,22.905598692276264,4.060225469249935,9.048483277158414,84.12
2011,"Other citrus fruit, n.e.c.",84.12,9.048483277158414,17.73504273504274,10.470409711684358,-1.3965087281795463,0.3471862255900022,8.511650023775562,91.28
2012,"Other citrus fruit, n.e.c.",91.28,8.511650023775562,9.048483277158414,17.73504273504274,10.470409711684358,4.924266569398817,-4.338299737072749,87.32
2013,"Other citrus fruit, n.e.c.",87.32,-4.338299737072749,8.511650023775562,9.048483277158414,17.73504273504274,10.805494134120138,8.394411360513065,94.65
2014,"Other citrus fruit, n.e.c.",94.65,8.394411360513065,-4.338299737072749,8.511650023775562,9.048483277158414,9.338720956476184,6.032752245113571,100.36
2015,"Other citrus fruit, n.e.c.",100.36,6.032752245113571,8.394411360513065,-4.338299737072749,8.511650023775562,10.659833225260344,4.613391789557597,104.99
2016,"Other citrus fruit, n.e.c.",104.99,4.613391789557597,6.032752245113571,8.394411360513065,-4.338299737072749,8.93631457284917,4.848080769597107,110.08
2017,"Other citrus fruit, n.e.c.",110.08,4.848080769597107,4.613391789557597,6.032752245113571,8.394411360513065,12.417978574628492,-0.28161337209302584,109.77
2018,"Other citrus fruit, n.e.c.",109.77,-0.28161337209302584,4.848080769597107,4.613391789557597,6.032752245113571,11.76505867865889,-1.548692721144218,108.07
2019,"Other citrus fruit, n.e.c.",108.07,-1.548692721144218,-0.28161337209302584,4.848080769597107,4.613391789557597,4.4072778546203955,-17.044508189136664,89.65
2020,"Other citrus fruit, n.e.c.",89.65,-17.044508189136664,-1.548692721144218,-0.28161337209302584,4.848080769597107,4.1892538824052785,18.639152258784144,106.36
2021,"Other citrus fruit, n.e.c.",106.36,18.639152258784144,-17.044508189136664,-1.548692721144218,-0.28161337209302584,3.3629546228512814,12.91839037232041,120.1
2022,"Other citrus fruit, n.e.c.",120.1,12.91839037232041,18.639152258784144,-17.044508189136664,-1.548692721144218,6.34685179839473,1.4654454621149116,121.86
2023,"Other citrus fruit, n.e.c.",121.86,1.4654454621149116,12.91839037232041,18.639152258784144,-17.044508189136664,5.164741601422744,10.471032332184471,134.62
2024,"Other citrus fruit, n.e.c.",134.62,10.471032332184471,1.4654454621149116,12.91839037232041,18.639152258784144,3.0599530623538787,8.290001485663346,145.78
2025,"Other citrus fruit, n.e.c.",145.78,8.290001485663346,10.471032332184471,1.4654454621149116,12.91839037232041,5.88582528992141,,
1991,"Other fruits, n.e.c.",14.1,,,,,7.380353933119334,31.84397163120567,18.59
1992,"Other fruits, n.e.c.",18.59,31.84397163120567,,,,4.68149615964635,4.841312533620212,19.49
1993,"Other fruits, n.e.c.",19.49,4.841312533620212,31.84397163120567,,,,2.5654181631606043,19.99
1994,"Other fruits, n.e.c.",19.99,2.5654181631606043,4.841312533620212,31.84397163120567,,,24.812406203101567,24.95
1995,"Other fruits, n.e.c.",24.95,24.812406203101567,2.5654181631606043,4.841312533620212,31.84397163120567,,11.062124248496996,27.71
1996,"Other fruits, n.e.c.",27.71,11.062124248496996,24.812406203101567,2.5654181631606043,4.841312533620212,,3.8253338145074034,28.77
1997,"Other fruits, n.e.c.",28.77,3.8253338145074034,11.062124248496996,24.812406203101567,2.5654181631606043,15.988511556601269,-3.232533889468192,27.84
1998,"Other fruits, n.e.c.",27.84,-3.232533889468192,3.8253338145074034,11.062124248496996,24.812406203101567,13.076360094114802,-4.705459770114939,26.53
1999,"Other fruits, n.e.c.",26.53,-4.705459770114939,-3.232533889468192,3.8253338145074034,11.062124248496996,10.742147159479202,6.935544666415372,28.37
2000,"Other fruits, n.e.c.",28.37,6.935544666415372,-4.705459770114939,-3.232533889468192,3.8253338145074034,12.806230706866538,14.346140289037713,32.44
2001,"Other fruits, n.e.c.",32.44,14.346140289037713,6.935544666415372,-4.705459770114939,-3.232533889468192,13.233309569716882,14.334155363748469,37.09
2002,"Other fruits, n.e.c.",37.09,14.334155363748469,14.346140289037713,6.935544666415372,-4.705459770114939,3.8880709600342147,7.38743596656779,39.83
2003,"Other fruits, n.e.c.",39.83,7.38743596656779,14.334155363748469,14.346140289037713,6.935544666415372,-1.3541767032468746,5.975395430579966,42.21
2004,"Other fruits, n.e.c.",42.21,5.975395430579966,7.38743596656779,14.334155363748469,14.346140289037713,-0.5448288585111699,8.860459606728277,45.95
2005,"Other fruits, n.e.c.",45.95,8.860459606728277,5.975395430579966,7.38743596656779,14.334155363748469,1.408518717109505,6.507072905331879,48.94
2006,"Other fruits, n.e.c.",48.94,6.507072905331879,8.860459606728277,5.975395430579966,7.38743596656779,5.798313937240263,22.905598692276264,60.15
2007,"Other fruits, n.e.c.",60.15,22.905598692276264,6.507072905331879,8.860459606728277,5.975395430579966,5.690686785262855,-1.3965087281795463,59.31
2008,"Other fruits, n.e.c.",59.31,-1.3965087281795463,22.905598692276264,6.507072905331879,8.860459606728277,7.768451315994529,10.470409711684358,65.52
2009,"Other fruits, n.e.c.",65.52,10.470409711684358,-1.3965087281795463,22.905598692276264,6.507072905331879,7.114309314213359,17.73504273504274,77.14
2010,"Other fruits, n.e.c.",77.14,17.73504273504274,10.470409711684358,-1.3965087281795463,22.905598692276264,12.75771040144546,9.048483277158414,84.12
2011,"Other fruits, n.e.c.",84.12,9.048483277158414,17.73504273504274,10.470409711684358,-1.3965087281795463,9.338720956476184,8.511650023775562,91.28
2012,"Other fruits, n.e.c.",91.28,8.511650023775562,9.048483277158414,17.73504273504274,10.470409711684358,10.659833225260344,-4.338299737072749,87.32
2013,"Other fruits, n.e.c.",87.32,-4.338299737072749,8.511650023775562,9.048483277158414,17.73504273504274,8.93631457284917,8.394411360513065,94.65
2014,"Other fruits, n.e.c.",94.65,8.394411360513065,-4.338299737072749,8.511650023775562,9.048483277158414,12.417978574628492,6.032752245113571,100.36
2015,"Other fruits, n.e.c.",100.36,6.032752245113571,8.394411360513065,-4.338299737072749,8.511650023775562,11.76505867865889,4.613391789557597,104.99
2016,"Other fruits, n.e.c.",104.99,4.613391789557597,6.032752245113571,8.394411360513065,-4.338299737072749,4.4072778546203955,4.848080769597107,110.08
2017,"Other fruits, n.e.c.",110.08,4.848080769597107,4.613391789557597,6.032752245113571,8.394411360513065,4.1892538824052785,-0.28161337209302584,109.77
2018,"Other fruits, n.e.c.",109.77,-0.28161337209302584,4.848080769597107,4.613391789557597,6.032752245113571,3.3629546228512814,5.529744010203164,115.84
2019,"Other fruits, n.e.c.",115.84,5.529744010203164,-0.28161337209302584,4.848080769597107,4.613391789557597,6.34685179839473,-4.652969613259672,110.45
2020,"Other fruits, n.e.c.",110.45,-4.652969613259672,5.529744010203164,-0.28161337209302584,4.848080769597107,5.164741601422744,22.688999547306455,135.51
2021,"Other fruits, n.e.c.",135.51,22.688999547306455,-4.652969613259672,5.529744010203164,-0.28161337209302584,3.0599530623538787,3.6971441222050094,140.52
2022,"Other fruits, n.e.c.",140.52,3.6971441222050094,22.688999547306455,-4.652969613259672,5.529744010203164,4.048650591309159,2.5405636208368776,144.09
2023,"Other fruits, n.e.c.",144.09,2.5405636208368776,3.6971441222050094,22.688999547306455,-4.652969613259672,2.7515894286882143,6.135054479838997,152.93
2024,"Other fruits, n.e.c.",152.93,6.135054479838997,2.5405636208368776,3.6971441222050094,22.688999547306455,5.470858975802603,5.773883476100172,161.76
2025,"Other fruits, n.e.c.",161.76,5.773883476100172,6.135054479838997,2.5405636208368776,3.6971441222050094,3.9888656480369478,,
1991,"Other meat of mammals, fresh or chilled",18.65,,,,,3.473880587096982,12.22520107238607,20.93
1992,"Other meat of mammals, fresh or chilled",20.93,12.22520107238607,,,,3.631737131403257,14.04682274247493,23.87
1993,"Other meat of mammals, fresh or chilled",23.87,14.04682274247493,12.22520107238607,,,,8.253037285295338,25.84
1994,"Other meat of mammals, fresh or chilled",25.84,8.253037285295338,14.04682274247493,12.22520107238607,,,9.558823529411754,28.31
1995,"Other meat of mammals, fresh or chilled",28.31,9.558823529411754,8.253037285295338,14.04682274247493,12.22520107238607,,12.575061815612877,31.87
1996,"Other meat of mammals, fresh or chilled",31.87,12.575061815612877,9.558823529411754,8.253037285295338,14.04682274247493,,9.413241292751785,34.87
1997,"Other meat of mammals, fresh or chilled",34.87,9.413241292751785,12.575061815612877,9.558823529411754,8.253037285295338,7.842507640919206,2.1508459994264317,35.62
1998,"Other meat of mammals, fresh or chilled",35.62,2.1508459994264317,9.413241292751785,12.575061815612877,9.558823529411754,9.841354817431352,7.271195957327348,38.21
1999,"Other meat of mammals, fresh or chilled",38.21,7.271195957327348,2.1508459994264317,9.413241292751785,12.575061815612877,8.934676356573325,2.0675215912064893,39.0
2000,"Other meat of mammals, fresh or chilled",39.0,2.0675215912064893,7.271195957327348,2.1508459994264317,9.413241292751785,15.952213077346252,0.7179487179487243,39.28
2001,"Other meat of mammals, fresh or chilled",39.28,0.7179487179487243,2.0675215912064893,7.271195957327348,2.1508459994264317,11.897846391400615,-0.4327902240325865,39.11
2002,"Other meat of mammals, fresh or chilled",39.11,-0.4327902240325865,0.7179487179487243,2.0675215912064893,7.271195957327348,12.329861896901855,1.8409613909486033,39.83
2003,"Other meat of mammals, fresh or chilled",39.83,1.8409613909486033,-0.4327902240325865,0.7179487179487243,2.0675215912064893,5.481717357126527,5.975395430579966,42.21
2004,"Other meat of mammals, fresh or chilled",42.21,5.975395430579966,1.8409613909486033,-0.4327902240325865,0.7179487179487243,8.985692452218151,8.860459606728277,45.95
2005,"Other meat of mammals, fresh or chilled",45.95,8.860459606728277,5.975395430579966,1.8409613909486033,-0.4327902240325865,9.90068274525616,6.507072905331879,48.94
2006,"Other meat of mammals, fresh or chilled",48.94,6.507072905331879,8.860459606728277,5.975395430579966,1.8409613909486033,8.562828443230435,22.905598692276264,60.15
2007,"Other meat of mammals, fresh or chilled",60.15,22.905598692276264,6.507072905331879,8.860459606728277,5.975395430579966,7.075714481640411,-1.3965087281795463,59.31
2008,"Other meat of mammals, fresh or chilled",59.31,-1.3965087281795463,22.905598692276264,6.507072905331879,8.860459606728277,7.082608015374883,10.470409711684358,65.52
2009,"Other meat of mammals, fresh or chilled",65.52,10.470409711684358,-1.3965087281795463,22.905598692276264,6.507072905331879,7.1143093142133615,17.73504273504274,77.14
2010,"Other meat of mammals, fresh or chilled",77.14,17.73504273504274,10.470409711684358,-1.3965087281795463,22.905598692276264,12.75771040144546,9.048483277158414,84.12
2011,"Other meat of mammals, fresh or chilled",84.12,9.048483277158414,17.73504273504274,10.470409711684358,-1.3965087281795463,9.338720956476186,8.511650023775562,91.28
2012,"Other meat of mammals, fresh or chilled",91.28,8.511650023775562,9.048483277158414,17.73504273504274,10.470409711684358,10.659833225260344,-4.338299737072749,87.32
2013,"Other meat of mammals, fresh or chilled",87.32,-4.338299737072749,8.511650023775562,9.048483277158414,17.73504273504274,8.93631457284917,8.394411360513065,94.65
2014,"Other meat of mammals, fresh or chilled",94.65,8.394411360513065,-4.338299737072749,8.511650023775562,9.048483277158414,12.417978574628492,6.032752245113571,100.36
2015,"Other meat of mammals, fresh or chilled",100.36,6.032752245113571,8.394411360513065,-4.338299737072749,8.511650023775562,11.76505867865889,4.613391789557597,104.99
2016,"Other meat of mammals, fresh or chilled",104.99,4.613391789557597,6.032752245113571,8.394411360513065,-4.338299737072749,4.4072778546203955,4.848080769597107,110.08
2017,"Other meat of mammals, fresh or chilled",110.08,4.848080769597107,4.613391789557597,6.032752245113571,8.394411360513065,4.1892538824052785,-0.28161337209302584,109.77
2018,"Other meat of mammals, fresh or chilled",109.77,-0.28161337209302584,4.848080769597107,4.613391789557597,6.032752245113571,3.3629546228512814,6.641158786553714,117.06
2019,"Other meat of mammals, fresh or chilled",117.06,6.641158786553714,-0.28161337209302584,4.848080769597107,4.613391789557597,6.34685179839473,-6.492397061336074,109.46
2020,"Other meat of mammals, fresh or chilled",109.46,-6.492397061336074,6.641158786553714,-0.28161337209302584,4.848080769597107,5.164741601422744,14.178695413849818,124.98
2021,"Other meat of mammals, fresh or chilled",124.98,14.178695413849818,-6.492397061336074,6.641158786553714,-0.28161337209302584,3.0599530623538787,6.040966554648741,132.53
2022,"Other meat of mammals, fresh or chilled",132.53,6.040966554648741,14.178695413849818,-6.492397061336074,6.641158786553714,3.7783885282075254,1.886365351241226,135.03
2023,"Other meat of mammals, fresh or chilled",135.03,1.886365351241226,6.040966554648741,14.178695413849818,-6.492397061336074,-0.23524931649322026,7.916759238687687,145.72
2024,"Other meat of mammals, fresh or chilled",145.72,7.916759238687687,1.886365351241226,6.040966554648741,14.178695413849818,5.080649940294987,6.1350535273126505,154.66
2025,"Other meat of mammals, fresh or chilled",154.66,6.1350535273126505,7.916759238687687,1.886365351241226,6.040966554648741,4.989057012013229,,
1991,"Other oil seeds, n.e.c.",31.03,,,,,8.011139247641431,6.896551724137923,33.17
1992,"Other oil seeds, n.e.c.",33.17,6.896551724137923,,,,5.272809554330346,6.451612903225801,35.31
1993,"Other oil seeds, n.e.c.",35.31,6.451612903225801,6.896551724137923,,,,7.703200226564699,38.03
1994,"Other oil seeds, n.e.c.",38.03,7.703200226564699,6.451612903225801,6.896551724137923,,,4.233499868524837,39.64
1995,"Other oil seeds, n.e.c.",39.64,4.233499868524837,7.703200226564699,6.451612903225801,6.896551724137923,,-10.343087790111005,35.54
1996,"Other oil seeds, n.e.c.",35.54,-10.343087790111005,4.233499868524837,7.703200226564699,6.451612903225801,,19.302194710185706,42.4
1997,"Other oil seeds, n.e.c.",42.4,19.302194710185706,-10.343087790111005,4.233499868524837,7.703200226564699,15.991652848497646,10.636792452830178,46.91
1998,"Other oil seeds, n.e.c.",46.91,10.636792452830178,19.302194710185706,-10.343087790111005,4.233499868524837,13.095394062212867,6.608399062033676,50.01
1999,"Other oil seeds, n.e.c.",50.01,6.608399062033676,10.636792452830178,19.302194710185706,-10.343087790111005,10.736707911910003,-14.377124575084977,42.82
2000,"Other oil seeds, n.e.c.",42.82,-14.377124575084977,6.608399062033676,10.636792452830178,19.302194710185706,12.818822987896288,4.156936011209722,44.6
2001,"Other oil seeds, n.e.c.",44.6,4.156936011209722,-14.377124575084977,6.608399062033676,10.636792452830178,13.23653483952662,-0.6950672645740008,44.29
2002,"Other oil seeds, n.e.c.",44.29,-0.6950672645740008,4.156936011209722,-14.377124575084977,6.608399062033676,3.8832327357851515,-0.3612553623842829,44.13
2003,"Other oil seeds, n.e.c.",44.13,-0.3612553623842829,-0.6950672645740008,4.156936011209722,-14.377124575084977,-1.3559548993798145,2.6059370043054475,45.28
2004,"Other oil seeds, n.e.c.",45.28,2.6059370043054475,-0.3612553623842829,-0.6950672645740008,4.156936011209722,-0.5488868389886301,1.479681978798597,45.95
2005,"Other oil seeds, n.e.c.",45.95,1.479681978798597,2.6059370043054475,-0.3612553623842829,-0.6950672645740008,5.315296960417841,6.507072905331879,48.94
2006,"Other oil seeds, n.e.c.",48.94,6.507072905331879,1.479681978798597,2.6059370043054475,-0.3612553623842829,9.70523508311405,22.905598692276264,60.15
2007,"Other oil seeds, n.e.c.",60.15,22.905598692276264,6.507072905331879,1.479681978798597,2.6059370043054475,9.60059750127383,-1.3965087281795463,59.31
2008,"Other oil seeds, n.e.c.",59.31,-1.3965087281795463,22.905598692276264,6.507072905331879,1.479681978798597,7.768451315994529,10.470409711684358,65.52
2009,"Other oil seeds, n.e.c.",65.52,10.470409711684358,-1.3965087281795463,22.905598692276264,6.507072905331879,7.114309314213359,17.73504273504274,77.14
2010,"Other oil seeds, n.e.c.",77.14,17.73504273504274,10.470409711684358,-1.3965087281795463,22.905598692276264,12.75771040144546,9.048483277158414,84.12
2011,"Other oil seeds, n.e.c.",84.12,9.048483277158414,17.73504273504274,10.470409711684358,-1.3965087281795463,9.338720956476184,8.511650023775562,91.28
2012,"Other oil seeds, n.e.c.",91.28,8.511650023775562,9.048483277158414,17.73504273504274,10.470409711684358,10.659833225260344,-4.338299737072749,87.32
2013,"Other oil seeds, n.e.c.",87.32,-4.338299737072749,8.511650023775562,9.048483277158414,17.73504273504274,8.93631457284917,8.394411360513065,94.65
2014,"Other oil seeds, n.e.c.",94.65,8.394411360513065,-4.338299737072749,8.511650023775562,9.048483277158414,12.417978574628492,6.032752245113571,100.36
2015,"Other oil seeds, n.e.c.",100.36,6.032752245113571,8.394411360513065,-4.338299737072749,8.511650023775562,11.76505867865889,4.613391789557597,104.99
2016,"Other oil seeds, n.e.c.",104.99,4.613391789557597,6.032752245113571,8.394411360513065,-4.338299737072749,4.4072778546203955,4.848080769597107,110.08
2017,"Other oil seeds, n.e.c.",110.08,4.848080769597107,4.613391789557597,6.032752245113571,8.394411360513065,4.1892538824052785,-0.28161337209302584,109.77
2018,"Other oil seeds, n.e.c.",109.77,-0.28161337209302584,4.848080769597107,4.613391789557597,6.032752245113571,3.3629546228512814,6.449849685706477,116.85
2019,"Other oil seeds, n.e.c.",116.85,6.449849685706477,-0.28161337209302584,4.848080769597107,4.613391789557597,6.34685179839473,0.034231921266592025,116.89
2020,"Other oil seeds, n.e.c.",116.89,0.034231921266592025,6.449849685706477,-0.28161337209302584,4.848080769597107,5.164741601422744,5.997091282402267,123.9
2021,"Other oil seeds, n.e.c.",123.9,5.997091282402267,0.034231921266592025,6.449849685706477,-0.28161337209302584,3.0599530623538787,2.5504439063761097,127.06
2022,"Other oil seeds, n.e.c.",127.06,2.5504439063761097,5.997091282402267,0.034231921266592025,6.449849685706477,-6.934921119237136,0.09444356996695102,127.18
2023,"Other oil seeds, n.e.c.",127.18,0.09444356996695102,2.5504439063761097,5.997091282402267,0.034231921266592025,-1.9876342403528386,8.924359175971052,138.53
2024,"Other oil seeds, n.e.c.",138.53,8.924359175971052,0.09444356996695102,2.5504439063761097,5.997091282402267,2.6243398923472165,4.822060203566014,145.21
2025,"Other oil seeds, n.e.c.",145.21,4.822060203566014,8.924359175971052,0.09444356996695102,2.5504439063761097,10.32996480189062,,
1991,Other pulses n.e.c.,9.79,,,,,4.302655165325376,10.623084780388158,10.83
1992,Other pulses n.e.c.,10.83,10.623084780388158,,,,2.5547939122480585,22.34533702677748,13.25
1993,Other pulses n.e.c.,13.25,22.34533702677748,10.623084780388158,,,,11.849056603773578,14.82
1994,Other pulses n.e.c.,14.82,11.849056603773578,22.34533702677748,10.623084780388158,,,17.81376518218625,17.46
1995,Other pulses n.e.c.,17.46,17.81376518218625,11.849056603773578,22.34533702677748,10.623084780388158,,-0.9736540664375792,17.29
1996,Other pulses n.e.c.,17.29,-0.9736540664375792,17.81376518218625,11.849056603773578,22.34533702677748,,-3.1810294968189767,16.74
1997,Other pulses n.e.c.,16.74,-3.1810294968189767,-0.9736540664375792,17.81376518218625,11.849056603773578,13.082939427837573,19.11589008363204,19.94
1998,Other pulses n.e.c.,19.94,19.11589008363204,-3.1810294968189767,-0.9736540664375792,17.81376518218625,10.727512603778075,-6.469408224674034,18.65
1999,Other pulses n.e.c.,18.65,-6.469408224674034,19.11589008363204,-3.1810294968189767,-0.9736540664375792,12.818386175540189,76.56836461126007,32.93
2000,Other pulses n.e.c.,32.93,76.56836461126007,-6.469408224674034,19.11589008363204,-3.1810294968189767,13.230355855529297,5.2232007288187,34.65
2001,Other pulses n.e.c.,34.65,5.2232007288187,76.56836461126007,-6.469408224674034,19.11589008363204,3.8834067097230514,5.974025974025965,36.72
2002,Other pulses n.e.c.,36.72,5.974025974025965,5.2232007288187,76.56836461126007,-6.469408224674034,-1.3610360372023191,8.469498910675387,39.83
2003,Other pulses n.e.c.,39.83,8.469498910675387,5.974025974025965,5.2232007288187,76.56836461126007,-0.327659641700565,5.975395430579966,42.21
2004,Other pulses n.e.c.,42.21,5.975395430579966,8.469498910675387,5.974025974025965,5.2232007288187,5.5195003029929905,8.860459606728277,45.95
2005,Other pulses n.e.c.,45.95,8.860459606728277,5.975395430579966,8.469498910675387,5.974025974025965,11.865365244457962,6.507072905331879,48.94
2006,Other pulses n.e.c.,48.94,6.507072905331879,8.860459606728277,5.975395430579966,8.469498910675387,12.379179942890167,22.905598692276264,60.15
2007,Other pulses n.e.c.,60.15,22.905598692276264,6.507072905331879,8.860459606728277,5.975395430579966,9.60059750127383,-1.3965087281795463,59.31
2008,Other pulses n.e.c.,59.31,-1.3965087281795463,22.905598692276264,6.507072905331879,8.860459606728277,7.768451315994529,10.470409711684358,65.52
2009,Other pulses n.e.c.,65.52,10.470409711684358,-1.3965087281795463,22.905598692276264,6.507072905331879,7.114309314213359,17.73504273504274,77.14
2010,Other pulses n.e.c.,77.14,17.73504273504274,10.470409711684358,-1.3965087281795463,22.905598692276264,12.75771040144546,9.048483277158414,84.12
2011,Other pulses n.e.c.,84.12,9.048483277158414,17.73504273504274,10.470409711684358,-1.3965087281795463,9.338720956476184,8.511650023775562,91.28
2012,Other pulses n.e.c.,91.28,8.511650023775562,9.048483277158414,17.73504273504274,10.470409711684358,10.659833225260344,-4.338299737072749,87.32
2013,Other pulses n.e.c.,87.32,-4.338299737072749,8.511650023775562,9.048483277158414,17.73504273504274,8.93631457284917,8.394411360513065,94.65
2014,Other pulses n.e.c.,94.65,8.394411360513065,-4.338299737072749,8.511650023775562,9.048483277158414,12.417978574628492,6.032752245113571,100.36
2015,Other pulses n.e.c.,100.36,6.032752245113571,8.394411360513065,-4.338299737072749,8.511650023775562,11.76505867865889,4.613391789557597,104.99
2016,Other pulses n.e.c.,104.99,4.613391789557597,6.032752245113571,8.394411360513065,-4.338299737072749,4.4072778546203955,4.848080769597107,110.08
2017,Other pulses n.e.c.,110.08,4.848080769597107,4.613391789557597,6.032752245113571,8.394411360513065,4.1892538824052785,-0.28161337209302584,109.77
2018,Other pulses n.e.c.,109.77,-0.28161337209302584,4.848080769597107,4.613391789557597,6.032752245113571,3.3629546228512814,7.734353648537851,118.26
2019,Other pulses n.e.c.,118.26,7.734353648537851,-0.28161337209302584,4.848080769597107,4.613391789557597,6.34685179839473,-7.627261965161514,109.24
2020,Other pulses n.e.c.,109.24,-7.627261965161514,7.734353648537851,-0.28161337209302584,4.848080769597107,5.164741601422744,20.816550714024174,131.98
2021,Other pulses n.e.c.,131.98,20.816550714024174,-7.627261965161514,7.734353648537851,-0.28161337209302584,3.0599530623538787,9.10744052129111,144.0
2022,Other pulses n.e.c.,144.0,9.10744052129111,20.816550714024174,-7.627261965161514,7.734353648537851,3.6417391704595055,3.1805555555555642,148.58
2023,Other pulses n.e.c.,148.58,3.1805555555555642,9.10744052129111,20.816550714024174,-7.627261965161514,0.40401346067945365,4.018037420918019,154.55
2024,Other pulses n.e.c.,154.55,4.018037420918019,3.1805555555555642,9.10744052129111,20.816550714024174,8.069686151290101,3.869297961824647,160.53
2025,Other pulses n.e.c.,160.53,3.869297961824647,4.018037420918019,3.1805555555555642,9.10744052129111,7.190014738912769,,
1991,"Other stimulant, spice and aromatic crops, n.e.c.",41.15,,,,,5.275320883469508,-16.0145808019441,34.56
1992,"Other stimulant, spice and aromatic crops, n.e.c.",34.56,-16.0145808019441,,,,3.0894082684269715,-19.791666666666675,27.72
1993,"Other stimulant, spice and aromatic crops, n.e.c.",27.72,-19.791666666666675,-16.0145808019441,,,0.7420539458648295,18.181818181818187,32.76
1994,"Other stimulant, spice and aromatic crops, n.e.c.",32.76,18.181818181818187,-19.791666666666675,-16.0145808019441,,1.325416874794931,22.1916971916972,40.03
1995,"Other stimulant, spice and aromatic crops, n.e.c.",40.03,22.1916971916972,18.181818181818187,-19.791666666666675,-16.0145808019441,1.0018783805045992,-9.742692980264799,36.13
1996,"Other stimulant, spice and aromatic crops, n.e.c.",36.13,-9.742692980264799,22.1916971916972,18.181818181818187,-19.791666666666675,10.424449072428494,2.297259894824233,36.96
1997,"Other stimulant, spice and aromatic crops, n.e.c.",36.96,2.297259894824233,-9.742692980264799,22.1916971916972,18.181818181818187,16.010172291269594,31.11471861471862,48.46
1998,"Other stimulant, spice and aromatic crops, n.e.c.",48.46,31.11471861471862,2.297259894824233,-9.742692980264799,22.1916971916972,15.859375514393207,18.448204704911262,57.4
1999,"Other stimulant, spice and aromatic crops, n.e.c.",57.4,18.448204704911262,31.11471861471862,2.297259894824233,-9.742692980264799,10.659833225260343,-7.12543554006968,53.31
2000,"Other stimulant, spice and aromatic crops, n.e.c.",53.31,-7.12543554006968,18.448204704911262,31.11471861471862,2.297259894824233,8.936314572849168,-24.254361283061343,40.38
2001,"Other stimulant, spice and aromatic crops, n.e.c.",40.38,-24.254361283061343,-7.12543554006968,18.448204704911262,31.11471861471862,12.417978574628487,3.6899455175829488,41.87
2002,"Other stimulant, spice and aromatic crops, n.e.c.",41.87,3.6899455175829488,-24.254361283061343,-7.12543554006968,18.448204704911262,11.765058678658889,7.523286362550774,45.02
2003,"Other stimulant, spice and aromatic crops, n.e.c.",45.02,7.523286362550774,3.6899455175829488,-24.254361283061343,-7.12543554006968,4.407277854620393,0.5108840515326563,45.25
2004,"Other stimulant, spice and aromatic crops, n.e.c.",45.25,0.5108840515326563,7.523286362550774,3.6899455175829488,-24.254361283061343,4.189253882405276,-4.441988950276244,43.24
2005,"Other stimulant, spice and aromatic crops, n.e.c.",43.24,-4.441988950276244,0.5108840515326563,7.523286362550774,3.6899455175829488,3.3629546228512788,13.182238667900092,48.94
2006,"Other stimulant, spice and aromatic crops, n.e.c.",48.94,13.182238667900092,-4.441988950276244,0.5108840515326563,7.523286362550774,6.346851798394727,22.905598692276264,60.15
2007,"Other stimulant, spice and aromatic crops, n.e.c.",60.15,22.905598692276264,13.182238667900092,-4.441988950276244,0.5108840515326563,5.164741601422741,-1.3965087281795463,59.31
2008,"Other stimulant, spice and aromatic crops, n.e.c.",59.31,-1.3965087281795463,22.905598692276264,13.182238667900092,-4.441988950276244,3.0599530623538764,10.470409711684358,65.52
2009,"Other stimulant, spice and aromatic crops, n.e.c.",65.52,10.470409711684358,-1.3965087281795463,22.905598692276264,13.182238667900092,3.8300116189123266,17.73504273504274,77.14
2010,"Other stimulant, spice and aromatic crops, n.e.c.",77.14,17.73504273504274,10.470409711684358,-1.3965087281795463,22.905598692276264,0.475891486204899,9.048483277158414,84.12
2011,"Other stimulant, spice and aromatic crops, n.e.c.",84.12,9.048483277158414,17.73504273504274,10.470409711684358,-1.3965087281795463,7.113582834955011,8.511650023775562,91.28
2012,"Other stimulant, spice and aromatic crops, n.e.c.",91.28,8.511650023775562,9.048483277158414,17.73504273504274,10.470409711684358,6.0004073067427415,-4.338299737072749,87.32
2013,"Other stimulant, spice and aromatic crops, n.e.c.",87.32,-4.338299737072749,8.511650023775562,9.048483277158414,17.73504273504274,8.376829255551868,8.394411360513065,94.65
2014,"Other stimulant, spice and aromatic crops, n.e.c.",94.65,8.394411360513065,-4.338299737072749,8.511650023775562,9.048483277158414,4.338347109124579,6.032752245113571,100.36
2015,"Other stimulant, spice and aromatic crops, n.e.c.",100.36,6.032752245113571,8.394411360513065,-4.338299737072749,8.511650023775562,,4.613391789557597,104.99
2016,"Other stimulant, spice and aromatic crops, n.e.c.",104.99,4.613391789557597,6.032752245113571,8.394411360513065,-4.338299737072749,,4.848080769597107,110.08
2017,"Other stimulant, spice and aromatic crops, n.e.c.",110.08,4.848080769597107,4.613391789557597,6.032752245113571,8.394411360513065,,-0.28161337209302584,109.77
2018,"Other stimulant, spice and aromatic crops, n.e.c.",109.77,-0.28161337209302584,4.848080769597107,4.613391789557597,6.032752245113571,,4.682517992165436,114.91
2019,"Other stimulant, spice and aromatic crops, n.e.c.",114.91,4.682517992165436,-0.28161337209302584,4.848080769597107,4.613391789557597,10.842184241170552,-7.884431294056215,105.85
2020,"Other stimulant, spice and aromatic crops, n.e.c.",105.85,-7.884431294056215,4.682517992165436,-0.28161337209302584,4.848080769597107,7.849919751804282,7.53897024090695,113.83
2021,"Other stimulant, spice and aromatic crops, n.e.c.",113.83,7.53897024090695,-7.884431294056215,4.682517992165436,-0.28161337209302584,9.855673544175062,5.077747518228937,119.61
2022,"Other stimulant, spice and aromatic crops, n.e.c.",119.61,5.077747518228937,7.53897024090695,-7.884431294056215,4.682517992165436,9.066930948283206,1.9647186690076035,121.96
2023,"Other stimulant, spice and aromatic crops, n.e.c.",121.96,1.9647186690076035,5.077747518228937,7.53897024090695,-7.884431294056215,15.925563729560873,10.396851426697262,134.64
2024,"Other stimulant, spice and aromatic crops, n.e.c.",134.64,10.396851426697262,1.9647186690076035,5.077747518228937,7.53897024090695,11.872117674291873,5.317884729649447,141.8
2025,"Other stimulant, spice and aromatic crops, n.e.c.",141.8,5.317884729649447,10.396851426697262,1.9647186690076035,5.077747518228937,12.16372063484612,,
1991,Other stone fruits,15.0,,,,,1.772450410783695,31.866666666666667,19.78
1992,Other stone fruits,19.78,31.866666666666667,,,,4.7373334400111995,4.8028311425682535,20.73
1993,Other stone fruits,20.73,4.8028311425682535,31.866666666666667,,,5.541559167026839,2.604920405209832,21.27
1994,Other stone fruits,21.27,2.604920405209832,4.8028311425682535,31.866666666666667,,7.7590469776126625,24.823695345557127,26.55
1995,Other stone fruits,26.55,24.823695345557127,2.604920405209832,4.8028311425682535,31.866666666666667,7.768451315994528,11.035781544256128,29.48
1996,Other stone fruits,29.48,11.035781544256128,24.823695345557127,2.604920405209832,4.8028311425682535,7.114309314213358,3.833107191316154,30.61
1997,Other stone fruits,30.61,3.833107191316154,11.035781544256128,24.823695345557127,2.604920405209832,12.757710401445458,-3.2342371773930068,29.62
1998,Other stone fruits,29.62,-3.2342371773930068,3.833107191316154,11.035781544256128,24.823695345557127,9.338720956476182,-4.692775151924378,28.23
1999,Other stone fruits,28.23,-4.692775151924378,-3.2342371773930068,3.833107191316154,11.035781544256128,10.659833225260343,6.942968473255395,30.19
2000,Other stone fruits,30.19,6.942968473255395,-4.692775151924378,-3.2342371773930068,3.833107191316154,8.936314572849168,32.5604504802915,40.02
2001,Other stone fruits,40.02,32.5604504802915,6.942968473255395,-4.692775151924378,-3.2342371773930068,12.417978574628487,14.142928535732114,45.68
2002,Other stone fruits,45.68,14.142928535732114,32.5604504802915,6.942968473255395,-4.692775151924378,11.765058678658889,-7.224168126094566,42.38
2003,Other stone fruits,42.38,-7.224168126094566,14.142928535732114,32.5604504802915,6.942968473255395,4.407277854620393,5.261915998112299,44.61
2004,Other stone fruits,44.61,5.261915998112299,-7.224168126094566,14.142928535732114,32.5604504802915,4.189253882405276,3.003810804752316,45.95
2005,Other stone fruits,45.95,3.003810804752316,5.261915998112299,-7.224168126094566,14.142928535732114,3.3629546228512788,6.507072905331879,48.94
2006,Other stone fruits,48.94,6.507072905331879,3.003810804752316,5.261915998112299,-7.224168126094566,6.346851798394727,22.905598692276264,60.15
2007,Other stone fruits,60.15,22.905598692276264,6.507072905331879,3.003810804752316,5.261915998112299,5.164741601422741,-1.3965087281795463,59.31
2008,Other stone fruits,59.31,-1.3965087281795463,22.905598692276264,6.507072905331879,3.003810804752316,3.0599530623538764,10.470409711684358,65.52
2009,Other stone fruits,65.52,10.470409711684358,-1.3965087281795463,22.905598692276264,6.507072905331879,3.9180745383499342,17.73504273504274,77.14
2010,Other stone fruits,77.14,17.73504273504274,10.470409711684358,-1.3965087281795463,22.905598692276264,2.007413358252491,9.048483277158414,84.12
2011,Other stone fruits,84.12,9.048483277158414,17.73504273504274,10.470409711684358,-1.3965087281795463,4.6508757473609625,8.511650023775562,91.28
2012,Other stone fruits,91.28,8.511650023775562,9.048483277158414,17.73504273504274,10.470409711684358,2.945308025119188,-4.338299737072749,87.32
2013,Other stone fruits,87.32,-4.338299737072749,8.511650023775562,9.048483277158414,17.73504273504274,2.467349805039293,8.394411360513065,94.65
2014,Other stone fruits,94.65,8.394411360513065,-4.338299737072749,8.511650023775562,9.048483277158414,3.542162683659735,6.032752245113571,100.36
2015,Other stone fruits,100.36,6.032752245113571,8.394411360513065,-4.338299737072749,8.511650023775562,,4.613391789557597,104.99
2016,Other stone fruits,104.99,4.613391789557597,6.032752245113571,8.394411360513065,-4.338299737072749,,4.848080769597107,110.08
2017,Other stone fruits,110.08,4.848080769597107,4.613391789557597,6.032752245113571,8.394411360513065,,-0.28161337209302584,109.77
2018,Other stone fruits,109.77,-0.28161337209302584,4.848080769597107,4.613391789557597,6.032752245113571,,13.09100847226019,124.14
2019,Other stone fruits,124.14,13.09100847226019,-0.28161337209302584,4.848080769597107,4.613391789557597,21.21065803944974,-8.58707910423715,113.48
2020,Other stone fruits,113.48,-8.58707910423715,13.09100847226019,-0.28161337209302584,4.848080769597107,22.176829430414703,17.430384208671114,133.26
2021,Other stone fruits,133.26,17.430384208671114,-8.58707910423715,13.09100847226019,-0.28161337209302584,23.05136196301238,3.2793036169893375,137.63
2022,Other stone fruits,137.63,3.2793036169893375,17.430384208671114,-8.58707910423715,13.09100847226019,25.073164349512325,1.4313739736975917,139.6
2023,Other stone fruits,139.6,1.4313739736975917,3.2793036169893375,17.430384208671114,-8.58707910423715,35.32311328894309,9.33381088825216,152.63
2024,Other stone fruits,152.63,9.33381088825216,1.4313739736975917,3.2793036169893375,17.430384208671114,27.79850609622868,8.536984865360676,165.66
2025,Other stone fruits,165.66,8.536984865360676,9.33381088825216,1.4313739736975917,3.2793036169893375,6.518525949190615,,
1991,"Other tropical fruits, n.e.c.",16.07,,,,,20.08724624482601,11.32545115121344,17.89
1992,"Other tropical fruits, n.e.c.",17.89,11.32545115121344,,,,18.925731296305667,31.805477920626025,23.58
1993,"Other tropical fruits, n.e.c.",23.58,31.805477920626025,11.32545115121344,,,10.659833225260341,4.834605597964381,24.72
1994,"Other tropical fruits, n.e.c.",24.72,4.834605597964381,31.805477920626025,11.32545115121344,,8.936314572849165,2.5889967637540368,25.36
1995,"Other tropical fruits, n.e.c.",25.36,2.5889967637540368,4.834605597964381,31.805477920626025,11.32545115121344,12.417978574628487,24.802839116719234,31.65
1996,"Other tropical fruits, n.e.c.",31.65,24.802839116719234,2.5889967637540368,4.834605597964381,31.805477920626025,11.765058678658887,11.026856240126381,35.14
1997,"Other tropical fruits, n.e.c.",35.14,11.026856240126381,24.802839116719234,2.5889967637540368,4.834605597964381,4.40727785462039,3.8702333523050747,36.5
1998,"Other tropical fruits, n.e.c.",36.5,3.8702333523050747,11.026856240126381,24.802839116719234,2.5889967637540368,4.189253882405274,-3.2328767123287694,35.32
1999,"Other tropical fruits, n.e.c.",35.32,-3.2328767123287694,3.8702333523050747,11.026856240126381,24.802839116719234,3.3629546228512766,-4.699886749716886,33.66
2000,"Other tropical fruits, n.e.c.",33.66,-4.699886749716886,-3.2328767123287694,3.8702333523050747,11.026856240126381,6.346851798394725,6.2982768865121885,35.78
2001,"Other tropical fruits, n.e.c.",35.78,6.2982768865121885,-4.699886749716886,-3.2328767123287694,3.8702333523050747,5.164741601422739,2.6271660145332554,36.72
2002,"Other tropical fruits, n.e.c.",36.72,2.6271660145332554,6.2982768865121885,-4.699886749716886,-3.2328767123287694,3.0599530623538738,8.469498910675387,39.83
2003,"Other tropical fruits, n.e.c.",39.83,8.469498910675387,2.6271660145332554,6.2982768865121885,-4.699886749716886,0.6597465191582955,5.975395430579966,42.21
2004,"Other tropical fruits, n.e.c.",42.21,5.975395430579966,8.469498910675387,2.6271660145332554,6.2982768865121885,-3.6246927610344137,8.860459606728277,45.95
2005,"Other tropical fruits, n.e.c.",45.95,8.860459606728277,5.975395430579966,8.469498910675387,2.6271660145332554,-1.433298679462147,6.507072905331879,48.94
2006,"Other tropical fruits, n.e.c.",48.94,6.507072905331879,8.860459606728277,5.975395430579966,8.469498910675387,0.1591539568342236,22.905598692276264,60.15
2007,"Other tropical fruits, n.e.c.",60.15,22.905598692276264,6.507072905331879,8.860459606728277,5.975395430579966,3.036582068000411,-1.3965087281795463,59.31
2008,"Other tropical fruits, n.e.c.",59.31,-1.3965087281795463,22.905598692276264,6.507072905331879,8.860459606728277,5.3940442295067745,10.470409711684358,65.52
2009,"Other tropical fruits, n.e.c.",65.52,10.470409711684358,-1.3965087281795463,22.905598692276264,6.507072905331879,,17.73504273504274,77.14
2010,"Other tropical fruits, n.e.c.",77.14,17.73504273504274,10.470409711684358,-1.3965087281795463,22.905598692276264,,9.048483277158414,84.12
2011,"Other tropical fruits, n.e.c.",84.12,9.048483277158414,17.73504273504274,10.470409711684358,-1.3965087281795463,,8.511650023775562,91.28
2012,"Other tropical fruits, n.e.c.",91.28,8.511650023775562,9.048483277158414,17.73504273504274,10.470409711684358,,-4.338299737072749,87.32
2013,"Other tropical fruits, n.e.c.",87.32,-4.338299737072749,8.511650023775562,9.048483277158414,17.73504273504274,12.187766050618698,8.394411360513065,94.65
2014,"Other tropical fruits, n.e.c.",94.65,8.394411360513065,-4.338299737072749,8.511650023775562,9.048483277158414,19.247709099595095,6.032752245113571,100.36
2015,"Other tropical fruits, n.e.c.",100.36,6.032752245113571,8.394411360513065,-4.338299737072749,8.511650023775562,11.88976509960228,4.613391789557597,104.99
2016,"Other tropical fruits, n.e.c.",104.99,4.613391789557597,6.032752245113571,8.394411360513065,-4.338299737072749,4.899804154417122,4.848080769597107,110.08
2017,"Other tropical fruits, n.e.c.",110.08,4.848080769597107,4.613391789557597,6.032752245113571,8.394411360513065,8.360090581207293,-0.28161337209302584,109.77
2018,"Other tropical fruits, n.e.c.",109.77,-0.28161337209302584,4.848080769597107,4.613391789557597,6.032752245113571,10.137101497454578,7.57948437642344,118.09
2019,"Other tropical fruits, n.e.c.",118.09,7.57948437642344,-0.28161337209302584,4.848080769597107,4.613391789557597,4.5796798431072725,0.9568972817342702,119.22
2020,"Other tropical fruits, n.e.c.",119.22,0.9568972817342702,7.57948437642344,-0.28161337209302584,4.848080769597107,-2.085211664011053,7.876195269250141,128.61
2021,"Other tropical fruits, n.e.c.",128.61,7.876195269250141,0.9568972817342702,7.57948437642344,-0.28161337209302584,2.7742420846969194,3.133504393126474,132.64
2022,"Other tropical fruits, n.e.c.",132.64,3.133504393126474,7.876195269250141,0.9568972817342702,7.57948437642344,6.332854925792723,-0.5880579010856257,131.86
2023,"Other tropical fruits, n.e.c.",131.86,-0.5880579010856257,3.133504393126474,7.876195269250141,0.9568972817342702,2.163453230617835,8.349764902168966,142.87
2024,"Other tropical fruits, n.e.c.",142.87,8.349764902168966,-0.5880579010856257,3.133504393126474,7.876195269250141,2.4666441654783293,5.529502344788972,150.77
2025,"Other tropical fruits, n.e.c.",150.77,5.529502344788972,8.349764902168966,-0.5880579010856257,3.133504393126474,6.4941248267414124,,
1991,"Other vegetables, fresh n.e.c.",13.79,,,,,8.936314572849165,6.091370558375653,14.63
1992,"Other vegetables, fresh n.e.c.",14.63,6.091370558375653,,,,12.417978574628487,7.5187969924811915,15.73
1993,"Other vegetables, fresh n.e.c.",15.73,7.5187969924811915,6.091370558375653,,,11.765058678658887,9.917355371900815,17.29
1994,"Other vegetables, fresh n.e.c.",17.29,9.917355371900815,7.5187969924811915,6.091370558375653,,4.40727785462039,12.08791208791209,19.38
1995,"Other vegetables, fresh n.e.c.",19.38,12.08791208791209,9.917355371900815,7.5187969924811915,6.091370558375653,4.189253882405274,4.7987616099071095,20.31
1996,"Other vegetables, fresh n.e.c.",20.31,4.7987616099071095,12.08791208791209,9.917355371900815,7.5187969924811915,3.3629546228512766,30.9699655342196,26.6
1997,"Other vegetables, fresh n.e.c.",26.6,30.9699655342196,4.7987616099071095,12.08791208791209,9.917355371900815,6.346851798394725,-0.07518796992482812,26.58
1998,"Other vegetables, fresh n.e.c.",26.58,-0.07518796992482812,30.9699655342196,4.7987616099071095,12.08791208791209,5.164741601422739,6.094808126410833,28.2
1999,"Other vegetables, fresh n.e.c.",28.2,6.094808126410833,-0.07518796992482812,30.9699655342196,4.7987616099071095,3.0599530623538738,10.425531914893615,31.14
2000,"Other vegetables, fresh n.e.c.",31.14,10.425531914893615,6.094808126410833,-0.07518796992482812,30.9699655342196,3.638702518065095,10.436737315350042,34.39
2001,"Other vegetables, fresh n.e.c.",34.39,10.436737315350042,10.425531914893615,6.094808126410833,-0.07518796992482812,-1.129628671023949,8.83977900552486,37.43
2002,"Other vegetables, fresh n.e.c.",37.43,8.83977900552486,10.436737315350042,10.425531914893615,6.094808126410833,5.142104326233169,6.411969008816443,39.83
2003,"Other vegetables, fresh n.e.c.",39.83,6.411969008816443,8.83977900552486,10.436737315350042,10.425531914893615,4.366446744537776,5.975395430579966,42.21
2004,"Other vegetables, fresh n.e.c.",42.21,5.975395430579966,6.411969008816443,8.83977900552486,10.436737315350042,7.562230383301767,8.860459606728277,45.95
2005,"Other vegetables, fresh n.e.c.",45.95,8.860459606728277,5.975395430579966,6.411969008816443,8.83977900552486,4.63596493408587,6.507072905331879,48.94
2006,"Other vegetables, fresh n.e.c.",48.94,6.507072905331879,8.860459606728277,5.975395430579966,6.411969008816443,,22.905598692276264,60.15
2007,"Other vegetables, fresh n.e.c.",60.15,22.905598692276264,6.507072905331879,8.860459606728277,5.975395430579966,,-1.3965087281795463,59.31
2008,"Other vegetables, fresh n.e.c.",59.31,-1.3965087281795463,22.905598692276264,6.507072905331879,8.860459606728277,,10.470409711684358,65.52
2009,"Other vegetables, fresh n.e.c.",65.52,10.470409711684358,-1.3965087281795463,22.905598692276264,6.507072905331879,,17.73504273504274,77.14
2010,"Other vegetables, fresh n.e.c.",77.14,17.73504273504274,10.470409711684358,-1.3965087281795463,22.905598692276264,15.999322128671281,9.048483277158414,84.12
2011,"Other vegetables, fresh n.e.c.",84.12,9.048483277158414,17.73504273504274,10.470409711684358,-1.3965087281795463,13.081058075196731,8.511650023775562,91.28
2012,"Other vegetables, fresh n.e.c.",91.28,8.511650023775562,9.048483277158414,17.73504273504274,10.470409711684358,10.747100164362982,-4.338299737072749,87.32
2013,"Other vegetables, fresh n.e.c.",87.32,-4.338299737072749,8.511650023775562,9.048483277158414,17.73504273504274,12.816839774704642,8.394411360513065,94.65
2014,"Other vegetables, fresh n.e.c.",94.65,8.394411360513065,-4.338299737072749,8.511650023775562,9.048483277158414,13.232651416873082,6.032752245113571,100.36
2015,"Other vegetables, fresh n.e.c.",100.36,6.032752245113571,8.394411360513065,-4.338299737072749,8.511650023775562,3.882546034163525,4.613391789557597,104.99
2016,"Other vegetables, fresh n.e.c.",104.99,4.613391789557597,6.032752245113571,8.394411360513065,-4.338299737072749,-1.359422138775953,4.848080769597107,110.08
2017,"Other vegetables, fresh n.e.c.",110.08,4.848080769597107,4.613391789557597,6.032752245113571,8.394411360513065,-0.5335511298969813,-0.28161337209302584,109.77
2018,"Other vegetables, fresh n.e.c.",109.77,-0.28161337209302584,4.848080769597107,4.613391789557597,6.032752245113571,5.312387715894524,6.768698187118538,117.2
2019,"Other vegetables, fresh n.e.c.",117.2,6.768698187118538,-0.28161337209302584,4.848080769597107,4.613391789557597,11.18740705610358,-7.19283276450513,108.77
2020,"Other vegetables, fresh n.e.c.",108.77,-7.19283276450513,6.768698187118538,-0.28161337209302584,4.848080769597107,11.077206911323318,15.666084398271597,125.81
2021,"Other vegetables, fresh n.e.c.",125.81,15.666084398271597,-7.19283276450513,6.768698187118538,-0.28161337209302584,9.254896580340795,6.493919402273263,133.98
2022,"Other vegetables, fresh n.e.c.",133.98,6.493919402273263,15.666084398271597,-7.19283276450513,6.768698187118538,7.114309314213354,1.873413942379476,136.49
2023,"Other vegetables, fresh n.e.c.",136.49,1.873413942379476,6.493919402273263,15.666084398271597,-7.19283276450513,12.757710401445456,7.451095318338341,146.66
2024,"Other vegetables, fresh n.e.c.",146.66,7.451095318338341,1.873413942379476,6.493919402273263,15.666084398271597,9.338720956476179,6.92758761761898,156.82
2025,"Other vegetables, fresh n.e.c.",156.82,6.92758761761898,7.451095318338341,1.873413942379476,6.493919402273263,10.659833225260341,,
1991,Papayas,14.42,,,,,4.40727785462039,11.303744798890424,16.05
1992,Papayas,16.05,11.303744798890424,,,,4.189253882405274,31.90031152647976,21.17
1993,Papayas,21.17,31.90031152647976,11.303744798890424,,,3.3629546228512766,4.770902220122797,22.18
1994,Papayas,22.18,4.770902220122797,31.90031152647976,11.303744798890424,,6.346851798394725,2.6149684400360806,22.76
1995,Papayas,22.76,2.6149684400360806,4.770902220122797,31.90031152647976,11.303744798890424,5.164741601422739,24.824253075571168,28.41
1996,Papayas,28.41,24.824253075571168,2.6149684400360806,4.770902220122797,31.90031152647976,3.0599530623538738,11.017247448081658,31.54
1997,Papayas,31.54,11.017247448081658,24.824253075571168,2.6149684400360806,4.770902220122797,4.1883366014515735,3.8681039949270746,32.76
1998,Papayas,32.76,3.8681039949270746,11.017247448081658,24.824253075571168,2.6149684400360806,3.36803581349786,-3.2356532356532353,31.7
1999,Papayas,31.7,-3.2356532356532353,3.8681039949270746,11.017247448081658,24.824253075571168,8.888391256746752,-4.7003154574132395,30.21
2000,Papayas,30.21,-4.7003154574132395,-3.2356532356532353,3.8681039949270746,11.017247448081658,6.467829461595589,6.2893081761006275,32.11
2001,Papayas,32.11,6.2893081761006275,-4.7003154574132395,-3.2356532356532353,3.8681039949270746,5.0602029184166595,14.356898162566178,36.72
2002,Papayas,36.72,14.356898162566178,6.2893081761006275,-4.7003154574132395,-3.2356532356532353,2.6811738785090427,8.469498910675387,39.83
2003,Papayas,39.83,8.469498910675387,14.356898162566178,6.2893081761006275,-4.7003154574132395,,5.975395430579966,42.21
2004,Papayas,42.21,5.975395430579966,8.469498910675387,14.356898162566178,6.2893081761006275,,8.860459606728277,45.95
2005,Papayas,45.95,8.860459606728277,5.975395430579966,8.469498910675387,14.356898162566178,,6.507072905331879,48.94
2006,Papayas,48.94,6.507072905331879,8.860459606728277,5.975395430579966,8.469498910675387,,22.905598692276264,60.15
2007,Papayas,60.15,22.905598692276264,6.507072905331879,8.860459606728277,5.975395430579966,13.082939427837568,-1.3965087281795463,59.31
2008,Papayas,59.31,-1.3965087281795463,22.905598692276264,6.507072905331879,8.860459606728277,10.727512603778072,10.470409711684358,65.52
2009,Papayas,65.52,10.470409711684358,-1.3965087281795463,22.905598692276264,6.507072905331879,12.818386175540184,17.73504273504274,77.14
2010,Papayas,77.14,17.73504273504274,10.470409711684358,-1.3965087281795463,22.905598692276264,13.230355855529291,9.048483277158414,84.12
2011,Papayas,84.12,9.048483277158414,17.73504273504274,10.470409711684358,-1.3965087281795463,3.883406709723047,8.511650023775562,91.28
2012,Papayas,91.28,8.511650023775562,9.048483277158414,17.73504273504274,10.470409711684358,-1.361036037202324,-4.338299737072749,87.32
2013,Papayas,87.32,-4.338299737072749,8.511650023775562,9.048483277158414,17.73504273504274,-0.3276596417005697,8.394411360513065,94.65
2014,Papayas,94.65,8.394411360513065,-4.338299737072749,8.511650023775562,9.048483277158414,5.519500302992985,6.032752245113571,100.36
2015,Papayas,100.36,6.032752245113571,8.394411360513065,-4.338299737072749,8.511650023775562,11.865365244457957,4.613391789557597,104.99
2016,Papayas,104.99,4.613391789557597,6.032752245113571,8.394411360513065,-4.338299737072749,12.379179942890161,4.848080769597107,110.08
2017,Papayas,110.08,4.848080769597107,4.613391789557597,6.032752245113571,8.394411360513065,9.600597501273825,-0.28161337209302584,109.77
2018,Papayas,109.77,-0.28161337209302584,4.848080769597107,4.613391789557597,6.032752245113571,7.7684513159945245,-25.371230755215446,81.92
2019,Papayas,81.92,-25.371230755215446,-0.28161337209302584,4.848080769597107,4.613391789557597,7.114309314213354,19.68994140625,98.05
2020,Papayas,98.05,19.68994140625,-25.371230755215446,-0.28161337209302584,4.848080769597107,12.757710401445456,13.55430902600714,111.34
2021,Papayas,111.34,13.55430902600714,19.68994140625,-25.371230755215446,-0.28161337209302584,9.338720956476179,-2.254356026585236,108.83
2022,Papayas,108.83,-2.254356026585236,13.55430902600714,19.68994140625,-25.371230755215446,10.659833225260341,1.6080124965542675,110.58
2023,Papayas,110.58,1.6080124965542675,-2.254356026585236,13.55430902600714,19.68994140625,8.936314572849165,8.310725266775187,119.77
2024,Papayas,119.77,8.310725266775187,1.6080124965542675,-2.254356026585236,13.55430902600714,12.417978574628487,5.343575185772731,126.17
2025,Papayas,126.17,5.343575185772731,8.310725266775187,1.6080124965542675,-2.254356026585236,11.765058678658887,,
1991,Peaches and nectarines,13.96,,,,,4.40727785462039,31.876790830945545,18.41
1992,Peaches and nectarines,18.41,31.876790830945545,,,,4.189253882405274,4.780010863661044,19.29
1993,Peaches and nectarines,19.29,4.780010863661044,31.876790830945545,,,3.3629546228512766,2.5920165889061764,19.79
1994,Peaches and nectarines,19.79,2.5920165889061764,4.780010863661044,31.876790830945545,,6.346851798394725,24.810510358767047,24.7
1995,Peaches and nectarines,24.7,24.810510358767047,2.5920165889061764,4.780010863661044,31.876790830945545,5.164741601422739,11.05263157894738,27.43
1996,Peaches and nectarines,27.43,11.05263157894738,24.810510358767047,2.5920165889061764,4.780010863661044,3.0599530623538738,3.8279256288735075,28.48
1997,Peaches and nectarines,28.48,3.8279256288735075,11.05263157894738,24.810510358767047,2.5920165889061764,3.6417391704595006,-3.2303370786516905,27.56
1998,Peaches and nectarines,27.56,-3.2303370786516905,3.8279256288735075,11.05263157894738,24.810510358767047,0.40401346067944893,-4.680696661828732,26.27
1999,Peaches and nectarines,26.27,-4.680696661828732,-3.2303370786516905,3.8279256288735075,11.05263157894738,8.069686151290098,6.92805481537877,28.09
2000,Peaches and nectarines,28.09,6.92805481537877,-4.680696661828732,-3.2303370786516905,3.8279256288735075,7.190014738912764,14.311142755428975,32.11
2001,Peaches and nectarines,32.11,14.311142755428975,6.92805481537877,-4.680696661828732,-3.2303370786516905,9.653476275723671,14.356898162566178,36.72
2002,Peaches and nectarines,36.72,14.356898162566178,14.311142755428975,6.92805481537877,-4.680696661828732,4.135398088933369,8.469498910675387,39.83
2003,Peaches and nectarines,39.83,8.469498910675387,14.356898162566178,14.311142755428975,6.92805481537877,,5.975395430579966,42.21
2004,Peaches and nectarines,42.21,5.975395430579966,8.469498910675387,14.356898162566178,14.311142755428975,,8.860459606728277,45.95
2005,Peaches and nectarines,45.95,8.860459606728277,5.975395430579966,8.469498910675387,14.356898162566178,,6.507072905331879,48.94
2006,Peaches and nectarines,48.94,6.507072905331879,8.860459606728277,5.975395430579966,8.469498910675387,,22.905598692276264,60.15
2007,Peaches and nectarines,60.15,22.905598692276264,6.507072905331879,8.860459606728277,5.975395430579966,4.110706224211861,-1.3965087281795463,59.31
2008,Peaches and nectarines,59.31,-1.3965087281795463,22.905598692276264,6.507072905331879,8.860459606728277,10.727512603778072,10.470409711684358,65.52
2009,Peaches and nectarines,65.52,10.470409711684358,-1.3965087281795463,22.905598692276264,6.507072905331879,12.818386175540184,17.73504273504274,77.14
2010,Peaches and nectarines,77.14,17.73504273504274,10.470409711684358,-1.3965087281795463,22.905598692276264,13.230355855529291,9.048483277158414,84.12
2011,Peaches and nectarines,84.12,9.048483277158414,17.73504273504274,10.470409711684358,-1.3965087281795463,3.883406709723047,8.511650023775562,91.28
2012,Peaches and nectarines,91.28,8.511650023775562,9.048483277158414,17.73504273504274,10.470409711684358,-1.361036037202324,-4.338299737072749,87.32
2013,Peaches and nectarines,87.32,-4.338299737072749,8.511650023775562,9.048483277158414,17.73504273504274,-0.3276596417005697,8.394411360513065,94.65
2014,Peaches and nectarines,94.65,8.394411360513065,-4.338299737072749,8.511650023775562,9.048483277158414,5.519500302992985,6.032752245113571,100.36
2015,Peaches and nectarines,100.36,6.032752245113571,8.394411360513065,-4.338299737072749,8.511650023775562,11.865365244457957,4.613391789557597,104.99
2016,Peaches and nectarines,104.99,4.613391789557597,6.032752245113571,8.394411360513065,-4.338299737072749,12.379179942890161,4.848080769597107,110.08
2017,Peaches and nectarines,110.08,4.848080769597107,4.613391789557597,6.032752245113571,8.394411360513065,9.600597501273825,-0.28161337209302584,109.77
2018,Peaches and nectarines,109.77,-0.28161337209302584,4.848080769597107,4.613391789557597,6.032752245113571,7.7684513159945245,6.358750113874478,116.75
2019,Peaches and nectarines,116.75,6.358750113874478,-0.28161337209302584,4.848080769597107,4.613391789557597,7.114309314213354,-4.865096359743049,111.07
2020,Peaches and nectarines,111.07,-4.865096359743049,6.358750113874478,-0.28161337209302584,4.848080769597107,12.757710401445456,22.71540469973892,136.3
2021,Peaches and nectarines,136.3,22.71540469973892,-4.865096359743049,6.358750113874478,-0.28161337209302584,9.338720956476179,3.7197358767424804,141.37
2022,Peaches and nectarines,141.37,3.7197358767424804,22.71540469973892,-4.865096359743049,6.358750113874478,10.659833225260341,2.5252882506896723,144.94
2023,Peaches and nectarines,144.94,2.5252882506896723,3.7197358767424804,22.71540469973892,-4.865096359743049,8.936314572849165,6.161170139368011,153.87
2024,Peaches and nectarines,153.87,6.161170139368011,2.5252882506896723,3.7197358767424804,22.71540469973892,12.417978574628487,5.8100994345876344,162.81
2025,Peaches and nectarines,162.81,5.8100994345876344,6.161170139368011,2.5252882506896723,3.7197358767424804,11.765058678658887,,
1991,Pears,14.42,,,,,6.346851798394725,11.303744798890424,16.05
1992,Pears,16.05,11.303744798890424,,,,5.164741601422739,31.90031152647976,21.17
1993,Pears,21.17,31.90031152647976,11.303744798890424,,,3.0599530623538738,4.818138875767586,22.19
1994,Pears,22.19,4.818138875767586,31.90031152647976,11.303744798890424,,3.6417391704595006,2.5687246507435813,22.76
1995,Pears,22.76,2.5687246507435813,4.818138875767586,31.90031152647976,11.303744798890424,0.40401346067944893,24.824253075571168,28.41
1996,Pears,28.41,24.824253075571168,2.5687246507435813,4.818138875767586,31.90031152647976,8.069686151290098,11.017247448081658,31.54
1997,Pears,31.54,11.017247448081658,24.824253075571168,2.5687246507435813,4.818138875767586,7.190014738912764,3.8681039949270746,32.76
1998,Pears,32.76,3.8681039949270746,11.017247448081658,24.824253075571168,2.5687246507435813,9.653476275723671,-3.2356532356532353,31.7
1999,Pears,31.7,-3.2356532356532353,3.8681039949270746,11.017247448081658,24.824253075571168,4.135398088933369,-4.7003154574132395,30.21
2000,Pears,30.21,-4.7003154574132395,-3.2356532356532353,3.8681039949270746,11.017247448081658,,6.2893081761006275,32.11
2001,Pears,32.11,6.2893081761006275,-4.7003154574132395,-3.2356532356532353,3.8681039949270746,,14.356898162566178,36.72
2002,Pears,36.72,14.356898162566178,6.2893081761006275,-4.7003154574132395,-3.2356532356532353,,8.469498910675387,39.83
2003,Pears,39.83,8.469498910675387,14.356898162566178,6.2893081761006275,-4.7003154574132395,,5.975395430579966,42.21
2004,Pears,42.21,5.975395430579966,8.469498910675387,14.356898162566178,6.2893081761006275,3.509711233865712,8.860459606728277,45.95
2005,Pears,45.95,8.860459606728277,5.975395430579966,8.469498910675387,14.356898162566178,15.230445013548893,6.507072905331879,48.94
2006,Pears,48.94,6.507072905331879,8.860459606728277,5.975395430579966,8.469498910675387,12.847782673545519,22.905598692276264,60.15
2007,Pears,60.15,22.905598692276264,6.507072905331879,8.860459606728277,5.975395430579966,9.95564309059724,-1.3965087281795463,59.31
2008,Pears,59.31,-1.3965087281795463,22.905598692276264,6.507072905331879,8.860459606728277,8.277631264927061,10.470409711684358,65.52
2009,Pears,65.52,10.470409711684358,-1.3965087281795463,22.905598692276264,6.507072905331879,-1.1635282817845283,17.73504273504274,77.14
2010,Pears,77.14,17.73504273504274,10.470409711684358,-1.3965087281795463,22.905598692276264,1.9063125619604475,9.048483277158414,84.12
2011,Pears,84.12,9.048483277158414,17.73504273504274,10.470409711684358,-1.3965087281795463,1.5850968638426643,8.511650023775562,91.28
2012,Pears,91.28,8.511650023775562,9.048483277158414,17.73504273504274,10.470409711684358,7.702605619061525,-4.338299737072749,87.32
2013,Pears,87.32,-4.338299737072749,8.511650023775562,9.048483277158414,17.73504273504274,2.122626148013005,8.394411360513065,94.65
2014,Pears,94.65,8.394411360513065,-4.338299737072749,8.511650023775562,9.048483277158414,6.703286265609802,6.032752245113571,100.36
2015,Pears,100.36,6.032752245113571,8.394411360513065,-4.338299737072749,8.511650023775562,8.37033230403472,4.613391789557597,104.99
2016,Pears,104.99,4.613391789557597,6.032752245113571,8.394411360513065,-4.338299737072749,10.473609957146143,4.848080769597107,110.08
2017,Pears,110.08,4.848080769597107,4.613391789557597,6.032752245113571,8.394411360513065,8.77439393682265,-0.28161337209302584,109.77
2018,Pears,109.77,-0.28161337209302584,4.848080769597107,4.613391789557597,6.032752245113571,7.865010241126367,7.251525917828183,117.73
2019,Pears,117.73,7.251525917828183,-0.28161337209302584,4.848080769597107,4.613391789557597,10.659833225260343,-11.551855941561207,104.13
2020,Pears,104.13,-11.551855941561207,7.251525917828183,-0.28161337209302584,4.848080769597107,8.936314572849168,8.662249111687315,113.15
2021,Pears,113.15,8.662249111687315,-11.551855941561207,7.251525917828183,-0.28161337209302584,12.417978574628487,13.239063190455136,128.13
2022,Pears,128.13,13.239063190455136,8.662249111687315,-11.551855941561207,7.251525917828183,11.765058678658889,14.524311246390397,146.74
2023,Pears,146.74,14.524311246390397,13.239063190455136,8.662249111687315,-11.551855941561207,4.407277854620393,1.4992503748125774,148.94
2024,Pears,148.94,1.4992503748125774,14.524311246390397,13.239063190455136,8.662249111687315,4.189253882405276,6.505975560628441,158.63
2025,Pears,158.63,6.505975560628441,1.4992503748125774,14.524311246390397,13.239063190455136,3.3629546228512788,,
1991,"Peas, dry",16.56,,,,,3.7237287851083067,18.659420289855078,19.65
1992,"Peas, dry",19.65,18.659420289855078,,,,2.5976466007003634,9.770992366412212,21.57
1993,"Peas, dry",21.57,9.770992366412212,18.659420289855078,,,8.044950996305124,7.603152526657397,23.21
1994,"Peas, dry",23.21,7.603152526657397,9.770992366412212,18.659420289855078,,5.993342937922091,9.780267126238694,25.48
1995,"Peas, dry",25.48,9.780267126238694,7.603152526657397,9.770992366412212,18.659420289855078,6.416013480019054,9.615384615384603,27.93
1996,"Peas, dry",27.93,9.615384615384603,9.780267126238694,7.603152526657397,9.770992366412212,3.8587176480928007,8.09165771571787,30.19
1997,"Peas, dry",30.19,8.09165771571787,9.615384615384603,9.780267126238694,7.603152526657397,,7.154686982444525,32.35
1998,"Peas, dry",32.35,7.154686982444525,8.09165771571787,9.615384615384603,9.780267126238694,,6.584234930448218,34.48
1999,"Peas, dry",34.48,6.584234930448218,7.154686982444525,8.09165771571787,9.615384615384603,,4.843387470997684,36.15
2000,"Peas, dry",36.15,4.843387470997684,6.584234930448218,7.154686982444525,8.09165771571787,,4.398340248962662,37.74
2001,"Peas, dry",37.74,4.398340248962662,4.843387470997684,6.584234930448218,7.154686982444525,14.597100594085637,0.026497085320609237,37.75
2002,"Peas, dry",37.75,0.026497085320609237,4.398340248962662,4.843387470997684,6.584234930448218,15.805659534752806,-2.19867549668874,36.92
2003,"Peas, dry",36.92,-2.19867549668874,0.026497085320609237,4.398340248962662,4.843387470997684,8.688946707526691,6.148429035752967,39.19
2004,"Peas, dry",39.19,6.148429035752967,-2.19867549668874,0.026497085320609237,4.398340248962662,4.080558439024805,-0.9441183975503864,38.82
2005,"Peas, dry",38.82,-0.9441183975503864,6.148429035752967,-2.19867549668874,0.026497085320609237,6.948374222454114,26.069036579082947,48.94
2006,"Peas, dry",48.94,26.069036579082947,-0.9441183975503864,6.148429035752967,-2.19867549668874,7.775985897707744,22.905598692276264,60.15
2007,"Peas, dry",60.15,22.905598692276264,26.069036579082947,-0.9441183975503864,6.148429035752967,9.814289298223262,-1.3965087281795463,59.31
2008,"Peas, dry",59.31,-1.3965087281795463,22.905598692276264,26.069036579082947,-0.9441183975503864,4.471868006434885,10.470409711684358,65.52
2009,"Peas, dry",65.52,10.470409711684358,-1.3965087281795463,22.905598692276264,26.069036579082947,4.864801204351205,17.73504273504274,77.14
2010,"Peas, dry",77.14,17.73504273504274,10.470409711684358,-1.3965087281795463,22.905598692276264,2.100819661667484,9.048483277158414,84.12
2011,"Peas, dry",84.12,9.048483277158414,17.73504273504274,10.470409711684358,-1.3965087281795463,3.093272399086653,8.511650023775562,91.28
2012,"Peas, dry",91.28,8.511650023775562,9.048483277158414,17.73504273504274,10.470409711684358,3.324205676638964,-4.338299737072749,87.32
2013,"Peas, dry",87.32,-4.338299737072749,8.511650023775562,9.048483277158414,17.73504273504274,8.237656757967185,8.394411360513065,94.65
2014,"Peas, dry",94.65,8.394411360513065,-4.338299737072749,8.511650023775562,9.048483277158414,14.074542778779294,6.032752245113571,100.36
2015,"Peas, dry",100.36,6.032752245113571,8.394411360513065,-4.338299737072749,8.511650023775562,12.46608942445183,4.613391789557597,104.99
2016,"Peas, dry",104.99,4.613391789557597,6.032752245113571,8.394411360513065,-4.338299737072749,10.659833225260343,4.848080769597107,110.08
2017,"Peas, dry",110.08,4.848080769597107,4.613391789557597,6.032752245113571,8.394411360513065,8.936314572849168,-0.28161337209302584,109.77
2018,"Peas, dry",109.77,-0.28161337209302584,4.848080769597107,4.613391789557597,6.032752245113571,12.417978574628487,6.923567459232949,117.37
2019,"Peas, dry",117.37,6.923567459232949,-0.28161337209302584,4.848080769597107,4.613391789557597,11.765058678658889,-5.214279628525176,111.25
2020,"Peas, dry",111.25,-5.214279628525176,6.923567459232949,-0.28161337209302584,4.848080769597107,4.407277854620393,19.63146067415731,133.09
2021,"Peas, dry",133.09,19.63146067415731,-5.214279628525176,6.923567459232949,-0.28161337209302584,4.189253882405276,3.5840408745961394,137.86
2022,"Peas, dry",137.86,3.5840408745961394,19.63146067415731,-5.214279628525176,6.923567459232949,3.3629546228512788,1.9149862179022037,140.5
2023,"Peas, dry",140.5,1.9149862179022037,3.5840408745961394,19.63146067415731,-5.214279628525176,6.346851798394727,7.5160142348754455,151.06
2024,"Peas, dry",151.06,7.5160142348754455,1.9149862179022037,3.5840408745961394,19.63146067415731,5.164741601422741,6.9839798755461535,161.61
2025,"Peas, dry",161.61,6.9839798755461535,7.5160142348754455,1.9149862179022037,3.5840408745961394,3.0599530623538764,,
1991,"Peas, green",13.97,,,,,6.064415645492351,18.89763779527558,16.61
1992,"Peas, green",16.61,18.89763779527558,,,,7.000807342012469,6.080674292594823,17.62
1993,"Peas, green",17.62,6.080674292594823,18.89763779527558,,,3.9737944203482543,7.548240635641301,18.95
1994,"Peas, green",18.95,7.548240635641301,6.080674292594823,18.89763779527558,,,9.92084432717677,20.83
1995,"Peas, green",20.83,9.92084432717677,7.548240635641301,6.080674292594823,18.89763779527558,,12.09793566970716,23.35
1996,"Peas, green",23.35,12.09793566970716,9.92084432717677,7.548240635641301,6.080674292594823,,5.1820128479657335,24.56
1997,"Peas, green",24.56,5.1820128479657335,12.09793566970716,9.92084432717677,7.548240635641301,,30.49674267100977,32.05
1998,"Peas, green",32.05,30.49674267100977,5.1820128479657335,12.09793566970716,9.92084432717677,13.886183156861364,-0.062402496099833726,32.03
1999,"Peas, green",32.03,-0.062402496099833726,30.49674267100977,5.1820128479657335,12.09793566970716,14.210626186239201,6.05682172962847,33.97
2000,"Peas, green",33.97,6.05682172962847,-0.062402496099833726,30.49674267100977,5.1820128479657335,21.12680906299146,-0.6770680011775054,33.74
2001,"Peas, green",33.74,-0.6770680011775054,6.05682172962847,-0.062402496099833726,30.49674267100977,4.356327182282999,8.832246591582681,36.72
2002,"Peas, green",36.72,8.832246591582681,-0.6770680011775054,6.05682172962847,-0.062402496099833726,31.965760033399523,8.469498910675387,39.83
2003,"Peas, green",39.83,8.469498910675387,8.832246591582681,-0.6770680011775054,6.05682172962847,23.757116927040553,5.975395430579966,42.21
2004,"Peas, green",42.21,5.975395430579966,8.469498910675387,8.832246591582681,-0.6770680011775054,13.55624448897685,8.860459606728277,45.95
2005,"Peas, green",45.95,8.860459606728277,5.975395430579966,8.469498910675387,8.832246591582681,-6.782943380848181,6.507072905331879,48.94
2006,"Peas, green",48.94,6.507072905331879,8.860459606728277,5.975395430579966,8.469498910675387,-7.818719715842863,22.905598692276264,60.15
2007,"Peas, green",60.15,22.905598692276264,6.507072905331879,8.860459606728277,5.975395430579966,3.9540020457368565,-1.3965087281795463,59.31
2008,"Peas, green",59.31,-1.3965087281795463,22.905598692276264,6.507072905331879,8.860459606728277,6.430107125931106,10.470409711684358,65.52
2009,"Peas, green",65.52,10.470409711684358,-1.3965087281795463,22.905598692276264,6.507072905331879,4.12889183748301,17.73504273504274,77.14
2010,"Peas, green",77.14,17.73504273504274,10.470409711684358,-1.3965087281795463,22.905598692276264,7.114309314213359,9.048483277158414,84.12
2011,"Peas, green",84.12,9.048483277158414,17.73504273504274,10.470409711684358,-1.3965087281795463,12.75771040144546,8.511650023775562,91.28
2012,"Peas, green",91.28,8.511650023775562,9.048483277158414,17.73504273504274,10.470409711684358,9.338720956476184,-4.338299737072749,87.32
2013,"Peas, green",87.32,-4.338299737072749,8.511650023775562,9.048483277158414,17.73504273504274,10.659833225260344,8.394411360513065,94.65
2014,"Peas, green",94.65,8.394411360513065,-4.338299737072749,8.511650023775562,9.048483277158414,8.93631457284917,6.032752245113571,100.36
2015,"Peas, green",100.36,6.032752245113571,8.394411360513065,-4.338299737072749,8.511650023775562,12.417978574628492,4.613391789557597,104.99
2016,"Peas, green",104.99,4.613391789557597,6.032752245113571,8.394411360513065,-4.338299737072749,11.76505867865889,4.848080769597107,110.08
2017,"Peas, green",110.08,4.848080769597107,4.613391789557597,6.032752245113571,8.394411360513065,4.4072778546203955,-0.28161337209302584,109.77
2018,"Peas, green",109.77,-0.28161337209302584,4.848080769597107,4.613391789557597,6.032752245113571,4.1892538824052785,7.187756217545771,117.66
2019,"Peas, green",117.66,7.187756217545771,-0.28161337209302584,4.848080769597107,4.613391789557597,3.3629546228512814,-0.8839027706952218,116.62
2020,"Peas, green",116.62,-0.8839027706952218,7.187756217545771,-0.28161337209302584,4.848080769597107,6.34685179839473,7.648773795232389,125.54
2021,"Peas, green",125.54,7.648773795232389,-0.8839027706952218,7.187756217545771,-0.28161337209302584,5.164741601422744,2.0710530508204483,128.14
2022,"Peas, green",128.14,2.0710530508204483,7.648773795232389,-0.8839027706952218,7.187756217545771,3.0599530623538787,-2.3177774309349086,125.17
2023,"Peas, green",125.17,-2.3177774309349086,2.0710530508204483,7.648773795232389,-0.8839027706952218,1.944250481989674,10.873212431093716,138.78
2024,"Peas, green",138.78,10.873212431093716,-2.3177774309349086,2.0710530508204483,7.648773795232389,0.14530404337741873,6.4274391122639996,147.7
2025,"Peas, green",147.7,6.4274391122639996,10.873212431093716,-2.3177774309349086,2.0710530508204483,2.2352553724438606,,
1991,"Pepper (Piper spp.), raw",20.19,,,,,12.81721035576762,-2.179296681525511,19.75
1992,"Pepper (Piper spp.), raw",19.75,-2.179296681525511,,,,13.240077904909171,24.911392405063303,24.67
1993,"Pepper (Piper spp.), raw",24.67,24.911392405063303,-2.179296681525511,,,3.8851412783068917,40.89987839481148,34.76
1994,"Pepper (Piper spp.), raw",34.76,40.89987839481148,24.911392405063303,-2.179296681525511,,-1.3603562628309707,0.7192174913693838,35.01
1995,"Pepper (Piper spp.), raw",35.01,0.7192174913693838,40.89987839481148,24.911392405063303,-2.179296681525511,-0.5514145720419705,27.53499000285633,44.65
1996,"Pepper (Piper spp.), raw",44.65,27.53499000285633,0.7192174913693838,40.89987839481148,24.911392405063303,5.306167687296171,46.96528555431132,65.62
1997,"Pepper (Piper spp.), raw",65.62,46.96528555431132,27.53499000285633,0.7192174913693838,40.89987839481148,8.257400375345659,31.469064309661675,86.27
1998,"Pepper (Piper spp.), raw",86.27,31.469064309661675,46.96528555431132,27.53499000285633,0.7192174913693838,8.15196338986055,4.961168424713103,90.55
1999,"Pepper (Piper spp.), raw",90.55,4.961168424713103,31.469064309661675,46.96528555431132,27.53499000285633,6.322191330518856,-16.874654886802876,75.27
2000,"Pepper (Piper spp.), raw",75.27,-16.874654886802876,4.961168424713103,31.469064309661675,46.96528555431132,7.114309314213359,-30.995084362960014,51.94
2001,"Pepper (Piper spp.), raw",51.94,-30.995084362960014,-16.874654886802876,4.961168424713103,31.469064309661675,12.75771040144546,-15.402387370042359,43.94
2002,"Pepper (Piper spp.), raw",43.94,-15.402387370042359,-30.995084362960014,-16.874654886802876,4.961168424713103,9.338720956476184,-17.501137915339093,36.25
2003,"Pepper (Piper spp.), raw",36.25,-17.501137915339093,-15.402387370042359,-30.995084362960014,-16.874654886802876,10.659833225260344,-2.234482758620693,35.44
2004,"Pepper (Piper spp.), raw",35.44,-2.234482758620693,-17.501137915339093,-15.402387370042359,-30.995084362960014,8.93631457284917,2.0880361173814865,36.18
2005,"Pepper (Piper spp.), raw",36.18,2.0880361173814865,-2.234482758620693,-17.501137915339093,-15.402387370042359,12.417978574628492,35.26810392482034,48.94
2006,"Pepper (Piper spp.), raw",48.94,35.26810392482034,2.0880361173814865,-2.234482758620693,-17.501137915339093,11.76505867865889,22.905598692276264,60.15
2007,"Pepper (Piper spp.), raw",60.15,22.905598692276264,35.26810392482034,2.0880361173814865,-2.234482758620693,4.4072778546203955,-1.3965087281795463,59.31
2008,"Pepper (Piper spp.), raw",59.31,-1.3965087281795463,22.905598692276264,35.26810392482034,2.0880361173814865,4.1892538824052785,10.470409711684358,65.52
2009,"Pepper (Piper spp.), raw",65.52,10.470409711684358,-1.3965087281795463,22.905598692276264,35.26810392482034,3.3629546228512814,17.73504273504274,77.14
2010,"Pepper (Piper spp.), raw",77.14,17.73504273504274,10.470409711684358,-1.3965087281795463,22.905598692276264,6.34685179839473,9.048483277158414,84.12
2011,"Pepper (Piper spp.), raw",84.12,9.048483277158414,17.73504273504274,10.470409711684358,-1.3965087281795463,5.164741601422744,8.511650023775562,91.28
2012,"Pepper (Piper spp.), raw",91.28,8.511650023775562,9.048483277158414,17.73504273504274,10.470409711684358,3.0599530623538787,-4.338299737072749,87.32
2013,"Pepper (Piper spp.), raw",87.32,-4.338299737072749,8.511650023775562,9.048483277158414,17.73504273504274,4.069907158069956,8.394411360513065,94.65
2014,"Pepper (Piper spp.), raw",94.65,8.394411360513065,-4.338299737072749,8.511650023775562,9.048483277158414,0.033433383144447625,6.032752245113571,100.36
2015,"Pepper (Piper spp.), raw",100.36,6.032752245113571,8.394411360513065,-4.338299737072749,8.511650023775562,5.697055678313742,4.613391789557597,104.99
2016,"Pepper (Piper spp.), raw",104.99,4.613391789557597,6.032752245113571,8.394411360513065,-4.338299737072749,5.55501756256347,4.848080769597107,110.08
2017,"Pepper (Piper spp.), raw",110.08,4.848080769597107,4.613391789557597,6.032752245113571,8.394411360513065,8.826300664776136,-0.28161337209302584,109.77
2018,"Pepper (Piper spp.), raw",109.77,-0.28161337209302584,4.848080769597107,4.613391789557597,6.032752245113571,5.363883680334855,-2.587227840029138,106.93
2019,"Pepper (Piper spp.), raw",106.93,-2.587227840029138,-0.28161337209302584,4.848080769597107,4.613391789557597,,-8.00523707098102,98.37
2020,"Pepper (Piper spp.), raw",98.37,-8.00523707098102,-2.587227840029138,-0.28161337209302584,4.848080769597107,,6.292568872623772,104.56
2021,"Pepper (Piper spp.), raw",104.56,6.292568872623772,-8.00523707098102,-2.587227840029138,-0.28161337209302584,,2.1901300688599745,106.85
2022,"Pepper (Piper spp.), raw",106.85,2.1901300688599745,6.292568872623772,-8.00523707098102,-2.587227840029138,,0.6270472625175438,107.52
2023,"Pepper (Piper spp.), raw",107.52,0.6270472625175438,2.1901300688599745,6.292568872623772,-8.00523707098102,8.951295415468564,13.364955357142861,121.89
2024,"Pepper (Piper spp.), raw",121.89,13.364955357142861,0.6270472625175438,2.1901300688599745,6.292568872623772,7.773516825532872,3.4949544671425192,126.15
2025,"Pepper (Piper spp.), raw",126.15,3.4949544671425192,13.364955357142861,0.6270472625175438,2.1901300688599745,11.488007834520332,,
1991,"Pigeon peas, dry",20.22,,,,,8.93631457284917,1.335311572700304,20.49
1992,"Pigeon peas, dry",20.49,1.335311572700304,,,,12.417978574628492,6.051732552464628,21.73
1993,"Pigeon peas, dry",21.73,6.051732552464628,1.335311572700304,,,11.76505867865889,29.17625402669122,28.07
1994,"Pigeon peas, dry",28.07,29.17625402669122,6.051732552464628,1.335311572700304,,4.4072778546203955,22.5151407196295,34.39
1995,"Pigeon peas, dry",34.39,22.5151407196295,29.17625402669122,6.051732552464628,1.335311572700304,4.1892538824052785,-16.022099447513817,28.88
1996,"Pigeon peas, dry",28.88,-16.022099447513817,22.5151407196295,29.17625402669122,6.051732552464628,3.3629546228512814,8.20637119113574,31.25
1997,"Pigeon peas, dry",31.25,8.20637119113574,-16.022099447513817,22.5151407196295,29.17625402669122,6.34685179839473,32.896000000000015,41.53
1998,"Pigeon peas, dry",41.53,32.896000000000015,8.20637119113574,-16.022099447513817,22.5151407196295,5.164741601422744,-10.691066698771968,37.09
1999,"Pigeon peas, dry",37.09,-10.691066698771968,32.896000000000015,8.20637119113574,-16.022099447513817,3.0599530623538787,-8.465893771906174,33.95
2000,"Pigeon peas, dry",33.95,-8.465893771906174,-10.691066698771968,32.896000000000015,8.20637119113574,4.170116687085172,12.901325478645042,38.33
2001,"Pigeon peas, dry",38.33,12.901325478645042,-8.465893771906174,-10.691066698771968,32.896000000000015,0.26416375043915075,3.8872945473519493,39.82
2002,"Pigeon peas, dry",39.82,3.8872945473519493,12.901325478645042,-8.465893771906174,-10.691066698771968,5.526438438886409,2.209944751381232,40.7
2003,"Pigeon peas, dry",40.7,2.209944751381232,3.8872945473519493,12.901325478645042,-8.465893771906174,5.088321162036773,0.39312039312038305,40.86
2004,"Pigeon peas, dry",40.86,0.39312039312038305,2.209944751381232,3.8872945473519493,12.901325478645042,8.087049569224718,4.7968673519334315,42.82
2005,"Pigeon peas, dry",42.82,4.7968673519334315,0.39312039312038305,2.209944751381232,3.8872945473519493,5.308175303559664,14.292386735170481,48.94
2006,"Pigeon peas, dry",48.94,14.292386735170481,4.7968673519334315,0.39312039312038305,2.209944751381232,,22.905598692276264,60.15
2007,"Pigeon peas, dry",60.15,22.905598692276264,14.292386735170481,4.7968673519334315,0.39312039312038305,,-1.3965087281795463,59.31
2008,"Pigeon peas, dry",59.31,-1.3965087281795463,22.905598692276264,14.292386735170481,4.7968673519334315,,10.470409711684358,65.52
2009,"Pigeon peas, dry",65.52,10.470409711684358,-1.3965087281795463,22.905598692276264,14.292386735170481,,17.73504273504274,77.14
2010,"Pigeon peas, dry",77.14,17.73504273504274,10.470409711684358,-1.3965087281795463,22.905598692276264,9.04989264973571,9.048483277158414,84.12
2011,"Pigeon peas, dry",84.12,9.048483277158414,17.73504273504274,10.470409711684358,-1.3965087281795463,8.997704851554497,8.511650023775562,91.28
2012,"Pigeon peas, dry",91.28,8.511650023775562,9.048483277158414,17.73504273504274,10.470409711684358,9.173891532569623,-4.338299737072749,87.32
2013,"Pigeon peas, dry",87.32,-4.338299737072749,8.511650023775562,9.048483277158414,17.73504273504274,8.295948759052507,8.394411360513065,94.65
2014,"Pigeon peas, dry",94.65,8.394411360513065,-4.338299737072749,8.511650023775562,9.048483277158414,7.284637374405708,6.032752245113571,100.36
2015,"Pigeon peas, dry",100.36,6.032752245113571,8.394411360513065,-4.338299737072749,8.511650023775562,6.184227272158497,4.613391789557597,104.99
2016,"Pigeon peas, dry",104.99,4.613391789557597,6.032752245113571,8.394411360513065,-4.338299737072749,6.615639499382612,4.848080769597107,110.08
2017,"Pigeon peas, dry",110.08,4.848080769597107,4.613391789557597,6.032752245113571,8.394411360513065,5.0402555064000465,-0.28161337209302584,109.77
2018,"Pigeon peas, dry",109.77,-0.28161337209302584,4.848080769597107,4.613391789557597,6.032752245113571,3.946609069168735,6.349640156691261,116.74
2019,"Pigeon peas, dry",116.74,6.349640156691261,-0.28161337209302584,4.848080769597107,4.613391789557597,3.9495758207011384,-9.456912797670025,105.7
2020,"Pigeon peas, dry",105.7,-9.456912797670025,6.349640156691261,-0.28161337209302584,4.848080769597107,5.321830507079572,18.533585619678327,125.29
2021,"Pigeon peas, dry",125.29,18.533585619678327,-9.456912797670025,6.349640156691261,-0.28161337209302584,7.768451315994529,4.022667411605085,130.33
2022,"Pigeon peas, dry",130.33,4.022667411605085,18.533585619678327,-9.456912797670025,6.349640156691261,7.114309314213359,0.130438118621945,130.5
2023,"Pigeon peas, dry",130.5,0.130438118621945,4.022667411605085,18.533585619678327,-9.456912797670025,12.75771040144546,9.754789272030639,143.23
2024,"Pigeon peas, dry",143.23,9.754789272030639,0.130438118621945,4.022667411605085,18.533585619678327,9.338720956476184,8.887802834601711,155.96
2025,"Pigeon peas, dry",155.96,8.887802834601711,9.754789272030639,0.130438118621945,4.022667411605085,10.659833225260344,,
1991,Pineapples,13.85,,,,,4.4072778546203955,11.33574007220217,15.42
1992,Pineapples,15.42,11.33574007220217,,,,4.1892538824052785,31.841763942931255,20.33
1993,Pineapples,20.33,31.841763942931255,11.33574007220217,,,3.3629546228512814,4.820462370880474,21.31
1994,Pineapples,21.31,4.820462370880474,31.841763942931255,11.33574007220217,,6.34685179839473,2.5809479117785195,21.86
1995,Pineapples,21.86,2.5809479117785195,4.820462370880474,31.841763942931255,11.33574007220217,5.164741601422744,24.839890210430006,27.29
1996,Pineapples,27.29,24.839890210430006,2.5809479117785195,4.820462370880474,31.841763942931255,3.0599530623538787,11.029681201905461,30.3
1997,Pineapples,30.3,11.029681201905461,24.839890210430006,2.5809479117785195,4.820462370880474,3.9514777146883424,3.828382838283839,31.46
1998,Pineapples,31.46,3.828382838283839,11.029681201905461,24.839890210430006,2.5809479117785195,0.07681106999826574,-3.210425937698669,30.45
1999,Pineapples,30.45,-3.210425937698669,3.828382838283839,11.029681201905461,24.839890210430006,5.325978669118078,-4.696223316912973,29.02
2000,Pineapples,29.02,-4.696223316912973,-3.210425937698669,3.828382838283839,11.029681201905461,5.108010649104049,6.305995864920755,30.85
2001,Pineapples,30.85,6.305995864920755,-4.696223316912973,-3.210425937698669,3.828382838283839,8.079280444077353,14.327390599675848,35.27
2002,Pineapples,35.27,14.327390599675848,6.305995864920755,-4.696223316912973,-3.210425937698669,5.306833248339605,12.928834703714198,39.83
2003,Pineapples,39.83,12.928834703714198,14.327390599675848,6.305995864920755,-4.696223316912973,,5.975395430579966,42.21
2004,Pineapples,42.21,5.975395430579966,12.928834703714198,14.327390599675848,6.305995864920755,,8.860459606728277,45.95
2005,Pineapples,45.95,8.860459606728277,5.975395430579966,12.928834703714198,14.327390599675848,,6.507072905331879,48.94
2006,Pineapples,48.94,6.507072905331879,8.860459606728277,5.975395430579966,12.928834703714198,,22.905598692276264,60.15
2007,Pineapples,60.15,22.905598692276264,6.507072905331879,8.860459606728277,5.975395430579966,6.588352464475666,-1.3965087281795463,59.31
2008,Pineapples,59.31,-1.3965087281795463,22.905598692276264,6.507072905331879,8.860459606728277,7.3313376719507035,10.470409711684358,65.52
2009,Pineapples,65.52,10.470409711684358,-1.3965087281795463,22.905598692276264,6.507072905331879,8.372012275125313,17.73504273504274,77.14
2010,Pineapples,77.14,17.73504273504274,10.470409711684358,-1.3965087281795463,22.905598692276264,0.6814183668057131,9.048483277158414,84.12
2011,Pineapples,84.12,9.048483277158414,17.73504273504274,10.470409711684358,-1.3965087281795463,1.6994325738153264,8.511650023775562,91.28
2012,Pineapples,91.28,8.511650023775562,9.048483277158414,17.73504273504274,10.470409711684358,6.373807335174621,-4.338299737072749,87.32
2013,Pineapples,87.32,-4.338299737072749,8.511650023775562,9.048483277158414,17.73504273504274,11.889781025566919,8.394411360513065,94.65
2014,Pineapples,94.65,8.394411360513065,-4.338299737072749,8.511650023775562,9.048483277158414,6.783730959793555,6.032752245113571,100.36
2015,Pineapples,100.36,6.032752245113571,8.394411360513065,-4.338299737072749,8.511650023775562,-0.9849672113983027,4.613391789557597,104.99
2016,Pineapples,104.99,4.613391789557597,6.032752245113571,8.394411360513065,-4.338299737072749,1.6274367153516185,4.848080769597107,110.08
2017,Pineapples,110.08,4.848080769597107,4.613391789557597,6.032752245113571,8.394411360513065,18.934624348902346,-0.28161337209302584,109.77
2018,Pineapples,109.77,-0.28161337209302584,4.848080769597107,4.613391789557597,6.032752245113571,16.512540830158702,7.998542406850695,118.55
2019,Pineapples,118.55,7.998542406850695,-0.28161337209302584,4.848080769597107,4.613391789557597,25.52766931638543,2.387178405735968,121.38
2020,Pineapples,121.38,2.387178405735968,7.998542406850695,-0.28161337209302584,4.848080769597107,15.864931783465353,16.27945295765365,141.14
2021,Pineapples,141.14,16.27945295765365,2.387178405735968,7.998542406850695,-0.28161337209302584,23.288924818191365,0.7368570213972081,142.18
2022,Pineapples,142.18,0.7368570213972081,16.27945295765365,2.387178405735968,7.998542406850695,16.560619884867076,-1.835701223800823,139.57
2023,Pineapples,139.57,-1.835701223800823,0.7368570213972081,16.27945295765365,2.387178405735968,15.302459143947713,9.1423658379308,152.33
2024,Pineapples,152.33,9.1423658379308,-1.835701223800823,0.7368570213972081,16.27945295765365,12.417978574628487,8.383115604280178,165.1
2025,Pineapples,165.1,8.383115604280178,9.1423658379308,-1.835701223800823,0.7368570213972081,11.765058678658889,,
1991,Plums and sloes,13.96,,,,,4.407277854620393,31.876790830945545,18.41
1992,Plums and sloes,18.41,31.876790830945545,,,,4.189253882405276,4.780010863661044,19.29
1993,Plums and sloes,19.29,4.780010863661044,31.876790830945545,,,3.3629546228512788,2.5920165889061764,19.79
1994,Plums and sloes,19.79,2.5920165889061764,4.780010863661044,31.876790830945545,,6.346851798394727,24.810510358767047,24.7
1995,Plums and sloes,24.7,24.810510358767047,2.5920165889061764,4.780010863661044,31.876790830945545,5.164741601422741,11.05263157894738,27.43
1996,Plums and sloes,27.43,11.05263157894738,24.810510358767047,2.5920165889061764,4.780010863661044,3.0599530623538764,3.8279256288735075,28.48
1997,Plums and sloes,28.48,3.8279256288735075,11.05263157894738,24.810510358767047,2.5920165889061764,1.1911606881783703,-3.2303370786516905,27.56
1998,Plums and sloes,27.56,-3.2303370786516905,3.8279256288735075,11.05263157894738,24.810510358767047,1.1884327466993658,-4.680696661828732,26.27
1999,Plums and sloes,26.27,-4.680696661828732,-3.2303370786516905,3.8279256288735075,11.05263157894738,8.803806415929607,6.92805481537877,28.09
2000,Plums and sloes,28.09,6.92805481537877,-4.680696661828732,-3.2303370786516905,3.8279256288735075,12.400107649368229,14.311142755428975,32.11
2001,Plums and sloes,32.11,14.311142755428975,6.92805481537877,-4.680696661828732,-3.2303370786516905,11.721611598146685,14.356898162566178,36.72
2002,Plums and sloes,36.72,14.356898162566178,14.311142755428975,6.92805481537877,-4.680696661828732,4.7033973440933865,8.469498910675387,39.83
2003,Plums and sloes,39.83,8.469498910675387,14.356898162566178,14.311142755428975,6.92805481537877,,5.975395430579966,42.21
2004,Plums and sloes,42.21,5.975395430579966,8.469498910675387,14.356898162566178,14.311142755428975,,8.860459606728277,45.95
2005,Plums and sloes,45.95,8.860459606728277,5.975395430579966,8.469498910675387,14.356898162566178,,6.507072905331879,48.94
2006,Plums and sloes,48.94,6.507072905331879,8.860459606728277,5.975395430579966,8.469498910675387,,22.905598692276264,60.15
2007,Plums and sloes,60.15,22.905598692276264,6.507072905331879,8.860459606728277,5.975395430579966,3.6060649254831225,-1.3965087281795463,59.31
2008,Plums and sloes,59.31,-1.3965087281795463,22.905598692276264,6.507072905331879,8.860459606728277,15.235053973267503,10.470409711684358,65.52
2009,Plums and sloes,65.52,10.470409711684358,-1.3965087281795463,22.905598692276264,6.507072905331879,12.646425864236464,17.73504273504274,77.14
2010,Plums and sloes,77.14,17.73504273504274,10.470409711684358,-1.3965087281795463,22.905598692276264,10.326976177579128,9.048483277158414,84.12
2011,Plums and sloes,84.12,9.048483277158414,17.73504273504274,10.470409711684358,-1.3965087281795463,8.234900471000769,8.511650023775562,91.28
2012,Plums and sloes,91.28,8.511650023775562,9.048483277158414,17.73504273504274,10.470409711684358,-0.5742097792459333,-4.338299737072749,87.32
2013,Plums and sloes,87.32,-4.338299737072749,8.511650023775562,9.048483277158414,17.73504273504274,1.7262304535080268,8.394411360513065,94.65
2014,Plums and sloes,94.65,8.394411360513065,-4.338299737072749,8.511650023775562,9.048483277158414,2.032073396959822,6.032752245113571,100.36
2015,Plums and sloes,100.36,6.032752245113571,8.394411360513065,-4.338299737072749,8.511650023775562,7.229160986779043,4.613391789557597,104.99
2016,Plums and sloes,104.99,4.613391789557597,6.032752245113571,8.394411360513065,-4.338299737072749,1.9823451429321775,4.848080769597107,110.08
2017,Plums and sloes,110.08,4.848080769597107,4.613391789557597,6.032752245113571,8.394411360513065,5.539859381016296,-0.28161337209302584,109.77
2018,Plums and sloes,109.77,-0.28161337209302584,4.848080769597107,4.613391789557597,6.032752245113571,8.026518464398501,6.358750113874478,116.75
2019,Plums and sloes,116.75,6.358750113874478,-0.28161337209302584,4.848080769597107,4.613391789557597,10.199128449953909,-4.865096359743049,111.07
2020,Plums and sloes,111.07,-4.865096359743049,6.358750113874478,-0.28161337209302584,4.848080769597107,9.15077916347128,22.71540469973892,136.3
2021,Plums and sloes,136.3,22.71540469973892,-4.865096359743049,6.358750113874478,-0.28161337209302584,8.122477935349023,3.7197358767424804,141.37
2022,Plums and sloes,141.37,3.7197358767424804,22.71540469973892,-4.865096359743049,6.358750113874478,10.659833225260341,2.5252882506896723,144.94
2023,Plums and sloes,144.94,2.5252882506896723,3.7197358767424804,22.71540469973892,-4.865096359743049,8.936314572849165,6.161170139368011,153.87
2024,Plums and sloes,153.87,6.161170139368011,2.5252882506896723,3.7197358767424804,22.71540469973892,12.417978574628487,5.8100994345876344,162.81
2025,Plums and sloes,162.81,5.8100994345876344,6.161170139368011,2.5252882506896723,3.7197358767424804,11.765058678658887,,
1991,Pomelos and grapefruits,17.54,,,,,4.40727785462039,4.960091220068419,18.41
1992,Pomelos and grapefruits,18.41,4.960091220068419,,,,4.189253882405274,4.780010863661044,19.29
1993,Pomelos and grapefruits,19.29,4.780010863661044,4.960091220068419,,,3.3629546228512766,2.5920165889061764,19.79
1994,Pomelos and grapefruits,19.79,2.5920165889061764,4.780010863661044,4.960091220068419,,6.346851798394725,24.810510358767047,24.7
1995,Pomelos and grapefruits,24.7,24.810510358767047,2.5920165889061764,4.780010863661044,4.960091220068419,5.164741601422739,11.05263157894738,27.43
1996,Pomelos and grapefruits,27.43,11.05263157894738,24.810510358767047,2.5920165889061764,4.780010863661044,3.0599530623538738,3.8279256288735075,28.48
1997,Pomelos and grapefruits,28.48,3.8279256288735075,11.05263157894738,24.810510358767047,2.5920165889061764,3.617445951304299,-3.2303370786516905,27.56
1998,Pomelos and grapefruits,27.56,-3.2303370786516905,3.8279256288735075,11.05263157894738,24.810510358767047,2.5328324162941724,-4.680696661828732,26.27
1999,Pomelos and grapefruits,26.27,-4.680696661828732,-3.2303370786516905,3.8279256288735075,11.05263157894738,7.944625866599819,6.92805481537877,28.09
2000,Pomelos and grapefruits,28.09,6.92805481537877,-4.680696661828732,-3.2303370786516905,3.8279256288735075,6.002129660912888,14.311142755428975,32.11
2001,Pomelos and grapefruits,32.11,14.311142755428975,6.92805481537877,-4.680696661828732,-3.2303370786516905,6.3736399104922645,14.356898162566178,36.72
2002,Pomelos and grapefruits,36.72,14.356898162566178,14.311142755428975,6.92805481537877,-4.680696661828732,3.859939195293478,8.469498910675387,39.83
2003,Pomelos and grapefruits,39.83,8.469498910675387,14.356898162566178,14.311142755428975,6.92805481537877,,5.975395430579966,42.21
2004,Pomelos and grapefruits,42.21,5.975395430579966,8.469498910675387,14.356898162566178,14.311142755428975,,8.860459606728277,45.95
2005,Pomelos and grapefruits,45.95,8.860459606728277,5.975395430579966,8.469498910675387,14.356898162566178,,6.507072905331879,48.94
2006,Pomelos and grapefruits,48.94,6.507072905331879,8.860459606728277,5.975395430579966,8.469498910675387,,22.905598692276264,60.15
2007,Pomelos and grapefruits,60.15,22.905598692276264,6.507072905331879,8.860459606728277,5.975395430579966,-1.3209541884961407,-1.3965087281795463,59.31
2008,Pomelos and grapefruits,59.31,-1.3965087281795463,22.905598692276264,6.507072905331879,8.860459606728277,3.336544282508925,10.470409711684358,65.52
2009,Pomelos and grapefruits,65.52,10.470409711684358,-1.3965087281795463,22.905598692276264,6.507072905331879,11.46424010918183,17.73504273504274,77.14
2010,Pomelos and grapefruits,77.14,17.73504273504274,10.470409711684358,-1.3965087281795463,22.905598692276264,7.400816575628748,9.048483277158414,84.12
2011,Pomelos and grapefruits,84.12,9.048483277158414,17.73504273504274,10.470409711684358,-1.3965087281795463,6.774612540534512,8.511650023775562,91.28
2012,Pomelos and grapefruits,91.28,8.511650023775562,9.048483277158414,17.73504273504274,10.470409711684358,12.673428942712547,-4.338299737072749,87.32
2013,Pomelos and grapefruits,87.32,-4.338299737072749,8.511650023775562,9.048483277158414,17.73504273504274,5.042174928627985,8.394411360513065,94.65
2014,Pomelos and grapefruits,94.65,8.394411360513065,-4.338299737072749,8.511650023775562,9.048483277158414,-3.1288105636991514,6.032752245113571,100.36
2015,Pomelos and grapefruits,100.36,6.032752245113571,8.394411360513065,-4.338299737072749,8.511650023775562,-3.7747523996837082,4.613391789557597,104.99
2016,Pomelos and grapefruits,104.99,4.613391789557597,6.032752245113571,8.394411360513065,-4.338299737072749,7.84872733564048,4.848080769597107,110.08
2017,Pomelos and grapefruits,110.08,4.848080769597107,4.613391789557597,6.032752245113571,8.394411360513065,11.756399781324205,-0.28161337209302584,109.77
2018,Pomelos and grapefruits,109.77,-0.28161337209302584,4.848080769597107,4.613391789557597,6.032752245113571,6.335470171870937,6.358750113874478,116.75
2019,Pomelos and grapefruits,116.75,6.358750113874478,-0.28161337209302584,4.848080769597107,4.613391789557597,1.435803434297369,-4.865096359743049,111.07
2020,Pomelos and grapefruits,111.07,-4.865096359743049,6.358750113874478,-0.28161337209302584,4.848080769597107,1.2236244278967507,22.71540469973892,136.3
2021,Pomelos and grapefruits,136.3,22.71540469973892,-4.865096359743049,6.358750113874478,-0.28161337209302584,1.7832389968101456,3.7197358767424804,141.37
2022,Pomelos and grapefruits,141.37,3.7197358767424804,22.71540469973892,-4.865096359743049,6.358750113874478,5.273375567371598,2.5252882506896723,144.94
2023,Pomelos and grapefruits,144.94,2.5252882506896723,3.7197358767424804,22.71540469973892,-4.865096359743049,10.284475841536217,6.161170139368011,153.87
2024,Pomelos and grapefruits,153.87,6.161170139368011,2.5252882506896723,3.7197358767424804,22.71540469973892,12.417978574628483,5.8100994345876344,162.81
2025,Pomelos and grapefruits,162.81,5.8100994345876344,6.161170139368011,2.5252882506896723,3.7197358767424804,11.765058678658884,,
1991,Potatoes,24.29,,,,,,-14.903252367229303,20.67
1992,Potatoes,20.67,-14.903252367229303,,,,,13.44944363812286,23.45
1993,Potatoes,23.45,13.44944363812286,-14.903252367229303,,,,11.982942430703636,26.26
1994,Potatoes,26.26,11.982942430703636,13.44944363812286,-14.903252367229303,,6.7573583160538435,20.258948971820235,31.58
1995,Potatoes,31.58,20.258948971820235,11.982942430703636,13.44944363812286,-14.903252367229303,14.107086251566011,6.301456618112744,33.57
1996,Potatoes,33.57,6.301456618112744,20.258948971820235,11.982942430703636,13.44944363812286,7.435983411926528,3.3065236818587973,34.68
1997,Potatoes,34.68,3.3065236818587973,6.301456618112744,20.258948971820235,11.982942430703636,1.608736357685613,15.2249134948097,39.96
1998,Potatoes,39.96,15.2249134948097,3.3065236818587973,6.301456618112744,20.258948971820235,6.3255780729537605,-22.022022022022025,31.16
1999,Potatoes,31.16,-22.022022022022025,15.2249134948097,3.3065236818587973,6.301456618112744,7.998196473476585,12.516046213093723,35.06
2000,Potatoes,35.06,12.516046213093723,-22.022022022022025,15.2249134948097,3.3065236818587973,6.907469951061295,14.261266400456352,40.06
2001,Potatoes,40.06,14.261266400456352,12.516046213093723,-22.022022022022025,15.2249134948097,-3.0075921143512634,-3.6694957563654484,38.59
2002,Potatoes,38.59,-3.6694957563654484,14.261266400456352,12.516046213093723,-22.022022022022025,3.4480581377706176,-4.2238922000518375,36.96
2003,Potatoes,36.96,-4.2238922000518375,-3.6694957563654484,14.261266400456352,12.516046213093723,8.526336741572587,28.003246753246746,47.31
2004,Potatoes,47.31,28.003246753246746,-4.2238922000518375,-3.6694957563654484,14.261266400456352,7.264123317293915,1.3316423589093018,47.94
2005,Potatoes,47.94,1.3316423589093018,28.003246753246746,-4.2238922000518375,-3.6694957563654484,4.59009799526343,2.085940759282434,48.94
2006,Potatoes,48.94,2.085940759282434,1.3316423589093018,28.003246753246746,-4.2238922000518375,1.8132314840863069,22.905598692276264,60.15
2007,Potatoes,60.15,22.905598692276264,2.085940759282434,1.3316423589093018,28.003246753246746,4.3052046360462395,-1.3965087281795463,59.31
2008,Potatoes,59.31,-1.3965087281795463,22.905598692276264,2.085940759282434,1.3316423589093018,4.288533510782076,10.470409711684358,65.52
2009,Potatoes,65.52,10.470409711684358,-1.3965087281795463,22.905598692276264,2.085940759282434,6.36348553362886,17.73504273504274,77.14
2010,Potatoes,77.14,17.73504273504274,10.470409711684358,-1.3965087281795463,22.905598692276264,10.807545825240064,9.048483277158414,84.12
2011,Potatoes,84.12,9.048483277158414,17.73504273504274,10.470409711684358,-1.3965087281795463,12.417978574628483,8.511650023775562,91.28
2012,Potatoes,91.28,8.511650023775562,9.048483277158414,17.73504273504274,10.470409711684358,11.765058678658884,-4.338299737072749,87.32
2013,Potatoes,87.32,-4.338299737072749,8.511650023775562,9.048483277158414,17.73504273504274,4.407277854620389,8.394411360513065,94.65
2014,Potatoes,94.65,8.394411360513065,-4.338299737072749,8.511650023775562,9.048483277158414,4.189253882405272,6.032752245113571,100.36
2015,Potatoes,100.36,6.032752245113571,8.394411360513065,-4.338299737072749,8.511650023775562,3.362954622851275,4.613391789557597,104.99
2016,Potatoes,104.99,4.613391789557597,6.032752245113571,8.394411360513065,-4.338299737072749,6.346851798394724,4.848080769597107,110.08
2017,Potatoes,110.08,4.848080769597107,4.613391789557597,6.032752245113571,8.394411360513065,5.164741601422738,-0.28161337209302584,109.77
2018,Potatoes,109.77,-0.28161337209302584,4.848080769597107,4.613391789557597,6.032752245113571,3.059953062353873,6.604718957820888,117.02
2019,Potatoes,117.02,6.604718957820888,-0.28161337209302584,4.848080769597107,4.613391789557597,3.5445662938386824,1.469834216373278,118.74
2020,Potatoes,118.74,1.469834216373278,6.604718957820888,-0.28161337209302584,4.848080769597107,-0.37040992650599325,16.060299814721258,137.81
2021,Potatoes,137.81,16.060299814721258,1.469834216373278,6.604718957820888,-0.28161337209302584,2.7708166710797477,0.4498947826717892,138.43
2022,Potatoes,138.43,0.4498947826717892,16.060299814721258,1.469834216373278,6.604718957820888,2.6022928582900064,2.737845842664166,142.22
2023,Potatoes,142.22,2.737845842664166,0.4498947826717892,16.060299814721258,1.469834216373278,5.445721297080293,8.388412318942496,154.15
2024,Potatoes,154.15,8.388412318942496,2.737845842664166,0.4498947826717892,16.060299814721258,5.660006097692418,6.078494972429449,163.52
2025,Potatoes,163.52,6.078494972429449,8.388412318942496,2.737845842664166,0.4498947826717892,,,
1991,"Pulses, Total",16.41,,,,,,6.215722120658129,17.43
1992,"Pulses, Total",17.43,6.215722120658129,,,,,20.4245553643144,20.99
1993,"Pulses, Total",20.99,20.4245553643144,6.215722120658129,,,,17.151024297284433,24.59
1994,"Pulses, Total",24.59,17.151024297284433,20.4245553643144,6.215722120658129,,,9.84139894265963,27.01
1995,"Pulses, Total",27.01,9.84139894265963,17.151024297284433,20.4245553643144,6.215722120658129,,-0.9255831173639373,26.76
1996,"Pulses, Total",26.76,-0.9255831173639373,9.84139894265963,17.151024297284433,20.4245553643144,,3.325859491778771,27.65
1997,"Pulses, Total",27.65,3.325859491778771,-0.9255831173639373,9.84139894265963,17.151024297284433,,18.44484629294756,32.75
1998,"Pulses, Total",32.75,18.44484629294756,3.325859491778771,-0.9255831173639373,9.84139894265963,,1.5572519083969505,33.26
1999,"Pulses, Total",33.26,1.5572519083969505,18.44484629294756,3.325859491778771,-0.9255831173639373,,9.440769693325324,36.4
2000,"Pulses, Total",36.4,9.440769693325324,1.5572519083969505,18.44484629294756,3.325859491778771,,2.417582417582431,37.28
2001,"Pulses, Total",37.28,2.417582417582431,9.440769693325324,1.5572519083969505,18.44484629294756,,2.7360515021459086,38.3
2002,"Pulses, Total",38.3,2.7360515021459086,2.417582417582431,9.440769693325324,1.5572519083969505,,1.1488250652741616,38.74
2003,"Pulses, Total",38.74,1.1488250652741616,2.7360515021459086,2.417582417582431,9.440769693325324,,5.394940629839939,40.83
2004,"Pulses, Total",40.83,5.394940629839939,1.1488250652741616,2.7360515021459086,2.417582417582431,,3.4288513348028404,42.23
2005,"Pulses, Total",42.23,3.4288513348028404,5.394940629839939,1.1488250652741616,2.7360515021459086,,15.889178309258822,48.94
2006,"Pulses, Total",48.94,15.889178309258822,3.4288513348028404,5.394940629839939,1.1488250652741616,,22.905598692276264,60.15
2007,"Pulses, Total",60.15,22.905598692276264,15.889178309258822,3.4288513348028404,5.394940629839939,,-1.3965087281795463,59.31
2008,"Pulses, Total",59.31,-1.3965087281795463,22.905598692276264,15.889178309258822,3.4288513348028404,,10.470409711684358,65.52
2009,"Pulses, Total",65.52,10.470409711684358,-1.3965087281795463,22.905598692276264,15.889178309258822,,17.73504273504274,77.14
2010,"Pulses, Total",77.14,17.73504273504274,10.470409711684358,-1.3965087281795463,22.905598692276264,,9.048483277158414,84.12
2011,"Pulses, Total",84.12,9.048483277158414,17.73504273504274,10.470409711684358,-1.3965087281795463,,8.511650023775562,91.28
2012,"Pulses, Total",91.28,8.511650023775562,9.048483277158414,17.73504273504274,10.470409711684358,,-4.338299737072749,87.32
2013,"Pulses, Total",87.32,-4.338299737072749,8.511650023775562,9.048483277158414,17.73504273504274,,8.394411360513065,94.65
2014,"Pulses, Total",94.65,8.394411360513065,-4.338299737072749,8.511650023775562,9.048483277158414,,6.032752245113571,100.36
2015,"Pulses, Total",100.36,6.032752245113571,8.394411360513065,-4.338299737072749,8.511650023775562,,4.613391789557597,104.99
2016,"Pulses, Total",104.99,4.613391789557597,6.032752245113571,8.394411360513065,-4.338299737072749,,4.848080769597107,110.08
2017,"Pulses, Total",110.08,4.848080769597107,4.613391789557597,6.032752245113571,8.394411360513065,,-0.28161337209302584,109.77
2018,"Pulses, Total",109.77,-0.28161337209302584,4.848080769597107,4.613391789557597,6.032752245113571,,8.089641978682716,118.65
2019,"Pulses, Total",118.65,8.089641978682716,-0.28161337209302584,4.848080769597107,4.613391789557597,,-2.823430257058579,115.3
2020,"Pulses, Total",115.3,-2.823430257058579,8.089641978682716,-0.28161337209302584,4.848080769597107,,17.12922810060713,135.05
2021,"Pulses, Total",135.05,17.12922810060713,-2.823430257058579,8.089641978682716,-0.28161337209302584,,3.887449092928552,140.3
2022,"Pulses, Total",140.3,3.887449092928552,17.12922810060713,-2.823430257058579,8.089641978682716,,-0.014255167498222754,140.28
2023,"Pulses, Total",140.28,-0.014255167498222754,3.887449092928552,17.12922810060713,-2.823430257058579,,8.048189335614486,151.57
2024,"Pulses, Total",151.57,8.048189335614486,-0.014255167498222754,3.887449092928552,17.12922810060713,,7.3959226759912955,162.78
2025,"Pulses, Total",162.78,7.3959226759912955,8.048189335614486,-0.014255167498222754,3.887449092928552,,,
1991,"Pumpkins, squash and gourds",22.28,,,,,,-24.236983842010783,16.88
1992,"Pumpkins, squash and gourds",16.88,-24.236983842010783,,,,,22.748815165876767,20.72
1993,"Pumpkins, squash and gourds",20.72,22.748815165876767,-24.236983842010783,,,,43.14671814671816,29.66
1994,"Pumpkins, squash and gourds",29.66,43.14671814671816,22.748815165876767,-24.236983842010783,,5.502902710011003,-23.263654753877272,22.76
1995,"Pumpkins, squash and gourds",22.76,-23.263654753877272,43.14671814671816,22.748815165876767,-24.236983842010783,7.02524145321959,43.497363796133534,32.66
1996,"Pumpkins, squash and gourds",32.66,43.497363796133534,-23.263654753877272,43.14671814671816,22.748815165876767,8.29693727919847,-7.164727495407219,30.32
1997,"Pumpkins, squash and gourds",30.32,-7.164727495407219,43.497363796133534,-23.263654753877272,43.14671814671816,12.583466390386983,59.56464379947231,48.38
1998,"Pumpkins, squash and gourds",48.38,59.56464379947231,-7.164727495407219,43.497363796133534,-23.263654753877272,5.436609971530227,18.871434477056614,57.51
1999,"Pumpkins, squash and gourds",57.51,18.871434477056614,59.56464379947231,-7.164727495407219,43.497363796133534,2.620287363197258,-37.767344809598335,35.79
2000,"Pumpkins, squash and gourds",35.79,-37.767344809598335,18.871434477056614,59.56464379947231,-7.164727495407219,-3.6079091798242118,-1.452919810002784,35.27
2001,"Pumpkins, squash and gourds",35.27,-1.452919810002784,-37.767344809598335,18.871434477056614,59.56464379947231,6.567033927538014,15.764105472072565,40.83
2002,"Pumpkins, squash and gourds",40.83,15.764105472072565,-1.452919810002784,-37.767344809598335,18.871434477056614,3.3142579689571474,-2.4491795248591686,39.83
2003,"Pumpkins, squash and gourds",39.83,-2.4491795248591686,15.764105472072565,-1.452919810002784,-37.767344809598335,4.41737682293079,5.975395430579966,42.21
2004,"Pumpkins, squash and gourds",42.21,5.975395430579966,-2.4491795248591686,15.764105472072565,-1.452919810002784,1.831247117801687,8.860459606728277,45.95
2005,"Pumpkins, squash and gourds",45.95,8.860459606728277,5.975395430579966,-2.4491795248591686,15.764105472072565,7.768451315994523,6.507072905331879,48.94
2006,"Pumpkins, squash and gourds",48.94,6.507072905331879,8.860459606728277,5.975395430579966,-2.4491795248591686,7.1143093142133536,22.905598692276264,60.15
2007,"Pumpkins, squash and gourds",60.15,22.905598692276264,6.507072905331879,8.860459606728277,5.975395430579966,12.757710401445452,-1.3965087281795463,59.31
2008,"Pumpkins, squash and gourds",59.31,-1.3965087281795463,22.905598692276264,6.507072905331879,8.860459606728277,9.338720956476179,10.470409711684358,65.52
2009,"Pumpkins, squash and gourds",65.52,10.470409711684358,-1.3965087281795463,22.905598692276264,6.507072905331879,10.659833225260337,17.73504273504274,77.14
2010,"Pumpkins, squash and gourds",77.14,17.73504273504274,10.470409711684358,-1.3965087281795463,22.905598692276264,8.936314572849163,9.048483277158414,84.12
2011,"Pumpkins, squash and gourds",84.12,9.048483277158414,17.73504273504274,10.470409711684358,-1.3965087281795463,12.417978574628483,8.511650023775562,91.28
2012,"Pumpkins, squash and gourds",91.28,8.511650023775562,9.048483277158414,17.73504273504274,10.470409711684358,11.765058678658884,-4.338299737072749,87.32
2013,"Pumpkins, squash and gourds",87.32,-4.338299737072749,8.511650023775562,9.048483277158414,17.73504273504274,4.407277854620388,8.394411360513065,94.65
2014,"Pumpkins, squash and gourds",94.65,8.394411360513065,-4.338299737072749,8.511650023775562,9.048483277158414,4.189253882405271,6.032752245113571,100.36
2015,"Pumpkins, squash and gourds",100.36,6.032752245113571,8.394411360513065,-4.338299737072749,8.511650023775562,3.3629546228512743,4.613391789557597,104.99
2016,"Pumpkins, squash and gourds",104.99,4.613391789557597,6.032752245113571,8.394411360513065,-4.338299737072749,6.346851798394723,4.848080769597107,110.08
2017,"Pumpkins, squash and gourds",110.08,4.848080769597107,4.613391789557597,6.032752245113571,8.394411360513065,5.164741601422737,-0.28161337209302584,109.77
2018,"Pumpkins, squash and gourds",109.77,-0.28161337209302584,4.848080769597107,4.613391789557597,6.032752245113571,3.0599530623538715,1.2662840484649829,111.16
2019,"Pumpkins, squash and gourds",111.16,1.2662840484649829,-0.28161337209302584,4.848080769597107,4.613391789557597,3.9120012335611327,-0.5487585462396583,110.55
2020,"Pumpkins, squash and gourds",110.55,-0.5487585462396583,1.2662840484649829,-0.28161337209302584,4.848080769597107,3.02135116630679,5.9882406151062995,117.17
2021,"Pumpkins, squash and gourds",117.17,5.9882406151062995,-0.5487585462396583,1.2662840484649829,-0.28161337209302584,7.369243366322262,2.39822480157037,119.98
2022,"Pumpkins, squash and gourds",119.98,2.39822480157037,5.9882406151062995,-0.5487585462396583,1.2662840484649829,5.56471100064194,-0.08334722453743337,119.88
2023,"Pumpkins, squash and gourds",119.88,-0.08334722453743337,2.39822480157037,5.9882406151062995,-0.5487585462396583,5.2381160472494495,12.562562562562562,134.94
2024,"Pumpkins, squash and gourds",134.94,12.562562562562562,-0.08334722453743337,2.39822480157037,5.9882406151062995,3.39148911040664,3.5571365051134007,139.74
2025,"Pumpkins, squash and gourds",139.74,3.5571365051134007,12.562562562562562,-0.08334722453743337,2.39822480157037,,,
1991,Rape or colza seed,30.68,,,,,14.891261199024733,2.9661016949152463,31.59
1992,Rape or colza seed,31.59,2.9661016949152463,,,,13.77237898050116,10.826210826210826,35.01
1993,Rape or colza seed,35.01,10.826210826210826,2.9661016949152463,,,7.069408731214156,7.369323050556997,37.59
1994,Rape or colza seed,37.59,7.369323050556997,10.826210826210826,2.9661016949152463,,11.14033087589145,4.2564511838254715,39.19
1995,Rape or colza seed,39.19,4.2564511838254715,7.369323050556997,10.826210826210826,2.9661016949152463,12.417978574628483,-10.359785659607034,35.13
1996,Rape or colza seed,35.13,-10.359785659607034,4.2564511838254715,7.369323050556997,10.826210826210826,11.765058678658884,19.29974380871049,41.91
1997,Rape or colza seed,41.91,19.29974380871049,-10.359785659607034,4.2564511838254715,7.369323050556997,4.407277854620388,10.641851586733475,46.37
1998,Rape or colza seed,46.37,10.641851586733475,19.29974380871049,-10.359785659607034,4.2564511838254715,4.189253882405271,-8.216519301272363,42.56
1999,Rape or colza seed,42.56,-8.216519301272363,10.641851586733475,19.29974380871049,-10.359785659607034,3.3629546228512743,-0.5404135338345939,42.33
2000,Rape or colza seed,42.33,-0.5404135338345939,-8.216519301272363,10.641851586733475,19.29974380871049,6.346851798394723,-2.9293645168910865,41.09
2001,Rape or colza seed,41.09,-2.9293645168910865,-0.5404135338345939,-8.216519301272363,10.641851586733475,5.164741601422737,16.597712338768545,47.91
2002,Rape or colza seed,47.91,16.597712338768545,-2.9293645168910865,-0.5404135338345939,-8.216519301272363,3.0599530623538715,10.60321436025884,52.99
2003,Rape or colza seed,52.99,10.60321436025884,16.597712338768545,-2.9293645168910865,-0.5404135338345939,1.983726963116869,3.1326665408567544,54.65
2004,Rape or colza seed,54.65,3.1326665408567544,10.60321436025884,16.597712338768545,-2.9293645168910865,2.1857729425445993,2.763037511436406,56.16
2005,Rape or colza seed,56.16,2.763037511436406,3.1326665408567544,10.60321436025884,16.597712338768545,7.289869015450864,5.341880341880345,59.16
2006,Rape or colza seed,59.16,5.341880341880345,2.763037511436406,3.1326665408567544,10.60321436025884,7.127063283600769,0.13522650439488082,59.24
2007,Rape or colza seed,59.24,0.13522650439488082,5.341880341880345,2.763037511436406,3.1326665408567544,6.224243788702263,0.1181634031060197,59.31
2008,Rape or colza seed,59.31,0.1181634031060197,0.13522650439488082,5.341880341880345,2.763037511436406,3.7935115157827113,10.470409711684358,65.52
2009,Rape or colza seed,65.52,10.470409711684358,0.1181634031060197,0.13522650439488082,5.341880341880345,,17.73504273504274,77.14
2010,Rape or colza seed,77.14,17.73504273504274,10.470409711684358,0.1181634031060197,0.13522650439488082,,9.048483277158414,84.12
2011,Rape or colza seed,84.12,9.048483277158414,17.73504273504274,10.470409711684358,0.1181634031060197,,8.511650023775562,91.28
2012,Rape or colza seed,91.28,8.511650023775562,9.048483277158414,17.73504273504274,10.470409711684358,,-4.338299737072749,87.32
2013,Rape or colza seed,87.32,-4.338299737072749,8.511650023775562,9.048483277158414,17.73504273504274,10.34561214136592,8.394411360513065,94.65
2014,Rape or colza seed,94.65,8.394411360513065,-4.338299737072749,8.511650023775562,9.048483277158414,3.1845504815453576,6.032752245113571,100.36
2015,Rape or colza seed,100.36,6.032752245113571,8.394411360513065,-4.338299737072749,8.511650023775562,9.728764324352621,4.613391789557597,104.99
2016,Rape or colza seed,104.99,4.613391789557597,6.032752245113571,8.394411360513065,-4.338299737072749,10.397434196147502,4.848080769597107,110.08
2017,Rape or colza seed,110.08,4.848080769597107,4.613391789557597,6.032752245113571,8.394411360513065,-2.265191460590492,-0.28161337209302584,109.77
2018,Rape or colza seed,109.77,-0.28161337209302584,4.848080769597107,4.613391789557597,6.032752245113571,-0.1882660668325927,5.602623667668771,115.92
2019,Rape or colza seed,115.92,5.602623667668771,-0.28161337209302584,4.848080769597107,4.613391789557597,-5.643858020058713,-7.427536231884058,107.31
2020,Rape or colza seed,107.31,-7.427536231884058,5.602623667668771,-0.28161337209302584,4.848080769597107,3.656347893727221,7.7439194856024685,115.62
2021,Rape or colza seed,115.62,7.7439194856024685,-7.427536231884058,5.602623667668771,-0.28161337209302584,1.5533604723435739,5.033731188375712,121.44
2022,Rape or colza seed,121.44,5.033731188375712,7.7439194856024685,-7.427536231884058,5.602623667668771,2.4625482353625334,1.506916996047436,123.27
2023,Rape or colza seed,123.27,1.506916996047436,5.033731188375712,7.7439194856024685,-7.427536231884058,4.206676006925446,10.643303317920005,136.39
2024,Rape or colza seed,136.39,10.643303317920005,1.506916996047436,5.033731188375712,7.7439194856024685,4.542587263858494,5.52093261969353,143.92
2025,Rape or colza seed,143.92,5.52093261969353,10.643303317920005,1.506916996047436,5.033731188375712,3.1724979957000916,,
1991,Raspberries,15.02,,,,,2.4376980273256397,11.318242343541929,16.72
1992,Raspberries,16.72,11.318242343541929,,,,11.896725688368157,31.877990430622027,22.05
1993,Raspberries,22.05,31.877990430622027,11.318242343541929,,,15.062036272850724,4.8072562358276505,23.11
1994,Raspberries,23.11,4.8072562358276505,31.877990430622027,11.318242343541929,,19.19675640021791,2.5962786672436344,23.71
1995,Raspberries,23.71,2.5962786672436344,4.8072562358276505,31.877990430622027,11.318242343541929,12.417978574628483,24.841838886545766,29.6
1996,Raspberries,29.6,24.841838886545766,2.5962786672436344,4.8072562358276505,31.877990430622027,11.765058678658884,11.013513513513495,32.86
1997,Raspberries,32.86,11.013513513513495,24.841838886545766,2.5962786672436344,4.8072562358276505,4.407277854620389,3.864881314668289,34.13
1998,Raspberries,34.13,3.864881314668289,11.013513513513495,24.841838886545766,2.5962786672436344,4.189253882405272,-3.222970993261065,33.03
1999,Raspberries,33.03,-3.222970993261065,3.864881314668289,11.013513513513495,24.841838886545766,3.362954622851275,-4.722979109900094,31.47
2000,Raspberries,31.47,-4.722979109900094,-3.222970993261065,3.864881314668289,11.013513513513495,6.346851798394724,6.29170638703529,33.45
2001,Raspberries,33.45,6.29170638703529,-4.722979109900094,-3.222970993261065,3.864881314668289,5.164741601422738,14.34977578475336,38.25
2002,Raspberries,38.25,14.34977578475336,6.29170638703529,-4.722979109900094,-3.222970993261065,3.059953062353873,4.130718954248369,39.83
2003,Raspberries,39.83,4.130718954248369,14.34977578475336,6.29170638703529,-4.722979109900094,3.787498485390715,5.975395430579966,42.21
2004,Raspberries,42.21,5.975395430579966,4.130718954248369,14.34977578475336,6.29170638703529,9.14920763657537,8.860459606728277,45.95
2005,Raspberries,45.95,8.860459606728277,5.975395430579966,4.130718954248369,14.34977578475336,9.58635778061531,6.507072905331879,48.94
2006,Raspberries,48.94,6.507072905331879,8.860459606728277,5.975395430579966,4.130718954248369,6.871854071329469,22.905598692276264,60.15
2007,Raspberries,60.15,22.905598692276264,6.507072905331879,8.860459606728277,5.975395430579966,-0.5187152184352078,-1.3965087281795463,59.31
2008,Raspberries,59.31,-1.3965087281795463,22.905598692276264,6.507072905331879,8.860459606728277,2.0593003990812337,10.470409711684358,65.52
2009,Raspberries,65.52,10.470409711684358,-1.3965087281795463,22.905598692276264,6.507072905331879,,17.73504273504274,77.14
2010,Raspberries,77.14,17.73504273504274,10.470409711684358,-1.3965087281795463,22.905598692276264,,9.048483277158414,84.12
2011,Raspberries,84.12,9.048483277158414,17.73504273504274,10.470409711684358,-1.3965087281795463,,8.511650023775562,91.28
2012,Raspberries,91.28,8.511650023775562,9.048483277158414,17.73504273504274,10.470409711684358,,-4.338299737072749,87.32
2013,Raspberries,87.32,-4.338299737072749,8.511650023775562,9.048483277158414,17.73504273504274,23.069366690228293,8.394411360513065,94.65
2014,Raspberries,94.65,8.394411360513065,-4.338299737072749,8.511650023775562,9.048483277158414,12.01878424745083,6.032752245113571,100.36
2015,Raspberries,100.36,6.032752245113571,8.394411360513065,-4.338299737072749,8.511650023775562,-0.3180739349046509,4.613391789557597,104.99
2016,Raspberries,104.99,4.613391789557597,6.032752245113571,8.394411360513065,-4.338299737072749,0.4160748464606856,4.848080769597107,110.08
2017,Raspberries,110.08,4.848080769597107,4.613391789557597,6.032752245113571,8.394411360513065,-10.214980077804604,-0.28161337209302584,109.77
2018,Raspberries,109.77,-0.28161337209302584,4.848080769597107,4.613391789557597,6.032752245113571,-2.7632082932341135,7.64325407670583,118.16
2019,Raspberries,118.16,7.64325407670583,-0.28161337209302584,4.848080769597107,4.613391789557597,-3.022395645068917,-7.261340555179419,109.58
2020,Raspberries,109.58,-7.261340555179419,7.64325407670583,-0.28161337209302584,4.848080769597107,5.571310083314214,16.709253513414858,127.89
2021,Raspberries,127.89,16.709253513414858,-7.261340555179419,7.64325407670583,-0.28161337209302584,7.451330814073486,7.217139729455013,137.12
2022,Raspberries,137.12,7.217139729455013,16.709253513414858,-7.261340555179419,7.64325407670583,7.107702190971391,2.552508751458582,140.62
2023,Raspberries,140.62,2.552508751458582,7.217139729455013,16.709253513414858,-7.261340555179419,6.393655664191229,6.322002560091011,149.51
2024,Raspberries,149.51,6.322002560091011,2.552508751458582,7.217139729455013,16.709253513414858,2.9922106548974576,5.9460905625041915,158.4
2025,Raspberries,158.4,5.9460905625041915,6.322002560091011,2.552508751458582,7.217139729455013,3.2465416653463954,,
1991,Raw milk of buffalo,18.02,,,,,3.253047663976247,13.152053274139842,20.39
1992,Raw milk of buffalo,20.39,13.152053274139842,,,,1.4493818158039116,-3.0407062285434105,19.77
1993,Raw milk of buffalo,19.77,-3.0407062285434105,13.152053274139842,,,3.1341488348590154,16.742539200809304,23.08
1994,Raw milk of buffalo,23.08,16.742539200809304,-3.0407062285434105,13.152053274139842,,2.065490275675605,9.618717504332764,25.3
1995,Raw milk of buffalo,25.3,9.618717504332764,16.742539200809304,-3.0407062285434105,13.152053274139842,2.2965991927699703,8.102766798418969,27.35
1996,Raw milk of buffalo,27.35,8.102766798418969,9.618717504332764,16.742539200809304,-3.0407062285434105,3.9644198897958085,7.166361974405833,29.31
1997,Raw milk of buffalo,29.31,7.166361974405833,8.102766798418969,9.618717504332764,16.742539200809304,,6.550665301944725,31.23
1998,Raw milk of buffalo,31.23,6.550665301944725,7.166361974405833,8.102766798418969,9.618717504332764,,4.835094460454692,32.74
1999,Raw milk of buffalo,32.74,4.835094460454692,6.550665301944725,7.166361974405833,8.102766798418969,,8.460598656078178,35.51
2000,Raw milk of buffalo,35.51,8.460598656078178,4.835094460454692,6.550665301944725,7.166361974405833,,1.8586313714446634,36.17
2001,Raw milk of buffalo,36.17,1.8586313714446634,8.460598656078178,4.835094460454692,6.550665301944725,276.2378108250603,1.5205971799834073,36.72
2002,Raw milk of buffalo,36.72,1.5205971799834073,1.8586313714446634,8.460598656078178,4.835094460454692,276.7382271939418,8.469498910675387,39.83
2003,Raw milk of buffalo,39.83,8.469498910675387,1.5205971799834073,1.8586313714446634,8.460598656078178,308.57037566540413,5.975395430579966,42.21
2004,Raw milk of buffalo,42.21,5.975395430579966,8.469498910675387,1.5205971799834073,1.8586313714446634,7.110195318650174,8.860459606728277,45.95
2005,Raw milk of buffalo,45.95,8.860459606728277,5.975395430579966,8.469498910675387,1.5205971799834073,1.8621286916424322,6.507072905331879,48.94
2006,Raw milk of buffalo,48.94,6.507072905331879,8.860459606728277,5.975395430579966,8.469498910675387,1.65315640190072,22.905598692276264,60.15
2007,Raw milk of buffalo,60.15,22.905598692276264,6.507072905331879,8.860459606728277,5.975395430579966,0.9974354989686093,-1.3965087281795463,59.31
2008,Raw milk of buffalo,59.31,-1.3965087281795463,22.905598692276264,6.507072905331879,8.860459606728277,0.1824887906013132,10.470409711684358,65.52
2009,Raw milk of buffalo,65.52,10.470409711684358,-1.3965087281795463,22.905598692276264,6.507072905331879,-4.490790055423573,17.73504273504274,77.14
2010,Raw milk of buffalo,77.14,17.73504273504274,10.470409711684358,-1.3965087281795463,22.905598692276264,-7.308971706881603,9.048483277158414,84.12
2011,Raw milk of buffalo,84.12,9.048483277158414,17.73504273504274,10.470409711684358,-1.3965087281795463,-4.695491668095845,8.511650023775562,91.28
2012,Raw milk of buffalo,91.28,8.511650023775562,9.048483277158414,17.73504273504274,10.470409711684358,2.6456135426575504,-4.338299737072749,87.32
2013,Raw milk of buffalo,87.32,-4.338299737072749,8.511650023775562,9.048483277158414,17.73504273504274,6.385666593055432,8.394411360513065,94.65
2014,Raw milk of buffalo,94.65,8.394411360513065,-4.338299737072749,8.511650023775562,9.048483277158414,11.926756935199313,6.032752245113571,100.36
2015,Raw milk of buffalo,100.36,6.032752245113571,8.394411360513065,-4.338299737072749,8.511650023775562,14.35459910579074,4.613391789557597,104.99
2016,Raw milk of buffalo,104.99,4.613391789557597,6.032752245113571,8.394411360513065,-4.338299737072749,17.84473567635219,4.848080769597107,110.08
2017,Raw milk of buffalo,110.08,4.848080769597107,4.613391789557597,6.032752245113571,8.394411360513065,15.8151668992106,-0.28161337209302584,109.77
2018,Raw milk of buffalo,109.77,-0.28161337209302584,4.848080769597107,4.613391789557597,6.032752245113571,12.417978574628505,7.4155051471258115,117.91
2019,Raw milk of buffalo,117.91,7.4155051471258115,-0.28161337209302584,4.848080769597107,4.613391789557597,11.765058678658905,-6.657620218810956,110.06
2020,Raw milk of buffalo,110.06,-6.657620218810956,7.4155051471258115,-0.28161337209302584,4.848080769597107,4.40727785462041,15.7277848446302,127.37
2021,Raw milk of buffalo,127.37,15.7277848446302,-6.657620218810956,7.4155051471258115,-0.28161337209302584,4.189253882405293,6.799089267488423,136.03
2022,Raw milk of buffalo,136.03,6.799089267488423,15.7277848446302,-6.657620218810956,7.4155051471258115,3.3629546228512956,2.249503785929585,139.09
2023,Raw milk of buffalo,139.09,2.249503785929585,6.799089267488423,15.7277848446302,-6.657620218810956,6.346851798394744,6.894816305988938,148.68
2024,Raw milk of buffalo,148.68,6.894816305988938,2.249503785929585,6.799089267488423,15.7277848446302,5.164741601422758,6.456820016142051,158.28
2025,Raw milk of buffalo,158.28,6.456820016142051,6.894816305988938,2.249503785929585,6.799089267488423,3.059953062353893,,
1991,Raw milk of cattle,16.02,,,,,19.90031686875679,19.475655430711612,19.14
1992,Raw milk of cattle,19.14,19.475655430711612,,,,8.08591241458937,10.292580982236155,21.11
1993,Raw milk of cattle,21.11,10.292580982236155,19.475655430711612,,,20.487641000100886,9.332070108953094,23.08
1994,Raw milk of cattle,23.08,9.332070108953094,10.292580982236155,19.475655430711612,,8.586639742385612,9.662045060658574,25.31
1995,Raw milk of cattle,25.31,9.662045060658574,9.332070108953094,10.292580982236155,19.475655430711612,8.436103175358559,8.060055314105096,27.35
1996,Raw milk of cattle,27.35,8.060055314105096,9.662045060658574,9.332070108953094,10.292580982236155,-1.4297890403438818,7.166361974405833,29.31
1997,Raw milk of cattle,29.31,7.166361974405833,8.060055314105096,9.662045060658574,9.332070108953094,0.09160736143941062,6.584783350392365,31.24
1998,Raw milk of cattle,31.24,6.584783350392365,7.166361974405833,8.060055314105096,9.662045060658574,5.81582431190001,4.833546734955196,32.75
1999,Raw milk of cattle,32.75,4.833546734955196,6.584783350392365,7.166361974405833,8.060055314105096,1.325416874794947,8.42748091603054,35.51
2000,Raw milk of cattle,35.51,8.42748091603054,4.833546734955196,6.584783350392365,7.166361974405833,1.0018783805046152,1.8586313714446634,36.17
2001,Raw milk of cattle,36.17,1.8586313714446634,8.42748091603054,4.833546734955196,6.584783350392365,10.42444907242851,1.5205971799834073,36.72
2002,Raw milk of cattle,36.72,1.5205971799834073,1.8586313714446634,8.42748091603054,4.833546734955196,16.01017229126961,8.469498910675387,39.83
2003,Raw milk of cattle,39.83,8.469498910675387,1.5205971799834073,1.8586313714446634,8.42748091603054,15.859375514393223,5.975395430579966,42.21
2004,Raw milk of cattle,42.21,5.975395430579966,8.469498910675387,1.5205971799834073,1.8586313714446634,10.659833225260359,8.860459606728277,45.95
2005,Raw milk of cattle,45.95,8.860459606728277,5.975395430579966,8.469498910675387,1.5205971799834073,8.936314572849184,6.507072905331879,48.94
2006,Raw milk of cattle,48.94,6.507072905331879,8.860459606728277,5.975395430579966,8.469498910675387,12.417978574628506,22.905598692276264,60.15
2007,Raw milk of cattle,60.15,22.905598692276264,6.507072905331879,8.860459606728277,5.975395430579966,11.765058678658905,-1.3965087281795463,59.31
2008,Raw milk of cattle,59.31,-1.3965087281795463,22.905598692276264,6.507072905331879,8.860459606728277,4.40727785462041,10.470409711684358,65.52
2009,Raw milk of cattle,65.52,10.470409711684358,-1.3965087281795463,22.905598692276264,6.507072905331879,4.189253882405293,17.73504273504274,77.14
2010,Raw milk of cattle,77.14,17.73504273504274,10.470409711684358,-1.3965087281795463,22.905598692276264,3.3629546228512956,9.048483277158414,84.12
2011,Raw milk of cattle,84.12,9.048483277158414,17.73504273504274,10.470409711684358,-1.3965087281795463,6.346851798394744,8.511650023775562,91.28
2012,Raw milk of cattle,91.28,8.511650023775562,9.048483277158414,17.73504273504274,10.470409711684358,5.164741601422758,-4.338299737072749,87.32
2013,Raw milk of cattle,87.32,-4.338299737072749,8.511650023775562,9.048483277158414,17.73504273504274,3.059953062353893,8.394411360513065,94.65
2014,Raw milk of cattle,94.65,8.394411360513065,-4.338299737072749,8.511650023775562,9.048483277158414,4.54969823638524,6.032752245113571,100.36
2015,Raw milk of cattle,100.36,6.032752245113571,8.394411360513065,-4.338299737072749,8.511650023775562,2.268340875014611,4.613391789557597,104.99
2016,Raw milk of cattle,104.99,4.613391789557597,6.032752245113571,8.394411360513065,-4.338299737072749,8.651091419582484,4.848080769597107,110.08
2017,Raw milk of cattle,110.08,4.848080769597107,4.613391789557597,6.032752245113571,8.394411360513065,5.494507474013414,-0.28161337209302584,109.77
2018,Raw milk of cattle,109.77,-0.28161337209302584,4.848080769597107,4.613391789557597,6.032752245113571,7.316129144042993,7.943882663751478,118.49
2019,Raw milk of cattle,118.49,7.943882663751478,-0.28161337209302584,4.848080769597107,4.613391789557597,3.7422343053614067,-6.869778040340957,110.35
2020,Raw milk of cattle,110.35,-6.869778040340957,7.943882663751478,-0.28161337209302584,4.848080769597107,,15.505210693248749,127.46
2021,Raw milk of cattle,127.46,15.505210693248749,-6.869778040340957,7.943882663751478,-0.28161337209302584,,6.629530833202568,135.91
2022,Raw milk of cattle,135.91,6.629530833202568,15.505210693248749,-6.869778040340957,7.943882663751478,,2.126407181222878,138.8
2023,Raw milk of cattle,138.8,2.126407181222878,6.629530833202568,15.505210693248749,-6.869778040340957,,7.1685878962535865,148.75
2024,Raw milk of cattle,148.75,7.1685878962535865,2.126407181222878,6.629530833202568,15.505210693248749,6.4831002982307995,6.695798319327739,158.71
2025,Raw milk of cattle,158.71,6.695798319327739,7.1685878962535865,2.126407181222878,6.629530833202568,0.08113413024934009,,
1991,Raw milk of goats,17.8,,,,,-0.26355836162946683,9.775280898876403,19.54
1992,Raw milk of goats,19.54,9.775280898876403,,,,-0.127550193227842,7.5742067553735914,21.02
1993,Raw milk of goats,21.02,7.5742067553735914,9.775280898876403,,,18.02162873232727,9.80019029495718,23.08
1994,Raw milk of goats,23.08,9.80019029495718,7.5742067553735914,9.775280898876403,,15.895020298791247,9.618717504332764,25.3
1995,Raw milk of goats,25.3,9.618717504332764,9.80019029495718,7.5742067553735914,9.775280898876403,14.49757203665211,8.102766798418969,27.35
1996,Raw milk of goats,27.35,8.102766798418969,9.618717504332764,9.80019029495718,7.5742067553735914,13.485211103531862,7.166361974405833,29.31
1997,Raw milk of goats,29.31,7.166361974405833,8.102766798418969,9.618717504332764,9.80019029495718,13.780532541812226,6.584783350392365,31.24
1998,Raw milk of goats,31.24,6.584783350392365,7.166361974405833,8.102766798418969,9.618717504332764,14.643688321824252,4.801536491677338,32.74
1999,Raw milk of goats,32.74,4.801536491677338,6.584783350392365,7.166361974405833,8.102766798418969,6.323646818562485,8.460598656078178,35.51
2000,Raw milk of goats,35.51,8.460598656078178,4.801536491677338,6.584783350392365,7.166361974405833,7.768451315994543,1.8586313714446634,36.17
2001,Raw milk of goats,36.17,1.8586313714446634,8.460598656078178,4.801536491677338,6.584783350392365,7.114309314213373,1.5205971799834073,36.72
2002,Raw milk of goats,36.72,1.5205971799834073,1.8586313714446634,8.460598656078178,4.801536491677338,12.757710401445474,8.469498910675387,39.83
2003,Raw milk of goats,39.83,8.469498910675387,1.5205971799834073,1.8586313714446634,8.460598656078178,9.338720956476198,5.975395430579966,42.21
2004,Raw milk of goats,42.21,5.975395430579966,8.469498910675387,1.5205971799834073,1.8586313714446634,10.659833225260359,8.860459606728277,45.95
2005,Raw milk of goats,45.95,8.860459606728277,5.975395430579966,8.469498910675387,1.5205971799834073,8.936314572849184,6.507072905331879,48.94
2006,Raw milk of goats,48.94,6.507072905331879,8.860459606728277,5.975395430579966,8.469498910675387,12.417978574628506,22.905598692276264,60.15
2007,Raw milk of goats,60.15,22.905598692276264,6.507072905331879,8.860459606728277,5.975395430579966,11.765058678658905,-1.3965087281795463,59.31
2008,Raw milk of goats,59.31,-1.3965087281795463,22.905598692276264,6.507072905331879,8.860459606728277,4.40727785462041,10.470409711684358,65.52
2009,Raw milk of goats,65.52,10.470409711684358,-1.3965087281795463,22.905598692276264,6.507072905331879,4.189253882405293,17.73504273504274,77.14
2010,Raw milk of goats,77.14,17.73504273504274,10.470409711684358,-1.3965087281795463,22.905598692276264,3.3629546228512956,9.048483277158414,84.12
2011,Raw milk of goats,84.12,9.048483277158414,17.73504273504274,10.470409711684358,-1.3965087281795463,6.346851798394744,8.511650023775562,91.28
2012,Raw milk of goats,91.28,8.511650023775562,9.048483277158414,17.73504273504274,10.470409711684358,5.164741601422758,-4.338299737072749,87.32
2013,Raw milk of goats,87.32,-4.338299737072749,8.511650023775562,9.048483277158414,17.73504273504274,3.059953062353893,8.394411360513065,94.65
2014,Raw milk of goats,94.65,8.394411360513065,-4.338299737072749,8.511650023775562,9.048483277158414,4.388755659482016,6.032752245113571,100.36
2015,Raw milk of goats,100.36,6.032752245113571,8.394411360513065,-4.338299737072749,8.511650023775562,2.823060084324254,4.613391789557597,104.99
2016,Raw milk of goats,104.99,4.613391789557597,6.032752245113571,8.394411360513065,-4.338299737072749,5.139339561930378,4.848080769597107,110.08
2017,Raw milk of goats,110.08,4.848080769597107,4.613391789557597,6.032752245113571,8.394411360513065,3.0003931501178935,-0.28161337209302584,109.77
2018,Raw milk of goats,109.77,-0.28161337209302584,4.848080769597107,4.613391789557597,6.032752245113571,2.4633690076915182,7.287965746560987,117.77
2019,Raw milk of goats,117.77,7.287965746560987,-0.28161337209302584,4.848080769597107,4.613391789557597,3.6385015311862596,-6.775919164473121,109.79
2020,Raw milk of goats,109.79,-6.775919164473121,7.287965746560987,-0.28161337209302584,4.848080769597107,,15.465889425266411,126.77
2021,Raw milk of goats,126.77,15.465889425266411,-6.775919164473121,7.287965746560987,-0.28161337209302584,,6.6340616865188995,135.18
2022,Raw milk of goats,135.18,6.6340616865188995,15.465889425266411,-6.775919164473121,7.287965746560987,,2.137890220446792,138.07
2023,Raw milk of goats,138.07,2.137890220446792,6.6340616865188995,15.465889425266411,-6.775919164473121,,7.148547838053165,147.94
2024,Raw milk of goats,147.94,7.148547838053165,2.137890220446792,6.6340616865188995,15.465889425266411,7.50503066381724,6.678383128295251,157.82
2025,Raw milk of goats,157.82,6.678383128295251,7.148547838053165,2.137890220446792,6.6340616865188995,7.859172603480272,,
1991,Rice,12.89,,,,,11.765058678658905,8.611326609775016,14.0
1992,Rice,14.0,8.611326609775016,,,,4.40727785462041,8.857142857142852,15.24
1993,Rice,15.24,8.857142857142852,8.611326609775016,,,4.189253882405293,2.296587926509175,15.59
1994,Rice,15.59,2.296587926509175,8.857142857142852,8.611326609775016,,3.3629546228512956,10.840282232200128,17.28
1995,Rice,17.28,10.840282232200128,2.296587926509175,8.857142857142852,8.611326609775016,6.346851798394744,11.979166666666675,19.35
1996,Rice,19.35,11.979166666666675,10.840282232200128,2.296587926509175,8.857142857142852,5.164741601422758,-20.77519379844962,15.33
1997,Rice,15.33,-20.77519379844962,11.979166666666675,10.840282232200128,2.296587926509175,3.059953062353893,13.894324853228968,17.46
1998,Rice,17.46,13.894324853228968,-20.77519379844962,11.979166666666675,10.840282232200128,4.874620042586083,26.002290950744555,22.0
1999,Rice,22.0,26.002290950744555,13.894324853228968,-20.77519379844962,11.979166666666675,0.5629001579876037,-4.227272727272724,21.07
2000,Rice,21.07,-4.227272727272724,26.002290950744555,13.894324853228968,-20.77519379844962,4.751391839175189,-1.423825344091123,20.77
2001,Rice,20.77,-1.423825344091123,-4.227272727272724,26.002290950744555,13.894324853228968,3.069871879790931,2.696196437168985,21.33
2002,Rice,21.33,2.696196437168985,-1.423825344091123,-4.227272727272724,26.002290950744555,6.195820193923388,3.6099390529770403,22.1
2003,Rice,22.1,3.6099390529770403,2.696196437168985,-1.423825344091123,-4.227272727272724,5.338519296948781,50.49773755656106,33.26
2004,Rice,33.26,50.49773755656106,3.6099390529770403,2.696196437168985,-1.423825344091123,,-4.57005411906194,31.74
2005,Rice,31.74,-4.57005411906194,50.49773755656106,3.6099390529770403,2.696196437168985,,30.655324511657223,41.47
2006,Rice,41.47,30.655324511657223,-4.57005411906194,50.49773755656106,3.6099390529770403,,21.509524957800828,50.39
2007,Rice,50.39,21.509524957800828,30.655324511657223,-4.57005411906194,50.49773755656106,,17.70192498511609,59.31
2008,Rice,59.31,17.70192498511609,21.509524957800828,30.655324511657223,-4.57005411906194,1.9285726511720789,10.470409711684358,65.52
2009,Rice,65.52,10.470409711684358,17.70192498511609,21.509524957800828,30.655324511657223,14.101643645919715,17.73504273504274,77.14
2010,Rice,77.14,17.73504273504274,10.470409711684358,17.70192498511609,21.509524957800828,11.922205689986555,9.048483277158414,84.12
2011,Rice,84.12,9.048483277158414,17.73504273504274,10.470409711684358,17.70192498511609,-1.0376684634545417,8.511650023775562,91.28
2012,Rice,91.28,8.511650023775562,9.048483277158414,17.73504273504274,10.470409711684358,10.477381262833449,-4.338299737072749,87.32
2013,Rice,87.32,-4.338299737072749,8.511650023775562,9.048483277158414,17.73504273504274,10.96010134107462,8.394411360513065,94.65
2014,Rice,94.65,8.394411360513065,-4.338299737072749,8.511650023775562,9.048483277158414,33.263224169938674,6.032752245113571,100.36
2015,Rice,100.36,6.032752245113571,8.394411360513065,-4.338299737072749,8.511650023775562,7.814692554604825,4.613391789557597,104.99
2016,Rice,104.99,4.613391789557597,6.032752245113571,8.394411360513065,-4.338299737072749,9.10399913321798,4.848080769597107,110.08
2017,Rice,110.08,4.848080769597107,4.613391789557597,6.032752245113571,8.394411360513065,0.554715439527835,-0.28161337209302584,109.77
2018,Rice,109.77,-0.28161337209302584,4.848080769597107,4.613391789557597,6.032752245113571,12.251568673956607,-0.9929853329689209,108.68
2019,Rice,108.68,-0.9929853329689209,-0.28161337209302584,4.848080769597107,4.613391789557597,4.918326059342323,4.839896945160094,113.94
2020,Rice,113.94,4.839896945160094,-0.9929853329689209,-0.28161337209302584,4.848080769597107,12.697387185926667,22.564507635597696,139.65
2021,Rice,139.65,22.564507635597696,4.839896945160094,-0.9929853329689209,-0.28161337209302584,12.546135945354598,9.795918367346946,153.33
2022,Rice,153.33,9.795918367346946,22.564507635597696,4.839896945160094,-0.9929853329689209,12.166563822618706,2.8044087914954607,157.63
2023,Rice,157.63,2.8044087914954607,9.795918367346946,22.564507635597696,4.839896945160094,10.659833225260362,1.509864873437805,160.01
2024,Rice,160.01,1.509864873437805,2.8044087914954607,9.795918367346946,22.564507635597696,8.936314572849186,1.4874070370601844,162.39
2025,Rice,162.39,1.4874070370601844,1.509864873437805,2.8044087914954607,9.795918367346946,12.417978574628506,,
1991,"Roots and Tubers, Total",24.24,,,,,,-14.150165016501647,20.81
1992,"Roots and Tubers, Total",20.81,-14.150165016501647,,,,,12.83037001441616,23.48
1993,"Roots and Tubers, Total",23.48,12.83037001441616,-14.150165016501647,,,,12.137989778534909,26.33
1994,"Roots and Tubers, Total",26.33,12.137989778534909,12.83037001441616,-14.150165016501647,,,20.736802126851494,31.79
1995,"Roots and Tubers, Total",31.79,20.736802126851494,12.137989778534909,12.83037001441616,-14.150165016501647,,5.06448568732305,33.4
1996,"Roots and Tubers, Total",33.4,5.06448568732305,20.736802126851494,12.137989778534909,12.83037001441616,,5.1796407185628945,35.13
1997,"Roots and Tubers, Total",35.13,5.1796407185628945,5.06448568732305,20.736802126851494,12.137989778534909,,14.460575007116416,40.21
1998,"Roots and Tubers, Total",40.21,14.460575007116416,5.1796407185628945,5.06448568732305,20.736802126851494,,-21.36284506341706,31.62
1999,"Roots and Tubers, Total",31.62,-21.36284506341706,14.460575007116416,5.1796407185628945,5.06448568732305,,12.080961416824776,35.44
2000,"Roots and Tubers, Total",35.44,12.080961416824776,-21.36284506341706,14.460575007116416,5.1796407185628945,,15.378103837471802,40.89
2001,"Roots and Tubers, Total",40.89,15.378103837471802,12.080961416824776,-21.36284506341706,14.460575007116416,,-5.771582293959399,38.53
2002,"Roots and Tubers, Total",38.53,-5.771582293959399,15.378103837471802,12.080961416824776,-21.36284506341706,,-3.6594861147158153,37.12
2003,"Roots and Tubers, Total",37.12,-3.6594861147158153,-5.771582293959399,15.378103837471802,12.080961416824776,,26.050646551724157,46.79
2004,"Roots and Tubers, Total",46.79,26.050646551724157,-3.6594861147158153,-5.771582293959399,15.378103837471802,,1.6883949561872225,47.58
2005,"Roots and Tubers, Total",47.58,1.6883949561872225,26.050646551724157,-3.6594861147158153,-5.771582293959399,,2.858343841950406,48.94
2006,"Roots and Tubers, Total",48.94,2.858343841950406,1.6883949561872225,26.050646551724157,-3.6594861147158153,,22.905598692276264,60.15
2007,"Roots and Tubers, Total",60.15,22.905598692276264,2.858343841950406,1.6883949561872225,26.050646551724157,,-1.3965087281795463,59.31
2008,"Roots and Tubers, Total",59.31,-1.3965087281795463,22.905598692276264,2.858343841950406,1.6883949561872225,,10.470409711684358,65.52
2009,"Roots and Tubers, Total",65.52,10.470409711684358,-1.3965087281795463,22.905598692276264,2.858343841950406,,17.73504273504274,77.14
2010,"Roots and Tubers, Total",77.14,17.73504273504274,10.470409711684358,-1.3965087281795463,22.905598692276264,,9.048483277158414,84.12
2011,"Roots and Tubers, Total",84.12,9.048483277158414,17.73504273504274,10.470409711684358,-1.3965087281795463,,8.511650023775562,91.28
2012,"Roots and Tubers, Total",91.28,8.511650023775562,9.048483277158414,17.73504273504274,10.470409711684358,,-4.338299737072749,87.32
2013,"Roots and Tubers, Total",87.32,-4.338299737072749,8.511650023775562,9.048483277158414,17.73504273504274,,8.394411360513065,94.65
2014,"Roots and Tubers, Total",94.65,8.394411360513065,-4.338299737072749,8.511650023775562,9.048483277158414,,6.032752245113571,100.36
2015,"Roots and Tubers, Total",100.36,6.032752245113571,8.394411360513065,-4.338299737072749,8.511650023775562,,4.613391789557597,104.99
2016,"Roots and Tubers, Total",104.99,4.613391789557597,6.032752245113571,8.394411360513065,-4.338299737072749,,4.848080769597107,110.08
2017,"Roots and Tubers, Total",110.08,4.848080769597107,4.613391789557597,6.032752245113571,8.394411360513065,,-0.28161337209302584,109.77
2018,"Roots and Tubers, Total",109.77,-0.28161337209302584,4.848080769597107,4.613391789557597,6.032752245113571,,6.285870456408871,116.67
2019,"Roots and Tubers, Total",116.67,6.285870456408871,-0.28161337209302584,4.848080769597107,4.613391789557597,,1.5942401645667292,118.53
2020,"Roots and Tubers, Total",118.53,1.5942401645667292,6.285870456408871,-0.28161337209302584,4.848080769597107,,15.953766978823914,137.44
2021,"Roots and Tubers, Total",137.44,15.953766978823914,1.5942401645667292,6.285870456408871,-0.28161337209302584,,0.4583818393480765,138.07
2022,"Roots and Tubers, Total",138.07,0.4583818393480765,15.953766978823914,1.5942401645667292,6.285870456408871,,2.7087709133048588,141.81
2023,"Roots and Tubers, Total",141.81,2.7087709133048588,0.4583818393480765,15.953766978823914,1.5942401645667292,,8.412664833227556,153.74
2024,"Roots and Tubers, Total",153.74,8.412664833227556,2.7087709133048588,0.4583818393480765,15.953766978823914,,6.068687394302064,163.07
2025,"Roots and Tubers, Total",163.07,6.068687394302064,8.412664833227556,2.7087709133048588,0.4583818393480765,,,
1991,Safflower seed,34.95,,,,,8.908613844400243,4.034334763948477,36.36
1992,Safflower seed,36.36,4.034334763948477,,,,11.083610248950238,-22.90979097909791,28.03
1993,Safflower seed,28.03,-22.90979097909791,4.034334763948477,,,9.790667057142239,14.912593649661066,32.21
1994,Safflower seed,32.21,14.912593649661066,-22.90979097909791,4.034334763948477,,15.84712773821468,18.006830176963675,38.01
1995,Safflower seed,38.01,18.006830176963675,14.912593649661066,-22.90979097909791,4.034334763948477,12.09499520278541,1.4732965009208066,38.57
1996,Safflower seed,38.57,1.4732965009208066,18.006830176963675,14.912593649661066,-22.90979097909791,3.8505978193663037,2.722323049001818,39.62
1997,Safflower seed,39.62,2.722323049001818,1.4732965009208066,18.006830176963675,14.912593649661066,2.028603600889854,16.128218071680966,46.01
1998,Safflower seed,46.01,16.128218071680966,2.722323049001818,1.4732965009208066,18.006830176963675,3.5682087809200476,19.16974570745491,54.83
1999,Safflower seed,54.83,19.16974570745491,16.128218071680966,2.722323049001818,1.4732965009208066,10.935016598647636,-20.17143899325187,43.77
2000,Safflower seed,43.77,-20.17143899325187,19.16974570745491,16.128218071680966,2.722323049001818,7.286117761984566,-8.38473840530044,40.1
2001,Safflower seed,40.1,-8.38473840530044,-20.17143899325187,19.16974570745491,16.128218071680966,6.663739096419509,17.23192019950124,47.01
2002,Safflower seed,47.01,17.23192019950124,-8.38473840530044,-20.17143899325187,19.16974570745491,6.773085552936699,14.699000212720703,53.92
2003,Safflower seed,53.92,14.699000212720703,17.23192019950124,-8.38473840530044,-20.17143899325187,12.501628398136305,3.3382789317507378,55.72
2004,Safflower seed,55.72,3.3382789317507378,14.699000212720703,17.23192019950124,-8.38473840530044,9.3387209564762,0.9691313711414296,56.26
2005,Safflower seed,56.26,0.9691313711414296,3.3382789317507378,14.699000212720703,17.23192019950124,10.659833225260362,0.0,56.26
2006,Safflower seed,56.26,0.0,0.9691313711414296,3.3382789317507378,14.699000212720703,8.936314572849186,2.701741912548883,57.78
2007,Safflower seed,57.78,2.701741912548883,0.0,0.9691313711414296,3.3382789317507378,12.417978574628506,2.6479750778816147,59.31
2008,Safflower seed,59.31,2.6479750778816147,2.701741912548883,0.0,0.9691313711414296,11.765058678658908,10.470409711684358,65.52
2009,Safflower seed,65.52,10.470409711684358,2.6479750778816147,2.701741912548883,0.0,4.407277854620411,17.73504273504274,77.14
2010,Safflower seed,77.14,17.73504273504274,10.470409711684358,2.6479750778816147,2.701741912548883,4.189253882405295,9.048483277158414,84.12
2011,Safflower seed,84.12,9.048483277158414,17.73504273504274,10.470409711684358,2.6479750778816147,3.362954622851298,8.511650023775562,91.28
2012,Safflower seed,91.28,8.511650023775562,9.048483277158414,17.73504273504274,10.470409711684358,6.346851798394746,-4.338299737072749,87.32
2013,Safflower seed,87.32,-4.338299737072749,8.511650023775562,9.048483277158414,17.73504273504274,5.164741601422761,8.394411360513065,94.65
2014,Safflower seed,94.65,8.394411360513065,-4.338299737072749,8.511650023775562,9.048483277158414,3.059953062353895,6.032752245113571,100.36
2015,Safflower seed,100.36,6.032752245113571,8.394411360513065,-4.338299737072749,8.511650023775562,4.036503981731575,4.613391789557597,104.99
2016,Safflower seed,104.99,4.613391789557597,6.032752245113571,8.394411360513065,-4.338299737072749,2.287764930903005,4.848080769597107,110.08
2017,Safflower seed,110.08,4.848080769597107,4.613391789557597,6.032752245113571,8.394411360513065,6.489477524571702,-0.28161337209302584,109.77
2018,Safflower seed,109.77,-0.28161337209302584,4.848080769597107,4.613391789557597,6.032752245113571,5.509669106274586,-1.3938234490297852,108.24
2019,Safflower seed,108.24,-1.3938234490297852,-0.28161337209302584,4.848080769597107,4.613391789557597,5.712353486286797,-7.677383592017728,99.93
2020,Safflower seed,99.93,-7.677383592017728,-1.3938234490297852,-0.28161337209302584,4.848080769597107,4.142314193283994,13.789652756929826,113.71
2021,Safflower seed,113.71,13.789652756929826,-7.677383592017728,-1.3938234490297852,-0.28161337209302584,,4.9072201213613775,119.29
2022,Safflower seed,119.29,4.9072201213613775,13.789652756929826,-7.677383592017728,-1.3938234490297852,,1.4334814318048394,121.0
2023,Safflower seed,121.0,1.4334814318048394,4.9072201213613775,13.789652756929826,-7.677383592017728,,9.140495867768594,132.06
2024,Safflower seed,132.06,9.140495867768594,1.4334814318048394,4.9072201213613775,13.789652756929826,,6.338028169014098,140.43
2025,Safflower seed,140.43,6.338028169014098,9.140495867768594,1.4334814318048394,4.9072201213613775,8.282989724192808,,
1991,"Seed cotton, unginned",20.79,,,,,12.417978574628505,7.5998075998076065,22.37
1992,"Seed cotton, unginned",22.37,7.5998075998076065,,,,11.765058678658905,29.36969155118463,28.94
1993,"Seed cotton, unginned",28.94,29.36969155118463,7.5998075998076065,,,4.40727785462041,18.659295093296492,34.34
1994,"Seed cotton, unginned",34.34,18.659295093296492,29.36969155118463,7.5998075998076065,,4.189253882405293,2.649970879440877,35.25
1995,"Seed cotton, unginned",35.25,2.649970879440877,18.659295093296492,29.36969155118463,7.5998075998076065,3.3629546228512956,-3.177304964538996,34.13
1996,"Seed cotton, unginned",34.13,-3.177304964538996,2.649970879440877,18.659295093296492,29.36969155118463,6.346851798394744,8.848520363316714,37.15
1997,"Seed cotton, unginned",37.15,8.848520363316714,-3.177304964538996,2.649970879440877,18.659295093296492,5.164741601422758,16.150740242261108,43.15
1998,"Seed cotton, unginned",43.15,16.150740242261108,8.848520363316714,-3.177304964538996,2.649970879440877,3.059953062353893,-9.038238702201618,39.25
1999,"Seed cotton, unginned",39.25,-9.038238702201618,16.150740242261108,8.848520363316714,-3.177304964538996,4.874620042586083,-0.4331210191082846,39.08
2000,"Seed cotton, unginned",39.08,-0.4331210191082846,-9.038238702201618,16.150740242261108,8.848520363316714,0.5629001579876037,5.629477993858756,41.28
2001,"Seed cotton, unginned",41.28,5.629477993858756,-0.4331210191082846,-9.038238702201618,16.150740242261108,4.751391839175189,3.6094961240310086,42.77
2002,"Seed cotton, unginned",42.77,3.6094961240310086,5.629477993858756,-0.4331210191082846,-9.038238702201618,3.069871879790931,4.793079261164368,44.82
2003,"Seed cotton, unginned",44.82,4.793079261164368,3.6094961240310086,5.629477993858756,-0.4331210191082846,6.195820193923388,7.5412762159750235,48.2
2004,"Seed cotton, unginned",48.2,7.5412762159750235,4.793079261164368,3.6094961240310086,5.629477993858756,5.338519296948781,-7.219917012448141,44.72
2005,"Seed cotton, unginned",44.72,-7.219917012448141,7.5412762159750235,4.793079261164368,3.6094961240310086,,7.625223613595722,48.13
2006,"Seed cotton, unginned",48.13,7.625223613595722,-7.219917012448141,7.5412762159750235,4.793079261164368,,11.614377726989389,53.72
2007,"Seed cotton, unginned",53.72,11.614377726989389,7.625223613595722,-7.219917012448141,7.5412762159750235,,10.405807892777364,59.31
2008,"Seed cotton, unginned",59.31,10.405807892777364,11.614377726989389,7.625223613595722,-7.219917012448141,,10.470409711684358,65.52
2009,"Seed cotton, unginned",65.52,10.470409711684358,10.405807892777364,11.614377726989389,7.625223613595722,0.07799163176308592,17.73504273504274,77.14
2010,"Seed cotton, unginned",77.14,17.73504273504274,10.470409711684358,10.405807892777364,11.614377726989389,-0.2533400382161801,9.048483277158414,84.12
2011,"Seed cotton, unginned",84.12,9.048483277158414,17.73504273504274,10.470409711684358,10.405807892777364,-0.14574673329523394,8.511650023775562,91.28
2012,"Seed cotton, unginned",91.28,8.511650023775562,9.048483277158414,17.73504273504274,10.470409711684358,18.023425367562904,-4.338299737072749,87.32
2013,"Seed cotton, unginned",87.32,-4.338299737072749,8.511650023775562,9.048483277158414,17.73504273504274,15.884193129596857,8.394411360513065,94.65
2014,"Seed cotton, unginned",94.65,8.394411360513065,-4.338299737072749,8.511650023775562,9.048483277158414,14.507836759560355,6.032752245113571,100.36
2015,"Seed cotton, unginned",100.36,6.032752245113571,8.394411360513065,-4.338299737072749,8.511650023775562,0.6365486713432844,4.613391789557597,104.99
2016,"Seed cotton, unginned",104.99,4.613391789557597,6.032752245113571,8.394411360513065,-4.338299737072749,-3.489795414678221,4.848080769597107,110.08
2017,"Seed cotton, unginned",110.08,4.848080769597107,4.613391789557597,6.032752245113571,8.394411360513065,-0.6800844710724997,-0.28161337209302584,109.77
2018,"Seed cotton, unginned",109.77,-0.28161337209302584,4.848080769597107,4.613391789557597,6.032752245113571,4.680264684629446,21.05311105037806,132.88
2019,"Seed cotton, unginned",132.88,21.05311105037806,-0.28161337209302584,4.848080769597107,4.613391789557597,9.588729828156106,0.8052378085490641,133.95
2020,"Seed cotton, unginned",133.95,0.8052378085490641,21.05311105037806,-0.28161337209302584,4.848080769597107,7.768451315994543,8.174692049272124,144.9
2021,"Seed cotton, unginned",144.9,8.174692049272124,0.8052378085490641,21.05311105037806,-0.28161337209302584,7.114309314213373,3.416149068322971,149.85
2022,"Seed cotton, unginned",149.85,3.416149068322971,8.174692049272124,0.8052378085490641,21.05311105037806,12.757710401445474,1.6816816816816793,152.37
2023,"Seed cotton, unginned",152.37,1.6816816816816793,3.416149068322971,8.174692049272124,0.8052378085490641,9.338720956476198,8.01995143400931,164.59
2024,"Seed cotton, unginned",164.59,8.01995143400931,1.6816816816816793,3.416149068322971,8.174692049272124,10.659833225260359,5.62610122121634,173.85
2025,"Seed cotton, unginned",173.85,5.62610122121634,8.01995143400931,1.6816816816816793,3.416149068322971,8.936314572849184,,
1991,Sesame seed,27.87,,,,,,-5.740940078937928,26.27
1992,Sesame seed,26.27,-5.740940078937928,,,,,7.917776931861442,28.35
1993,Sesame seed,28.35,7.917776931861442,-5.740940078937928,,,,18.095238095238074,33.48
1994,Sesame seed,33.48,18.095238095238074,7.917776931861442,-5.740940078937928,,,16.30824372759858,38.94
1995,Sesame seed,38.94,16.30824372759858,18.095238095238074,7.917776931861442,-5.740940078937928,,-12.095531587057017,34.23
1996,Sesame seed,34.23,-12.095531587057017,16.30824372759858,18.095238095238074,7.917776931861442,,0.6134969325153339,34.44
1997,Sesame seed,34.44,0.6134969325153339,-12.095531587057017,16.30824372759858,18.095238095238074,,30.45876887340302,44.93
1998,Sesame seed,44.93,30.45876887340302,0.6134969325153339,-12.095531587057017,16.30824372759858,,-7.077676385488541,41.75
1999,Sesame seed,41.75,-7.077676385488541,30.45876887340302,0.6134969325153339,-12.095531587057017,,-2.658682634730536,40.64
2000,Sesame seed,40.64,-2.658682634730536,-7.077676385488541,30.45876887340302,0.6134969325153339,,0.7135826771653475,40.93
2001,Sesame seed,40.93,0.7135826771653475,-2.658682634730536,-7.077676385488541,30.45876887340302,,12.289274370877102,45.96
2002,Sesame seed,45.96,12.289274370877102,0.7135826771653475,-2.658682634730536,-7.077676385488541,,12.576153176675376,51.74
2003,Sesame seed,51.74,12.576153176675376,12.289274370877102,0.7135826771653475,-2.658682634730536,,-3.0730575956706696,50.15
2004,Sesame seed,50.15,-3.0730575956706696,12.576153176675376,12.289274370877102,0.7135826771653475,,4.267198404785644,52.29
2005,Sesame seed,52.29,4.267198404785644,-3.0730575956706696,12.576153176675376,12.289274370877102,,4.245553643144007,54.51
2006,Sesame seed,54.51,4.245553643144007,4.267198404785644,-3.0730575956706696,12.576153176675376,,4.4028618602091285,56.91
2007,Sesame seed,56.91,4.4028618602091285,4.245553643144007,4.267198404785644,-3.0730575956706696,,4.217185028993153,59.31
2008,Sesame seed,59.31,4.217185028993153,4.4028618602091285,4.245553643144007,4.267198404785644,,10.470409711684358,65.52
2009,Sesame seed,65.52,10.470409711684358,4.217185028993153,4.4028618602091285,4.245553643144007,,17.73504273504274,77.14
2010,Sesame seed,77.14,17.73504273504274,10.470409711684358,4.217185028993153,4.4028618602091285,,9.048483277158414,84.12
2011,Sesame seed,84.12,9.048483277158414,17.73504273504274,10.470409711684358,4.217185028993153,,8.511650023775562,91.28
2012,Sesame seed,91.28,8.511650023775562,9.048483277158414,17.73504273504274,10.470409711684358,,-4.338299737072749,87.32
2013,Sesame seed,87.32,-4.338299737072749,8.511650023775562,9.048483277158414,17.73504273504274,,8.394411360513065,94.65
2014,Sesame seed,94.65,8.394411360513065,-4.338299737072749,8.511650023775562,9.048483277158414,,6.032752245113571,100.36
2015,Sesame seed,100.36,6.032752245113571,8.394411360513065,-4.338299737072749,8.511650023775562,,4.613391789557597,104.99
2016,Sesame seed,104.99,4.613391789557597,6.032752245113571,8.394411360513065,-4.338299737072749,,4.848080769597107,110.08
2017,Sesame seed,110.08,4.848080769597107,4.613391789557597,6.032752245113571,8.394411360513065,,-0.28161337209302584,109.77
2018,Sesame seed,109.77,-0.28161337209302584,4.848080769597107,4.613391789557597,6.032752245113571,,6.067231484012026,116.43
2019,Sesame seed,116.43,6.067231484012026,-0.28161337209302584,4.848080769597107,4.613391789557597,,-6.896847891436919,108.4
2020,Sesame seed,108.4,-6.896847891436919,6.067231484012026,-0.28161337209302584,4.848080769597107,,9.142066420664197,118.31
2021,Sesame seed,118.31,9.142066420664197,-6.896847891436919,6.067231484012026,-0.28161337209302584,,5.561660045642802,124.89
2022,Sesame seed,124.89,5.561660045642802,9.142066420664197,-6.896847891436919,6.067231484012026,,1.6334374249339367,126.93
2023,Sesame seed,126.93,1.6334374249339367,5.561660045642802,9.142066420664197,-6.896847891436919,,9.784920822500576,139.35
2024,Sesame seed,139.35,9.784920822500576,1.6334374249339367,5.561660045642802,9.142066420664197,,7.111589522784345,149.26
2025,Sesame seed,149.26,7.111589522784345,9.784920822500576,1.6334374249339367,5.561660045642802,,,
1991,"Shorn wool, greasy, including fleece-washed shorn wool",24.24,,,,,,0.08250825082509738,24.26
1992,"Shorn wool, greasy, including fleece-washed shorn wool",24.26,0.08250825082509738,,,,,5.441055234954639,25.58
1993,"Shorn wool, greasy, including fleece-washed shorn wool",25.58,5.441055234954639,0.08250825082509738,,,,10.985144644253332,28.39
1994,"Shorn wool, greasy, including fleece-washed shorn wool",28.39,10.985144644253332,5.441055234954639,0.08250825082509738,,,4.649524480450862,29.71
1995,"Shorn wool, greasy, including fleece-washed shorn wool",29.71,4.649524480450862,10.985144644253332,5.441055234954639,0.08250825082509738,,9.256142712891279,32.46
1996,"Shorn wool, greasy, including fleece-washed shorn wool",32.46,9.256142712891279,4.649524480450862,10.985144644253332,5.441055234954639,,23.844731977818867,40.2
1997,"Shorn wool, greasy, including fleece-washed shorn wool",40.2,23.844731977818867,9.256142712891279,4.649524480450862,10.985144644253332,,-16.791044776119403,33.45
1998,"Shorn wool, greasy, including fleece-washed shorn wool",33.45,-16.791044776119403,23.844731977818867,9.256142712891279,4.649524480450862,,0.8071748878923701,33.72
1999,"Shorn wool, greasy, including fleece-washed shorn wool",33.72,0.8071748878923701,-16.791044776119403,23.844731977818867,9.256142712891279,,5.1601423487544595,35.46
2000,"Shorn wool, greasy, including fleece-washed shorn wool",35.46,5.1601423487544595,0.8071748878923701,-16.791044776119403,23.844731977818867,,13.733784545967275,40.33
2001,"Shorn wool, greasy, including fleece-washed shorn wool",40.33,13.733784545967275,5.1601423487544595,0.8071748878923701,-16.791044776119403,,-8.95115298785023,36.72
2002,"Shorn wool, greasy, including fleece-washed shorn wool",36.72,-8.95115298785023,13.733784545967275,5.1601423487544595,0.8071748878923701,,8.469498910675387,39.83
2003,"Shorn wool, greasy, including fleece-washed shorn wool",39.83,8.469498910675387,-8.95115298785023,13.733784545967275,5.1601423487544595,,5.975395430579966,42.21
2004,"Shorn wool, greasy, including fleece-washed shorn wool",42.21,5.975395430579966,8.469498910675387,-8.95115298785023,13.733784545967275,,8.860459606728277,45.95
2005,"Shorn wool, greasy, including fleece-washed shorn wool",45.95,8.860459606728277,5.975395430579966,8.469498910675387,-8.95115298785023,,6.507072905331879,48.94
2006,"Shorn wool, greasy, including fleece-washed shorn wool",48.94,6.507072905331879,8.860459606728277,5.975395430579966,8.469498910675387,,22.905598692276264,60.15
2007,"Shorn wool, greasy, including fleece-washed shorn wool",60.15,22.905598692276264,6.507072905331879,8.860459606728277,5.975395430579966,,-1.3965087281795463,59.31
2008,"Shorn wool, greasy, including fleece-washed shorn wool",59.31,-1.3965087281795463,22.905598692276264,6.507072905331879,8.860459606728277,,10.470409711684358,65.52
2009,"Shorn wool, greasy, including fleece-washed shorn wool",65.52,10.470409711684358,-1.3965087281795463,22.905598692276264,6.507072905331879,,17.73504273504274,77.14
2010,"Shorn wool, greasy, including fleece-washed shorn wool",77.14,17.73504273504274,10.470409711684358,-1.3965087281795463,22.905598692276264,,9.048483277158414,84.12
2011,"Shorn wool, greasy, including fleece-washed shorn wool",84.12,9.048483277158414,17.73504273504274,10.470409711684358,-1.3965087281795463,,8.511650023775562,91.28
2012,"Shorn wool, greasy, including fleece-washed shorn wool",91.28,8.511650023775562,9.048483277158414,17.73504273504274,10.470409711684358,,-4.338299737072749,87.32
2013,"Shorn wool, greasy, including fleece-washed shorn wool",87.32,-4.338299737072749,8.511650023775562,9.048483277158414,17.73504273504274,,8.394411360513065,94.65
2014,"Shorn wool, greasy, including fleece-washed shorn wool",94.65,8.394411360513065,-4.338299737072749,8.511650023775562,9.048483277158414,,6.032752245113571,100.36
2015,"Shorn wool, greasy, including fleece-washed shorn wool",100.36,6.032752245113571,8.394411360513065,-4.338299737072749,8.511650023775562,,4.613391789557597,104.99
2016,"Shorn wool, greasy, including fleece-washed shorn wool",104.99,4.613391789557597,6.032752245113571,8.394411360513065,-4.338299737072749,,4.848080769597107,110.08
2017,"Shorn wool, greasy, including fleece-washed shorn wool",110.08,4.848080769597107,4.613391789557597,6.032752245113571,8.394411360513065,,-0.28161337209302584,109.77
2018,"Shorn wool, greasy, including fleece-washed shorn wool",109.77,-0.28161337209302584,4.848080769597107,4.613391789557597,6.032752245113571,,7.16953630317938,117.64
2019,"Shorn wool, greasy, including fleece-washed shorn wool",117.64,7.16953630317938,-0.28161337209302584,4.848080769597107,4.613391789557597,,2.176130567834078,120.2
2020,"Shorn wool, greasy, including fleece-washed shorn wool",120.2,2.176130567834078,7.16953630317938,-0.28161337209302584,4.848080769597107,,12.76206322795339,135.54
2021,"Shorn wool, greasy, including fleece-washed shorn wool",135.54,12.76206322795339,2.176130567834078,7.16953630317938,-0.28161337209302584,,1.7559392061384127,137.92
2022,"Shorn wool, greasy, including fleece-washed shorn wool",137.92,1.7559392061384127,12.76206322795339,2.176130567834078,7.16953630317938,,1.1963457076566097,139.57
2023,"Shorn wool, greasy, including fleece-washed shorn wool",139.57,1.1963457076566097,1.7559392061384127,12.76206322795339,2.176130567834078,,7.2221824174249605,149.65
2024,"Shorn wool, greasy, including fleece-washed shorn wool",149.65,7.2221824174249605,1.1963457076566097,1.7559392061384127,12.76206322795339,,6.742398930838633,159.74
2025,"Shorn wool, greasy, including fleece-washed shorn wool",159.74,6.742398930838633,7.2221824174249605,1.1963457076566097,1.7559392061384127,,,
1991,Silk-worm cocoons suitable for reeling,38.18,,,,,,-15.269774751178621,32.35
1992,Silk-worm cocoons suitable for reeling,32.35,-15.269774751178621,,,,,-11.5919629057187,28.6
1993,Silk-worm cocoons suitable for reeling,28.6,-11.5919629057187,-15.269774751178621,,,,27.37762237762238,36.43
1994,Silk-worm cocoons suitable for reeling,36.43,27.37762237762238,-11.5919629057187,-15.269774751178621,,,3.486137798517719,37.7
1995,Silk-worm cocoons suitable for reeling,37.7,3.486137798517719,27.37762237762238,-11.5919629057187,-15.269774751178621,,10.530503978779837,41.67
1996,Silk-worm cocoons suitable for reeling,41.67,10.530503978779837,3.486137798517719,27.37762237762238,-11.5919629057187,,1.1279097672186156,42.14
1997,Silk-worm cocoons suitable for reeling,42.14,1.1279097672186156,10.530503978779837,3.486137798517719,27.37762237762238,,1.3763644992880852,42.72
1998,Silk-worm cocoons suitable for reeling,42.72,1.3763644992880852,1.1279097672186156,10.530503978779837,3.486137798517719,,-7.069288389513096,39.7
1999,Silk-worm cocoons suitable for reeling,39.7,-7.069288389513096,1.3763644992880852,1.1279097672186156,10.530503978779837,,-0.35264483627204246,39.56
2000,Silk-worm cocoons suitable for reeling,39.56,-0.35264483627204246,-7.069288389513096,1.3763644992880852,1.1279097672186156,,-7.254802831142582,36.69
2001,Silk-worm cocoons suitable for reeling,36.69,-7.254802831142582,-0.35264483627204246,-7.069288389513096,1.3763644992880852,,0.08176614881438837,36.72
2002,Silk-worm cocoons suitable for reeling,36.72,0.08176614881438837,-7.254802831142582,-0.35264483627204246,-7.069288389513096,,8.469498910675387,39.83
2003,Silk-worm cocoons suitable for reeling,39.83,8.469498910675387,0.08176614881438837,-7.254802831142582,-0.35264483627204246,,5.975395430579966,42.21
2004,Silk-worm cocoons suitable for reeling,42.21,5.975395430579966,8.469498910675387,0.08176614881438837,-7.254802831142582,,8.860459606728277,45.95
2005,Silk-worm cocoons suitable for reeling,45.95,8.860459606728277,5.975395430579966,8.469498910675387,0.08176614881438837,,6.507072905331879,48.94
2006,Silk-worm cocoons suitable for reeling,48.94,6.507072905331879,8.860459606728277,5.975395430579966,8.469498910675387,,22.905598692276264,60.15
2007,Silk-worm cocoons suitable for reeling,60.15,22.905598692276264,6.507072905331879,8.860459606728277,5.975395430579966,,-1.3965087281795463,59.31
2008,Silk-worm cocoons suitable for reeling,59.31,-1.3965087281795463,22.905598692276264,6.507072905331879,8.860459606728277,,10.470409711684358,65.52
2009,Silk-worm cocoons suitable for reeling,65.52,10.470409711684358,-1.3965087281795463,22.905598692276264,6.507072905331879,,17.73504273504274,77.14
2010,Silk-worm cocoons suitable for reeling,77.14,17.73504273504274,10.470409711684358,-1.3965087281795463,22.905598692276264,,9.048483277158414,84.12
2011,Silk-worm cocoons suitable for reeling,84.12,9.048483277158414,17.73504273504274,10.470409711684358,-1.3965087281795463,,8.511650023775562,91.28
2012,Silk-worm cocoons suitable for reeling,91.28,8.511650023775562,9.048483277158414,17.73504273504274,10.470409711684358,,-4.338299737072749,87.32
2013,Silk-worm cocoons suitable for reeling,87.32,-4.338299737072749,8.511650023775562,9.048483277158414,17.73504273504274,,8.394411360513065,94.65
2014,Silk-worm cocoons suitable for reeling,94.65,8.394411360513065,-4.338299737072749,8.511650023775562,9.048483277158414,,6.032752245113571,100.36
2015,Silk-worm cocoons suitable for reeling,100.36,6.032752245113571,8.394411360513065,-4.338299737072749,8.511650023775562,,4.613391789557597,104.99
2016,Silk-worm cocoons suitable for reeling,104.99,4.613391789557597,6.032752245113571,8.394411360513065,-4.338299737072749,,4.848080769597107,110.08
2017,Silk-worm cocoons suitable for reeling,110.08,4.848080769597107,4.613391789557597,6.032752245113571,8.394411360513065,,-0.28161337209302584,109.77
2018,Silk-worm cocoons suitable for reeling,109.77,-0.28161337209302584,4.848080769597107,4.613391789557597,6.032752245113571,,8.6726792384076,119.29
2019,Silk-worm cocoons suitable for reeling,119.29,8.6726792384076,-0.28161337209302584,4.848080769597107,4.613391789557597,,9.564925811048685,130.7
2020,Silk-worm cocoons suitable for reeling,130.7,9.564925811048685,8.6726792384076,-0.28161337209302584,4.848080769597107,,3.7566947207345214,135.61
2021,Silk-worm cocoons suitable for reeling,135.61,3.7566947207345214,9.564925811048685,8.6726792384076,-0.28161337209302584,,1.5043138411621415,137.65
2022,Silk-worm cocoons suitable for reeling,137.65,1.5043138411621415,3.7566947207345214,9.564925811048685,8.6726792384076,,1.0897203051216886,139.15
2023,Silk-worm cocoons suitable for reeling,139.15,1.0897203051216886,1.5043138411621415,3.7566947207345214,9.564925811048685,,9.284944304707142,152.07
2024,Silk-worm cocoons suitable for reeling,152.07,9.284944304707142,1.0897203051216886,1.5043138411621415,3.7566947207345214,,1.9596238574340896,155.05
2025,Silk-worm cocoons suitable for reeling,155.05,1.9596238574340896,9.284944304707142,1.0897203051216886,1.5043138411621415,,,
1991,Sorghum,21.48,,,,,,6.657355679702048,22.91
1992,Sorghum,22.91,6.657355679702048,,,,,10.126582278481022,25.23
1993,Sorghum,25.23,10.126582278481022,6.657355679702048,,,,15.10107015457789,29.04
1994,Sorghum,29.04,15.10107015457789,10.126582278481022,6.657355679702048,,,3.1680440771350016,29.96
1995,Sorghum,29.96,3.1680440771350016,15.10107015457789,10.126582278481022,6.657355679702048,,11.648865153538047,33.45
1996,Sorghum,33.45,11.648865153538047,3.1680440771350016,15.10107015457789,10.126582278481022,,-17.13004484304934,27.72
1997,Sorghum,27.72,-17.13004484304934,11.648865153538047,3.1680440771350016,15.10107015457789,,10.60606060606062,30.66
1998,Sorghum,30.66,10.60606060606062,-17.13004484304934,11.648865153538047,3.1680440771350016,,29.028049575994785,39.56
1999,Sorghum,39.56,29.028049575994785,10.60606060606062,-17.13004484304934,11.648865153538047,,-5.182002022244703,37.51
2000,Sorghum,37.51,-5.182002022244703,29.028049575994785,10.60606060606062,-17.13004484304934,,-6.424953345774453,35.1
2001,Sorghum,35.1,-6.424953345774453,-5.182002022244703,29.028049575994785,10.60606060606062,,7.293447293447275,37.66
2002,Sorghum,37.66,7.293447293447275,-6.424953345774453,-5.182002022244703,29.028049575994785,,0.4779607010090503,37.84
2003,Sorghum,37.84,0.4779607010090503,7.293447293447275,-6.424953345774453,-5.182002022244703,,-0.42283298097252064,37.68
2004,Sorghum,37.68,-0.42283298097252064,0.4779607010090503,7.293447293447275,-6.424953345774453,,8.572186836518036,40.91
2005,Sorghum,40.91,8.572186836518036,-0.42283298097252064,0.4779607010090503,7.293447293447275,,30.579320459545368,53.42
2006,Sorghum,53.42,30.579320459545368,8.572186836518036,-0.42283298097252064,0.4779607010090503,,5.522276301010853,56.37
2007,Sorghum,56.37,5.522276301010853,30.579320459545368,8.572186836518036,-0.42283298097252064,,5.21554018094732,59.31
2008,Sorghum,59.31,5.21554018094732,5.522276301010853,30.579320459545368,8.572186836518036,,10.470409711684358,65.52
2009,Sorghum,65.52,10.470409711684358,5.21554018094732,5.522276301010853,30.579320459545368,,17.73504273504274,77.14
2010,Sorghum,77.14,17.73504273504274,10.470409711684358,5.21554018094732,5.522276301010853,,9.048483277158414,84.12
2011,Sorghum,84.12,9.048483277158414,17.73504273504274,10.470409711684358,5.21554018094732,,8.511650023775562,91.28
2012,Sorghum,91.28,8.511650023775562,9.048483277158414,17.73504273504274,10.470409711684358,,-4.338299737072749,87.32
2013,Sorghum,87.32,-4.338299737072749,8.511650023775562,9.048483277158414,17.73504273504274,,8.394411360513065,94.65
2014,Sorghum,94.65,8.394411360513065,-4.338299737072749,8.511650023775562,9.048483277158414,,6.032752245113571,100.36
2015,Sorghum,100.36,6.032752245113571,8.394411360513065,-4.338299737072749,8.511650023775562,,4.613391789557597,104.99
2016,Sorghum,104.99,4.613391789557597,6.032752245113571,8.394411360513065,-4.338299737072749,,4.848080769597107,110.08
2017,Sorghum,110.08,4.848080769597107,4.613391789557597,6.032752245113571,8.394411360513065,,-0.28161337209302584,109.77
2018,Sorghum,109.77,-0.28161337209302584,4.848080769597107,4.613391789557597,6.032752245113571,,1.3847134918465898,111.29
2019,Sorghum,111.29,1.3847134918465898,-0.28161337209302584,4.848080769597107,4.613391789557597,,5.454218707880298,117.36
2020,Sorghum,117.36,5.454218707880298,1.3847134918465898,-0.28161337209302584,4.848080769597107,,15.030674846625768,135.0
2021,Sorghum,135.0,15.030674846625768,5.454218707880298,1.3847134918465898,-0.28161337209302584,,0.8962962962963061,136.21
2022,Sorghum,136.21,0.8962962962963061,15.030674846625768,5.454218707880298,1.3847134918465898,,2.745760223184779,139.95
2023,Sorghum,139.95,2.745760223184779,0.8962962962963061,15.030674846625768,5.454218707880298,,7.738478027867113,150.78
2024,Sorghum,150.78,7.738478027867113,2.745760223184779,0.8962962962963061,15.030674846625768,,5.783260379360655,159.5
2025,Sorghum,159.5,5.783260379360655,7.738478027867113,2.745760223184779,0.8962962962963061,,,
1991,Soya beans,27.16,,,,,,33.87334315169366,36.36
1992,Soya beans,36.36,33.87334315169366,,,,,-19.554455445544548,29.25
1993,Soya beans,29.25,-19.554455445544548,33.87334315169366,,,,16.717948717948715,34.14
1994,Soya beans,34.14,16.717948717948715,-19.554455445544548,33.87334315169366,,,12.390158172231969,38.37
1995,Soya beans,38.37,12.390158172231969,16.717948717948715,-19.554455445544548,33.87334315169366,,0.07818608287724071,38.4
1996,Soya beans,38.4,0.07818608287724071,12.390158172231969,16.717948717948715,-19.554455445544548,,18.723958333333357,45.59
1997,Soya beans,45.59,18.723958333333357,0.07818608287724071,12.390158172231969,16.717948717948715,,-25.597718797982015,33.92
1998,Soya beans,33.92,-25.597718797982015,18.723958333333357,0.07818608287724071,12.390158172231969,,6.308962264150941,36.06
1999,Soya beans,36.06,6.308962264150941,-25.597718797982015,18.723958333333357,0.07818608287724071,,2.357182473654995,36.91
2000,Soya beans,36.91,2.357182473654995,6.308962264150941,-25.597718797982015,18.723958333333357,,2.3028989433757863,37.76
2001,Soya beans,37.76,2.3028989433757863,2.357182473654995,6.308962264150941,-25.597718797982015,,0.0,37.76
2002,Soya beans,37.76,0.0,2.3028989433757863,2.357182473654995,6.308962264150941,,5.084745762711873,39.68
2003,Soya beans,39.68,5.084745762711873,0.0,2.3028989433757863,2.357182473654995,,7.535282258064524,42.67
2004,Soya beans,42.67,7.535282258064524,5.084745762711873,0.0,2.3028989433757863,,1.0077337707991463,43.1
2005,Soya beans,43.1,1.0077337707991463,7.535282258064524,5.084745762711873,0.0,,0.9744779582366636,43.52
2006,Soya beans,43.52,0.9744779582366636,1.0077337707991463,7.535282258064524,5.084745762711873,,5.330882352941169,45.84
2007,Soya beans,45.84,5.330882352941169,0.9744779582366636,1.0077337707991463,7.535282258064524,,29.3848167539267,59.31
2008,Soya beans,59.31,29.3848167539267,5.330882352941169,0.9744779582366636,1.0077337707991463,,10.470409711684358,65.52
2009,Soya beans,65.52,10.470409711684358,29.3848167539267,5.330882352941169,0.9744779582366636,,17.73504273504274,77.14
2010,Soya beans,77.14,17.73504273504274,10.470409711684358,29.3848167539267,5.330882352941169,,9.048483277158414,84.12
2011,Soya beans,84.12,9.048483277158414,17.73504273504274,10.470409711684358,29.3848167539267,,8.511650023775562,91.28
2012,Soya beans,91.28,8.511650023775562,9.048483277158414,17.73504273504274,10.470409711684358,,-4.338299737072749,87.32
2013,Soya beans,87.32,-4.338299737072749,8.511650023775562,9.048483277158414,17.73504273504274,,8.394411360513065,94.65
2014,Soya beans,94.65,8.394411360513065,-4.338299737072749,8.511650023775562,9.048483277158414,,6.032752245113571,100.36
2015,Soya beans,100.36,6.032752245113571,8.394411360513065,-4.338299737072749,8.511650023775562,,4.613391789557597,104.99
2016,Soya beans,104.99,4.613391789557597,6.032752245113571,8.394411360513065,-4.338299737072749,,4.848080769597107,110.08
2017,Soya beans,110.08,4.848080769597107,4.613391789557597,6.032752245113571,8.394411360513065,,-0.28161337209302584,109.77
2018,Soya beans,109.77,-0.28161337209302584,4.848080769597107,4.613391789557597,6.032752245113571,,6.796028058668124,117.23
2019,Soya beans,117.23,6.796028058668124,-0.28161337209302584,4.848080769597107,4.613391789557597,,20.933208223151077,141.77
2020,Soya beans,141.77,20.933208223151077,6.796028058668124,-0.28161337209302584,4.848080769597107,,1.0298370600267948,143.23
2021,Soya beans,143.23,1.0298370600267948,20.933208223151077,6.796028058668124,-0.28161337209302584,,-1.3474830691894035,141.3
2022,Soya beans,141.3,-1.3474830691894035,1.0298370600267948,20.933208223151077,6.796028058668124,,-1.2384996461429543,139.55
2023,Soya beans,139.55,-1.2384996461429543,-1.3474830691894035,1.0298370600267948,20.933208223151077,,8.76388391257612,151.78
2024,Soya beans,151.78,8.76388391257612,-1.2384996461429543,-1.3474830691894035,1.0298370600267948,,-1.7854789827381756,149.07
2025,Soya beans,149.07,-1.7854789827381756,8.76388391257612,-1.2384996461429543,-1.3474830691894035,,,
1991,Sugar cane,27.31,,,,,,43.46393262541195,39.18
1992,Sugar cane,39.18,43.46393262541195,,,,,21.107708014293024,47.45
1993,Sugar cane,47.45,21.107708014293024,43.46393262541195,,,,4.636459430979967,49.65
1994,Sugar cane,49.65,4.636459430979967,21.107708014293024,43.46393262541195,,,10.312185297079557,54.77
1995,Sugar cane,54.77,10.312185297079557,4.636459430979967,21.107708014293024,43.46393262541195,,-15.90286653277342,46.06
1996,Sugar cane,46.06,-15.90286653277342,10.312185297079557,4.636459430979967,21.107708014293024,,6.838905775075976,49.21
1997,Sugar cane,49.21,6.838905775075976,-15.90286653277342,10.312185297079557,4.636459430979967,,-21.580979475716312,38.59
1998,Sugar cane,38.59,-21.580979475716312,6.838905775075976,-15.90286653277342,10.312185297079557,,6.45244882093805,41.08
1999,Sugar cane,41.08,6.45244882093805,-21.580979475716312,6.838905775075976,-15.90286653277342,,6.061343719571566,43.57
2000,Sugar cane,43.57,6.061343719571566,6.45244882093805,-21.580979475716312,6.838905775075976,,4.200137709433083,45.4
2001,Sugar cane,45.4,4.200137709433083,6.061343719571566,6.45244882093805,-21.580979475716312,,12.092511013215868,50.89
2002,Sugar cane,50.89,12.092511013215868,4.200137709433083,6.061343719571566,6.45244882093805,,5.03045785026528,53.45
2003,Sugar cane,53.45,5.03045785026528,12.092511013215868,4.200137709433083,6.061343719571566,,2.0579981290925975,54.55
2004,Sugar cane,54.55,2.0579981290925975,5.03045785026528,12.092511013215868,4.200137709433083,,1.8881759853345503,55.58
2005,Sugar cane,55.58,1.8881759853345503,2.0579981290925975,5.03045785026528,12.092511013215868,,5.793450881612094,58.8
2006,Sugar cane,58.8,5.793450881612094,1.8881759853345503,2.0579981290925975,5.03045785026528,,0.8673469387755262,59.31
2007,Sugar cane,59.31,0.8673469387755262,5.793450881612094,1.8881759853345503,2.0579981290925975,,0.0,59.31
2008,Sugar cane,59.31,0.0,0.8673469387755262,5.793450881612094,1.8881759853345503,,10.470409711684358,65.52
2009,Sugar cane,65.52,10.470409711684358,0.0,0.8673469387755262,5.793450881612094,,17.73504273504274,77.14
2010,Sugar cane,77.14,17.73504273504274,10.470409711684358,0.0,0.8673469387755262,,9.048483277158414,84.12
2011,Sugar cane,84.12,9.048483277158414,17.73504273504274,10.470409711684358,0.0,,8.511650023775562,91.28
2012,Sugar cane,91.28,8.511650023775562,9.048483277158414,17.73504273504274,10.470409711684358,,-4.338299737072749,87.32
2013,Sugar cane,87.32,-4.338299737072749,8.511650023775562,9.048483277158414,17.73504273504274,,8.394411360513065,94.65
2014,Sugar cane,94.65,8.394411360513065,-4.338299737072749,8.511650023775562,9.048483277158414,,6.032752245113571,100.36
2015,Sugar cane,100.36,6.032752245113571,8.394411360513065,-4.338299737072749,8.511650023775562,,4.613391789557597,104.99
2016,Sugar cane,104.99,4.613391789557597,6.032752245113571,8.394411360513065,-4.338299737072749,,4.848080769597107,110.08
2017,Sugar cane,110.08,4.848080769597107,4.613391789557597,6.032752245113571,8.394411360513065,,-0.28161337209302584,109.77
2018,Sugar cane,109.77,-0.28161337209302584,4.848080769597107,4.613391789557597,6.032752245113571,,5.192675594424712,115.47
2019,Sugar cane,115.47,5.192675594424712,-0.28161337209302584,4.848080769597107,4.613391789557597,,-0.5629167749198971,114.82
2020,Sugar cane,114.82,-0.5629167749198971,5.192675594424712,-0.28161337209302584,4.848080769597107,,4.7726876850722855,120.3
2021,Sugar cane,120.3,4.7726876850722855,-0.5629167749198971,5.192675594424712,-0.28161337209302584,,1.9866999168744792,122.69
2022,Sugar cane,122.69,1.9866999168744792,4.7726876850722855,-0.5629167749198971,5.192675594424712,,0.1304099763631994,122.85
2023,Sugar cane,122.85,0.1304099763631994,1.9866999168744792,4.7726876850722855,-0.5629167749198971,,9.7761497761498,134.86
2024,Sugar cane,134.86,9.7761497761498,0.1304099763631994,1.9866999168744792,4.7726876850722855,,3.0105294379356273,138.92
2025,Sugar cane,138.92,3.0105294379356273,9.7761497761498,0.1304099763631994,1.9866999168744792,,,
1991,Sunflower seed,31.78,,,,,,16.04782882315923,36.88
1992,Sunflower seed,36.88,16.04782882315923,,,,,-90.91648590021693,3.35
1993,Sunflower seed,3.35,-90.91648590021693,16.04782882315923,,,,903.5820895522386,33.62
1994,Sunflower seed,33.62,903.5820895522386,-90.91648590021693,16.04782882315923,,,17.549077929803715,39.52
1995,Sunflower seed,39.52,17.549077929803715,903.5820895522386,-90.91648590021693,16.04782882315923,,4.579959514170029,41.33
1996,Sunflower seed,41.33,4.579959514170029,17.549077929803715,903.5820895522386,-90.91648590021693,,-0.7984514880232219,41.0
1997,Sunflower seed,41.0,-0.7984514880232219,4.579959514170029,17.549077929803715,903.5820895522386,,1.8048780487804894,41.74
1998,Sunflower seed,41.74,1.8048780487804894,-0.7984514880232219,4.579959514170029,17.549077929803715,,3.953042644944893,43.39
1999,Sunflower seed,43.39,3.953042644944893,1.8048780487804894,-0.7984514880232219,4.579959514170029,,-2.7656141968195547,42.19
2000,Sunflower seed,42.19,-2.7656141968195547,3.953042644944893,1.8048780487804894,-0.7984514880232219,,-0.6399620763213987,41.92
2001,Sunflower seed,41.92,-0.6399620763213987,-2.7656141968195547,3.953042644944893,1.8048780487804894,,-10.066793893129766,37.7
2002,Sunflower seed,37.7,-10.066793893129766,-0.6399620763213987,-2.7656141968195547,3.953042644944893,,-11.220159151193643,33.47
2003,Sunflower seed,33.47,-11.220159151193643,-10.066793893129766,-0.6399620763213987,-2.7656141968195547,,7.200478040035874,35.88
2004,Sunflower seed,35.88,7.200478040035874,-11.220159151193643,-10.066793893129766,-0.6399620763213987,,11.956521739130421,40.17
2005,Sunflower seed,40.17,11.956521739130421,7.200478040035874,-11.220159151193643,-10.066793893129766,,0.0,40.17
2006,Sunflower seed,40.17,0.0,11.956521739130421,7.200478040035874,-11.220159151193643,,23.823749066467514,49.74
2007,Sunflower seed,49.74,23.823749066467514,0.0,11.956521739130421,7.200478040035874,,19.240048250904707,59.31
2008,Sunflower seed,59.31,19.240048250904707,23.823749066467514,0.0,11.956521739130421,,10.470409711684358,65.52
2009,Sunflower seed,65.52,10.470409711684358,19.240048250904707,23.823749066467514,0.0,,17.73504273504274,77.14
2010,Sunflower seed,77.14,17.73504273504274,10.470409711684358,19.240048250904707,23.823749066467514,,9.048483277158414,84.12
2011,Sunflower seed,84.12,9.048483277158414,17.73504273504274,10.470409711684358,19.240048250904707,,8.511650023775562,91.28
2012,Sunflower seed,91.28,8.511650023775562,9.048483277158414,17.73504273504274,10.470409711684358,,-4.338299737072749,87.32
2013,Sunflower seed,87.32,-4.338299737072749,8.511650023775562,9.048483277158414,17.73504273504274,,8.394411360513065,94.65
2014,Sunflower seed,94.65,8.394411360513065,-4.338299737072749,8.511650023775562,9.048483277158414,,6.032752245113571,100.36
2015,Sunflower seed,100.36,6.032752245113571,8.394411360513065,-4.338299737072749,8.511650023775562,,4.613391789557597,104.99
2016,Sunflower seed,104.99,4.613391789557597,6.032752245113571,8.394411360513065,-4.338299737072749,,4.848080769597107,110.08
2017,Sunflower seed,110.08,4.848080769597107,4.613391789557597,6.032752245113571,8.394411360513065,,-0.28161337209302584,109.77
2018,Sunflower seed,109.77,-0.28161337209302584,4.848080769597107,4.613391789557597,6.032752245113571,,-1.0840849048009416,108.58
2019,Sunflower seed,108.58,-1.0840849048009416,-0.28161337209302584,4.848080769597107,4.613391789557597,,9.661079388469318,119.07
2020,Sunflower seed,119.07,9.661079388469318,-1.0840849048009416,-0.28161337209302584,4.848080769597107,,8.532795834383133,129.23
2021,Sunflower seed,129.23,8.532795834383133,9.661079388469318,-1.0840849048009416,-0.28161337209302584,,3.698831540663927,134.01
2022,Sunflower seed,134.01,3.698831540663927,8.532795834383133,9.661079388469318,-1.0840849048009416,,1.828221774494443,136.46
2023,Sunflower seed,136.46,1.828221774494443,3.698831540663927,8.532795834383133,9.661079388469318,,8.06829840246226,147.47
2024,Sunflower seed,147.47,8.06829840246226,1.828221774494443,3.698831540663927,8.532795834383133,,5.702854817929071,155.88
2025,Sunflower seed,155.88,5.702854817929071,8.06829840246226,1.828221774494443,3.698831540663927,,,
1991,Sweet potatoes,19.87,,,,,,14.443885254151967,22.74
1992,Sweet potatoes,22.74,14.443885254151967,,,,,-12.97273526824978,19.79
1993,Sweet potatoes,19.79,-12.97273526824978,14.443885254151967,,,,16.523496715512877,23.06
1994,Sweet potatoes,23.06,16.523496715512877,-12.97273526824978,14.443885254151967,,,12.012142237640933,25.83
1995,Sweet potatoes,25.83,12.012142237640933,16.523496715512877,-12.97273526824978,14.443885254151967,,31.165311653116557,33.88
1996,Sweet potatoes,33.88,31.165311653116557,12.012142237640933,16.523496715512877,-12.97273526824978,,-18.919716646989382,27.47
1997,Sweet potatoes,27.47,-18.919716646989382,31.165311653116557,12.012142237640933,16.523496715512877,,49.217327994175484,40.99
1998,Sweet potatoes,40.99,49.217327994175484,-18.919716646989382,31.165311653116557,12.012142237640933,,-4.537692120029268,39.13
1999,Sweet potatoes,39.13,-4.537692120029268,49.217327994175484,-18.919716646989382,31.165311653116557,,-19.37132634807054,31.55
2000,Sweet potatoes,31.55,-19.37132634807054,-4.537692120029268,49.217327994175484,-18.919716646989382,,19.619651347068157,37.74
2001,Sweet potatoes,37.74,19.619651347068157,-19.37132634807054,-4.537692120029268,49.217327994175484,,0.026497085320609237,37.75
2002,Sweet potatoes,37.75,0.026497085320609237,19.619651347068157,-19.37132634807054,-4.537692120029268,,-2.19867549668874,36.92
2003,Sweet potatoes,36.92,-2.19867549668874,0.026497085320609237,19.619651347068157,-19.37132634807054,,6.148429035752967,39.19
2004,Sweet potatoes,39.19,6.148429035752967,-2.19867549668874,0.026497085320609237,19.619651347068157,,-0.9441183975503864,38.82
2005,Sweet potatoes,38.82,-0.9441183975503864,6.148429035752967,-2.19867549668874,0.026497085320609237,,26.069036579082947,48.94
2006,Sweet potatoes,48.94,26.069036579082947,-0.9441183975503864,6.148429035752967,-2.19867549668874,,22.905598692276264,60.15
2007,Sweet potatoes,60.15,22.905598692276264,26.069036579082947,-0.9441183975503864,6.148429035752967,,-1.3965087281795463,59.31
2008,Sweet potatoes,59.31,-1.3965087281795463,22.905598692276264,26.069036579082947,-0.9441183975503864,,10.470409711684358,65.52
2009,Sweet potatoes,65.52,10.470409711684358,-1.3965087281795463,22.905598692276264,26.069036579082947,,17.73504273504274,77.14
2010,Sweet potatoes,77.14,17.73504273504274,10.470409711684358,-1.3965087281795463,22.905598692276264,,9.048483277158414,84.12
2011,Sweet potatoes,84.12,9.048483277158414,17.73504273504274,10.470409711684358,-1.3965087281795463,,8.511650023775562,91.28
2012,Sweet potatoes,91.28,8.511650023775562,9.048483277158414,17.73504273504274,10.470409711684358,,-4.338299737072749,87.32
2013,Sweet potatoes,87.32,-4.338299737072749,8.511650023775562,9.048483277158414,17.73504273504274,,8.394411360513065,94.65
2014,Sweet potatoes,94.65,8.394411360513065,-4.338299737072749,8.511650023775562,9.048483277158414,,6.032752245113571,100.36
2015,Sweet potatoes,100.36,6.032752245113571,8.394411360513065,-4.338299737072749,8.511650023775562,,4.613391789557597,104.99
2016,Sweet potatoes,104.99,4.613391789557597,6.032752245113571,8.394411360513065,-4.338299737072749,,4.848080769597107,110.08
2017,Sweet potatoes,110.08,4.848080769597107,4.613391789557597,6.032752245113571,8.394411360513065,,-0.28161337209302584,109.77
2018,Sweet potatoes,109.77,-0.28161337209302584,4.848080769597107,4.613391789557597,6.032752245113571,,9.082627311651637,119.74
2019,Sweet potatoes,119.74,9.082627311651637,-0.28161337209302584,4.848080769597107,4.613391789557597,,-1.9959913145147778,117.35
2020,Sweet potatoes,117.35,-1.9959913145147778,9.082627311651637,-0.28161337209302584,4.848080769597107,,18.86663826161059,139.49
2021,Sweet potatoes,139.49,18.86663826161059,-1.9959913145147778,9.082627311651637,-0.28161337209302584,,-0.38712452505557104,138.95
2022,Sweet potatoes,138.95,-0.38712452505557104,18.86663826161059,-1.9959913145147778,9.082627311651637,,3.4688736955739596,143.77
2023,Sweet potatoes,143.77,3.4688736955739596,-0.38712452505557104,18.86663826161059,-1.9959913145147778,,8.14495374556583,155.48
2024,Sweet potatoes,155.48,8.14495374556583,3.4688736955739596,-0.38712452505557104,18.86663826161059,,6.16799588371495,165.07
2025,Sweet potatoes,165.07,6.16799588371495,8.14495374556583,3.4688736955739596,-0.38712452505557104,,,
1991,Tea leaves,15.76,,,,,,-1.269035532994922,15.56
1992,Tea leaves,15.56,-1.269035532994922,,,,,11.053984575835486,17.28
1993,Tea leaves,17.28,11.053984575835486,-1.269035532994922,,,,9.664351851851837,18.95
1994,Tea leaves,18.95,9.664351851851837,11.053984575835486,-1.269035532994922,,,-20.474934036939306,15.07
1995,Tea leaves,15.07,-20.474934036939306,9.664351851851837,11.053984575835486,-1.269035532994922,,10.019907100199067,16.58
1996,Tea leaves,16.58,10.019907100199067,-20.474934036939306,9.664351851851837,11.053984575835486,,10.072376357056712,18.25
1997,Tea leaves,18.25,10.072376357056712,10.019907100199067,-20.474934036939306,9.664351851851837,,33.97260273972602,24.45
1998,Tea leaves,24.45,33.97260273972602,10.072376357056712,10.019907100199067,-20.474934036939306,,3.6400817995910106,25.34
1999,Tea leaves,25.34,3.6400817995910106,33.97260273972602,10.072376357056712,10.019907100199067,,5.880031570639299,26.83
2000,Tea leaves,26.83,5.880031570639299,3.6400817995910106,33.97260273972602,10.072376357056712,,30.935519940365275,35.13
2001,Tea leaves,35.13,30.935519940365275,5.880031570639299,3.6400817995910106,33.97260273972602,,4.526046114432103,36.72
2002,Tea leaves,36.72,4.526046114432103,30.935519940365275,5.880031570639299,3.6400817995910106,,8.469498910675387,39.83
2003,Tea leaves,39.83,8.469498910675387,4.526046114432103,30.935519940365275,5.880031570639299,,5.975395430579966,42.21
2004,Tea leaves,42.21,5.975395430579966,8.469498910675387,4.526046114432103,30.935519940365275,,8.860459606728277,45.95
2005,Tea leaves,45.95,8.860459606728277,5.975395430579966,8.469498910675387,4.526046114432103,,6.507072905331879,48.94
2006,Tea leaves,48.94,6.507072905331879,8.860459606728277,5.975395430579966,8.469498910675387,,22.905598692276264,60.15
2007,Tea leaves,60.15,22.905598692276264,6.507072905331879,8.860459606728277,5.975395430579966,,-1.3965087281795463,59.31
2008,Tea leaves,59.31,-1.3965087281795463,22.905598692276264,6.507072905331879,8.860459606728277,,10.470409711684358,65.52
2009,Tea leaves,65.52,10.470409711684358,-1.3965087281795463,22.905598692276264,6.507072905331879,,17.73504273504274,77.14
2010,Tea leaves,77.14,17.73504273504274,10.470409711684358,-1.3965087281795463,22.905598692276264,,9.048483277158414,84.12
2011,Tea leaves,84.12,9.048483277158414,17.73504273504274,10.470409711684358,-1.3965087281795463,,8.511650023775562,91.28
2012,Tea leaves,91.28,8.511650023775562,9.048483277158414,17.73504273504274,10.470409711684358,,-4.338299737072749,87.32
2013,Tea leaves,87.32,-4.338299737072749,8.511650023775562,9.048483277158414,17.73504273504274,,8.394411360513065,94.65
2014,Tea leaves,94.65,8.394411360513065,-4.338299737072749,8.511650023775562,9.048483277158414,,6.032752245113571,100.36
2015,Tea leaves,100.36,6.032752245113571,8.394411360513065,-4.338299737072749,8.511650023775562,,4.613391789557597,104.99
2016,Tea leaves,104.99,4.613391789557597,6.032752245113571,8.394411360513065,-4.338299737072749,,4.848080769597107,110.08
2017,Tea leaves,110.08,4.848080769597107,4.613391789557597,6.032752245113571,8.394411360513065,,-0.28161337209302584,109.77
2018,Tea leaves,109.77,-0.28161337209302584,4.848080769597107,4.613391789557597,6.032752245113571,,8.59979958094197,119.21
2019,Tea leaves,119.21,8.59979958094197,-0.28161337209302584,4.848080769597107,4.613391789557597,,0.15099404412382,119.39
2020,Tea leaves,119.39,0.15099404412382,8.59979958094197,-0.28161337209302584,4.848080769597107,,6.667225060725346,127.35
2021,Tea leaves,127.35,6.667225060725346,0.15099404412382,8.59979958094197,-0.28161337209302584,,2.1829603455045143,130.13
2022,Tea leaves,130.13,2.1829603455045143,6.667225060725346,0.15099404412382,8.59979958094197,,-1.4600783831553055,128.23
2023,Tea leaves,128.23,-1.4600783831553055,2.1829603455045143,6.667225060725346,0.15099404412382,,10.19262263120957,141.3
2024,Tea leaves,141.3,10.19262263120957,-1.4600783831553055,2.1829603455045143,6.667225060725346,,5.626326963906569,149.25
2025,Tea leaves,149.25,5.626326963906569,10.19262263120957,-1.4600783831553055,2.1829603455045143,,,
1991,Tomatoes,16.18,,,,,,8.8380716934487,17.61
1992,Tomatoes,17.61,8.8380716934487,,,,,6.132879045996598,18.69
1993,Tomatoes,18.69,6.132879045996598,8.8380716934487,,,,7.54414125200642,20.1
1994,Tomatoes,20.1,7.54414125200642,6.132879045996598,8.8380716934487,,,9.9004975124378,22.09
1995,Tomatoes,22.09,9.9004975124378,7.54414125200642,6.132879045996598,8.8380716934487,,12.086917157084653,24.76
1996,Tomatoes,24.76,12.086917157084653,9.9004975124378,7.54414125200642,6.132879045996598,,5.210016155088848,26.05
1997,Tomatoes,26.05,5.210016155088848,12.086917157084653,9.9004975124378,7.54414125200642,,30.441458733205362,33.98
1998,Tomatoes,33.98,30.441458733205362,5.210016155088848,12.086917157084653,9.9004975124378,,-0.05885815185402432,33.96
1999,Tomatoes,33.96,-0.05885815185402432,30.441458733205362,5.210016155088848,12.086917157084653,,6.065959952885747,36.02
2000,Tomatoes,36.02,6.065959952885747,-0.05885815185402432,30.441458733205362,5.210016155088848,,-0.6662965019433753,35.78
2001,Tomatoes,35.78,-0.6662965019433753,6.065959952885747,-0.05885815185402432,30.441458733205362,,2.6271660145332554,36.72
2002,Tomatoes,36.72,2.6271660145332554,-0.6662965019433753,6.065959952885747,-0.05885815185402432,,8.469498910675387,39.83
2003,Tomatoes,39.83,8.469498910675387,2.6271660145332554,-0.6662965019433753,6.065959952885747,,5.975395430579966,42.21
2004,Tomatoes,42.21,5.975395430579966,8.469498910675387,2.6271660145332554,-0.6662965019433753,,8.860459606728277,45.95
2005,Tomatoes,45.95,8.860459606728277,5.975395430579966,8.469498910675387,2.6271660145332554,,6.507072905331879,48.94
2006,Tomatoes,48.94,6.507072905331879,8.860459606728277,5.975395430579966,8.469498910675387,,22.905598692276264,60.15
2007,Tomatoes,60.15,22.905598692276264,6.507072905331879,8.860459606728277,5.975395430579966,,-1.3965087281795463,59.31
2008,Tomatoes,59.31,-1.3965087281795463,22.905598692276264,6.507072905331879,8.860459606728277,,10.470409711684358,65.52
2009,Tomatoes,65.52,10.470409711684358,-1.3965087281795463,22.905598692276264,6.507072905331879,,17.73504273504274,77.14
2010,Tomatoes,77.14,17.73504273504274,10.470409711684358,-1.3965087281795463,22.905598692276264,,9.048483277158414,84.12
2011,Tomatoes,84.12,9.048483277158414,17.73504273504274,10.470409711684358,-1.3965087281795463,,8.511650023775562,91.28
2012,Tomatoes,91.28,8.511650023775562,9.048483277158414,17.73504273504274,10.470409711684358,,-4.338299737072749,87.32
2013,Tomatoes,87.32,-4.338299737072749,8.511650023775562,9.048483277158414,17.73504273504274,,8.394411360513065,94.65
2014,Tomatoes,94.65,8.394411360513065,-4.338299737072749,8.511650023775562,9.048483277158414,,6.032752245113571,100.36
2015,Tomatoes,100.36,6.032752245113571,8.394411360513065,-4.338299737072749,8.511650023775562,,4.613391789557597,104.99
2016,Tomatoes,104.99,4.613391789557597,6.032752245113571,8.394411360513065,-4.338299737072749,,4.848080769597107,110.08
2017,Tomatoes,110.08,4.848080769597107,4.613391789557597,6.032752245113571,8.394411360513065,,-0.28161337209302584,109.77
2018,Tomatoes,109.77,-0.28161337209302584,4.848080769597107,4.613391789557597,6.032752245113571,,8.335610822629146,118.92
2019,Tomatoes,118.92,8.335610822629146,-0.28161337209302584,4.848080769597107,4.613391789557597,,0.6811301715438978,119.73
2020,Tomatoes,119.73,0.6811301715438978,8.335610822629146,-0.28161337209302584,4.848080769597107,,6.873799381942702,127.96
2021,Tomatoes,127.96,6.873799381942702,0.6811301715438978,8.335610822629146,-0.28161337209302584,,2.5320412628946576,131.2
2022,Tomatoes,131.2,2.5320412628946576,6.873799381942702,0.6811301715438978,8.335610822629146,,-1.0442073170731536,129.83
2023,Tomatoes,129.83,-1.0442073170731536,2.5320412628946576,6.873799381942702,0.6811301715438978,,9.46622506354462,142.12
2024,Tomatoes,142.12,9.46622506354462,-1.0442073170731536,2.5320412628946576,6.873799381942702,,5.7908809456796995,150.35
2025,Tomatoes,150.35,5.7908809456796995,9.46622506354462,-1.0442073170731536,2.5320412628946576,,,
1991,"Treenuts, Total",16.89,,,,,,49.555950266429846,25.26
1992,"Treenuts, Total",25.26,49.555950266429846,,,,,-7.2050673000791825,23.44
1993,"Treenuts, Total",23.44,-7.2050673000791825,49.555950266429846,,,,8.020477815699657,25.32
1994,"Treenuts, Total",25.32,8.020477815699657,-7.2050673000791825,49.555950266429846,,,21.011058451816744,30.64
1995,"Treenuts, Total",30.64,21.011058451816744,8.020477815699657,-7.2050673000791825,49.555950266429846,,7.343342036553535,32.89
1996,"Treenuts, Total",32.89,7.343342036553535,21.011058451816744,8.020477815699657,-7.2050673000791825,,-1.7634539373669766,32.31
1997,"Treenuts, Total",32.31,-1.7634539373669766,7.343342036553535,21.011058451816744,8.020477815699657,,0.8047044258743252,32.57
1998,"Treenuts, Total",32.57,0.8047044258743252,-1.7634539373669766,7.343342036553535,21.011058451816744,,16.886705557261283,38.07
1999,"Treenuts, Total",38.07,16.886705557261283,0.8047044258743252,-1.7634539373669766,7.343342036553535,,2.731809824008402,39.11
2000,"Treenuts, Total",39.11,2.731809824008402,16.886705557261283,0.8047044258743252,-1.7634539373669766,,-3.221682434160056,37.85
2001,"Treenuts, Total",37.85,-3.221682434160056,2.731809824008402,16.886705557261283,0.8047044258743252,,1.109643328929999,38.27
2002,"Treenuts, Total",38.27,1.109643328929999,-3.221682434160056,2.731809824008402,16.886705557261283,,3.3185262607786647,39.54
2003,"Treenuts, Total",39.54,3.3185262607786647,1.109643328929999,-3.221682434160056,2.731809824008402,,7.157309054122396,42.37
2004,"Treenuts, Total",42.37,7.157309054122396,3.3185262607786647,1.109643328929999,-3.221682434160056,,1.3216898749115025,42.93
2005,"Treenuts, Total",42.93,1.3216898749115025,7.157309054122396,3.3185262607786647,1.109643328929999,,0.0,42.93
2006,"Treenuts, Total",42.93,0.0,1.3216898749115025,7.157309054122396,3.3185262607786647,,1.979967388772419,43.78
2007,"Treenuts, Total",43.78,1.979967388772419,0.0,1.3216898749115025,7.157309054122396,,35.472818638647794,59.31
2008,"Treenuts, Total",59.31,35.472818638647794,1.979967388772419,0.0,1.3216898749115025,,10.470409711684358,65.52
2009,"Treenuts, Total",65.52,10.470409711684358,35.472818638647794,1.979967388772419,0.0,,17.73504273504274,77.14
2010,"Treenuts, Total",77.14,17.73504273504274,10.470409711684358,35.472818638647794,1.979967388772419,,9.048483277158414,84.12
2011,"Treenuts, Total",84.12,9.048483277158414,17.73504273504274,10.470409711684358,35.472818638647794,,8.511650023775562,91.28
2012,"Treenuts, Total",91.28,8.511650023775562,9.048483277158414,17.73504273504274,10.470409711684358,,-4.338299737072749,87.32
2013,"Treenuts, Total",87.32,-4.338299737072749,8.511650023775562,9.048483277158414,17.73504273504274,,8.394411360513065,94.65
2014,"Treenuts, Total",94.65,8.394411360513065,-4.338299737072749,8.511650023775562,9.048483277158414,,6.032752245113571,100.36
2015,"Treenuts, Total",100.36,6.032752245113571,8.394411360513065,-4.338299737072749,8.511650023775562,,4.613391789557597,104.99
2016,"Treenuts, Total",104.99,4.613391789557597,6.032752245113571,8.394411360513065,-4.338299737072749,,4.848080769597107,110.08
2017,"Treenuts, Total",110.08,4.848080769597107,4.613391789557597,6.032752245113571,8.394411360513065,,-0.28161337209302584,109.77
2018,"Treenuts, Total",109.77,-0.28161337209302584,4.848080769597107,4.613391789557597,6.032752245113571,,10.057392730254167,120.81
2019,"Treenuts, Total",120.81,10.057392730254167,-0.28161337209302584,4.848080769597107,4.613391789557597,,-8.087078884198329,111.04
2020,"Treenuts, Total",111.04,-8.087078884198329,10.057392730254167,-0.28161337209302584,4.848080769597107,,12.283861671469731,124.68
2021,"Treenuts, Total",124.68,12.283861671469731,-8.087078884198329,10.057392730254167,-0.28161337209302584,,5.01283285210139,130.93
2022,"Treenuts, Total",130.93,5.01283285210139,12.283861671469731,-8.087078884198329,10.057392730254167,,1.2907660581990443,132.62
2023,"Treenuts, Total",132.62,1.2907660581990443,5.01283285210139,12.283861671469731,-8.087078884198329,,9.711958980545909,145.5
2024,"Treenuts, Total",145.5,9.711958980545909,1.2907660581990443,5.01283285210139,12.283861671469731,,6.618556701030931,155.13
2025,"Treenuts, Total",155.13,6.618556701030931,9.711958980545909,1.2907660581990443,5.01283285210139,,,
1991,Unmanufactured tobacco,19.69,,,,,,-6.44997460639919,18.42
1992,Unmanufactured tobacco,18.42,-6.44997460639919,,,,,22.96416938110748,22.65
1993,Unmanufactured tobacco,22.65,22.96416938110748,-6.44997460639919,,,,-10.728476821192057,20.22
1994,Unmanufactured tobacco,20.22,-10.728476821192057,22.96416938110748,-6.44997460639919,,,30.06923837784372,26.3
1995,Unmanufactured tobacco,26.3,30.06923837784372,-10.728476821192057,22.96416938110748,-6.44997460639919,,16.425855513307997,30.62
1996,Unmanufactured tobacco,30.62,16.425855513307997,30.06923837784372,-10.728476821192057,22.96416938110748,,-49.60809928151535,15.43
1997,Unmanufactured tobacco,15.43,-49.60809928151535,16.425855513307997,30.06923837784372,-10.728476821192057,,64.6143875567077,25.4
1998,Unmanufactured tobacco,25.4,64.6143875567077,-49.60809928151535,16.425855513307997,30.06923837784372,,17.874015748031514,29.94
1999,Unmanufactured tobacco,29.94,17.874015748031514,64.6143875567077,-49.60809928151535,16.425855513307997,,17.301269205076796,35.12
2000,Unmanufactured tobacco,35.12,17.301269205076796,17.874015748031514,64.6143875567077,-49.60809928151535,,-11.731207289293843,31.0
2001,Unmanufactured tobacco,31.0,-11.731207289293843,17.301269205076796,17.874015748031514,64.6143875567077,,21.74193548387098,37.74
2002,Unmanufactured tobacco,37.74,21.74193548387098,-11.731207289293843,17.301269205076796,17.874015748031514,,-8.346581875993643,34.59
2003,Unmanufactured tobacco,34.59,-8.346581875993643,21.74193548387098,-11.731207289293843,17.301269205076796,,23.359352413992475,42.67
2004,Unmanufactured tobacco,42.67,23.359352413992475,-8.346581875993643,21.74193548387098,-11.731207289293843,,-0.25779235997187566,42.56
2005,Unmanufactured tobacco,42.56,-0.25779235997187566,23.359352413992475,-8.346581875993643,21.74193548387098,,14.990601503759393,48.94
2006,Unmanufactured tobacco,48.94,14.990601503759393,-0.25779235997187566,23.359352413992475,-8.346581875993643,,22.905598692276264,60.15
2007,Unmanufactured tobacco,60.15,22.905598692276264,14.990601503759393,-0.25779235997187566,23.359352413992475,,-1.3965087281795463,59.31
2008,Unmanufactured tobacco,59.31,-1.3965087281795463,22.905598692276264,14.990601503759393,-0.25779235997187566,,10.470409711684358,65.52
2009,Unmanufactured tobacco,65.52,10.470409711684358,-1.3965087281795463,22.905598692276264,14.990601503759393,,17.73504273504274,77.14
2010,Unmanufactured tobacco,77.14,17.73504273504274,10.470409711684358,-1.3965087281795463,22.905598692276264,,9.048483277158414,84.12
2011,Unmanufactured tobacco,84.12,9.048483277158414,17.73504273504274,10.470409711684358,-1.3965087281795463,,8.511650023775562,91.28
2012,Unmanufactured tobacco,91.28,8.511650023775562,9.048483277158414,17.73504273504274,10.470409711684358,,-4.338299737072749,87.32
2013,Unmanufactured tobacco,87.32,-4.338299737072749,8.511650023775562,9.048483277158414,17.73504273504274,,8.394411360513065,94.65
2014,Unmanufactured tobacco,94.65,8.394411360513065,-4.338299737072749,8.511650023775562,9.048483277158414,,6.032752245113571,100.36
2015,Unmanufactured tobacco,100.36,6.032752245113571,8.394411360513065,-4.338299737072749,8.511650023775562,,4.613391789557597,104.99
2016,Unmanufactured tobacco,104.99,4.613391789557597,6.032752245113571,8.394411360513065,-4.338299737072749,,4.848080769597107,110.08
2017,Unmanufactured tobacco,110.08,4.848080769597107,4.613391789557597,6.032752245113571,8.394411360513065,,-0.28161337209302584,109.77
2018,Unmanufactured tobacco,109.77,-0.28161337209302584,4.848080769597107,4.613391789557597,6.032752245113571,,9.128177097567658,119.79
2019,Unmanufactured tobacco,119.79,9.128177097567658,-0.28161337209302584,4.848080769597107,4.613391789557597,,-7.045663244010358,111.35
2020,Unmanufactured tobacco,111.35,-7.045663244010358,9.128177097567658,-0.28161337209302584,4.848080769597107,,17.512348450830718,130.85
2021,Unmanufactured tobacco,130.85,17.512348450830718,-7.045663244010358,9.128177097567658,-0.28161337209302584,,7.688192586931608,140.91
2022,Unmanufactured tobacco,140.91,7.688192586931608,17.512348450830718,-7.045663244010358,9.128177097567658,,2.2212759917678015,144.04
2023,Unmanufactured tobacco,144.04,2.2212759917678015,7.688192586931608,17.512348450830718,-7.045663244010358,,6.1996667592335575,152.97
2024,Unmanufactured tobacco,152.97,6.1996667592335575,2.2212759917678015,7.688192586931608,17.512348450830718,,5.844283192782895,161.91
2025,Unmanufactured tobacco,161.91,5.844283192782895,6.1996667592335575,2.2212759917678015,7.688192586931608,,,
1991,Vegetables Primary,16.41,,,,,,1.645338208409508,16.68
1992,Vegetables Primary,16.68,1.645338208409508,,,,,10.07194244604317,18.36
1993,Vegetables Primary,18.36,10.07194244604317,1.645338208409508,,,,12.690631808278873,20.69
1994,Vegetables Primary,20.69,12.690631808278873,10.07194244604317,1.645338208409508,,,3.9632672788786794,21.51
1995,Vegetables Primary,21.51,3.9632672788786794,12.690631808278873,10.07194244604317,1.645338208409508,,16.59693165969316,25.08
1996,Vegetables Primary,25.08,16.59693165969316,3.9632672788786794,12.690631808278873,10.07194244604317,,8.81180223285487,27.29
1997,Vegetables Primary,27.29,8.81180223285487,16.59693165969316,3.9632672788786794,12.690631808278873,,22.132649322096,33.33
1998,Vegetables Primary,33.33,22.132649322096,8.81180223285487,16.59693165969316,3.9632672788786794,,5.340534053405355,35.11
1999,Vegetables Primary,35.11,5.340534053405355,22.132649322096,8.81180223285487,16.59693165969316,,-15.92138991740245,29.52
2000,Vegetables Primary,29.52,-15.92138991740245,5.340534053405355,22.132649322096,8.81180223285487,,16.66666666666665,34.44
2001,Vegetables Primary,34.44,16.66666666666665,-15.92138991740245,5.340534053405355,22.132649322096,,9.959349593495936,37.87
2002,Vegetables Primary,37.87,9.959349593495936,16.66666666666665,-15.92138991740245,5.340534053405355,,6.1790335357803094,40.21
2003,Vegetables Primary,40.21,6.1790335357803094,9.959349593495936,16.66666666666665,-15.92138991740245,,5.719970156677445,42.51
2004,Vegetables Primary,42.51,5.719970156677445,6.1790335357803094,9.959349593495936,16.66666666666665,,8.092213596800768,45.95
2005,Vegetables Primary,45.95,8.092213596800768,5.719970156677445,6.1790335357803094,9.959349593495936,,6.507072905331879,48.94
2006,Vegetables Primary,48.94,6.507072905331879,8.092213596800768,5.719970156677445,6.1790335357803094,,22.905598692276264,60.15
2007,Vegetables Primary,60.15,22.905598692276264,6.507072905331879,8.092213596800768,5.719970156677445,,-1.3965087281795463,59.31
2008,Vegetables Primary,59.31,-1.3965087281795463,22.905598692276264,6.507072905331879,8.092213596800768,,10.470409711684358,65.52
2009,Vegetables Primary,65.52,10.470409711684358,-1.3965087281795463,22.905598692276264,6.507072905331879,,17.73504273504274,77.14
2010,Vegetables Primary,77.14,17.73504273504274,10.470409711684358,-1.3965087281795463,22.905598692276264,,9.048483277158414,84.12
2011,Vegetables Primary,84.12,9.048483277158414,17.73504273504274,10.470409711684358,-1.3965087281795463,,8.511650023775562,91.28
2012,Vegetables Primary,91.28,8.511650023775562,9.048483277158414,17.73504273504274,10.470409711684358,,-4.338299737072749,87.32
2013,Vegetables Primary,87.32,-4.338299737072749,8.511650023775562,9.048483277158414,17.73504273504274,,8.394411360513065,94.65
2014,Vegetables Primary,94.65,8.394411360513065,-4.338299737072749,8.511650023775562,9.048483277158414,,6.032752245113571,100.36
2015,Vegetables Primary,100.36,6.032752245113571,8.394411360513065,-4.338299737072749,8.511650023775562,,4.613391789557597,104.99
2016,Vegetables Primary,104.99,4.613391789557597,6.032752245113571,8.394411360513065,-4.338299737072749,,4.848080769597107,110.08
2017,Vegetables Primary,110.08,4.848080769597107,4.613391789557597,6.032752245113571,8.394411360513065,,-0.28161337209302584,109.77
2018,Vegetables Primary,109.77,-0.28161337209302584,4.848080769597107,4.613391789557597,6.032752245113571,,7.543044547690636,118.05
2019,Vegetables Primary,118.05,7.543044547690636,-0.28161337209302584,4.848080769597107,4.613391789557597,,-0.3981363828886031,117.58
2020,Vegetables Primary,117.58,-0.3981363828886031,7.543044547690636,-0.28161337209302584,4.848080769597107,,12.323524408913066,132.07
2021,Vegetables Primary,132.07,12.323524408913066,-0.3981363828886031,7.543044547690636,-0.28161337209302584,,4.603619292799288,138.15
2022,Vegetables Primary,138.15,4.603619292799288,12.323524408913066,-0.3981363828886031,7.543044547690636,,0.20991675714803204,138.44
2023,Vegetables Primary,138.44,0.20991675714803204,4.603619292799288,12.323524408913066,-0.3981363828886031,,7.613406529904654,148.98
2024,Vegetables Primary,148.98,7.613406529904654,0.20991675714803204,4.603619292799288,12.323524408913066,,5.940394683850192,157.83
2025,Vegetables Primary,157.83,5.940394683850192,7.613406529904654,0.20991675714803204,4.603619292799288,,,
1991,"Vegetables and Melons, Total",16.36,,,,,,1.7114914425427896,16.64
1992,"Vegetables and Melons, Total",16.64,1.7114914425427896,,,,,10.276442307692314,18.35
1993,"Vegetables and Melons, Total",18.35,10.276442307692314,1.7114914425427896,,,,12.861035422343313,20.71
1994,"Vegetables and Melons, Total",20.71,12.861035422343313,10.276442307692314,1.7114914425427896,,,4.007725736359236,21.54
1995,"Vegetables and Melons, Total",21.54,4.007725736359236,12.861035422343313,10.276442307692314,1.7114914425427896,,16.666666666666675,25.13
1996,"Vegetables and Melons, Total",25.13,16.666666666666675,4.007725736359236,12.861035422343313,10.276442307692314,,10.22682053322721,27.7
1997,"Vegetables and Melons, Total",27.7,10.22682053322721,16.666666666666675,4.007725736359236,12.861035422343313,,21.480144404332123,33.65
1998,"Vegetables and Melons, Total",33.65,21.480144404332123,10.22682053322721,16.666666666666675,4.007725736359236,,5.46805349182764,35.49
1999,"Vegetables and Melons, Total",35.49,5.46805349182764,21.480144404332123,10.22682053322721,16.666666666666675,,-15.469146238377007,30.0
2000,"Vegetables and Melons, Total",30.0,-15.469146238377007,5.46805349182764,21.480144404332123,10.22682053322721,,14.633333333333344,34.39
2001,"Vegetables and Melons, Total",34.39,14.633333333333344,-15.469146238377007,5.46805349182764,21.480144404332123,,10.061064262867125,37.85
2002,"Vegetables and Melons, Total",37.85,10.061064262867125,14.633333333333344,-15.469146238377007,5.46805349182764,,6.235138705416121,40.21
2003,"Vegetables and Melons, Total",40.21,6.235138705416121,10.061064262867125,14.633333333333344,-15.469146238377007,,5.6951007212136195,42.5
2004,"Vegetables and Melons, Total",42.5,5.6951007212136195,6.235138705416121,10.061064262867125,14.633333333333344,,8.11764705882354,45.95
2005,"Vegetables and Melons, Total",45.95,8.11764705882354,5.6951007212136195,6.235138705416121,10.061064262867125,,6.507072905331879,48.94
2006,"Vegetables and Melons, Total",48.94,6.507072905331879,8.11764705882354,5.6951007212136195,6.235138705416121,,22.905598692276264,60.15
2007,"Vegetables and Melons, Total",60.15,22.905598692276264,6.507072905331879,8.11764705882354,5.6951007212136195,,-1.3965087281795463,59.31
2008,"Vegetables and Melons, Total",59.31,-1.3965087281795463,22.905598692276264,6.507072905331879,8.11764705882354,,10.470409711684358,65.52
2009,"Vegetables and Melons, Total",65.52,10.470409711684358,-1.3965087281795463,22.905598692276264,6.507072905331879,,17.73504273504274,77.14
2010,"Vegetables and Melons, Total",77.14,17.73504273504274,10.470409711684358,-1.3965087281795463,22.905598692276264,,9.048483277158414,84.12
2011,"Vegetables and Melons, Total",84.12,9.048483277158414,17.73504273504274,10.470409711684358,-1.3965087281795463,,8.511650023775562,91.28
2012,"Vegetables and Melons, Total",91.28,8.511650023775562,9.048483277158414,17.73504273504274,10.470409711684358,,-4.338299737072749,87.32
2013,"Vegetables and Melons, Total",87.32,-4.338299737072749,8.511650023775562,9.048483277158414,17.73504273504274,,8.394411360513065,94.65
2014,"Vegetables and Melons, Total",94.65,8.394411360513065,-4.338299737072749,8.511650023775562,9.048483277158414,,6.032752245113571,100.36
2015,"Vegetables and Melons, Total",100.36,6.032752245113571,8.394411360513065,-4.338299737072749,8.511650023775562,,4.613391789557597,104.99
2016,"Vegetables and Melons, Total",104.99,4.613391789557597,6.032752245113571,8.394411360513065,-4.338299737072749,,4.848080769597107,110.08
2017,"Vegetables and Melons, Total",110.08,4.848080769597107,4.613391789557597,6.032752245113571,8.394411360513065,,-0.28161337209302584,109.77
2018,"Vegetables and Melons, Total",109.77,-0.28161337209302584,4.848080769597107,4.613391789557597,6.032752245113571,,7.552154504873831,118.06
2019,"Vegetables and Melons, Total",118.06,7.552154504873831,-0.28161337209302584,4.848080769597107,4.613391789557597,,-0.5336269693376194,117.43
2020,"Vegetables and Melons, Total",117.43,-0.5336269693376194,7.552154504873831,-0.28161337209302584,4.848080769597107,,12.552158732862107,132.17
2021,"Vegetables and Melons, Total",132.17,12.552158732862107,-0.5336269693376194,7.552154504873831,-0.28161337209302584,,4.759022471060015,138.46
2022,"Vegetables and Melons, Total",138.46,4.759022471060015,12.552158732862107,-0.5336269693376194,7.552154504873831,,0.31055900621117516,138.89
2023,"Vegetables and Melons, Total",138.89,0.31055900621117516,4.759022471060015,12.552158732862107,-0.5336269693376194,,7.4519403844769405,149.24
2024,"Vegetables and Melons, Total",149.24,7.4519403844769405,0.31055900621117516,4.759022471060015,12.552158732862107,,5.816135084427754,157.92
2025,"Vegetables and Melons, Total",157.92,5.816135084427754,7.4519403844769405,0.31055900621117516,4.759022471060015,,,
1991,"Walnuts, in shell",16.89,,,,,,49.555950266429846,25.26
1992,"Walnuts, in shell",25.26,49.555950266429846,,,,,-7.2050673000791825,23.44
1993,"Walnuts, in shell",23.44,-7.2050673000791825,49.555950266429846,,,,8.020477815699657,25.32
1994,"Walnuts, in shell",25.32,8.020477815699657,-7.2050673000791825,49.555950266429846,,,21.011058451816744,30.64
1995,"Walnuts, in shell",30.64,21.011058451816744,8.020477815699657,-7.2050673000791825,49.555950266429846,,7.343342036553535,32.89
1996,"Walnuts, in shell",32.89,7.343342036553535,21.011058451816744,8.020477815699657,-7.2050673000791825,,-1.7634539373669766,32.31
1997,"Walnuts, in shell",32.31,-1.7634539373669766,7.343342036553535,21.011058451816744,8.020477815699657,,0.8047044258743252,32.57
1998,"Walnuts, in shell",32.57,0.8047044258743252,-1.7634539373669766,7.343342036553535,21.011058451816744,,16.886705557261283,38.07
1999,"Walnuts, in shell",38.07,16.886705557261283,0.8047044258743252,-1.7634539373669766,7.343342036553535,,2.7580772261623254,39.12
2000,"Walnuts, in shell",39.12,2.7580772261623254,16.886705557261283,0.8047044258743252,-1.7634539373669766,,-3.246421267893651,37.85
2001,"Walnuts, in shell",37.85,-3.246421267893651,2.7580772261623254,16.886705557261283,0.8047044258743252,,1.109643328929999,38.27
2002,"Walnuts, in shell",38.27,1.109643328929999,-3.246421267893651,2.7580772261623254,16.886705557261283,,3.3185262607786647,39.54
2003,"Walnuts, in shell",39.54,3.3185262607786647,1.109643328929999,-3.246421267893651,2.7580772261623254,,7.157309054122396,42.37
2004,"Walnuts, in shell",42.37,7.157309054122396,3.3185262607786647,1.109643328929999,-3.246421267893651,,1.3216898749115025,42.93
2005,"Walnuts, in shell",42.93,1.3216898749115025,7.157309054122396,3.3185262607786647,1.109643328929999,,0.0,42.93
2006,"Walnuts, in shell",42.93,0.0,1.3216898749115025,7.157309054122396,3.3185262607786647,,1.979967388772419,43.78
2007,"Walnuts, in shell",43.78,1.979967388772419,0.0,1.3216898749115025,7.157309054122396,,35.472818638647794,59.31
2008,"Walnuts, in shell",59.31,35.472818638647794,1.979967388772419,0.0,1.3216898749115025,,10.470409711684358,65.52
2009,"Walnuts, in shell",65.52,10.470409711684358,35.472818638647794,1.979967388772419,0.0,,17.73504273504274,77.14
2010,"Walnuts, in shell",77.14,17.73504273504274,10.470409711684358,35.472818638647794,1.979967388772419,,9.048483277158414,84.12
2011,"Walnuts, in shell",84.12,9.048483277158414,17.73504273504274,10.470409711684358,35.472818638647794,,8.511650023775562,91.28
2012,"Walnuts, in shell",91.28,8.511650023775562,9.048483277158414,17.73504273504274,10.470409711684358,,-4.338299737072749,87.32
2013,"Walnuts, in shell",87.32,-4.338299737072749,8.511650023775562,9.048483277158414,17.73504273504274,,8.394411360513065,94.65
2014,"Walnuts, in shell",94.65,8.394411360513065,-4.338299737072749,8.511650023775562,9.048483277158414,,6.032752245113571,100.36
2015,"Walnuts, in shell",100.36,6.032752245113571,8.394411360513065,-4.338299737072749,8.511650023775562,,4.613391789557597,104.99
2016,"Walnuts, in shell",104.99,4.613391789557597,6.032752245113571,8.394411360513065,-4.338299737072749,,4.848080769597107,110.08
2017,"Walnuts, in shell",110.08,4.848080769597107,4.613391789557597,6.032752245113571,8.394411360513065,,-0.28161337209302584,109.77
2018,"Walnuts, in shell",109.77,-0.28161337209302584,4.848080769597107,4.613391789557597,6.032752245113571,,10.057392730254167,120.81
2019,"Walnuts, in shell",120.81,10.057392730254167,-0.28161337209302584,4.848080769597107,4.613391789557597,,-8.087078884198329,111.04
2020,"Walnuts, in shell",111.04,-8.087078884198329,10.057392730254167,-0.28161337209302584,4.848080769597107,,12.283861671469731,124.68
2021,"Walnuts, in shell",124.68,12.283861671469731,-8.087078884198329,10.057392730254167,-0.28161337209302584,,5.01283285210139,130.93
2022,"Walnuts, in shell",130.93,5.01283285210139,12.283861671469731,-8.087078884198329,10.057392730254167,,1.2907660581990443,132.62
2023,"Walnuts, in shell",132.62,1.2907660581990443,5.01283285210139,12.283861671469731,-8.087078884198329,,9.711958980545909,145.5
2024,"Walnuts, in shell",145.5,9.711958980545909,1.2907660581990443,5.01283285210139,12.283861671469731,,6.618556701030931,155.13
2025,"Walnuts, in shell",155.13,6.618556701030931,9.711958980545909,1.2907660581990443,5.01283285210139,,,
1991,Watermelons,22.1,,,,,,11.040723981900435,24.54
1992,Watermelons,24.54,11.040723981900435,,,,,9.698451507742467,26.92
1993,Watermelons,26.92,9.698451507742467,11.040723981900435,,,,-20.505200594353646,21.4
1994,Watermelons,21.4,-20.505200594353646,9.698451507742467,11.040723981900435,,,10.046728971962636,23.55
1995,Watermelons,23.55,10.046728971962636,-20.505200594353646,9.698451507742467,11.040723981900435,,10.021231422505306,25.91
1996,Watermelons,25.91,10.021231422505306,10.046728971962636,-20.505200594353646,9.698451507742467,,34.00231570822076,34.72
1997,Watermelons,34.72,34.00231570822076,10.021231422505306,10.046728971962636,-20.505200594353646,,3.629032258064502,35.98
1998,Watermelons,35.98,3.629032258064502,34.00231570822076,10.021231422505306,10.046728971962636,,5.892162312395799,38.1
1999,Watermelons,38.1,5.892162312395799,3.629032258064502,34.00231570822076,10.021231422505306,,-7.6115485564304475,35.2
2000,Watermelons,35.2,-7.6115485564304475,5.892162312395799,3.629032258064502,34.00231570822076,,-8.750000000000014,32.12
2001,Watermelons,32.12,-8.750000000000014,-7.6115485564304475,5.892162312395799,3.629032258064502,,14.321295143212964,36.72
2002,Watermelons,36.72,14.321295143212964,-8.750000000000014,-7.6115485564304475,5.892162312395799,,8.469498910675387,39.83
2003,Watermelons,39.83,8.469498910675387,14.321295143212964,-8.750000000000014,-7.6115485564304475,,5.975395430579966,42.21
2004,Watermelons,42.21,5.975395430579966,8.469498910675387,14.321295143212964,-8.750000000000014,,8.860459606728277,45.95
2005,Watermelons,45.95,8.860459606728277,5.975395430579966,8.469498910675387,14.321295143212964,,6.507072905331879,48.94
2006,Watermelons,48.94,6.507072905331879,8.860459606728277,5.975395430579966,8.469498910675387,,22.905598692276264,60.15
2007,Watermelons,60.15,22.905598692276264,6.507072905331879,8.860459606728277,5.975395430579966,,-1.3965087281795463,59.31
2008,Watermelons,59.31,-1.3965087281795463,22.905598692276264,6.507072905331879,8.860459606728277,,10.470409711684358,65.52
2009,Watermelons,65.52,10.470409711684358,-1.3965087281795463,22.905598692276264,6.507072905331879,,17.73504273504274,77.14
2010,Watermelons,77.14,17.73504273504274,10.470409711684358,-1.3965087281795463,22.905598692276264,,9.048483277158414,84.12
2011,Watermelons,84.12,9.048483277158414,17.73504273504274,10.470409711684358,-1.3965087281795463,,8.511650023775562,91.28
2012,Watermelons,91.28,8.511650023775562,9.048483277158414,17.73504273504274,10.470409711684358,,-4.338299737072749,87.32
2013,Watermelons,87.32,-4.338299737072749,8.511650023775562,9.048483277158414,17.73504273504274,,8.394411360513065,94.65
2014,Watermelons,94.65,8.394411360513065,-4.338299737072749,8.511650023775562,9.048483277158414,,6.032752245113571,100.36
2015,Watermelons,100.36,6.032752245113571,8.394411360513065,-4.338299737072749,8.511650023775562,,4.613391789557597,104.99
2016,Watermelons,104.99,4.613391789557597,6.032752245113571,8.394411360513065,-4.338299737072749,,4.848080769597107,110.08
2017,Watermelons,110.08,4.848080769597107,4.613391789557597,6.032752245113571,8.394411360513065,,-0.28161337209302584,109.77
2018,Watermelons,109.77,-0.28161337209302584,4.848080769597107,4.613391789557597,6.032752245113571,,7.470164890225028,117.97
2019,Watermelons,117.97,7.470164890225028,-0.28161337209302584,4.848080769597107,4.613391789557597,,-7.383233025345426,109.26
2020,Watermelons,109.26,-7.383233025345426,7.470164890225028,-0.28161337209302584,4.848080769597107,,14.534138751601677,125.14
2021,Watermelons,125.14,14.534138751601677,-7.383233025345426,7.470164890225028,-0.28161337209302584,,6.456768419370307,133.22
2022,Watermelons,133.22,6.456768419370307,14.534138751601677,-7.383233025345426,7.470164890225028,,2.056748236000616,135.96
2023,Watermelons,135.96,2.056748236000616,6.456768419370307,14.534138751601677,-7.383233025345426,,7.656663724624879,146.37
2024,Watermelons,146.37,7.656663724624879,2.056748236000616,6.456768419370307,14.534138751601677,,7.1052811368449875,156.77
2025,Watermelons,156.77,7.1052811368449875,7.656663724624879,2.056748236000616,6.456768419370307,,,
1991,Wheat,21.17,,,,,,1.133679735474713,21.41
1992,Wheat,21.41,1.133679735474713,,,,,4.950957496496966,22.47
1993,Wheat,22.47,4.950957496496966,1.133679735474713,,,,3.8718291054739673,23.34
1994,Wheat,23.34,3.8718291054739673,4.950957496496966,1.133679735474713,,,10.882604970008568,25.88
1995,Wheat,25.88,10.882604970008568,3.8718291054739673,4.950957496496966,1.133679735474713,,22.87480680061824,31.8
1996,Wheat,31.8,22.87480680061824,10.882604970008568,3.8718291054739673,4.950957496496966,,-4.716981132075471,30.3
1997,Wheat,30.3,-4.716981132075471,22.87480680061824,10.882604970008568,3.8718291054739673,,7.755775577557755,32.65
1998,Wheat,32.65,7.755775577557755,-4.716981132075471,22.87480680061824,10.882604970008568,,7.197549770290967,35.0
1999,Wheat,35.0,7.197549770290967,7.755775577557755,-4.716981132075471,22.87480680061824,,4.342857142857159,36.52
2000,Wheat,36.52,4.342857142857159,7.197549770290967,7.755775577557755,-4.716981132075471,,-0.9857612267251015,36.16
2001,Wheat,36.16,-0.9857612267251015,4.342857142857159,7.197549770290967,7.755775577557755,,2.765486725663724,37.16
2002,Wheat,37.16,2.765486725663724,-0.9857612267251015,4.342857142857159,7.197549770290967,,3.1485468245425308,38.33
2003,Wheat,38.33,3.1485468245425308,2.765486725663724,-0.9857612267251015,4.342857142857159,,1.7740673102008886,39.01
2004,Wheat,39.01,1.7740673102008886,3.1485468245425308,2.765486725663724,-0.9857612267251015,,17.021276595744684,45.65
2005,Wheat,45.65,17.021276595744684,1.7740673102008886,3.1485468245425308,2.765486725663724,,6.834611171960581,48.77
2006,Wheat,48.77,6.834611171960581,17.021276595744684,1.7740673102008886,3.1485468245425308,,12.610211195407018,54.92
2007,Wheat,54.92,12.610211195407018,6.834611171960581,17.021276595744684,1.7740673102008886,,7.993445010924982,59.31
2008,Wheat,59.31,7.993445010924982,12.610211195407018,6.834611171960581,17.021276595744684,,10.470409711684358,65.52
2009,Wheat,65.52,10.470409711684358,7.993445010924982,12.610211195407018,6.834611171960581,,17.73504273504274,77.14
2010,Wheat,77.14,17.73504273504274,10.470409711684358,7.993445010924982,12.610211195407018,,9.048483277158414,84.12
2011,Wheat,84.12,9.048483277158414,17.73504273504274,10.470409711684358,7.993445010924982,,8.511650023775562,91.28
2012,Wheat,91.28,8.511650023775562,9.048483277158414,17.73504273504274,10.470409711684358,,-4.338299737072749,87.32
2013,Wheat,87.32,-4.338299737072749,8.511650023775562,9.048483277158414,17.73504273504274,,8.394411360513065,94.65
2014,Wheat,94.65,8.394411360513065,-4.338299737072749,8.511650023775562,9.048483277158414,,6.032752245113571,100.36
2015,Wheat,100.36,6.032752245113571,8.394411360513065,-4.338299737072749,8.511650023775562,,4.613391789557597,104.99
2016,Wheat,104.99,4.613391789557597,6.032752245113571,8.394411360513065,-4.338299737072749,,4.848080769597107,110.08
2017,Wheat,110.08,4.848080769597107,4.613391789557597,6.032752245113571,8.394411360513065,,-0.28161337209302584,109.77
2018,Wheat,109.77,-0.28161337209302584,4.848080769597107,4.613391789557597,6.032752245113571,,6.158331055844046,116.53
2019,Wheat,116.53,6.158331055844046,-0.28161337209302584,4.848080769597107,4.613391789557597,,-6.77078863811894,108.64
2020,Wheat,108.64,-6.77078863811894,6.158331055844046,-0.28161337209302584,4.848080769597107,,14.939248895434476,124.87
2021,Wheat,124.87,14.939248895434476,-6.77078863811894,6.158331055844046,-0.28161337209302584,,6.510771202050125,133.0
2022,Wheat,133.0,6.510771202050125,14.939248895434476,-6.77078863811894,6.158331055844046,,2.1052631578947434,135.8
2023,Wheat,135.8,2.1052631578947434,6.510771202050125,14.939248895434476,-6.77078863811894,,7.371134020618553,145.81
2024,Wheat,145.81,7.371134020618553,2.1052631578947434,6.510771202050125,14.939248895434476,,6.858240175570951,155.81
2025,Wheat,155.81,6.858240175570951,7.371134020618553,2.1052631578947434,6.510771202050125,,,
