Area Code,Area Code (M49),Area,Item Code,Item,Element Code,Element,Year Code,Year,Unit,Value,Flag
100,'356,India,6996,Farm gate,726313,Emissions Share (CO2eq) (AR5),1990,1990,%,53.040000,E
100,'356,India,6996,Farm gate,726313,Emissions Share (CO2eq) (AR5),1991,1991,%,51.910000,E
100,'356,India,6996,Farm gate,726313,Emissions Share (CO2eq) (AR5),1992,1992,%,50.900000,E
100,'356,India,6996,Farm gate,726313,Emissions Share (CO2eq) (AR5),1993,1993,%,50.950000,E
100,'356,India,6996,Farm gate,726313,Emissions Share (CO2eq) (AR5),1994,1994,%,49.890000,E
100,'356,India,6996,Farm gate,726313,Emissions Share (CO2eq) (AR5),1995,1995,%,48.790000,E
100,'356,India,6996,Farm gate,726313,Emissions Share (CO2eq) (AR5),1996,1996,%,46.930000,E
100,'356,India,6996,Farm gate,726313,Emissions Share (CO2eq) (AR5),1997,1997,%,46.140000,E
100,'356,India,6996,Farm gate,726313,Emissions Share (CO2eq) (AR5),1998,1998,%,45.950000,E
100,'356,India,6996,Farm gate,726313,Emissions Share (CO2eq) (AR5),1999,1999,%,43.910000,E
100,'356,India,6996,Farm gate,726313,Emissions Share (CO2eq) (AR5),2000,2000,%,42.830000,E
100,'356,India,6996,Farm gate,726313,Emissions Share (CO2eq) (AR5),2001,2001,%,37.840000,E
100,'356,India,6996,Farm gate,726313,Emissions Share (CO2eq) (AR5),2002,2002,%,37.050000,E
100,'356,India,6996,Farm gate,726313,Emissions Share (CO2eq) (AR5),2003,2003,%,36.490000,E
100,'356,India,6996,Farm gate,726313,Emissions Share (CO2eq) (AR5),2004,2004,%,35.720000,E
100,'356,India,6996,Farm gate,726313,Emissions Share (CO2eq) (AR5),2005,2005,%,34.870000,E
100,'356,India,6996,Farm gate,726313,Emissions Share (CO2eq) (AR5),2006,2006,%,35.520000,E
100,'356,India,6996,Farm gate,726313,Emissions Share (CO2eq) (AR5),2007,2007,%,33.740000,E
100,'356,India,6996,Farm gate,726313,Emissions Share (CO2eq) (AR5),2008,2008,%,32.600000,E
100,'356,India,6996,Farm gate,726313,Emissions Share (CO2eq) (AR5),2009,2009,%,30.490000,E
100,'356,India,6996,Farm gate,726313,Emissions Share (CO2eq) (AR5),2010,2010,%,30.750000,E
100,'356,India,6996,Farm gate,726313,Emissions Share (CO2eq) (AR5),2011,2011,%,30.360000,E
100,'356,India,6996,Farm gate,726313,Emissions Share (CO2eq) (AR5),2012,2012,%,28.580000,E
100,'356,India,6996,Farm gate,726313,Emissions Share (CO2eq) (AR5),2013,2013,%,30.220000,E
100,'356,India,6996,Farm gate,726313,Emissions Share (CO2eq) (AR5),2014,2014,%,28.500000,E
100,'356,India,6996,Farm gate,726313,Emissions Share (CO2eq) (AR5),2015,2015,%,26.840000,E
100,'356,India,6996,Farm gate,726313,Emissions Share (CO2eq) (AR5),2016,2016,%,27.500000,E
100,'356,India,6996,Farm gate,726313,Emissions Share (CO2eq) (AR5),2017,2017,%,26.890000,E
100,'356,India,6996,Farm gate,726313,Emissions Share (CO2eq) (AR5),2018,2018,%,26.180000,E
100,'356,India,6996,Farm gate,726313,Emissions Share (CO2eq) (AR5),2019,2019,%,26.270000,E
100,'356,India,6996,Farm gate,726313,Emissions Share (CO2eq) (AR5),2020,2020,%,28.440000,E
100,'356,India,6996,Farm gate,726313,Emissions Share (CO2eq) (AR5),2021,2021,%,26.830000,E
100,'356,India,6996,Farm gate,726313,Emissions Share (CO2eq) (AR5),2022,2022,%,26.060000,E
100,'356,India,6996,Farm gate,726313,Emissions Share (CO2eq) (AR5),2023,2023,%,24.500000,E
100,'356,India,6996,Farm gate,7264,Emissions Share (CO2),1990,1990,%,10.830000,E
100,'356,India,6996,Farm gate,7264,Emissions Share (CO2),1991,1991,%,11.440000,E
100,'356,India,6996,Farm gate,7264,Emissions Share (CO2),1992,1992,%,11.670000,E
100,'356,India,6996,Farm gate,7264,Emissions Share (CO2),1993,1993,%,12.630000,E
100,'356,India,6996,Farm gate,7264,Emissions Share (CO2),1994,1994,%,12.550000,E
100,'356,India,6996,Farm gate,7264,Emissions Share (CO2),1995,1995,%,13.080000,E
100,'356,India,6996,Farm gate,7264,Emissions Share (CO2),1996,1996,%,11.930000,E
100,'356,India,6996,Farm gate,7264,Emissions Share (CO2),1997,1997,%,11.910000,E
100,'356,India,6996,Farm gate,7264,Emissions Share (CO2),1998,1998,%,12.050000,E
100,'356,India,6996,Farm gate,7264,Emissions Share (CO2),1999,1999,%,10.520000,E
100,'356,India,6996,Farm gate,7264,Emissions Share (CO2),2000,2000,%,9.990000,E
100,'356,India,6996,Farm gate,7264,Emissions Share (CO2),2001,2001,%,7.670000,E
100,'356,India,6996,Farm gate,7264,Emissions Share (CO2),2002,2002,%,7.700000,E
100,'356,India,6996,Farm gate,7264,Emissions Share (CO2),2003,2003,%,7.750000,E
100,'356,India,6996,Farm gate,7264,Emissions Share (CO2),2004,2004,%,7.740000,E
100,'356,India,6996,Farm gate,7264,Emissions Share (CO2),2005,2005,%,6.740000,E
100,'356,India,6996,Farm gate,7264,Emissions Share (CO2),2006,2006,%,8.710000,E
100,'356,India,6996,Farm gate,7264,Emissions Share (CO2),2007,2007,%,7.170000,E
100,'356,India,6996,Farm gate,7264,Emissions Share (CO2),2008,2008,%,7.340000,E
100,'356,India,6996,Farm gate,7264,Emissions Share (CO2),2009,2009,%,7.120000,E
100,'356,India,6996,Farm gate,7264,Emissions Share (CO2),2010,2010,%,7.470000,E
100,'356,India,6996,Farm gate,7264,Emissions Share (CO2),2011,2011,%,7.080000,E
100,'356,India,6996,Farm gate,7264,Emissions Share (CO2),2012,2012,%,6.990000,E
100,'356,India,6996,Farm gate,7264,Emissions Share (CO2),2013,2013,%,9.050000,E
100,'356,India,6996,Farm gate,7264,Emissions Share (CO2),2014,2014,%,8.570000,E
100,'356,India,6996,Farm gate,7264,Emissions Share (CO2),2015,2015,%,7.160000,E
100,'356,India,6996,Farm gate,7264,Emissions Share (CO2),2016,2016,%,8.050000,E
100,'356,India,6996,Farm gate,7264,Emissions Share (CO2),2017,2017,%,8.000000,E
100,'356,India,6996,Farm gate,7264,Emissions Share (CO2),2018,2018,%,7.760000,E
100,'356,India,6996,Farm gate,7264,Emissions Share (CO2),2019,2019,%,8.210000,E
100,'356,India,6996,Farm gate,7264,Emissions Share (CO2),2020,2020,%,8.660000,E
100,'356,India,6996,Farm gate,7264,Emissions Share (CO2),2021,2021,%,8.350000,E
100,'356,India,6996,Farm gate,7264,Emissions Share (CO2),2022,2022,%,8.190000,E
100,'356,India,6996,Farm gate,7264,Emissions Share (CO2),2023,2023,%,7.490000,E
100,'356,India,6996,Farm gate,7265,Emissions Share (CH4),1990,1990,%,75.880000,E
100,'356,India,6996,Farm gate,7265,Emissions Share (CH4),1991,1991,%,75.680000,E
100,'356,India,6996,Farm gate,7265,Emissions Share (CH4),1992,1992,%,75.560000,E
100,'356,India,6996,Farm gate,7265,Emissions Share (CH4),1993,1993,%,76.260000,E
100,'356,India,6996,Farm gate,7265,Emissions Share (CH4),1994,1994,%,76.150000,E
100,'356,India,6996,Farm gate,7265,Emissions Share (CH4),1995,1995,%,75.550000,E
100,'356,India,6996,Farm gate,7265,Emissions Share (CH4),1996,1996,%,75.490000,E
100,'356,India,6996,Farm gate,7265,Emissions Share (CH4),1997,1997,%,74.900000,E
100,'356,India,6996,Farm gate,7265,Emissions Share (CH4),1998,1998,%,75.180000,E
100,'356,India,6996,Farm gate,7265,Emissions Share (CH4),1999,1999,%,74.730000,E
100,'356,India,6996,Farm gate,7265,Emissions Share (CH4),2000,2000,%,74.520000,E
100,'356,India,6996,Farm gate,7265,Emissions Share (CH4),2001,2001,%,74.410000,E
100,'356,India,6996,Farm gate,7265,Emissions Share (CH4),2002,2002,%,73.730000,E
100,'356,India,6996,Farm gate,7265,Emissions Share (CH4),2003,2003,%,73.240000,E
100,'356,India,6996,Farm gate,7265,Emissions Share (CH4),2004,2004,%,72.800000,E
100,'356,India,6996,Farm gate,7265,Emissions Share (CH4),2005,2005,%,72.950000,E
100,'356,India,6996,Farm gate,7265,Emissions Share (CH4),2006,2006,%,72.830000,E
100,'356,India,6996,Farm gate,7265,Emissions Share (CH4),2007,2007,%,72.540000,E
100,'356,India,6996,Farm gate,7265,Emissions Share (CH4),2008,2008,%,72.040000,E
100,'356,India,6996,Farm gate,7265,Emissions Share (CH4),2009,2009,%,70.580000,E
100,'356,India,6996,Farm gate,7265,Emissions Share (CH4),2010,2010,%,70.550000,E
100,'356,India,6996,Farm gate,7265,Emissions Share (CH4),2011,2011,%,70.250000,E
100,'356,India,6996,Farm gate,7265,Emissions Share (CH4),2012,2012,%,69.320000,E
100,'356,India,6996,Farm gate,7265,Emissions Share (CH4),2013,2013,%,72.290000,E
100,'356,India,6996,Farm gate,7265,Emissions Share (CH4),2014,2014,%,71.750000,E
100,'356,India,6996,Farm gate,7265,Emissions Share (CH4),2015,2015,%,71.390000,E
100,'356,India,6996,Farm gate,7265,Emissions Share (CH4),2016,2016,%,71.310000,E
100,'356,India,6996,Farm gate,7265,Emissions Share (CH4),2017,2017,%,71.080000,E
100,'356,India,6996,Farm gate,7265,Emissions Share (CH4),2018,2018,%,70.550000,E
100,'356,India,6996,Farm gate,7265,Emissions Share (CH4),2019,2019,%,70.840000,E
100,'356,India,6996,Farm gate,7265,Emissions Share (CH4),2020,2020,%,71.490000,E
100,'356,India,6996,Farm gate,7265,Emissions Share (CH4),2021,2021,%,70.290000,E
100,'356,India,6996,Farm gate,7265,Emissions Share (CH4),2022,2022,%,69.870000,E
100,'356,India,6996,Farm gate,7265,Emissions Share (CH4),2023,2023,%,69.220000,E
100,'356,India,6996,Farm gate,7266,Emissions Share (N2O),1990,1990,%,80.740000,E
100,'356,India,6996,Farm gate,7266,Emissions Share (N2O),1991,1991,%,80.540000,E
100,'356,India,6996,Farm gate,7266,Emissions Share (N2O),1992,1992,%,80.560000,E
100,'356,India,6996,Farm gate,7266,Emissions Share (N2O),1993,1993,%,80.440000,E
100,'356,India,6996,Farm gate,7266,Emissions Share (N2O),1994,1994,%,80.550000,E
100,'356,India,6996,Farm gate,7266,Emissions Share (N2O),1995,1995,%,80.310000,E
100,'356,India,6996,Farm gate,7266,Emissions Share (N2O),1996,1996,%,81.000000,E
100,'356,India,6996,Farm gate,7266,Emissions Share (N2O),1997,1997,%,81.230000,E
100,'356,India,6996,Farm gate,7266,Emissions Share (N2O),1998,1998,%,81.160000,E
100,'356,India,6996,Farm gate,7266,Emissions Share (N2O),1999,1999,%,80.590000,E
100,'356,India,6996,Farm gate,7266,Emissions Share (N2O),2000,2000,%,80.140000,E
100,'356,India,6996,Farm gate,7266,Emissions Share (N2O),2001,2001,%,80.490000,E
100,'356,India,6996,Farm gate,7266,Emissions Share (N2O),2002,2002,%,79.830000,E
100,'356,India,6996,Farm gate,7266,Emissions Share (N2O),2003,2003,%,79.700000,E
100,'356,India,6996,Farm gate,7266,Emissions Share (N2O),2004,2004,%,79.150000,E
100,'356,India,6996,Farm gate,7266,Emissions Share (N2O),2005,2005,%,79.960000,E
100,'356,India,6996,Farm gate,7266,Emissions Share (N2O),2006,2006,%,80.960000,E
100,'356,India,6996,Farm gate,7266,Emissions Share (N2O),2007,2007,%,78.790000,E
100,'356,India,6996,Farm gate,7266,Emissions Share (N2O),2008,2008,%,78.800000,E
100,'356,India,6996,Farm gate,7266,Emissions Share (N2O),2009,2009,%,76.740000,E
100,'356,India,6996,Farm gate,7266,Emissions Share (N2O),2010,2010,%,77.090000,E
100,'356,India,6996,Farm gate,7266,Emissions Share (N2O),2011,2011,%,77.330000,E
100,'356,India,6996,Farm gate,7266,Emissions Share (N2O),2012,2012,%,74.630000,E
100,'356,India,6996,Farm gate,7266,Emissions Share (N2O),2013,2013,%,75.890000,E
100,'356,India,6996,Farm gate,7266,Emissions Share (N2O),2014,2014,%,75.380000,E
100,'356,India,6996,Farm gate,7266,Emissions Share (N2O),2015,2015,%,74.510000,E
100,'356,India,6996,Farm gate,7266,Emissions Share (N2O),2016,2016,%,74.090000,E
100,'356,India,6996,Farm gate,7266,Emissions Share (N2O),2017,2017,%,73.460000,E
100,'356,India,6996,Farm gate,7266,Emissions Share (N2O),2018,2018,%,73.290000,E
100,'356,India,6996,Farm gate,7266,Emissions Share (N2O),2019,2019,%,74.500000,E
100,'356,India,6996,Farm gate,7266,Emissions Share (N2O),2020,2020,%,76.800000,E
100,'356,India,6996,Farm gate,7266,Emissions Share (N2O),2021,2021,%,73.980000,E
100,'356,India,6996,Farm gate,7266,Emissions Share (N2O),2022,2022,%,74.220000,E
100,'356,India,6996,Farm gate,7266,Emissions Share (N2O),2023,2023,%,73.740000,E
100,'356,India,6996,Farm gate,7279,Emissions per capita,1990,1990,t CO2eq/cap,0.750000,E
100,'356,India,6996,Farm gate,7279,Emissions per capita,1991,1991,t CO2eq/cap,0.760000,E
100,'356,India,6996,Farm gate,7279,Emissions per capita,1992,1992,t CO2eq/cap,0.750000,E
100,'356,India,6996,Farm gate,7279,Emissions per capita,1993,1993,t CO2eq/cap,0.750000,E
100,'356,India,6996,Farm gate,7279,Emissions per capita,1994,1994,t CO2eq/cap,0.750000,E
100,'356,India,6996,Farm gate,7279,Emissions per capita,1995,1995,t CO2eq/cap,0.750000,E
100,'356,India,6996,Farm gate,7279,Emissions per capita,1996,1996,t CO2eq/cap,0.750000,E
100,'356,India,6996,Farm gate,7279,Emissions per capita,1997,1997,t CO2eq/cap,0.740000,E
100,'356,India,6996,Farm gate,7279,Emissions per capita,1998,1998,t CO2eq/cap,0.740000,E
100,'356,India,6996,Farm gate,7279,Emissions per capita,1999,1999,t CO2eq/cap,0.720000,E
100,'356,India,6996,Farm gate,7279,Emissions per capita,2000,2000,t CO2eq/cap,0.700000,E
100,'356,India,6996,Farm gate,7279,Emissions per capita,2001,2001,t CO2eq/cap,0.690000,E
100,'356,India,6996,Farm gate,7279,Emissions per capita,2002,2002,t CO2eq/cap,0.670000,E
100,'356,India,6996,Farm gate,7279,Emissions per capita,2003,2003,t CO2eq/cap,0.670000,E
100,'356,India,6996,Farm gate,7279,Emissions per capita,2004,2004,t CO2eq/cap,0.670000,E
100,'356,India,6996,Farm gate,7279,Emissions per capita,2005,2005,t CO2eq/cap,0.670000,E
100,'356,India,6996,Farm gate,7279,Emissions per capita,2006,2006,t CO2eq/cap,0.700000,E
100,'356,India,6996,Farm gate,7279,Emissions per capita,2007,2007,t CO2eq/cap,0.690000,E
100,'356,India,6996,Farm gate,7279,Emissions per capita,2008,2008,t CO2eq/cap,0.700000,E
100,'356,India,6996,Farm gate,7279,Emissions per capita,2009,2009,t CO2eq/cap,0.690000,E
100,'356,India,6996,Farm gate,7279,Emissions per capita,2010,2010,t CO2eq/cap,0.690000,E
100,'356,India,6996,Farm gate,7279,Emissions per capita,2011,2011,t CO2eq/cap,0.690000,E
100,'356,India,6996,Farm gate,7279,Emissions per capita,2012,2012,t CO2eq/cap,0.680000,E
100,'356,India,6996,Farm gate,7279,Emissions per capita,2013,2013,t CO2eq/cap,0.720000,E
100,'356,India,6996,Farm gate,7279,Emissions per capita,2014,2014,t CO2eq/cap,0.710000,E
100,'356,India,6996,Farm gate,7279,Emissions per capita,2015,2015,t CO2eq/cap,0.690000,E
100,'356,India,6996,Farm gate,7279,Emissions per capita,2016,2016,t CO2eq/cap,0.700000,E
100,'356,India,6996,Farm gate,7279,Emissions per capita,2017,2017,t CO2eq/cap,0.700000,E
100,'356,India,6996,Farm gate,7279,Emissions per capita,2018,2018,t CO2eq/cap,0.700000,E
100,'356,India,6996,Farm gate,7279,Emissions per capita,2019,2019,t CO2eq/cap,0.710000,E
100,'356,India,6996,Farm gate,7279,Emissions per capita,2020,2020,t CO2eq/cap,0.710000,E
100,'356,India,6996,Farm gate,7279,Emissions per capita,2021,2021,t CO2eq/cap,0.720000,E
100,'356,India,6996,Farm gate,7279,Emissions per capita,2022,2022,t CO2eq/cap,0.730000,E
100,'356,India,6996,Farm gate,7279,Emissions per capita,2023,2023,t CO2eq/cap,0.730000,E
100,'356,India,6996,Farm gate,72791,Emissions per value of agricultural production,1990,1990,kg CO2eq/Int$,3.540000,E
100,'356,India,6996,Farm gate,72791,Emissions per value of agricultural production,1991,1991,kg CO2eq/Int$,3.540000,E
100,'356,India,6996,Farm gate,72791,Emissions per value of agricultural production,1992,1992,kg CO2eq/Int$,3.470000,E
100,'356,India,6996,Farm gate,72791,Emissions per value of agricultural production,1993,1993,kg CO2eq/Int$,3.470000,E
100,'356,India,6996,Farm gate,72791,Emissions per value of agricultural production,1994,1994,kg CO2eq/Int$,3.420000,E
100,'356,India,6996,Farm gate,72791,Emissions per value of agricultural production,1995,1995,kg CO2eq/Int$,3.400000,E
100,'356,India,6996,Farm gate,72791,Emissions per value of agricultural production,1996,1996,kg CO2eq/Int$,3.310000,E
100,'356,India,6996,Farm gate,72791,Emissions per value of agricultural production,1997,1997,kg CO2eq/Int$,3.280000,E
100,'356,India,6996,Farm gate,72791,Emissions per value of agricultural production,1998,1998,kg CO2eq/Int$,3.260000,E
100,'356,India,6996,Farm gate,72791,Emissions per value of agricultural production,1999,1999,kg CO2eq/Int$,3.110000,E
100,'356,India,6996,Farm gate,72791,Emissions per value of agricultural production,2000,2000,kg CO2eq/Int$,3.120000,E
100,'356,India,6996,Farm gate,72791,Emissions per value of agricultural production,2001,2001,kg CO2eq/Int$,3.040000,E
100,'356,India,6996,Farm gate,72791,Emissions per value of agricultural production,2002,2002,kg CO2eq/Int$,3.220000,E
100,'356,India,6996,Farm gate,72791,Emissions per value of agricultural production,2003,2003,kg CO2eq/Int$,2.970000,E
100,'356,India,6996,Farm gate,72791,Emissions per value of agricultural production,2004,2004,kg CO2eq/Int$,3.060000,E
100,'356,India,6996,Farm gate,72791,Emissions per value of agricultural production,2005,2005,kg CO2eq/Int$,2.950000,E
100,'356,India,6996,Farm gate,72791,Emissions per value of agricultural production,2006,2006,kg CO2eq/Int$,2.970000,E
100,'356,India,6996,Farm gate,72791,Emissions per value of agricultural production,2007,2007,kg CO2eq/Int$,2.740000,E
100,'356,India,6996,Farm gate,72791,Emissions per value of agricultural production,2008,2008,kg CO2eq/Int$,2.760000,E
100,'356,India,6996,Farm gate,72791,Emissions per value of agricultural production,2009,2009,kg CO2eq/Int$,2.820000,E
100,'356,India,6996,Farm gate,72791,Emissions per value of agricultural production,2010,2010,kg CO2eq/Int$,2.600000,E
100,'356,India,6996,Farm gate,72791,Emissions per value of agricultural production,2011,2011,kg CO2eq/Int$,2.450000,E
100,'356,India,6996,Farm gate,72791,Emissions per value of agricultural production,2012,2012,kg CO2eq/Int$,2.410000,E
100,'356,India,6996,Farm gate,72791,Emissions per value of agricultural production,2013,2013,kg CO2eq/Int$,2.440000,E
100,'356,India,6996,Farm gate,72791,Emissions per value of agricultural production,2014,2014,kg CO2eq/Int$,2.410000,E
100,'356,India,6996,Farm gate,72791,Emissions per value of agricultural production,2015,2015,kg CO2eq/Int$,2.380000,E
100,'356,India,6996,Farm gate,72791,Emissions per value of agricultural production,2016,2016,kg CO2eq/Int$,2.350000,E
100,'356,India,6996,Farm gate,72791,Emissions per value of agricultural production,2017,2017,kg CO2eq/Int$,2.240000,E
100,'356,India,6996,Farm gate,72791,Emissions per value of agricultural production,2018,2018,kg CO2eq/Int$,2.180000,E
100,'356,India,6996,Farm gate,72791,Emissions per value of agricultural production,2019,2019,kg CO2eq/Int$,2.190000,E
100,'356,India,6996,Farm gate,72791,Emissions per value of agricultural production,2020,2020,kg CO2eq/Int$,2.140000,E
100,'356,India,6996,Farm gate,72791,Emissions per value of agricultural production,2021,2021,kg CO2eq/Int$,2.070000,E
100,'356,India,6996,Farm gate,72791,Emissions per value of agricultural production,2022,2022,kg CO2eq/Int$,2.050000,E
100,'356,India,6996,Farm gate,72791,Emissions per value of agricultural production,2023,2023,kg CO2eq/Int$,2.000000,E
100,'356,India,6996,Farm gate,72792,Emissions per area of agricultural land,1990,1990,t CO2eq/ha,3.590000,E
100,'356,India,6996,Farm gate,72792,Emissions per area of agricultural land,1991,1991,t CO2eq/ha,3.680000,E
100,'356,India,6996,Farm gate,72792,Emissions per area of agricultural land,1992,1992,t CO2eq/ha,3.750000,E
100,'356,India,6996,Farm gate,72792,Emissions per area of agricultural land,1993,1993,t CO2eq/ha,3.830000,E
100,'356,India,6996,Farm gate,72792,Emissions per area of agricultural land,1994,1994,t CO2eq/ha,3.910000,E
100,'356,India,6996,Farm gate,72792,Emissions per area of agricultural land,1995,1995,t CO2eq/ha,3.990000,E
100,'356,India,6996,Farm gate,72792,Emissions per area of agricultural land,1996,1996,t CO2eq/ha,4.050000,E
100,'356,India,6996,Farm gate,72792,Emissions per area of agricultural land,1997,1997,t CO2eq/ha,4.090000,E
100,'356,India,6996,Farm gate,72792,Emissions per area of agricultural land,1998,1998,t CO2eq/ha,4.150000,E
100,'356,India,6996,Farm gate,72792,Emissions per area of agricultural land,1999,1999,t CO2eq/ha,4.140000,E
100,'356,India,6996,Farm gate,72792,Emissions per area of agricultural land,2000,2000,t CO2eq/ha,4.100000,E
100,'356,India,6996,Farm gate,72792,Emissions per area of agricultural land,2001,2001,t CO2eq/ha,4.130000,E
100,'356,India,6996,Farm gate,72792,Emissions per area of agricultural land,2002,2002,t CO2eq/ha,4.050000,E
100,'356,India,6996,Farm gate,72792,Emissions per area of agricultural land,2003,2003,t CO2eq/ha,4.150000,E
100,'356,India,6996,Farm gate,72792,Emissions per area of agricultural land,2004,2004,t CO2eq/ha,4.220000,E
100,'356,India,6996,Farm gate,72792,Emissions per area of agricultural land,2005,2005,t CO2eq/ha,4.300000,E
100,'356,India,6996,Farm gate,72792,Emissions per area of agricultural land,2006,2006,t CO2eq/ha,4.580000,E
100,'356,India,6996,Farm gate,72792,Emissions per area of agricultural land,2007,2007,t CO2eq/ha,4.590000,E
100,'356,India,6996,Farm gate,72792,Emissions per area of agricultural land,2008,2008,t CO2eq/ha,4.700000,E
100,'356,India,6996,Farm gate,72792,Emissions per area of agricultural land,2009,2009,t CO2eq/ha,4.700000,E
100,'356,India,6996,Farm gate,72792,Emissions per area of agricultural land,2010,2010,t CO2eq/ha,4.810000,E
100,'356,India,6996,Farm gate,72792,Emissions per area of agricultural land,2011,2011,t CO2eq/ha,4.840000,E
100,'356,India,6996,Farm gate,72792,Emissions per area of agricultural land,2012,2012,t CO2eq/ha,4.860000,E
100,'356,India,6996,Farm gate,72792,Emissions per area of agricultural land,2013,2013,t CO2eq/ha,5.160000,E
100,'356,India,6996,Farm gate,72792,Emissions per area of agricultural land,2014,2014,t CO2eq/ha,5.220000,E
100,'356,India,6996,Farm gate,72792,Emissions per area of agricultural land,2015,2015,t CO2eq/ha,5.090000,E
100,'356,India,6996,Farm gate,72792,Emissions per area of agricultural land,2016,2016,t CO2eq/ha,5.220000,E
100,'356,India,6996,Farm gate,72792,Emissions per area of agricultural land,2017,2017,t CO2eq/ha,5.310000,E
100,'356,India,6996,Farm gate,72792,Emissions per area of agricultural land,2018,2018,t CO2eq/ha,5.380000,E
100,'356,India,6996,Farm gate,72792,Emissions per area of agricultural land,2019,2019,t CO2eq/ha,5.540000,E
100,'356,India,6996,Farm gate,72792,Emissions per area of agricultural land,2020,2020,t CO2eq/ha,5.600000,E
100,'356,India,6996,Farm gate,72792,Emissions per area of agricultural land,2021,2021,t CO2eq/ha,5.690000,E
100,'356,India,6996,Farm gate,72792,Emissions per area of agricultural land,2022,2022,t CO2eq/ha,5.810000,E
100,'356,India,6996,Farm gate,72792,Emissions per area of agricultural land,2023,2023,t CO2eq/ha,5.850000,E
100,'356,India,6516,Land-use change,726313,Emissions Share (CO2eq) (AR5),1990,1990,%,0.100000,E
100,'356,India,6516,Land-use change,726313,Emissions Share (CO2eq) (AR5),1991,1991,%,0.100000,E
100,'356,India,6516,Land-use change,726313,Emissions Share (CO2eq) (AR5),1992,1992,%,0.090000,E
100,'356,India,6516,Land-use change,726313,Emissions Share (CO2eq) (AR5),1993,1993,%,0.090000,E
100,'356,India,6516,Land-use change,726313,Emissions Share (CO2eq) (AR5),1994,1994,%,0.090000,E
100,'356,India,6516,Land-use change,726313,Emissions Share (CO2eq) (AR5),1995,1995,%,0.090000,E
100,'356,India,6516,Land-use change,726313,Emissions Share (CO2eq) (AR5),1996,1996,%,0.060000,E
100,'356,India,6516,Land-use change,726313,Emissions Share (CO2eq) (AR5),1997,1997,%,0.040000,E
100,'356,India,6516,Land-use change,726313,Emissions Share (CO2eq) (AR5),1998,1998,%,0.040000,E
100,'356,India,6516,Land-use change,726313,Emissions Share (CO2eq) (AR5),1999,1999,%,0.070000,E
100,'356,India,6516,Land-use change,726313,Emissions Share (CO2eq) (AR5),2000,2000,%,0.040000,E
100,'356,India,6516,Land-use change,726313,Emissions Share (CO2eq) (AR5),2001,2001,%,0.020000,E
100,'356,India,6516,Land-use change,726313,Emissions Share (CO2eq) (AR5),2002,2002,%,0.010000,E
100,'356,India,6516,Land-use change,726313,Emissions Share (CO2eq) (AR5),2003,2003,%,0.050000,E
100,'356,India,6516,Land-use change,726313,Emissions Share (CO2eq) (AR5),2004,2004,%,0.070000,E
100,'356,India,6516,Land-use change,726313,Emissions Share (CO2eq) (AR5),2005,2005,%,0.040000,E
100,'356,India,6516,Land-use change,726313,Emissions Share (CO2eq) (AR5),2006,2006,%,0.070000,E
100,'356,India,6516,Land-use change,726313,Emissions Share (CO2eq) (AR5),2007,2007,%,0.060000,E
100,'356,India,6516,Land-use change,726313,Emissions Share (CO2eq) (AR5),2008,2008,%,0.050000,E
100,'356,India,6516,Land-use change,726313,Emissions Share (CO2eq) (AR5),2009,2009,%,0.100000,E
100,'356,India,6516,Land-use change,726313,Emissions Share (CO2eq) (AR5),2010,2010,%,0.120000,E
100,'356,India,6516,Land-use change,726313,Emissions Share (CO2eq) (AR5),2011,2011,%,0.040000,E
100,'356,India,6516,Land-use change,726313,Emissions Share (CO2eq) (AR5),2012,2012,%,0.080000,E
100,'356,India,6516,Land-use change,726313,Emissions Share (CO2eq) (AR5),2013,2013,%,0.060000,E
100,'356,India,6516,Land-use change,726313,Emissions Share (CO2eq) (AR5),2014,2014,%,0.060000,E
100,'356,India,6516,Land-use change,726313,Emissions Share (CO2eq) (AR5),2015,2015,%,0.030000,E
100,'356,India,6516,Land-use change,726313,Emissions Share (CO2eq) (AR5),2016,2016,%,0.040000,E
100,'356,India,6516,Land-use change,726313,Emissions Share (CO2eq) (AR5),2017,2017,%,0.040000,E
100,'356,India,6516,Land-use change,726313,Emissions Share (CO2eq) (AR5),2018,2018,%,0.020000,E
100,'356,India,6516,Land-use change,726313,Emissions Share (CO2eq) (AR5),2019,2019,%,0.010000,E
100,'356,India,6516,Land-use change,726313,Emissions Share (CO2eq) (AR5),2020,2020,%,0.020000,E
100,'356,India,6516,Land-use change,726313,Emissions Share (CO2eq) (AR5),2021,2021,%,0.070000,E
100,'356,India,6516,Land-use change,726313,Emissions Share (CO2eq) (AR5),2022,2022,%,0.010000,E
100,'356,India,6516,Land-use change,726313,Emissions Share (CO2eq) (AR5),2023,2023,%,0.020000,E
100,'356,India,6516,Land-use change,7264,Emissions Share (CO2),1990,1990,%,0.000000,E
100,'356,India,6516,Land-use change,7264,Emissions Share (CO2),1991,1991,%,0.000000,E
100,'356,India,6516,Land-use change,7264,Emissions Share (CO2),1992,1992,%,0.000000,E
100,'356,India,6516,Land-use change,7264,Emissions Share (CO2),1993,1993,%,0.000000,E
100,'356,India,6516,Land-use change,7264,Emissions Share (CO2),1994,1994,%,0.000000,E
100,'356,India,6516,Land-use change,7264,Emissions Share (CO2),1995,1995,%,0.000000,E
100,'356,India,6516,Land-use change,7264,Emissions Share (CO2),1996,1996,%,0.000000,E
100,'356,India,6516,Land-use change,7264,Emissions Share (CO2),1997,1997,%,0.000000,E
100,'356,India,6516,Land-use change,7264,Emissions Share (CO2),1998,1998,%,0.000000,E
100,'356,India,6516,Land-use change,7264,Emissions Share (CO2),1999,1999,%,0.000000,E
100,'356,India,6516,Land-use change,7264,Emissions Share (CO2),2000,2000,%,0.000000,E
100,'356,India,6516,Land-use change,7264,Emissions Share (CO2),2001,2001,%,0.000000,E
100,'356,India,6516,Land-use change,7264,Emissions Share (CO2),2002,2002,%,0.000000,E
100,'356,India,6516,Land-use change,7264,Emissions Share (CO2),2003,2003,%,0.000000,E
100,'356,India,6516,Land-use change,7264,Emissions Share (CO2),2004,2004,%,0.000000,E
100,'356,India,6516,Land-use change,7264,Emissions Share (CO2),2005,2005,%,0.000000,E
100,'356,India,6516,Land-use change,7264,Emissions Share (CO2),2006,2006,%,0.000000,E
100,'356,India,6516,Land-use change,7264,Emissions Share (CO2),2007,2007,%,0.000000,E
100,'356,India,6516,Land-use change,7264,Emissions Share (CO2),2008,2008,%,0.000000,E
100,'356,India,6516,Land-use change,7264,Emissions Share (CO2),2009,2009,%,0.000000,E
100,'356,India,6516,Land-use change,7264,Emissions Share (CO2),2010,2010,%,0.000000,E
100,'356,India,6516,Land-use change,7264,Emissions Share (CO2),2011,2011,%,0.000000,E
100,'356,India,6516,Land-use change,7264,Emissions Share (CO2),2012,2012,%,0.000000,E
100,'356,India,6516,Land-use change,7264,Emissions Share (CO2),2013,2013,%,0.000000,E
100,'356,India,6516,Land-use change,7264,Emissions Share (CO2),2014,2014,%,0.000000,E
100,'356,India,6516,Land-use change,7264,Emissions Share (CO2),2015,2015,%,0.000000,E
100,'356,India,6516,Land-use change,7264,Emissions Share (CO2),2016,2016,%,0.000000,E
100,'356,India,6516,Land-use change,7264,Emissions Share (CO2),2017,2017,%,0.000000,E
100,'356,India,6516,Land-use change,7264,Emissions Share (CO2),2018,2018,%,0.000000,E
100,'356,India,6516,Land-use change,7264,Emissions Share (CO2),2019,2019,%,0.000000,E
100,'356,India,6516,Land-use change,7264,Emissions Share (CO2),2020,2020,%,0.000000,E
100,'356,India,6516,Land-use change,7264,Emissions Share (CO2),2021,2021,%,0.000000,E
100,'356,India,6516,Land-use change,7264,Emissions Share (CO2),2022,2022,%,0.000000,E
100,'356,India,6516,Land-use change,7264,Emissions Share (CO2),2023,2023,%,0.000000,E
100,'356,India,6516,Land-use change,7265,Emissions Share (CH4),1990,1990,%,0.110000,E
100,'356,India,6516,Land-use change,7265,Emissions Share (CH4),1991,1991,%,0.110000,E
100,'356,India,6516,Land-use change,7265,Emissions Share (CH4),1992,1992,%,0.110000,E
100,'356,India,6516,Land-use change,7265,Emissions Share (CH4),1993,1993,%,0.110000,E
100,'356,India,6516,Land-use change,7265,Emissions Share (CH4),1994,1994,%,0.110000,E
100,'356,India,6516,Land-use change,7265,Emissions Share (CH4),1995,1995,%,0.110000,E
100,'356,India,6516,Land-use change,7265,Emissions Share (CH4),1996,1996,%,0.110000,E
100,'356,India,6516,Land-use change,7265,Emissions Share (CH4),1997,1997,%,0.080000,E
100,'356,India,6516,Land-use change,7265,Emissions Share (CH4),1998,1998,%,0.080000,E
100,'356,India,6516,Land-use change,7265,Emissions Share (CH4),1999,1999,%,0.130000,E
100,'356,India,6516,Land-use change,7265,Emissions Share (CH4),2000,2000,%,0.090000,E
100,'356,India,6516,Land-use change,7265,Emissions Share (CH4),2001,2001,%,0.030000,E
100,'356,India,6516,Land-use change,7265,Emissions Share (CH4),2002,2002,%,0.010000,E
100,'356,India,6516,Land-use change,7265,Emissions Share (CH4),2003,2003,%,0.080000,E
100,'356,India,6516,Land-use change,7265,Emissions Share (CH4),2004,2004,%,0.110000,E
100,'356,India,6516,Land-use change,7265,Emissions Share (CH4),2005,2005,%,0.070000,E
100,'356,India,6516,Land-use change,7265,Emissions Share (CH4),2006,2006,%,0.130000,E
100,'356,India,6516,Land-use change,7265,Emissions Share (CH4),2007,2007,%,0.100000,E
100,'356,India,6516,Land-use change,7265,Emissions Share (CH4),2008,2008,%,0.090000,E
100,'356,India,6516,Land-use change,7265,Emissions Share (CH4),2009,2009,%,0.200000,E
100,'356,India,6516,Land-use change,7265,Emissions Share (CH4),2010,2010,%,0.240000,E
100,'356,India,6516,Land-use change,7265,Emissions Share (CH4),2011,2011,%,0.070000,E
100,'356,India,6516,Land-use change,7265,Emissions Share (CH4),2012,2012,%,0.160000,E
100,'356,India,6516,Land-use change,7265,Emissions Share (CH4),2013,2013,%,0.130000,E
100,'356,India,6516,Land-use change,7265,Emissions Share (CH4),2014,2014,%,0.130000,E
100,'356,India,6516,Land-use change,7265,Emissions Share (CH4),2015,2015,%,0.070000,E
100,'356,India,6516,Land-use change,7265,Emissions Share (CH4),2016,2016,%,0.100000,E
100,'356,India,6516,Land-use change,7265,Emissions Share (CH4),2017,2017,%,0.090000,E
100,'356,India,6516,Land-use change,7265,Emissions Share (CH4),2018,2018,%,0.040000,E
100,'356,India,6516,Land-use change,7265,Emissions Share (CH4),2019,2019,%,0.040000,E
100,'356,India,6516,Land-use change,7265,Emissions Share (CH4),2020,2020,%,0.040000,E
100,'356,India,6516,Land-use change,7265,Emissions Share (CH4),2021,2021,%,0.170000,E
100,'356,India,6516,Land-use change,7265,Emissions Share (CH4),2022,2022,%,0.040000,E
100,'356,India,6516,Land-use change,7265,Emissions Share (CH4),2023,2023,%,0.050000,E
100,'356,India,6516,Land-use change,7266,Emissions Share (N2O),1990,1990,%,0.380000,E
100,'356,India,6516,Land-use change,7266,Emissions Share (N2O),1991,1991,%,0.370000,E
100,'356,India,6516,Land-use change,7266,Emissions Share (N2O),1992,1992,%,0.360000,E
100,'356,India,6516,Land-use change,7266,Emissions Share (N2O),1993,1993,%,0.350000,E
100,'356,India,6516,Land-use change,7266,Emissions Share (N2O),1994,1994,%,0.330000,E
100,'356,India,6516,Land-use change,7266,Emissions Share (N2O),1995,1995,%,0.330000,E
100,'356,India,6516,Land-use change,7266,Emissions Share (N2O),1996,1996,%,0.130000,E
100,'356,India,6516,Land-use change,7266,Emissions Share (N2O),1997,1997,%,0.090000,E
100,'356,India,6516,Land-use change,7266,Emissions Share (N2O),1998,1998,%,0.090000,E
100,'356,India,6516,Land-use change,7266,Emissions Share (N2O),1999,1999,%,0.140000,E
100,'356,India,6516,Land-use change,7266,Emissions Share (N2O),2000,2000,%,0.090000,E
100,'356,India,6516,Land-use change,7266,Emissions Share (N2O),2001,2001,%,0.100000,E
100,'356,India,6516,Land-use change,7266,Emissions Share (N2O),2002,2002,%,0.030000,E
100,'356,India,6516,Land-use change,7266,Emissions Share (N2O),2003,2003,%,0.260000,E
100,'356,India,6516,Land-use change,7266,Emissions Share (N2O),2004,2004,%,0.370000,E
100,'356,India,6516,Land-use change,7266,Emissions Share (N2O),2005,2005,%,0.220000,E
100,'356,India,6516,Land-use change,7266,Emissions Share (N2O),2006,2006,%,0.390000,E
100,'356,India,6516,Land-use change,7266,Emissions Share (N2O),2007,2007,%,0.290000,E
100,'356,India,6516,Land-use change,7266,Emissions Share (N2O),2008,2008,%,0.250000,E
100,'356,India,6516,Land-use change,7266,Emissions Share (N2O),2009,2009,%,0.580000,E
100,'356,India,6516,Land-use change,7266,Emissions Share (N2O),2010,2010,%,0.660000,E
100,'356,India,6516,Land-use change,7266,Emissions Share (N2O),2011,2011,%,0.190000,E
100,'356,India,6516,Land-use change,7266,Emissions Share (N2O),2012,2012,%,0.440000,E
100,'356,India,6516,Land-use change,7266,Emissions Share (N2O),2013,2013,%,0.330000,E
100,'356,India,6516,Land-use change,7266,Emissions Share (N2O),2014,2014,%,0.330000,E
100,'356,India,6516,Land-use change,7266,Emissions Share (N2O),2015,2015,%,0.180000,E
100,'356,India,6516,Land-use change,7266,Emissions Share (N2O),2016,2016,%,0.260000,E
100,'356,India,6516,Land-use change,7266,Emissions Share (N2O),2017,2017,%,0.230000,E
100,'356,India,6516,Land-use change,7266,Emissions Share (N2O),2018,2018,%,0.110000,E
100,'356,India,6516,Land-use change,7266,Emissions Share (N2O),2019,2019,%,0.090000,E
100,'356,India,6516,Land-use change,7266,Emissions Share (N2O),2020,2020,%,0.090000,E
100,'356,India,6516,Land-use change,7266,Emissions Share (N2O),2021,2021,%,0.410000,E
100,'356,India,6516,Land-use change,7266,Emissions Share (N2O),2022,2022,%,0.090000,E
100,'356,India,6516,Land-use change,7266,Emissions Share (N2O),2023,2023,%,0.120000,E
100,'356,India,6516,Land-use change,7279,Emissions per capita,1990,1990,t CO2eq/cap,0.000000,E
100,'356,India,6516,Land-use change,7279,Emissions per capita,1991,1991,t CO2eq/cap,0.000000,E
100,'356,India,6516,Land-use change,7279,Emissions per capita,1992,1992,t CO2eq/cap,0.000000,E
100,'356,India,6516,Land-use change,7279,Emissions per capita,1993,1993,t CO2eq/cap,0.000000,E
100,'356,India,6516,Land-use change,7279,Emissions per capita,1994,1994,t CO2eq/cap,0.000000,E
100,'356,India,6516,Land-use change,7279,Emissions per capita,1995,1995,t CO2eq/cap,0.000000,E
100,'356,India,6516,Land-use change,7279,Emissions per capita,1996,1996,t CO2eq/cap,0.000000,E
100,'356,India,6516,Land-use change,7279,Emissions per capita,1997,1997,t CO2eq/cap,0.000000,E
100,'356,India,6516,Land-use change,7279,Emissions per capita,1998,1998,t CO2eq/cap,0.000000,E
100,'356,India,6516,Land-use change,7279,Emissions per capita,1999,1999,t CO2eq/cap,0.000000,E
100,'356,India,6516,Land-use change,7279,Emissions per capita,2000,2000,t CO2eq/cap,0.000000,E
100,'356,India,6516,Land-use change,7279,Emissions per capita,2001,2001,t CO2eq/cap,0.000000,E
100,'356,India,6516,Land-use change,7279,Emissions per capita,2002,2002,t CO2eq/cap,0.000000,E
100,'356,India,6516,Land-use change,7279,Emissions per capita,2003,2003,t CO2eq/cap,0.000000,E
100,'356,India,6516,Land-use change,7279,Emissions per capita,2004,2004,t CO2eq/cap,0.000000,E
100,'356,India,6516,Land-use change,7279,Emissions per capita,2005,2005,t CO2eq/cap,0.000000,E
100,'356,India,6516,Land-use change,7279,Emissions per capita,2006,2006,t CO2eq/cap,0.000000,E
100,'356,India,6516,Land-use change,7279,Emissions per capita,2007,2007,t CO2eq/cap,0.000000,E
100,'356,India,6516,Land-use change,7279,Emissions per capita,2008,2008,t CO2eq/cap,0.000000,E
100,'356,India,6516,Land-use change,7279,Emissions per capita,2009,2009,t CO2eq/cap,0.000000,E
100,'356,India,6516,Land-use change,7279,Emissions per capita,2010,2010,t CO2eq/cap,0.000000,E
100,'356,India,6516,Land-use change,7279,Emissions per capita,2011,2011,t CO2eq/cap,0.000000,E
100,'356,India,6516,Land-use change,7279,Emissions per capita,2012,2012,t CO2eq/cap,0.000000,E
100,'356,India,6516,Land-use change,7279,Emissions per capita,2013,2013,t CO2eq/cap,0.000000,E
100,'356,India,6516,Land-use change,7279,Emissions per capita,2014,2014,t CO2eq/cap,0.000000,E
100,'356,India,6516,Land-use change,7279,Emissions per capita,2015,2015,t CO2eq/cap,0.000000,E
100,'356,India,6516,Land-use change,7279,Emissions per capita,2016,2016,t CO2eq/cap,0.000000,E
100,'356,India,6516,Land-use change,7279,Emissions per capita,2017,2017,t CO2eq/cap,0.000000,E
100,'356,India,6516,Land-use change,7279,Emissions per capita,2018,2018,t CO2eq/cap,0.000000,E
100,'356,India,6516,Land-use change,7279,Emissions per capita,2019,2019,t CO2eq/cap,0.000000,E
100,'356,India,6516,Land-use change,7279,Emissions per capita,2020,2020,t CO2eq/cap,0.000000,E
100,'356,India,6516,Land-use change,7279,Emissions per capita,2021,2021,t CO2eq/cap,0.000000,E
100,'356,India,6516,Land-use change,7279,Emissions per capita,2022,2022,t CO2eq/cap,0.000000,E
100,'356,India,6516,Land-use change,7279,Emissions per capita,2023,2023,t CO2eq/cap,0.000000,E
100,'356,India,6517,Pre- and post-production,726313,Emissions Share (CO2eq) (AR5),1990,1990,%,12.580000,E
100,'356,India,6517,Pre- and post-production,726313,Emissions Share (CO2eq) (AR5),1991,1991,%,12.480000,E
100,'356,India,6517,Pre- and post-production,726313,Emissions Share (CO2eq) (AR5),1992,1992,%,12.360000,E
100,'356,India,6517,Pre- and post-production,726313,Emissions Share (CO2eq) (AR5),1993,1993,%,12.140000,E
100,'356,India,6517,Pre- and post-production,726313,Emissions Share (CO2eq) (AR5),1994,1994,%,11.990000,E
100,'356,India,6517,Pre- and post-production,726313,Emissions Share (CO2eq) (AR5),1995,1995,%,11.850000,E
100,'356,India,6517,Pre- and post-production,726313,Emissions Share (CO2eq) (AR5),1996,1996,%,11.350000,E
100,'356,India,6517,Pre- and post-production,726313,Emissions Share (CO2eq) (AR5),1997,1997,%,11.360000,E
100,'356,India,6517,Pre- and post-production,726313,Emissions Share (CO2eq) (AR5),1998,1998,%,11.350000,E
100,'356,India,6517,Pre- and post-production,726313,Emissions Share (CO2eq) (AR5),1999,1999,%,11.230000,E
100,'356,India,6517,Pre- and post-production,726313,Emissions Share (CO2eq) (AR5),2000,2000,%,11.330000,E
100,'356,India,6517,Pre- and post-production,726313,Emissions Share (CO2eq) (AR5),2001,2001,%,10.180000,E
100,'356,India,6517,Pre- and post-production,726313,Emissions Share (CO2eq) (AR5),2002,2002,%,10.800000,E
100,'356,India,6517,Pre- and post-production,726313,Emissions Share (CO2eq) (AR5),2003,2003,%,10.690000,E
100,'356,India,6517,Pre- and post-production,726313,Emissions Share (CO2eq) (AR5),2004,2004,%,10.500000,E
100,'356,India,6517,Pre- and post-production,726313,Emissions Share (CO2eq) (AR5),2005,2005,%,10.070000,E
100,'356,India,6517,Pre- and post-production,726313,Emissions Share (CO2eq) (AR5),2006,2006,%,10.010000,E
100,'356,India,6517,Pre- and post-production,726313,Emissions Share (CO2eq) (AR5),2007,2007,%,9.430000,E
100,'356,India,6517,Pre- and post-production,726313,Emissions Share (CO2eq) (AR5),2008,2008,%,9.030000,E
100,'356,India,6517,Pre- and post-production,726313,Emissions Share (CO2eq) (AR5),2009,2009,%,8.970000,E
100,'356,India,6517,Pre- and post-production,726313,Emissions Share (CO2eq) (AR5),2010,2010,%,9.230000,E
100,'356,India,6517,Pre- and post-production,726313,Emissions Share (CO2eq) (AR5),2011,2011,%,9.360000,E
100,'356,India,6517,Pre- and post-production,726313,Emissions Share (CO2eq) (AR5),2012,2012,%,8.970000,E
100,'356,India,6517,Pre- and post-production,726313,Emissions Share (CO2eq) (AR5),2013,2013,%,10.600000,E
100,'356,India,6517,Pre- and post-production,726313,Emissions Share (CO2eq) (AR5),2014,2014,%,10.270000,E
100,'356,India,6517,Pre- and post-production,726313,Emissions Share (CO2eq) (AR5),2015,2015,%,10.130000,E
100,'356,India,6517,Pre- and post-production,726313,Emissions Share (CO2eq) (AR5),2016,2016,%,10.470000,E
100,'356,India,6517,Pre- and post-production,726313,Emissions Share (CO2eq) (AR5),2017,2017,%,9.220000,E
100,'356,India,6517,Pre- and post-production,726313,Emissions Share (CO2eq) (AR5),2018,2018,%,9.120000,E
100,'356,India,6517,Pre- and post-production,726313,Emissions Share (CO2eq) (AR5),2019,2019,%,9.080000,E
100,'356,India,6517,Pre- and post-production,726313,Emissions Share (CO2eq) (AR5),2020,2020,%,9.810000,E
100,'356,India,6517,Pre- and post-production,726313,Emissions Share (CO2eq) (AR5),2021,2021,%,9.470000,E
100,'356,India,6517,Pre- and post-production,726313,Emissions Share (CO2eq) (AR5),2022,2022,%,9.240000,E
100,'356,India,6517,Pre- and post-production,726313,Emissions Share (CO2eq) (AR5),2023,2023,%,8.630000,E
100,'356,India,6517,Pre- and post-production,7264,Emissions Share (CO2),1990,1990,%,5.580000,E
100,'356,India,6517,Pre- and post-production,7264,Emissions Share (CO2),1991,1991,%,5.540000,E
100,'356,India,6517,Pre- and post-production,7264,Emissions Share (CO2),1992,1992,%,5.440000,E
100,'356,India,6517,Pre- and post-production,7264,Emissions Share (CO2),1993,1993,%,5.510000,E
100,'356,India,6517,Pre- and post-production,7264,Emissions Share (CO2),1994,1994,%,5.440000,E
100,'356,India,6517,Pre- and post-production,7264,Emissions Share (CO2),1995,1995,%,5.310000,E
100,'356,India,6517,Pre- and post-production,7264,Emissions Share (CO2),1996,1996,%,5.430000,E
100,'356,India,6517,Pre- and post-production,7264,Emissions Share (CO2),1997,1997,%,5.660000,E
100,'356,India,6517,Pre- and post-production,7264,Emissions Share (CO2),1998,1998,%,5.720000,E
100,'356,India,6517,Pre- and post-production,7264,Emissions Share (CO2),1999,1999,%,5.780000,E
100,'356,India,6517,Pre- and post-production,7264,Emissions Share (CO2),2000,2000,%,5.920000,E
100,'356,India,6517,Pre- and post-production,7264,Emissions Share (CO2),2001,2001,%,4.860000,E
100,'356,India,6517,Pre- and post-production,7264,Emissions Share (CO2),2002,2002,%,5.740000,E
100,'356,India,6517,Pre- and post-production,7264,Emissions Share (CO2),2003,2003,%,5.790000,E
100,'356,India,6517,Pre- and post-production,7264,Emissions Share (CO2),2004,2004,%,5.760000,E
100,'356,India,6517,Pre- and post-production,7264,Emissions Share (CO2),2005,2005,%,5.280000,E
100,'356,India,6517,Pre- and post-production,7264,Emissions Share (CO2),2006,2006,%,5.400000,E
100,'356,India,6517,Pre- and post-production,7264,Emissions Share (CO2),2007,2007,%,4.720000,E
100,'356,India,6517,Pre- and post-production,7264,Emissions Share (CO2),2008,2008,%,4.320000,E
100,'356,India,6517,Pre- and post-production,7264,Emissions Share (CO2),2009,2009,%,4.570000,E
100,'356,India,6517,Pre- and post-production,7264,Emissions Share (CO2),2010,2010,%,4.870000,E
100,'356,India,6517,Pre- and post-production,7264,Emissions Share (CO2),2011,2011,%,5.020000,E
100,'356,India,6517,Pre- and post-production,7264,Emissions Share (CO2),2012,2012,%,4.720000,E
100,'356,India,6517,Pre- and post-production,7264,Emissions Share (CO2),2013,2013,%,6.970000,E
100,'356,India,6517,Pre- and post-production,7264,Emissions Share (CO2),2014,2014,%,6.710000,E
100,'356,India,6517,Pre- and post-production,7264,Emissions Share (CO2),2015,2015,%,6.600000,E
100,'356,India,6517,Pre- and post-production,7264,Emissions Share (CO2),2016,2016,%,6.970000,E
100,'356,India,6517,Pre- and post-production,7264,Emissions Share (CO2),2017,2017,%,5.260000,E
100,'356,India,6517,Pre- and post-production,7264,Emissions Share (CO2),2018,2018,%,5.250000,E
100,'356,India,6517,Pre- and post-production,7264,Emissions Share (CO2),2019,2019,%,5.210000,E
100,'356,India,6517,Pre- and post-production,7264,Emissions Share (CO2),2020,2020,%,5.770000,E
100,'356,India,6517,Pre- and post-production,7264,Emissions Share (CO2),2021,2021,%,5.640000,E
100,'356,India,6517,Pre- and post-production,7264,Emissions Share (CO2),2022,2022,%,5.590000,E
100,'356,India,6517,Pre- and post-production,7264,Emissions Share (CO2),2023,2023,%,5.090000,E
100,'356,India,6517,Pre- and post-production,7265,Emissions Share (CH4),1990,1990,%,18.460000,E
100,'356,India,6517,Pre- and post-production,7265,Emissions Share (CH4),1991,1991,%,18.700000,E
100,'356,India,6517,Pre- and post-production,7265,Emissions Share (CH4),1992,1992,%,18.960000,E
100,'356,India,6517,Pre- and post-production,7265,Emissions Share (CH4),1993,1993,%,19.300000,E
100,'356,India,6517,Pre- and post-production,7265,Emissions Share (CH4),1994,1994,%,19.460000,E
100,'356,India,6517,Pre- and post-production,7265,Emissions Share (CH4),1995,1995,%,19.640000,E
100,'356,India,6517,Pre- and post-production,7265,Emissions Share (CH4),1996,1996,%,19.760000,E
100,'356,India,6517,Pre- and post-production,7265,Emissions Share (CH4),1997,1997,%,19.770000,E
100,'356,India,6517,Pre- and post-production,7265,Emissions Share (CH4),1998,1998,%,19.870000,E
100,'356,India,6517,Pre- and post-production,7265,Emissions Share (CH4),1999,1999,%,19.940000,E
100,'356,India,6517,Pre- and post-production,7265,Emissions Share (CH4),2000,2000,%,20.170000,E
100,'356,India,6517,Pre- and post-production,7265,Emissions Share (CH4),2001,2001,%,20.240000,E
100,'356,India,6517,Pre- and post-production,7265,Emissions Share (CH4),2002,2002,%,20.640000,E
100,'356,India,6517,Pre- and post-production,7265,Emissions Share (CH4),2003,2003,%,20.460000,E
100,'356,India,6517,Pre- and post-production,7265,Emissions Share (CH4),2004,2004,%,20.230000,E
100,'356,India,6517,Pre- and post-production,7265,Emissions Share (CH4),2005,2005,%,19.990000,E
100,'356,India,6517,Pre- and post-production,7265,Emissions Share (CH4),2006,2006,%,19.830000,E
100,'356,India,6517,Pre- and post-production,7265,Emissions Share (CH4),2007,2007,%,19.600000,E
100,'356,India,6517,Pre- and post-production,7265,Emissions Share (CH4),2008,2008,%,19.400000,E
100,'356,India,6517,Pre- and post-production,7265,Emissions Share (CH4),2009,2009,%,19.440000,E
100,'356,India,6517,Pre- and post-production,7265,Emissions Share (CH4),2010,2010,%,19.490000,E
100,'356,India,6517,Pre- and post-production,7265,Emissions Share (CH4),2011,2011,%,19.460000,E
100,'356,India,6517,Pre- and post-production,7265,Emissions Share (CH4),2012,2012,%,19.470000,E
100,'356,India,6517,Pre- and post-production,7265,Emissions Share (CH4),2013,2013,%,20.220000,E
100,'356,India,6517,Pre- and post-production,7265,Emissions Share (CH4),2014,2014,%,20.140000,E
100,'356,India,6517,Pre- and post-production,7265,Emissions Share (CH4),2015,2015,%,20.010000,E
100,'356,India,6517,Pre- and post-production,7265,Emissions Share (CH4),2016,2016,%,19.910000,E
100,'356,India,6517,Pre- and post-production,7265,Emissions Share (CH4),2017,2017,%,19.870000,E
100,'356,India,6517,Pre- and post-production,7265,Emissions Share (CH4),2018,2018,%,19.690000,E
100,'356,India,6517,Pre- and post-production,7265,Emissions Share (CH4),2019,2019,%,19.810000,E
100,'356,India,6517,Pre- and post-production,7265,Emissions Share (CH4),2020,2020,%,19.730000,E
100,'356,India,6517,Pre- and post-production,7265,Emissions Share (CH4),2021,2021,%,19.270000,E
100,'356,India,6517,Pre- and post-production,7265,Emissions Share (CH4),2022,2022,%,19.000000,E
100,'356,India,6517,Pre- and post-production,7265,Emissions Share (CH4),2023,2023,%,18.790000,E
100,'356,India,6517,Pre- and post-production,7266,Emissions Share (N2O),1990,1990,%,2.820000,E
100,'356,India,6517,Pre- and post-production,7266,Emissions Share (N2O),1991,1991,%,2.940000,E
100,'356,India,6517,Pre- and post-production,7266,Emissions Share (N2O),1992,1992,%,2.960000,E
100,'356,India,6517,Pre- and post-production,7266,Emissions Share (N2O),1993,1993,%,2.870000,E
100,'356,India,6517,Pre- and post-production,7266,Emissions Share (N2O),1994,1994,%,2.840000,E
100,'356,India,6517,Pre- and post-production,7266,Emissions Share (N2O),1995,1995,%,2.890000,E
100,'356,India,6517,Pre- and post-production,7266,Emissions Share (N2O),1996,1996,%,2.910000,E
100,'356,India,6517,Pre- and post-production,7266,Emissions Share (N2O),1997,1997,%,2.910000,E
100,'356,India,6517,Pre- and post-production,7266,Emissions Share (N2O),1998,1998,%,2.890000,E
100,'356,India,6517,Pre- and post-production,7266,Emissions Share (N2O),1999,1999,%,2.890000,E
100,'356,India,6517,Pre- and post-production,7266,Emissions Share (N2O),2000,2000,%,2.970000,E
100,'356,India,6517,Pre- and post-production,7266,Emissions Share (N2O),2001,2001,%,2.960000,E
100,'356,India,6517,Pre- and post-production,7266,Emissions Share (N2O),2002,2002,%,3.070000,E
100,'356,India,6517,Pre- and post-production,7266,Emissions Share (N2O),2003,2003,%,2.990000,E
100,'356,India,6517,Pre- and post-production,7266,Emissions Share (N2O),2004,2004,%,2.940000,E
100,'356,India,6517,Pre- and post-production,7266,Emissions Share (N2O),2005,2005,%,2.840000,E
100,'356,India,6517,Pre- and post-production,7266,Emissions Share (N2O),2006,2006,%,2.840000,E
100,'356,India,6517,Pre- and post-production,7266,Emissions Share (N2O),2007,2007,%,2.780000,E
100,'356,India,6517,Pre- and post-production,7266,Emissions Share (N2O),2008,2008,%,2.800000,E
100,'356,India,6517,Pre- and post-production,7266,Emissions Share (N2O),2009,2009,%,2.700000,E
100,'356,India,6517,Pre- and post-production,7266,Emissions Share (N2O),2010,2010,%,2.750000,E
100,'356,India,6517,Pre- and post-production,7266,Emissions Share (N2O),2011,2011,%,2.740000,E
100,'356,India,6517,Pre- and post-production,7266,Emissions Share (N2O),2012,2012,%,2.690000,E
100,'356,India,6517,Pre- and post-production,7266,Emissions Share (N2O),2013,2013,%,2.890000,E
100,'356,India,6517,Pre- and post-production,7266,Emissions Share (N2O),2014,2014,%,3.060000,E
100,'356,India,6517,Pre- and post-production,7266,Emissions Share (N2O),2015,2015,%,3.070000,E
100,'356,India,6517,Pre- and post-production,7266,Emissions Share (N2O),2016,2016,%,3.210000,E
100,'356,India,6517,Pre- and post-production,7266,Emissions Share (N2O),2017,2017,%,3.070000,E
100,'356,India,6517,Pre- and post-production,7266,Emissions Share (N2O),2018,2018,%,3.060000,E
100,'356,India,6517,Pre- and post-production,7266,Emissions Share (N2O),2019,2019,%,3.090000,E
100,'356,India,6517,Pre- and post-production,7266,Emissions Share (N2O),2020,2020,%,3.110000,E
100,'356,India,6517,Pre- and post-production,7266,Emissions Share (N2O),2021,2021,%,3.130000,E
100,'356,India,6517,Pre- and post-production,7266,Emissions Share (N2O),2022,2022,%,3.160000,E
100,'356,India,6517,Pre- and post-production,7266,Emissions Share (N2O),2023,2023,%,3.120000,E
100,'356,India,6517,Pre- and post-production,7179,Emissions Share (CO2eq) (AR5) (F-gases),1990,1990,%,92.260000,E
100,'356,India,6517,Pre- and post-production,7179,Emissions Share (CO2eq) (AR5) (F-gases),1991,1991,%,91.550000,E
100,'356,India,6517,Pre- and post-production,7179,Emissions Share (CO2eq) (AR5) (F-gases),1992,1992,%,98.090000,E
100,'356,India,6517,Pre- and post-production,7179,Emissions Share (CO2eq) (AR5) (F-gases),1993,1993,%,60.830000,E
100,'356,India,6517,Pre- and post-production,7179,Emissions Share (CO2eq) (AR5) (F-gases),1994,1994,%,70.430000,E
100,'356,India,6517,Pre- and post-production,7179,Emissions Share (CO2eq) (AR5) (F-gases),1995,1995,%,84.230000,E
100,'356,India,6517,Pre- and post-production,7179,Emissions Share (CO2eq) (AR5) (F-gases),1996,1996,%,5.520000,E
100,'356,India,6517,Pre- and post-production,7179,Emissions Share (CO2eq) (AR5) (F-gases),1997,1997,%,7.280000,E
100,'356,India,6517,Pre- and post-production,7179,Emissions Share (CO2eq) (AR5) (F-gases),1998,1998,%,9.980000,E
100,'356,India,6517,Pre- and post-production,7179,Emissions Share (CO2eq) (AR5) (F-gases),1999,1999,%,12.810000,E
100,'356,India,6517,Pre- and post-production,7179,Emissions Share (CO2eq) (AR5) (F-gases),2000,2000,%,14.350000,E
100,'356,India,6517,Pre- and post-production,7179,Emissions Share (CO2eq) (AR5) (F-gases),2001,2001,%,20.910000,E
100,'356,India,6517,Pre- and post-production,7179,Emissions Share (CO2eq) (AR5) (F-gases),2002,2002,%,25.660000,E
100,'356,India,6517,Pre- and post-production,7179,Emissions Share (CO2eq) (AR5) (F-gases),2003,2003,%,27.620000,E
100,'356,India,6517,Pre- and post-production,7179,Emissions Share (CO2eq) (AR5) (F-gases),2004,2004,%,32.550000,E
100,'356,India,6517,Pre- and post-production,7179,Emissions Share (CO2eq) (AR5) (F-gases),2005,2005,%,48.190000,E
100,'356,India,6517,Pre- and post-production,7179,Emissions Share (CO2eq) (AR5) (F-gases),2006,2006,%,56.090000,E
100,'356,India,6517,Pre- and post-production,7179,Emissions Share (CO2eq) (AR5) (F-gases),2007,2007,%,58.510000,E
100,'356,India,6517,Pre- and post-production,7179,Emissions Share (CO2eq) (AR5) (F-gases),2008,2008,%,61.970000,E
100,'356,India,6517,Pre- and post-production,7179,Emissions Share (CO2eq) (AR5) (F-gases),2009,2009,%,64.420000,E
100,'356,India,6517,Pre- and post-production,7179,Emissions Share (CO2eq) (AR5) (F-gases),2010,2010,%,65.420000,E
100,'356,India,6517,Pre- and post-production,7179,Emissions Share (CO2eq) (AR5) (F-gases),2011,2011,%,66.420000,E
100,'356,India,6517,Pre- and post-production,7179,Emissions Share (CO2eq) (AR5) (F-gases),2012,2012,%,66.240000,E
100,'356,India,6517,Pre- and post-production,7179,Emissions Share (CO2eq) (AR5) (F-gases),2013,2013,%,66.620000,E
100,'356,India,6517,Pre- and post-production,7179,Emissions Share (CO2eq) (AR5) (F-gases),2014,2014,%,67.540000,E
100,'356,India,6517,Pre- and post-production,7179,Emissions Share (CO2eq) (AR5) (F-gases),2015,2015,%,67.720000,E
100,'356,India,6517,Pre- and post-production,7179,Emissions Share (CO2eq) (AR5) (F-gases),2016,2016,%,68.870000,E
100,'356,India,6517,Pre- and post-production,7179,Emissions Share (CO2eq) (AR5) (F-gases),2017,2017,%,67.690000,E
100,'356,India,6517,Pre- and post-production,7179,Emissions Share (CO2eq) (AR5) (F-gases),2018,2018,%,68.060000,E
100,'356,India,6517,Pre- and post-production,7179,Emissions Share (CO2eq) (AR5) (F-gases),2019,2019,%,68.150000,E
100,'356,India,6517,Pre- and post-production,7179,Emissions Share (CO2eq) (AR5) (F-gases),2020,2020,%,68.090000,E
100,'356,India,6517,Pre- and post-production,7179,Emissions Share (CO2eq) (AR5) (F-gases),2021,2021,%,68.240000,E
100,'356,India,6517,Pre- and post-production,7179,Emissions Share (CO2eq) (AR5) (F-gases),2022,2022,%,64.590000,E
100,'356,India,6517,Pre- and post-production,7179,Emissions Share (CO2eq) (AR5) (F-gases),2023,2023,%,61.390000,E
100,'356,India,6517,Pre- and post-production,7279,Emissions per capita,1990,1990,t CO2eq/cap,0.180000,E
100,'356,India,6517,Pre- and post-production,7279,Emissions per capita,1991,1991,t CO2eq/cap,0.180000,E
100,'356,India,6517,Pre- and post-production,7279,Emissions per capita,1992,1992,t CO2eq/cap,0.180000,E
100,'356,India,6517,Pre- and post-production,7279,Emissions per capita,1993,1993,t CO2eq/cap,0.180000,E
100,'356,India,6517,Pre- and post-production,7279,Emissions per capita,1994,1994,t CO2eq/cap,0.180000,E
100,'356,India,6517,Pre- and post-production,7279,Emissions per capita,1995,1995,t CO2eq/cap,0.180000,E
100,'356,India,6517,Pre- and post-production,7279,Emissions per capita,1996,1996,t CO2eq/cap,0.180000,E
100,'356,India,6517,Pre- and post-production,7279,Emissions per capita,1997,1997,t CO2eq/cap,0.180000,E
100,'356,India,6517,Pre- and post-production,7279,Emissions per capita,1998,1998,t CO2eq/cap,0.180000,E
100,'356,India,6517,Pre- and post-production,7279,Emissions per capita,1999,1999,t CO2eq/cap,0.180000,E
100,'356,India,6517,Pre- and post-production,7279,Emissions per capita,2000,2000,t CO2eq/cap,0.190000,E
100,'356,India,6517,Pre- and post-production,7279,Emissions per capita,2001,2001,t CO2eq/cap,0.190000,E
100,'356,India,6517,Pre- and post-production,7279,Emissions per capita,2002,2002,t CO2eq/cap,0.190000,E
100,'356,India,6517,Pre- and post-production,7279,Emissions per capita,2003,2003,t CO2eq/cap,0.200000,E
100,'356,India,6517,Pre- and post-production,7279,Emissions per capita,2004,2004,t CO2eq/cap,0.200000,E
100,'356,India,6517,Pre- and post-production,7279,Emissions per capita,2005,2005,t CO2eq/cap,0.190000,E
100,'356,India,6517,Pre- and post-production,7279,Emissions per capita,2006,2006,t CO2eq/cap,0.200000,E
100,'356,India,6517,Pre- and post-production,7279,Emissions per capita,2007,2007,t CO2eq/cap,0.190000,E
100,'356,India,6517,Pre- and post-production,7279,Emissions per capita,2008,2008,t CO2eq/cap,0.190000,E
100,'356,India,6517,Pre- and post-production,7279,Emissions per capita,2009,2009,t CO2eq/cap,0.200000,E
100,'356,India,6517,Pre- and post-production,7279,Emissions per capita,2010,2010,t CO2eq/cap,0.210000,E
100,'356,India,6517,Pre- and post-production,7279,Emissions per capita,2011,2011,t CO2eq/cap,0.210000,E
100,'356,India,6517,Pre- and post-production,7279,Emissions per capita,2012,2012,t CO2eq/cap,0.210000,E
100,'356,India,6517,Pre- and post-production,7279,Emissions per capita,2013,2013,t CO2eq/cap,0.250000,E
100,'356,India,6517,Pre- and post-production,7279,Emissions per capita,2014,2014,t CO2eq/cap,0.260000,E
100,'356,India,6517,Pre- and post-production,7279,Emissions per capita,2015,2015,t CO2eq/cap,0.260000,E
100,'356,India,6517,Pre- and post-production,7279,Emissions per capita,2016,2016,t CO2eq/cap,0.270000,E
100,'356,India,6517,Pre- and post-production,7279,Emissions per capita,2017,2017,t CO2eq/cap,0.240000,E
100,'356,India,6517,Pre- and post-production,7279,Emissions per capita,2018,2018,t CO2eq/cap,0.240000,E
100,'356,India,6517,Pre- and post-production,7279,Emissions per capita,2019,2019,t CO2eq/cap,0.250000,E
100,'356,India,6517,Pre- and post-production,7279,Emissions per capita,2020,2020,t CO2eq/cap,0.250000,E
100,'356,India,6517,Pre- and post-production,7279,Emissions per capita,2021,2021,t CO2eq/cap,0.250000,E
100,'356,India,6517,Pre- and post-production,7279,Emissions per capita,2022,2022,t CO2eq/cap,0.260000,E
100,'356,India,6517,Pre- and post-production,7279,Emissions per capita,2023,2023,t CO2eq/cap,0.260000,E
100,'356,India,6518,Agrifood systems,726313,Emissions Share (CO2eq) (AR5),1990,1990,%,65.720000,E
100,'356,India,6518,Agrifood systems,726313,Emissions Share (CO2eq) (AR5),1991,1991,%,64.480000,E
100,'356,India,6518,Agrifood systems,726313,Emissions Share (CO2eq) (AR5),1992,1992,%,63.360000,E
100,'356,India,6518,Agrifood systems,726313,Emissions Share (CO2eq) (AR5),1993,1993,%,63.190000,E
100,'356,India,6518,Agrifood systems,726313,Emissions Share (CO2eq) (AR5),1994,1994,%,61.970000,E
100,'356,India,6518,Agrifood systems,726313,Emissions Share (CO2eq) (AR5),1995,1995,%,60.730000,E
100,'356,India,6518,Agrifood systems,726313,Emissions Share (CO2eq) (AR5),1996,1996,%,58.350000,E
100,'356,India,6518,Agrifood systems,726313,Emissions Share (CO2eq) (AR5),1997,1997,%,57.540000,E
100,'356,India,6518,Agrifood systems,726313,Emissions Share (CO2eq) (AR5),1998,1998,%,57.350000,E
100,'356,India,6518,Agrifood systems,726313,Emissions Share (CO2eq) (AR5),1999,1999,%,55.210000,E
100,'356,India,6518,Agrifood systems,726313,Emissions Share (CO2eq) (AR5),2000,2000,%,54.210000,E
100,'356,India,6518,Agrifood systems,726313,Emissions Share (CO2eq) (AR5),2001,2001,%,48.040000,E
100,'356,India,6518,Agrifood systems,726313,Emissions Share (CO2eq) (AR5),2002,2002,%,47.860000,E
100,'356,India,6518,Agrifood systems,726313,Emissions Share (CO2eq) (AR5),2003,2003,%,47.230000,E
100,'356,India,6518,Agrifood systems,726313,Emissions Share (CO2eq) (AR5),2004,2004,%,46.290000,E
100,'356,India,6518,Agrifood systems,726313,Emissions Share (CO2eq) (AR5),2005,2005,%,44.990000,E
100,'356,India,6518,Agrifood systems,726313,Emissions Share (CO2eq) (AR5),2006,2006,%,45.610000,E
100,'356,India,6518,Agrifood systems,726313,Emissions Share (CO2eq) (AR5),2007,2007,%,43.230000,E
100,'356,India,6518,Agrifood systems,726313,Emissions Share (CO2eq) (AR5),2008,2008,%,41.670000,E
100,'356,India,6518,Agrifood systems,726313,Emissions Share (CO2eq) (AR5),2009,2009,%,39.560000,E
100,'356,India,6518,Agrifood systems,726313,Emissions Share (CO2eq) (AR5),2010,2010,%,40.100000,E
100,'356,India,6518,Agrifood systems,726313,Emissions Share (CO2eq) (AR5),2011,2011,%,39.750000,E
100,'356,India,6518,Agrifood systems,726313,Emissions Share (CO2eq) (AR5),2012,2012,%,37.630000,E
100,'356,India,6518,Agrifood systems,726313,Emissions Share (CO2eq) (AR5),2013,2013,%,40.880000,E
100,'356,India,6518,Agrifood systems,726313,Emissions Share (CO2eq) (AR5),2014,2014,%,38.820000,E
100,'356,India,6518,Agrifood systems,726313,Emissions Share (CO2eq) (AR5),2015,2015,%,37.000000,E
100,'356,India,6518,Agrifood systems,726313,Emissions Share (CO2eq) (AR5),2016,2016,%,38.020000,E
100,'356,India,6518,Agrifood systems,726313,Emissions Share (CO2eq) (AR5),2017,2017,%,36.150000,E
100,'356,India,6518,Agrifood systems,726313,Emissions Share (CO2eq) (AR5),2018,2018,%,35.310000,E
100,'356,India,6518,Agrifood systems,726313,Emissions Share (CO2eq) (AR5),2019,2019,%,35.360000,E
100,'356,India,6518,Agrifood systems,726313,Emissions Share (CO2eq) (AR5),2020,2020,%,38.260000,E
100,'356,India,6518,Agrifood systems,726313,Emissions Share (CO2eq) (AR5),2021,2021,%,36.370000,E
100,'356,India,6518,Agrifood systems,726313,Emissions Share (CO2eq) (AR5),2022,2022,%,35.310000,E
100,'356,India,6518,Agrifood systems,726313,Emissions Share (CO2eq) (AR5),2023,2023,%,33.150000,E
100,'356,India,6518,Agrifood systems,7264,Emissions Share (CO2),1990,1990,%,16.410000,E
100,'356,India,6518,Agrifood systems,7264,Emissions Share (CO2),1991,1991,%,16.980000,E
100,'356,India,6518,Agrifood systems,7264,Emissions Share (CO2),1992,1992,%,17.110000,E
100,'356,India,6518,Agrifood systems,7264,Emissions Share (CO2),1993,1993,%,18.140000,E
100,'356,India,6518,Agrifood systems,7264,Emissions Share (CO2),1994,1994,%,17.990000,E
100,'356,India,6518,Agrifood systems,7264,Emissions Share (CO2),1995,1995,%,18.400000,E
100,'356,India,6518,Agrifood systems,7264,Emissions Share (CO2),1996,1996,%,17.350000,E
100,'356,India,6518,Agrifood systems,7264,Emissions Share (CO2),1997,1997,%,17.580000,E
100,'356,India,6518,Agrifood systems,7264,Emissions Share (CO2),1998,1998,%,17.770000,E
100,'356,India,6518,Agrifood systems,7264,Emissions Share (CO2),1999,1999,%,16.300000,E
100,'356,India,6518,Agrifood systems,7264,Emissions Share (CO2),2000,2000,%,15.910000,E
100,'356,India,6518,Agrifood systems,7264,Emissions Share (CO2),2001,2001,%,12.530000,E
100,'356,India,6518,Agrifood systems,7264,Emissions Share (CO2),2002,2002,%,13.440000,E
100,'356,India,6518,Agrifood systems,7264,Emissions Share (CO2),2003,2003,%,13.540000,E
100,'356,India,6518,Agrifood systems,7264,Emissions Share (CO2),2004,2004,%,13.510000,E
100,'356,India,6518,Agrifood systems,7264,Emissions Share (CO2),2005,2005,%,12.020000,E
100,'356,India,6518,Agrifood systems,7264,Emissions Share (CO2),2006,2006,%,14.110000,E
100,'356,India,6518,Agrifood systems,7264,Emissions Share (CO2),2007,2007,%,11.890000,E
100,'356,India,6518,Agrifood systems,7264,Emissions Share (CO2),2008,2008,%,11.660000,E
100,'356,India,6518,Agrifood systems,7264,Emissions Share (CO2),2009,2009,%,11.690000,E
100,'356,India,6518,Agrifood systems,7264,Emissions Share (CO2),2010,2010,%,12.340000,E
100,'356,India,6518,Agrifood systems,7264,Emissions Share (CO2),2011,2011,%,12.110000,E
100,'356,India,6518,Agrifood systems,7264,Emissions Share (CO2),2012,2012,%,11.710000,E
100,'356,India,6518,Agrifood systems,7264,Emissions Share (CO2),2013,2013,%,16.020000,E
100,'356,India,6518,Agrifood systems,7264,Emissions Share (CO2),2014,2014,%,15.270000,E
100,'356,India,6518,Agrifood systems,7264,Emissions Share (CO2),2015,2015,%,13.760000,E
100,'356,India,6518,Agrifood systems,7264,Emissions Share (CO2),2016,2016,%,15.020000,E
100,'356,India,6518,Agrifood systems,7264,Emissions Share (CO2),2017,2017,%,13.260000,E
100,'356,India,6518,Agrifood systems,7264,Emissions Share (CO2),2018,2018,%,13.010000,E
100,'356,India,6518,Agrifood systems,7264,Emissions Share (CO2),2019,2019,%,13.430000,E
100,'356,India,6518,Agrifood systems,7264,Emissions Share (CO2),2020,2020,%,14.430000,E
100,'356,India,6518,Agrifood systems,7264,Emissions Share (CO2),2021,2021,%,13.990000,E
100,'356,India,6518,Agrifood systems,7264,Emissions Share (CO2),2022,2022,%,13.780000,E
100,'356,India,6518,Agrifood systems,7264,Emissions Share (CO2),2023,2023,%,12.590000,E
100,'356,India,6518,Agrifood systems,7265,Emissions Share (CH4),1990,1990,%,94.450000,E
100,'356,India,6518,Agrifood systems,7265,Emissions Share (CH4),1991,1991,%,94.490000,E
100,'356,India,6518,Agrifood systems,7265,Emissions Share (CH4),1992,1992,%,94.620000,E
100,'356,India,6518,Agrifood systems,7265,Emissions Share (CH4),1993,1993,%,95.660000,E
100,'356,India,6518,Agrifood systems,7265,Emissions Share (CH4),1994,1994,%,95.720000,E
100,'356,India,6518,Agrifood systems,7265,Emissions Share (CH4),1995,1995,%,95.290000,E
100,'356,India,6518,Agrifood systems,7265,Emissions Share (CH4),1996,1996,%,95.360000,E
100,'356,India,6518,Agrifood systems,7265,Emissions Share (CH4),1997,1997,%,94.750000,E
100,'356,India,6518,Agrifood systems,7265,Emissions Share (CH4),1998,1998,%,95.130000,E
100,'356,India,6518,Agrifood systems,7265,Emissions Share (CH4),1999,1999,%,94.790000,E
100,'356,India,6518,Agrifood systems,7265,Emissions Share (CH4),2000,2000,%,94.770000,E
100,'356,India,6518,Agrifood systems,7265,Emissions Share (CH4),2001,2001,%,94.690000,E
100,'356,India,6518,Agrifood systems,7265,Emissions Share (CH4),2002,2002,%,94.380000,E
100,'356,India,6518,Agrifood systems,7265,Emissions Share (CH4),2003,2003,%,93.770000,E
100,'356,India,6518,Agrifood systems,7265,Emissions Share (CH4),2004,2004,%,93.140000,E
100,'356,India,6518,Agrifood systems,7265,Emissions Share (CH4),2005,2005,%,93.010000,E
100,'356,India,6518,Agrifood systems,7265,Emissions Share (CH4),2006,2006,%,92.780000,E
100,'356,India,6518,Agrifood systems,7265,Emissions Share (CH4),2007,2007,%,92.240000,E
100,'356,India,6518,Agrifood systems,7265,Emissions Share (CH4),2008,2008,%,91.520000,E
100,'356,India,6518,Agrifood systems,7265,Emissions Share (CH4),2009,2009,%,90.220000,E
100,'356,India,6518,Agrifood systems,7265,Emissions Share (CH4),2010,2010,%,90.270000,E
100,'356,India,6518,Agrifood systems,7265,Emissions Share (CH4),2011,2011,%,89.780000,E
100,'356,India,6518,Agrifood systems,7265,Emissions Share (CH4),2012,2012,%,88.950000,E
100,'356,India,6518,Agrifood systems,7265,Emissions Share (CH4),2013,2013,%,92.640000,E
100,'356,India,6518,Agrifood systems,7265,Emissions Share (CH4),2014,2014,%,92.010000,E
100,'356,India,6518,Agrifood systems,7265,Emissions Share (CH4),2015,2015,%,91.460000,E
100,'356,India,6518,Agrifood systems,7265,Emissions Share (CH4),2016,2016,%,91.320000,E
100,'356,India,6518,Agrifood systems,7265,Emissions Share (CH4),2017,2017,%,91.040000,E
100,'356,India,6518,Agrifood systems,7265,Emissions Share (CH4),2018,2018,%,90.280000,E
100,'356,India,6518,Agrifood systems,7265,Emissions Share (CH4),2019,2019,%,90.680000,E
100,'356,India,6518,Agrifood systems,7265,Emissions Share (CH4),2020,2020,%,91.260000,E
100,'356,India,6518,Agrifood systems,7265,Emissions Share (CH4),2021,2021,%,89.720000,E
100,'356,India,6518,Agrifood systems,7265,Emissions Share (CH4),2022,2022,%,88.900000,E
100,'356,India,6518,Agrifood systems,7265,Emissions Share (CH4),2023,2023,%,88.060000,E
100,'356,India,6518,Agrifood systems,7266,Emissions Share (N2O),1990,1990,%,83.940000,E
100,'356,India,6518,Agrifood systems,7266,Emissions Share (N2O),1991,1991,%,83.850000,E
100,'356,India,6518,Agrifood systems,7266,Emissions Share (N2O),1992,1992,%,83.870000,E
100,'356,India,6518,Agrifood systems,7266,Emissions Share (N2O),1993,1993,%,83.660000,E
100,'356,India,6518,Agrifood systems,7266,Emissions Share (N2O),1994,1994,%,83.720000,E
100,'356,India,6518,Agrifood systems,7266,Emissions Share (N2O),1995,1995,%,83.530000,E
100,'356,India,6518,Agrifood systems,7266,Emissions Share (N2O),1996,1996,%,84.040000,E
100,'356,India,6518,Agrifood systems,7266,Emissions Share (N2O),1997,1997,%,84.230000,E
100,'356,India,6518,Agrifood systems,7266,Emissions Share (N2O),1998,1998,%,84.140000,E
100,'356,India,6518,Agrifood systems,7266,Emissions Share (N2O),1999,1999,%,83.610000,E
100,'356,India,6518,Agrifood systems,7266,Emissions Share (N2O),2000,2000,%,83.200000,E
100,'356,India,6518,Agrifood systems,7266,Emissions Share (N2O),2001,2001,%,83.550000,E
100,'356,India,6518,Agrifood systems,7266,Emissions Share (N2O),2002,2002,%,82.940000,E
100,'356,India,6518,Agrifood systems,7266,Emissions Share (N2O),2003,2003,%,82.950000,E
100,'356,India,6518,Agrifood systems,7266,Emissions Share (N2O),2004,2004,%,82.470000,E
100,'356,India,6518,Agrifood systems,7266,Emissions Share (N2O),2005,2005,%,83.020000,E
100,'356,India,6518,Agrifood systems,7266,Emissions Share (N2O),2006,2006,%,84.190000,E
100,'356,India,6518,Agrifood systems,7266,Emissions Share (N2O),2007,2007,%,81.870000,E
100,'356,India,6518,Agrifood systems,7266,Emissions Share (N2O),2008,2008,%,81.860000,E
100,'356,India,6518,Agrifood systems,7266,Emissions Share (N2O),2009,2009,%,80.030000,E
100,'356,India,6518,Agrifood systems,7266,Emissions Share (N2O),2010,2010,%,80.500000,E
100,'356,India,6518,Agrifood systems,7266,Emissions Share (N2O),2011,2011,%,80.260000,E
100,'356,India,6518,Agrifood systems,7266,Emissions Share (N2O),2012,2012,%,77.750000,E
100,'356,India,6518,Agrifood systems,7266,Emissions Share (N2O),2013,2013,%,79.110000,E
100,'356,India,6518,Agrifood systems,7266,Emissions Share (N2O),2014,2014,%,78.770000,E
100,'356,India,6518,Agrifood systems,7266,Emissions Share (N2O),2015,2015,%,77.750000,E
100,'356,India,6518,Agrifood systems,7266,Emissions Share (N2O),2016,2016,%,77.560000,E
100,'356,India,6518,Agrifood systems,7266,Emissions Share (N2O),2017,2017,%,76.770000,E
100,'356,India,6518,Agrifood systems,7266,Emissions Share (N2O),2018,2018,%,76.470000,E
100,'356,India,6518,Agrifood systems,7266,Emissions Share (N2O),2019,2019,%,77.690000,E
100,'356,India,6518,Agrifood systems,7266,Emissions Share (N2O),2020,2020,%,80.000000,E
100,'356,India,6518,Agrifood systems,7266,Emissions Share (N2O),2021,2021,%,77.520000,E
100,'356,India,6518,Agrifood systems,7266,Emissions Share (N2O),2022,2022,%,77.470000,E
100,'356,India,6518,Agrifood systems,7266,Emissions Share (N2O),2023,2023,%,76.980000,E
100,'356,India,6518,Agrifood systems,7179,Emissions Share (CO2eq) (AR5) (F-gases),1990,1990,%,92.260000,E
100,'356,India,6518,Agrifood systems,7179,Emissions Share (CO2eq) (AR5) (F-gases),1991,1991,%,91.550000,E
100,'356,India,6518,Agrifood systems,7179,Emissions Share (CO2eq) (AR5) (F-gases),1992,1992,%,98.090000,E
100,'356,India,6518,Agrifood systems,7179,Emissions Share (CO2eq) (AR5) (F-gases),1993,1993,%,60.830000,E
100,'356,India,6518,Agrifood systems,7179,Emissions Share (CO2eq) (AR5) (F-gases),1994,1994,%,70.430000,E
100,'356,India,6518,Agrifood systems,7179,Emissions Share (CO2eq) (AR5) (F-gases),1995,1995,%,84.230000,E
100,'356,India,6518,Agrifood systems,7179,Emissions Share (CO2eq) (AR5) (F-gases),1996,1996,%,5.520000,E
100,'356,India,6518,Agrifood systems,7179,Emissions Share (CO2eq) (AR5) (F-gases),1997,1997,%,7.280000,E
100,'356,India,6518,Agrifood systems,7179,Emissions Share (CO2eq) (AR5) (F-gases),1998,1998,%,9.980000,E
100,'356,India,6518,Agrifood systems,7179,Emissions Share (CO2eq) (AR5) (F-gases),1999,1999,%,12.810000,E
100,'356,India,6518,Agrifood systems,7179,Emissions Share (CO2eq) (AR5) (F-gases),2000,2000,%,14.350000,E
100,'356,India,6518,Agrifood systems,7179,Emissions Share (CO2eq) (AR5) (F-gases),2001,2001,%,20.910000,E
100,'356,India,6518,Agrifood systems,7179,Emissions Share (CO2eq) (AR5) (F-gases),2002,2002,%,25.660000,E
100,'356,India,6518,Agrifood systems,7179,Emissions Share (CO2eq) (AR5) (F-gases),2003,2003,%,27.620000,E
100,'356,India,6518,Agrifood systems,7179,Emissions Share (CO2eq) (AR5) (F-gases),2004,2004,%,32.550000,E
100,'356,India,6518,Agrifood systems,7179,Emissions Share (CO2eq) (AR5) (F-gases),2005,2005,%,48.190000,E
100,'356,India,6518,Agrifood systems,7179,Emissions Share (CO2eq) (AR5) (F-gases),2006,2006,%,56.090000,E
100,'356,India,6518,Agrifood systems,7179,Emissions Share (CO2eq) (AR5) (F-gases),2007,2007,%,58.510000,E
100,'356,India,6518,Agrifood systems,7179,Emissions Share (CO2eq) (AR5) (F-gases),2008,2008,%,61.970000,E
100,'356,India,6518,Agrifood systems,7179,Emissions Share (CO2eq) (AR5) (F-gases),2009,2009,%,64.420000,E
100,'356,India,6518,Agrifood systems,7179,Emissions Share (CO2eq) (AR5) (F-gases),2010,2010,%,65.420000,E
100,'356,India,6518,Agrifood systems,7179,Emissions Share (CO2eq) (AR5) (F-gases),2011,2011,%,66.420000,E
100,'356,India,6518,Agrifood systems,7179,Emissions Share (CO2eq) (AR5) (F-gases),2012,2012,%,66.240000,E
100,'356,India,6518,Agrifood systems,7179,Emissions Share (CO2eq) (AR5) (F-gases),2013,2013,%,66.620000,E
100,'356,India,6518,Agrifood systems,7179,Emissions Share (CO2eq) (AR5) (F-gases),2014,2014,%,67.540000,E
100,'356,India,6518,Agrifood systems,7179,Emissions Share (CO2eq) (AR5) (F-gases),2015,2015,%,67.720000,E
100,'356,India,6518,Agrifood systems,7179,Emissions Share (CO2eq) (AR5) (F-gases),2016,2016,%,68.870000,E
100,'356,India,6518,Agrifood systems,7179,Emissions Share (CO2eq) (AR5) (F-gases),2017,2017,%,67.690000,E
100,'356,India,6518,Agrifood systems,7179,Emissions Share (CO2eq) (AR5) (F-gases),2018,2018,%,68.060000,E
100,'356,India,6518,Agrifood systems,7179,Emissions Share (CO2eq) (AR5) (F-gases),2019,2019,%,68.150000,E
100,'356,India,6518,Agrifood systems,7179,Emissions Share (CO2eq) (AR5) (F-gases),2020,2020,%,68.090000,E
100,'356,India,6518,Agrifood systems,7179,Emissions Share (CO2eq) (AR5) (F-gases),2021,2021,%,68.240000,E
100,'356,India,6518,Agrifood systems,7179,Emissions Share (CO2eq) (AR5) (F-gases),2022,2022,%,64.590000,E
100,'356,India,6518,Agrifood systems,7179,Emissions Share (CO2eq) (AR5) (F-gases),2023,2023,%,61.390000,E
100,'356,India,6518,Agrifood systems,7279,Emissions per capita,1990,1990,t CO2eq/cap,0.930000,E
100,'356,India,6518,Agrifood systems,7279,Emissions per capita,1991,1991,t CO2eq/cap,0.940000,E
100,'356,India,6518,Agrifood systems,7279,Emissions per capita,1992,1992,t CO2eq/cap,0.940000,E
100,'356,India,6518,Agrifood systems,7279,Emissions per capita,1993,1993,t CO2eq/cap,0.930000,E
100,'356,India,6518,Agrifood systems,7279,Emissions per capita,1994,1994,t CO2eq/cap,0.930000,E
100,'356,India,6518,Agrifood systems,7279,Emissions per capita,1995,1995,t CO2eq/cap,0.940000,E
100,'356,India,6518,Agrifood systems,7279,Emissions per capita,1996,1996,t CO2eq/cap,0.930000,E
100,'356,India,6518,Agrifood systems,7279,Emissions per capita,1997,1997,t CO2eq/cap,0.920000,E
100,'356,India,6518,Agrifood systems,7279,Emissions per capita,1998,1998,t CO2eq/cap,0.920000,E
100,'356,India,6518,Agrifood systems,7279,Emissions per capita,1999,1999,t CO2eq/cap,0.910000,E
100,'356,India,6518,Agrifood systems,7279,Emissions per capita,2000,2000,t CO2eq/cap,0.890000,E
100,'356,India,6518,Agrifood systems,7279,Emissions per capita,2001,2001,t CO2eq/cap,0.880000,E
100,'356,India,6518,Agrifood systems,7279,Emissions per capita,2002,2002,t CO2eq/cap,0.860000,E
100,'356,India,6518,Agrifood systems,7279,Emissions per capita,2003,2003,t CO2eq/cap,0.870000,E
100,'356,India,6518,Agrifood systems,7279,Emissions per capita,2004,2004,t CO2eq/cap,0.870000,E
100,'356,India,6518,Agrifood systems,7279,Emissions per capita,2005,2005,t CO2eq/cap,0.860000,E
100,'356,India,6518,Agrifood systems,7279,Emissions per capita,2006,2006,t CO2eq/cap,0.900000,E
100,'356,India,6518,Agrifood systems,7279,Emissions per capita,2007,2007,t CO2eq/cap,0.890000,E
100,'356,India,6518,Agrifood systems,7279,Emissions per capita,2008,2008,t CO2eq/cap,0.890000,E
100,'356,India,6518,Agrifood systems,7279,Emissions per capita,2009,2009,t CO2eq/cap,0.900000,E
100,'356,India,6518,Agrifood systems,7279,Emissions per capita,2010,2010,t CO2eq/cap,0.910000,E
100,'356,India,6518,Agrifood systems,7279,Emissions per capita,2011,2011,t CO2eq/cap,0.900000,E
100,'356,India,6518,Agrifood systems,7279,Emissions per capita,2012,2012,t CO2eq/cap,0.900000,E
100,'356,India,6518,Agrifood systems,7279,Emissions per capita,2013,2013,t CO2eq/cap,0.970000,E
100,'356,India,6518,Agrifood systems,7279,Emissions per capita,2014,2014,t CO2eq/cap,0.970000,E
100,'356,India,6518,Agrifood systems,7279,Emissions per capita,2015,2015,t CO2eq/cap,0.950000,E
100,'356,India,6518,Agrifood systems,7279,Emissions per capita,2016,2016,t CO2eq/cap,0.960000,E
100,'356,India,6518,Agrifood systems,7279,Emissions per capita,2017,2017,t CO2eq/cap,0.940000,E
100,'356,India,6518,Agrifood systems,7279,Emissions per capita,2018,2018,t CO2eq/cap,0.950000,E
100,'356,India,6518,Agrifood systems,7279,Emissions per capita,2019,2019,t CO2eq/cap,0.960000,E
100,'356,India,6518,Agrifood systems,7279,Emissions per capita,2020,2020,t CO2eq/cap,0.960000,E
100,'356,India,6518,Agrifood systems,7279,Emissions per capita,2021,2021,t CO2eq/cap,0.970000,E
100,'356,India,6518,Agrifood systems,7279,Emissions per capita,2022,2022,t CO2eq/cap,0.990000,E
100,'356,India,6518,Agrifood systems,7279,Emissions per capita,2023,2023,t CO2eq/cap,0.980000,E
100,'356,India,6995,Emissions on agricultural land,726313,Emissions Share (CO2eq) (AR5),1990,1990,%,53.140000,E
100,'356,India,6995,Emissions on agricultural land,726313,Emissions Share (CO2eq) (AR5),1991,1991,%,52.010000,E
100,'356,India,6995,Emissions on agricultural land,726313,Emissions Share (CO2eq) (AR5),1992,1992,%,50.990000,E
100,'356,India,6995,Emissions on agricultural land,726313,Emissions Share (CO2eq) (AR5),1993,1993,%,51.050000,E
100,'356,India,6995,Emissions on agricultural land,726313,Emissions Share (CO2eq) (AR5),1994,1994,%,49.980000,E
100,'356,India,6995,Emissions on agricultural land,726313,Emissions Share (CO2eq) (AR5),1995,1995,%,48.880000,E
100,'356,India,6995,Emissions on agricultural land,726313,Emissions Share (CO2eq) (AR5),1996,1996,%,47.000000,E
100,'356,India,6995,Emissions on agricultural land,726313,Emissions Share (CO2eq) (AR5),1997,1997,%,46.190000,E
100,'356,India,6995,Emissions on agricultural land,726313,Emissions Share (CO2eq) (AR5),1998,1998,%,46.000000,E
100,'356,India,6995,Emissions on agricultural land,726313,Emissions Share (CO2eq) (AR5),1999,1999,%,43.980000,E
100,'356,India,6995,Emissions on agricultural land,726313,Emissions Share (CO2eq) (AR5),2000,2000,%,42.870000,E
100,'356,India,6995,Emissions on agricultural land,726313,Emissions Share (CO2eq) (AR5),2001,2001,%,37.860000,E
100,'356,India,6995,Emissions on agricultural land,726313,Emissions Share (CO2eq) (AR5),2002,2002,%,37.060000,E
100,'356,India,6995,Emissions on agricultural land,726313,Emissions Share (CO2eq) (AR5),2003,2003,%,36.540000,E
100,'356,India,6995,Emissions on agricultural land,726313,Emissions Share (CO2eq) (AR5),2004,2004,%,35.790000,E
100,'356,India,6995,Emissions on agricultural land,726313,Emissions Share (CO2eq) (AR5),2005,2005,%,34.920000,E
100,'356,India,6995,Emissions on agricultural land,726313,Emissions Share (CO2eq) (AR5),2006,2006,%,35.600000,E
100,'356,India,6995,Emissions on agricultural land,726313,Emissions Share (CO2eq) (AR5),2007,2007,%,33.790000,E
100,'356,India,6995,Emissions on agricultural land,726313,Emissions Share (CO2eq) (AR5),2008,2008,%,32.640000,E
100,'356,India,6995,Emissions on agricultural land,726313,Emissions Share (CO2eq) (AR5),2009,2009,%,30.590000,E
100,'356,India,6995,Emissions on agricultural land,726313,Emissions Share (CO2eq) (AR5),2010,2010,%,30.870000,E
100,'356,India,6995,Emissions on agricultural land,726313,Emissions Share (CO2eq) (AR5),2011,2011,%,30.400000,E
100,'356,India,6995,Emissions on agricultural land,726313,Emissions Share (CO2eq) (AR5),2012,2012,%,28.660000,E
100,'356,India,6995,Emissions on agricultural land,726313,Emissions Share (CO2eq) (AR5),2013,2013,%,30.280000,E
100,'356,India,6995,Emissions on agricultural land,726313,Emissions Share (CO2eq) (AR5),2014,2014,%,28.550000,E
100,'356,India,6995,Emissions on agricultural land,726313,Emissions Share (CO2eq) (AR5),2015,2015,%,26.870000,E
100,'356,India,6995,Emissions on agricultural land,726313,Emissions Share (CO2eq) (AR5),2016,2016,%,27.550000,E
100,'356,India,6995,Emissions on agricultural land,726313,Emissions Share (CO2eq) (AR5),2017,2017,%,26.930000,E
100,'356,India,6995,Emissions on agricultural land,726313,Emissions Share (CO2eq) (AR5),2018,2018,%,26.190000,E
100,'356,India,6995,Emissions on agricultural land,726313,Emissions Share (CO2eq) (AR5),2019,2019,%,26.280000,E
100,'356,India,6995,Emissions on agricultural land,726313,Emissions Share (CO2eq) (AR5),2020,2020,%,28.460000,E
100,'356,India,6995,Emissions on agricultural land,726313,Emissions Share (CO2eq) (AR5),2021,2021,%,26.900000,E
100,'356,India,6995,Emissions on agricultural land,726313,Emissions Share (CO2eq) (AR5),2022,2022,%,26.070000,E
100,'356,India,6995,Emissions on agricultural land,726313,Emissions Share (CO2eq) (AR5),2023,2023,%,24.520000,E
100,'356,India,6995,Emissions on agricultural land,7264,Emissions Share (CO2),1990,1990,%,10.830000,E
100,'356,India,6995,Emissions on agricultural land,7264,Emissions Share (CO2),1991,1991,%,11.440000,E
100,'356,India,6995,Emissions on agricultural land,7264,Emissions Share (CO2),1992,1992,%,11.670000,E
100,'356,India,6995,Emissions on agricultural land,7264,Emissions Share (CO2),1993,1993,%,12.630000,E
100,'356,India,6995,Emissions on agricultural land,7264,Emissions Share (CO2),1994,1994,%,12.550000,E
100,'356,India,6995,Emissions on agricultural land,7264,Emissions Share (CO2),1995,1995,%,13.080000,E
100,'356,India,6995,Emissions on agricultural land,7264,Emissions Share (CO2),1996,1996,%,11.930000,E
100,'356,India,6995,Emissions on agricultural land,7264,Emissions Share (CO2),1997,1997,%,11.910000,E
100,'356,India,6995,Emissions on agricultural land,7264,Emissions Share (CO2),1998,1998,%,12.050000,E
100,'356,India,6995,Emissions on agricultural land,7264,Emissions Share (CO2),1999,1999,%,10.520000,E
100,'356,India,6995,Emissions on agricultural land,7264,Emissions Share (CO2),2000,2000,%,9.990000,E
100,'356,India,6995,Emissions on agricultural land,7264,Emissions Share (CO2),2001,2001,%,7.670000,E
100,'356,India,6995,Emissions on agricultural land,7264,Emissions Share (CO2),2002,2002,%,7.700000,E
100,'356,India,6995,Emissions on agricultural land,7264,Emissions Share (CO2),2003,2003,%,7.750000,E
100,'356,India,6995,Emissions on agricultural land,7264,Emissions Share (CO2),2004,2004,%,7.740000,E
100,'356,India,6995,Emissions on agricultural land,7264,Emissions Share (CO2),2005,2005,%,6.740000,E
100,'356,India,6995,Emissions on agricultural land,7264,Emissions Share (CO2),2006,2006,%,8.710000,E
100,'356,India,6995,Emissions on agricultural land,7264,Emissions Share (CO2),2007,2007,%,7.170000,E
100,'356,India,6995,Emissions on agricultural land,7264,Emissions Share (CO2),2008,2008,%,7.340000,E
100,'356,India,6995,Emissions on agricultural land,7264,Emissions Share (CO2),2009,2009,%,7.120000,E
100,'356,India,6995,Emissions on agricultural land,7264,Emissions Share (CO2),2010,2010,%,7.470000,E
100,'356,India,6995,Emissions on agricultural land,7264,Emissions Share (CO2),2011,2011,%,7.080000,E
100,'356,India,6995,Emissions on agricultural land,7264,Emissions Share (CO2),2012,2012,%,6.990000,E
100,'356,India,6995,Emissions on agricultural land,7264,Emissions Share (CO2),2013,2013,%,9.050000,E
100,'356,India,6995,Emissions on agricultural land,7264,Emissions Share (CO2),2014,2014,%,8.570000,E
100,'356,India,6995,Emissions on agricultural land,7264,Emissions Share (CO2),2015,2015,%,7.160000,E
100,'356,India,6995,Emissions on agricultural land,7264,Emissions Share (CO2),2016,2016,%,8.050000,E
100,'356,India,6995,Emissions on agricultural land,7264,Emissions Share (CO2),2017,2017,%,8.000000,E
100,'356,India,6995,Emissions on agricultural land,7264,Emissions Share (CO2),2018,2018,%,7.760000,E
100,'356,India,6995,Emissions on agricultural land,7264,Emissions Share (CO2),2019,2019,%,8.210000,E
100,'356,India,6995,Emissions on agricultural land,7264,Emissions Share (CO2),2020,2020,%,8.660000,E
100,'356,India,6995,Emissions on agricultural land,7264,Emissions Share (CO2),2021,2021,%,8.350000,E
100,'356,India,6995,Emissions on agricultural land,7264,Emissions Share (CO2),2022,2022,%,8.190000,E
100,'356,India,6995,Emissions on agricultural land,7264,Emissions Share (CO2),2023,2023,%,7.490000,E
100,'356,India,6995,Emissions on agricultural land,7265,Emissions Share (CH4),1990,1990,%,75.990000,E
100,'356,India,6995,Emissions on agricultural land,7265,Emissions Share (CH4),1991,1991,%,75.790000,E
100,'356,India,6995,Emissions on agricultural land,7265,Emissions Share (CH4),1992,1992,%,75.660000,E
100,'356,India,6995,Emissions on agricultural land,7265,Emissions Share (CH4),1993,1993,%,76.370000,E
100,'356,India,6995,Emissions on agricultural land,7265,Emissions Share (CH4),1994,1994,%,76.260000,E
100,'356,India,6995,Emissions on agricultural land,7265,Emissions Share (CH4),1995,1995,%,75.650000,E
100,'356,India,6995,Emissions on agricultural land,7265,Emissions Share (CH4),1996,1996,%,75.600000,E
100,'356,India,6995,Emissions on agricultural land,7265,Emissions Share (CH4),1997,1997,%,74.980000,E
100,'356,India,6995,Emissions on agricultural land,7265,Emissions Share (CH4),1998,1998,%,75.260000,E
100,'356,India,6995,Emissions on agricultural land,7265,Emissions Share (CH4),1999,1999,%,74.860000,E
100,'356,India,6995,Emissions on agricultural land,7265,Emissions Share (CH4),2000,2000,%,74.610000,E
100,'356,India,6995,Emissions on agricultural land,7265,Emissions Share (CH4),2001,2001,%,74.450000,E
100,'356,India,6995,Emissions on agricultural land,7265,Emissions Share (CH4),2002,2002,%,73.740000,E
100,'356,India,6995,Emissions on agricultural land,7265,Emissions Share (CH4),2003,2003,%,73.320000,E
100,'356,India,6995,Emissions on agricultural land,7265,Emissions Share (CH4),2004,2004,%,72.910000,E
100,'356,India,6995,Emissions on agricultural land,7265,Emissions Share (CH4),2005,2005,%,73.020000,E
100,'356,India,6995,Emissions on agricultural land,7265,Emissions Share (CH4),2006,2006,%,72.950000,E
100,'356,India,6995,Emissions on agricultural land,7265,Emissions Share (CH4),2007,2007,%,72.640000,E
100,'356,India,6995,Emissions on agricultural land,7265,Emissions Share (CH4),2008,2008,%,72.120000,E
100,'356,India,6995,Emissions on agricultural land,7265,Emissions Share (CH4),2009,2009,%,70.780000,E
100,'356,India,6995,Emissions on agricultural land,7265,Emissions Share (CH4),2010,2010,%,70.780000,E
100,'356,India,6995,Emissions on agricultural land,7265,Emissions Share (CH4),2011,2011,%,70.320000,E
100,'356,India,6995,Emissions on agricultural land,7265,Emissions Share (CH4),2012,2012,%,69.480000,E
100,'356,India,6995,Emissions on agricultural land,7265,Emissions Share (CH4),2013,2013,%,72.420000,E
100,'356,India,6995,Emissions on agricultural land,7265,Emissions Share (CH4),2014,2014,%,71.870000,E
100,'356,India,6995,Emissions on agricultural land,7265,Emissions Share (CH4),2015,2015,%,71.450000,E
100,'356,India,6995,Emissions on agricultural land,7265,Emissions Share (CH4),2016,2016,%,71.410000,E
100,'356,India,6995,Emissions on agricultural land,7265,Emissions Share (CH4),2017,2017,%,71.170000,E
100,'356,India,6995,Emissions on agricultural land,7265,Emissions Share (CH4),2018,2018,%,70.590000,E
100,'356,India,6995,Emissions on agricultural land,7265,Emissions Share (CH4),2019,2019,%,70.870000,E
100,'356,India,6995,Emissions on agricultural land,7265,Emissions Share (CH4),2020,2020,%,71.530000,E
100,'356,India,6995,Emissions on agricultural land,7265,Emissions Share (CH4),2021,2021,%,70.460000,E
100,'356,India,6995,Emissions on agricultural land,7265,Emissions Share (CH4),2022,2022,%,69.900000,E
100,'356,India,6995,Emissions on agricultural land,7265,Emissions Share (CH4),2023,2023,%,69.270000,E
100,'356,India,6995,Emissions on agricultural land,7266,Emissions Share (N2O),1990,1990,%,81.110000,E
100,'356,India,6995,Emissions on agricultural land,7266,Emissions Share (N2O),1991,1991,%,80.910000,E
100,'356,India,6995,Emissions on agricultural land,7266,Emissions Share (N2O),1992,1992,%,80.910000,E
100,'356,India,6995,Emissions on agricultural land,7266,Emissions Share (N2O),1993,1993,%,80.790000,E
100,'356,India,6995,Emissions on agricultural land,7266,Emissions Share (N2O),1994,1994,%,80.890000,E
100,'356,India,6995,Emissions on agricultural land,7266,Emissions Share (N2O),1995,1995,%,80.640000,E
100,'356,India,6995,Emissions on agricultural land,7266,Emissions Share (N2O),1996,1996,%,81.130000,E
100,'356,India,6995,Emissions on agricultural land,7266,Emissions Share (N2O),1997,1997,%,81.320000,E
100,'356,India,6995,Emissions on agricultural land,7266,Emissions Share (N2O),1998,1998,%,81.240000,E
100,'356,India,6995,Emissions on agricultural land,7266,Emissions Share (N2O),1999,1999,%,80.720000,E
100,'356,India,6995,Emissions on agricultural land,7266,Emissions Share (N2O),2000,2000,%,80.240000,E
100,'356,India,6995,Emissions on agricultural land,7266,Emissions Share (N2O),2001,2001,%,80.600000,E
100,'356,India,6995,Emissions on agricultural land,7266,Emissions Share (N2O),2002,2002,%,79.860000,E
100,'356,India,6995,Emissions on agricultural land,7266,Emissions Share (N2O),2003,2003,%,79.960000,E
100,'356,India,6995,Emissions on agricultural land,7266,Emissions Share (N2O),2004,2004,%,79.520000,E
100,'356,India,6995,Emissions on agricultural land,7266,Emissions Share (N2O),2005,2005,%,80.180000,E
100,'356,India,6995,Emissions on agricultural land,7266,Emissions Share (N2O),2006,2006,%,81.350000,E
100,'356,India,6995,Emissions on agricultural land,7266,Emissions Share (N2O),2007,2007,%,79.080000,E
100,'356,India,6995,Emissions on agricultural land,7266,Emissions Share (N2O),2008,2008,%,79.060000,E
100,'356,India,6995,Emissions on agricultural land,7266,Emissions Share (N2O),2009,2009,%,77.320000,E
100,'356,India,6995,Emissions on agricultural land,7266,Emissions Share (N2O),2010,2010,%,77.750000,E
100,'356,India,6995,Emissions on agricultural land,7266,Emissions Share (N2O),2011,2011,%,77.520000,E
100,'356,India,6995,Emissions on agricultural land,7266,Emissions Share (N2O),2012,2012,%,75.060000,E
100,'356,India,6995,Emissions on agricultural land,7266,Emissions Share (N2O),2013,2013,%,76.220000,E
100,'356,India,6995,Emissions on agricultural land,7266,Emissions Share (N2O),2014,2014,%,75.710000,E
100,'356,India,6995,Emissions on agricultural land,7266,Emissions Share (N2O),2015,2015,%,74.680000,E
100,'356,India,6995,Emissions on agricultural land,7266,Emissions Share (N2O),2016,2016,%,74.350000,E
100,'356,India,6995,Emissions on agricultural land,7266,Emissions Share (N2O),2017,2017,%,73.690000,E
100,'356,India,6995,Emissions on agricultural land,7266,Emissions Share (N2O),2018,2018,%,73.400000,E
100,'356,India,6995,Emissions on agricultural land,7266,Emissions Share (N2O),2019,2019,%,74.600000,E
100,'356,India,6995,Emissions on agricultural land,7266,Emissions Share (N2O),2020,2020,%,76.890000,E
100,'356,India,6995,Emissions on agricultural land,7266,Emissions Share (N2O),2021,2021,%,74.390000,E
100,'356,India,6995,Emissions on agricultural land,7266,Emissions Share (N2O),2022,2022,%,74.310000,E
100,'356,India,6995,Emissions on agricultural land,7266,Emissions Share (N2O),2023,2023,%,73.860000,E
100,'356,India,6995,Emissions on agricultural land,7279,Emissions per capita,1990,1990,t CO2eq/cap,0.760000,E
100,'356,India,6995,Emissions on agricultural land,7279,Emissions per capita,1991,1991,t CO2eq/cap,0.760000,E
100,'356,India,6995,Emissions on agricultural land,7279,Emissions per capita,1992,1992,t CO2eq/cap,0.750000,E
100,'356,India,6995,Emissions on agricultural land,7279,Emissions per capita,1993,1993,t CO2eq/cap,0.760000,E
100,'356,India,6995,Emissions on agricultural land,7279,Emissions per capita,1994,1994,t CO2eq/cap,0.750000,E
100,'356,India,6995,Emissions on agricultural land,7279,Emissions per capita,1995,1995,t CO2eq/cap,0.750000,E
100,'356,India,6995,Emissions on agricultural land,7279,Emissions per capita,1996,1996,t CO2eq/cap,0.750000,E
100,'356,India,6995,Emissions on agricultural land,7279,Emissions per capita,1997,1997,t CO2eq/cap,0.740000,E
100,'356,India,6995,Emissions on agricultural land,7279,Emissions per capita,1998,1998,t CO2eq/cap,0.740000,E
100,'356,India,6995,Emissions on agricultural land,7279,Emissions per capita,1999,1999,t CO2eq/cap,0.720000,E
100,'356,India,6995,Emissions on agricultural land,7279,Emissions per capita,2000,2000,t CO2eq/cap,0.700000,E
100,'356,India,6995,Emissions on agricultural land,7279,Emissions per capita,2001,2001,t CO2eq/cap,0.690000,E
100,'356,India,6995,Emissions on agricultural land,7279,Emissions per capita,2002,2002,t CO2eq/cap,0.670000,E
100,'356,India,6995,Emissions on agricultural land,7279,Emissions per capita,2003,2003,t CO2eq/cap,0.670000,E
100,'356,India,6995,Emissions on agricultural land,7279,Emissions per capita,2004,2004,t CO2eq/cap,0.670000,E
100,'356,India,6995,Emissions on agricultural land,7279,Emissions per capita,2005,2005,t CO2eq/cap,0.670000,E
100,'356,India,6995,Emissions on agricultural land,7279,Emissions per capita,2006,2006,t CO2eq/cap,0.700000,E
100,'356,India,6995,Emissions on agricultural land,7279,Emissions per capita,2007,2007,t CO2eq/cap,0.690000,E
100,'356,India,6995,Emissions on agricultural land,7279,Emissions per capita,2008,2008,t CO2eq/cap,0.700000,E
100,'356,India,6995,Emissions on agricultural land,7279,Emissions per capita,2009,2009,t CO2eq/cap,0.690000,E
100,'356,India,6995,Emissions on agricultural land,7279,Emissions per capita,2010,2010,t CO2eq/cap,0.700000,E
100,'356,India,6995,Emissions on agricultural land,7279,Emissions per capita,2011,2011,t CO2eq/cap,0.690000,E
100,'356,India,6995,Emissions on agricultural land,7279,Emissions per capita,2012,2012,t CO2eq/cap,0.690000,E
100,'356,India,6995,Emissions on agricultural land,7279,Emissions per capita,2013,2013,t CO2eq/cap,0.720000,E
100,'356,India,6995,Emissions on agricultural land,7279,Emissions per capita,2014,2014,t CO2eq/cap,0.720000,E
100,'356,India,6995,Emissions on agricultural land,7279,Emissions per capita,2015,2015,t CO2eq/cap,0.690000,E
100,'356,India,6995,Emissions on agricultural land,7279,Emissions per capita,2016,2016,t CO2eq/cap,0.700000,E
100,'356,India,6995,Emissions on agricultural land,7279,Emissions per capita,2017,2017,t CO2eq/cap,0.700000,E
100,'356,India,6995,Emissions on agricultural land,7279,Emissions per capita,2018,2018,t CO2eq/cap,0.700000,E
100,'356,India,6995,Emissions on agricultural land,7279,Emissions per capita,2019,2019,t CO2eq/cap,0.710000,E
100,'356,India,6995,Emissions on agricultural land,7279,Emissions per capita,2020,2020,t CO2eq/cap,0.710000,E
100,'356,India,6995,Emissions on agricultural land,7279,Emissions per capita,2021,2021,t CO2eq/cap,0.720000,E
100,'356,India,6995,Emissions on agricultural land,7279,Emissions per capita,2022,2022,t CO2eq/cap,0.730000,E
100,'356,India,6995,Emissions on agricultural land,7279,Emissions per capita,2023,2023,t CO2eq/cap,0.730000,E
100,'356,India,6995,Emissions on agricultural land,72791,Emissions per value of agricultural production,1990,1990,kg CO2eq/Int$,3.550000,E
100,'356,India,6995,Emissions on agricultural land,72791,Emissions per value of agricultural production,1991,1991,kg CO2eq/Int$,3.550000,E
100,'356,India,6995,Emissions on agricultural land,72791,Emissions per value of agricultural production,1992,1992,kg CO2eq/Int$,3.480000,E
100,'356,India,6995,Emissions on agricultural land,72791,Emissions per value of agricultural production,1993,1993,kg CO2eq/Int$,3.480000,E
100,'356,India,6995,Emissions on agricultural land,72791,Emissions per value of agricultural production,1994,1994,kg CO2eq/Int$,3.420000,E
100,'356,India,6995,Emissions on agricultural land,72791,Emissions per value of agricultural production,1995,1995,kg CO2eq/Int$,3.400000,E
100,'356,India,6995,Emissions on agricultural land,72791,Emissions per value of agricultural production,1996,1996,kg CO2eq/Int$,3.310000,E
100,'356,India,6995,Emissions on agricultural land,72791,Emissions per value of agricultural production,1997,1997,kg CO2eq/Int$,3.280000,E
100,'356,India,6995,Emissions on agricultural land,72791,Emissions per value of agricultural production,1998,1998,kg CO2eq/Int$,3.270000,E
100,'356,India,6995,Emissions on agricultural land,72791,Emissions per value of agricultural production,1999,1999,kg CO2eq/Int$,3.120000,E
100,'356,India,6995,Emissions on agricultural land,72791,Emissions per value of agricultural production,2000,2000,kg CO2eq/Int$,3.130000,E
100,'356,India,6995,Emissions on agricultural land,72791,Emissions per value of agricultural production,2001,2001,kg CO2eq/Int$,3.050000,E
100,'356,India,6995,Emissions on agricultural land,72791,Emissions per value of agricultural production,2002,2002,kg CO2eq/Int$,3.220000,E
100,'356,India,6995,Emissions on agricultural land,72791,Emissions per value of agricultural production,2003,2003,kg CO2eq/Int$,2.980000,E
100,'356,India,6995,Emissions on agricultural land,72791,Emissions per value of agricultural production,2004,2004,kg CO2eq/Int$,3.070000,E
100,'356,India,6995,Emissions on agricultural land,72791,Emissions per value of agricultural production,2005,2005,kg CO2eq/Int$,2.950000,E
100,'356,India,6995,Emissions on agricultural land,72791,Emissions per value of agricultural production,2006,2006,kg CO2eq/Int$,2.970000,E
100,'356,India,6995,Emissions on agricultural land,72791,Emissions per value of agricultural production,2007,2007,kg CO2eq/Int$,2.740000,E
100,'356,India,6995,Emissions on agricultural land,72791,Emissions per value of agricultural production,2008,2008,kg CO2eq/Int$,2.770000,E
100,'356,India,6995,Emissions on agricultural land,72791,Emissions per value of agricultural production,2009,2009,kg CO2eq/Int$,2.830000,E
100,'356,India,6995,Emissions on agricultural land,72791,Emissions per value of agricultural production,2010,2010,kg CO2eq/Int$,2.610000,E
100,'356,India,6995,Emissions on agricultural land,72791,Emissions per value of agricultural production,2011,2011,kg CO2eq/Int$,2.450000,E
100,'356,India,6995,Emissions on agricultural land,72791,Emissions per value of agricultural production,2012,2012,kg CO2eq/Int$,2.420000,E
100,'356,India,6995,Emissions on agricultural land,72791,Emissions per value of agricultural production,2013,2013,kg CO2eq/Int$,2.450000,E
100,'356,India,6995,Emissions on agricultural land,72791,Emissions per value of agricultural production,2014,2014,kg CO2eq/Int$,2.410000,E
100,'356,India,6995,Emissions on agricultural land,72791,Emissions per value of agricultural production,2015,2015,kg CO2eq/Int$,2.380000,E
100,'356,India,6995,Emissions on agricultural land,72791,Emissions per value of agricultural production,2016,2016,kg CO2eq/Int$,2.350000,E
100,'356,India,6995,Emissions on agricultural land,72791,Emissions per value of agricultural production,2017,2017,kg CO2eq/Int$,2.240000,E
100,'356,India,6995,Emissions on agricultural land,72791,Emissions per value of agricultural production,2018,2018,kg CO2eq/Int$,2.180000,E
100,'356,India,6995,Emissions on agricultural land,72791,Emissions per value of agricultural production,2019,2019,kg CO2eq/Int$,2.190000,E
100,'356,India,6995,Emissions on agricultural land,72791,Emissions per value of agricultural production,2020,2020,kg CO2eq/Int$,2.140000,E
100,'356,India,6995,Emissions on agricultural land,72791,Emissions per value of agricultural production,2021,2021,kg CO2eq/Int$,2.080000,E
100,'356,India,6995,Emissions on agricultural land,72791,Emissions per value of agricultural production,2022,2022,kg CO2eq/Int$,2.050000,E
100,'356,India,6995,Emissions on agricultural land,72791,Emissions per value of agricultural production,2023,2023,kg CO2eq/Int$,2.000000,E
100,'356,India,6995,Emissions on agricultural land,72792,Emissions per area of agricultural land,1990,1990,t CO2eq/ha,3.600000,E
100,'356,India,6995,Emissions on agricultural land,72792,Emissions per area of agricultural land,1991,1991,t CO2eq/ha,3.680000,E
100,'356,India,6995,Emissions on agricultural land,72792,Emissions per area of agricultural land,1992,1992,t CO2eq/ha,3.760000,E
100,'356,India,6995,Emissions on agricultural land,72792,Emissions per area of agricultural land,1993,1993,t CO2eq/ha,3.840000,E
100,'356,India,6995,Emissions on agricultural land,72792,Emissions per area of agricultural land,1994,1994,t CO2eq/ha,3.910000,E
100,'356,India,6995,Emissions on agricultural land,72792,Emissions per area of agricultural land,1995,1995,t CO2eq/ha,4.000000,E
100,'356,India,6995,Emissions on agricultural land,72792,Emissions per area of agricultural land,1996,1996,t CO2eq/ha,4.050000,E
100,'356,India,6995,Emissions on agricultural land,72792,Emissions per area of agricultural land,1997,1997,t CO2eq/ha,4.090000,E
100,'356,India,6995,Emissions on agricultural land,72792,Emissions per area of agricultural land,1998,1998,t CO2eq/ha,4.160000,E
100,'356,India,6995,Emissions on agricultural land,72792,Emissions per area of agricultural land,1999,1999,t CO2eq/ha,4.150000,E
100,'356,India,6995,Emissions on agricultural land,72792,Emissions per area of agricultural land,2000,2000,t CO2eq/ha,4.110000,E
100,'356,India,6995,Emissions on agricultural land,72792,Emissions per area of agricultural land,2001,2001,t CO2eq/ha,4.130000,E
100,'356,India,6995,Emissions on agricultural land,72792,Emissions per area of agricultural land,2002,2002,t CO2eq/ha,4.050000,E
100,'356,India,6995,Emissions on agricultural land,72792,Emissions per area of agricultural land,2003,2003,t CO2eq/ha,4.150000,E
100,'356,India,6995,Emissions on agricultural land,72792,Emissions per area of agricultural land,2004,2004,t CO2eq/ha,4.230000,E
100,'356,India,6995,Emissions on agricultural land,72792,Emissions per area of agricultural land,2005,2005,t CO2eq/ha,4.300000,E
100,'356,India,6995,Emissions on agricultural land,72792,Emissions per area of agricultural land,2006,2006,t CO2eq/ha,4.590000,E
100,'356,India,6995,Emissions on agricultural land,72792,Emissions per area of agricultural land,2007,2007,t CO2eq/ha,4.600000,E
100,'356,India,6995,Emissions on agricultural land,72792,Emissions per area of agricultural land,2008,2008,t CO2eq/ha,4.700000,E
100,'356,India,6995,Emissions on agricultural land,72792,Emissions per area of agricultural land,2009,2009,t CO2eq/ha,4.710000,E
100,'356,India,6995,Emissions on agricultural land,72792,Emissions per area of agricultural land,2010,2010,t CO2eq/ha,4.830000,E
100,'356,India,6995,Emissions on agricultural land,72792,Emissions per area of agricultural land,2011,2011,t CO2eq/ha,4.840000,E
100,'356,India,6995,Emissions on agricultural land,72792,Emissions per area of agricultural land,2012,2012,t CO2eq/ha,4.880000,E
100,'356,India,6995,Emissions on agricultural land,72792,Emissions per area of agricultural land,2013,2013,t CO2eq/ha,5.170000,E
100,'356,India,6995,Emissions on agricultural land,72792,Emissions per area of agricultural land,2014,2014,t CO2eq/ha,5.230000,E
100,'356,India,6995,Emissions on agricultural land,72792,Emissions per area of agricultural land,2015,2015,t CO2eq/ha,5.090000,E
100,'356,India,6995,Emissions on agricultural land,72792,Emissions per area of agricultural land,2016,2016,t CO2eq/ha,5.230000,E
100,'356,India,6995,Emissions on agricultural land,72792,Emissions per area of agricultural land,2017,2017,t CO2eq/ha,5.310000,E
100,'356,India,6995,Emissions on agricultural land,72792,Emissions per area of agricultural land,2018,2018,t CO2eq/ha,5.380000,E
100,'356,India,6995,Emissions on agricultural land,72792,Emissions per area of agricultural land,2019,2019,t CO2eq/ha,5.540000,E
100,'356,India,6995,Emissions on agricultural land,72792,Emissions per area of agricultural land,2020,2020,t CO2eq/ha,5.610000,E
100,'356,India,6995,Emissions on agricultural land,72792,Emissions per area of agricultural land,2021,2021,t CO2eq/ha,5.700000,E
100,'356,India,6995,Emissions on agricultural land,72792,Emissions per area of agricultural land,2022,2022,t CO2eq/ha,5.810000,E
100,'356,India,6995,Emissions on agricultural land,72792,Emissions per area of agricultural land,2023,2023,t CO2eq/ha,5.850000,E
100,'356,India,5084,Emissions from crops,726313,Emissions Share (CO2eq) (AR5),1990,1990,%,15.220000,E
100,'356,India,5084,Emissions from crops,726313,Emissions Share (CO2eq) (AR5),1991,1991,%,14.750000,E
100,'356,India,5084,Emissions from crops,726313,Emissions Share (CO2eq) (AR5),1992,1992,%,14.190000,E
100,'356,India,5084,Emissions from crops,726313,Emissions Share (CO2eq) (AR5),1993,1993,%,14.240000,E
100,'356,India,5084,Emissions from crops,726313,Emissions Share (CO2eq) (AR5),1994,1994,%,14.030000,E
100,'356,India,5084,Emissions from crops,726313,Emissions Share (CO2eq) (AR5),1995,1995,%,13.570000,E
100,'356,India,5084,Emissions from crops,726313,Emissions Share (CO2eq) (AR5),1996,1996,%,13.230000,E
100,'356,India,5084,Emissions from crops,726313,Emissions Share (CO2eq) (AR5),1997,1997,%,13.090000,E
100,'356,India,5084,Emissions from crops,726313,Emissions Share (CO2eq) (AR5),1998,1998,%,13.240000,E
100,'356,India,5084,Emissions from crops,726313,Emissions Share (CO2eq) (AR5),1999,1999,%,12.860000,E
100,'356,India,5084,Emissions from crops,726313,Emissions Share (CO2eq) (AR5),2000,2000,%,12.360000,E
100,'356,India,5084,Emissions from crops,726313,Emissions Share (CO2eq) (AR5),2001,2001,%,11.030000,E
100,'356,India,5084,Emissions from crops,726313,Emissions Share (CO2eq) (AR5),2002,2002,%,10.120000,E
100,'356,India,5084,Emissions from crops,726313,Emissions Share (CO2eq) (AR5),2003,2003,%,10.200000,E
100,'356,India,5084,Emissions from crops,726313,Emissions Share (CO2eq) (AR5),2004,2004,%,9.850000,E
100,'356,India,5084,Emissions from crops,726313,Emissions Share (CO2eq) (AR5),2005,2005,%,9.980000,E
100,'356,India,5084,Emissions from crops,726313,Emissions Share (CO2eq) (AR5),2006,2006,%,9.830000,E
100,'356,India,5084,Emissions from crops,726313,Emissions Share (CO2eq) (AR5),2007,2007,%,9.540000,E
100,'356,India,5084,Emissions from crops,726313,Emissions Share (CO2eq) (AR5),2008,2008,%,9.300000,E
100,'356,India,5084,Emissions from crops,726313,Emissions Share (CO2eq) (AR5),2009,2009,%,8.390000,E
100,'356,India,5084,Emissions from crops,726313,Emissions Share (CO2eq) (AR5),2010,2010,%,8.610000,E
100,'356,India,5084,Emissions from crops,726313,Emissions Share (CO2eq) (AR5),2011,2011,%,8.780000,E
100,'356,India,5084,Emissions from crops,726313,Emissions Share (CO2eq) (AR5),2012,2012,%,8.010000,E
100,'356,India,5084,Emissions from crops,726313,Emissions Share (CO2eq) (AR5),2013,2013,%,8.110000,E
100,'356,India,5084,Emissions from crops,726313,Emissions Share (CO2eq) (AR5),2014,2014,%,7.600000,E
100,'356,India,5084,Emissions from crops,726313,Emissions Share (CO2eq) (AR5),2015,2015,%,7.330000,E
100,'356,India,5084,Emissions from crops,726313,Emissions Share (CO2eq) (AR5),2016,2016,%,7.280000,E
100,'356,India,5084,Emissions from crops,726313,Emissions Share (CO2eq) (AR5),2017,2017,%,7.070000,E
100,'356,India,5084,Emissions from crops,726313,Emissions Share (CO2eq) (AR5),2018,2018,%,6.930000,E
100,'356,India,5084,Emissions from crops,726313,Emissions Share (CO2eq) (AR5),2019,2019,%,6.900000,E
100,'356,India,5084,Emissions from crops,726313,Emissions Share (CO2eq) (AR5),2020,2020,%,7.860000,E
100,'356,India,5084,Emissions from crops,726313,Emissions Share (CO2eq) (AR5),2021,2021,%,7.230000,E
100,'356,India,5084,Emissions from crops,726313,Emissions Share (CO2eq) (AR5),2022,2022,%,7.100000,E
100,'356,India,5084,Emissions from crops,726313,Emissions Share (CO2eq) (AR5),2023,2023,%,6.690000,E
100,'356,India,5084,Emissions from crops,7265,Emissions Share (CH4),1990,1990,%,20.110000,E
100,'356,India,5084,Emissions from crops,7265,Emissions Share (CH4),1991,1991,%,19.870000,E
100,'356,India,5084,Emissions from crops,7265,Emissions Share (CH4),1992,1992,%,19.310000,E
100,'356,India,5084,Emissions from crops,7265,Emissions Share (CH4),1993,1993,%,19.680000,E
100,'356,India,5084,Emissions from crops,7265,Emissions Share (CH4),1994,1994,%,19.650000,E
100,'356,India,5084,Emissions from crops,7265,Emissions Share (CH4),1995,1995,%,19.410000,E
100,'356,India,5084,Emissions from crops,7265,Emissions Share (CH4),1996,1996,%,19.520000,E
100,'356,India,5084,Emissions from crops,7265,Emissions Share (CH4),1997,1997,%,19.360000,E
100,'356,India,5084,Emissions from crops,7265,Emissions Share (CH4),1998,1998,%,19.840000,E
100,'356,India,5084,Emissions from crops,7265,Emissions Share (CH4),1999,1999,%,19.830000,E
100,'356,India,5084,Emissions from crops,7265,Emissions Share (CH4),2000,2000,%,19.650000,E
100,'356,India,5084,Emissions from crops,7265,Emissions Share (CH4),2001,2001,%,19.620000,E
100,'356,India,5084,Emissions from crops,7265,Emissions Share (CH4),2002,2002,%,18.200000,E
100,'356,India,5084,Emissions from crops,7265,Emissions Share (CH4),2003,2003,%,18.470000,E
100,'356,India,5084,Emissions from crops,7265,Emissions Share (CH4),2004,2004,%,17.900000,E
100,'356,India,5084,Emissions from crops,7265,Emissions Share (CH4),2005,2005,%,18.240000,E
100,'356,India,5084,Emissions from crops,7265,Emissions Share (CH4),2006,2006,%,18.020000,E
100,'356,India,5084,Emissions from crops,7265,Emissions Share (CH4),2007,2007,%,17.660000,E
100,'356,India,5084,Emissions from crops,7265,Emissions Share (CH4),2008,2008,%,18.000000,E
100,'356,India,5084,Emissions from crops,7265,Emissions Share (CH4),2009,2009,%,16.550000,E
100,'356,India,5084,Emissions from crops,7265,Emissions Share (CH4),2010,2010,%,16.800000,E
100,'356,India,5084,Emissions from crops,7265,Emissions Share (CH4),2011,2011,%,17.060000,E
100,'356,India,5084,Emissions from crops,7265,Emissions Share (CH4),2012,2012,%,16.460000,E
100,'356,India,5084,Emissions from crops,7265,Emissions Share (CH4),2013,2013,%,17.530000,E
100,'356,India,5084,Emissions from crops,7265,Emissions Share (CH4),2014,2014,%,17.360000,E
100,'356,India,5084,Emissions from crops,7265,Emissions Share (CH4),2015,2015,%,17.010000,E
100,'356,India,5084,Emissions from crops,7265,Emissions Share (CH4),2016,2016,%,17.010000,E
100,'356,India,5084,Emissions from crops,7265,Emissions Share (CH4),2017,2017,%,16.800000,E
100,'356,India,5084,Emissions from crops,7265,Emissions Share (CH4),2018,2018,%,16.690000,E
100,'356,India,5084,Emissions from crops,7265,Emissions Share (CH4),2019,2019,%,16.520000,E
100,'356,India,5084,Emissions from crops,7265,Emissions Share (CH4),2020,2020,%,17.180000,E
100,'356,India,5084,Emissions from crops,7265,Emissions Share (CH4),2021,2021,%,16.890000,E
100,'356,India,5084,Emissions from crops,7265,Emissions Share (CH4),2022,2022,%,17.140000,E
100,'356,India,5084,Emissions from crops,7265,Emissions Share (CH4),2023,2023,%,16.880000,E
100,'356,India,5084,Emissions from crops,7266,Emissions Share (N2O),1990,1990,%,39.740000,E
100,'356,India,5084,Emissions from crops,7266,Emissions Share (N2O),1991,1991,%,40.290000,E
100,'356,India,5084,Emissions from crops,7266,Emissions Share (N2O),1992,1992,%,40.800000,E
100,'356,India,5084,Emissions from crops,7266,Emissions Share (N2O),1993,1993,%,41.330000,E
100,'356,India,5084,Emissions from crops,7266,Emissions Share (N2O),1994,1994,%,42.430000,E
100,'356,India,5084,Emissions from crops,7266,Emissions Share (N2O),1995,1995,%,42.650000,E
100,'356,India,5084,Emissions from crops,7266,Emissions Share (N2O),1996,1996,%,43.730000,E
100,'356,India,5084,Emissions from crops,7266,Emissions Share (N2O),1997,1997,%,44.720000,E
100,'356,India,5084,Emissions from crops,7266,Emissions Share (N2O),1998,1998,%,45.260000,E
100,'356,India,5084,Emissions from crops,7266,Emissions Share (N2O),1999,1999,%,45.310000,E
100,'356,India,5084,Emissions from crops,7266,Emissions Share (N2O),2000,2000,%,44.120000,E
100,'356,India,5084,Emissions from crops,7266,Emissions Share (N2O),2001,2001,%,44.740000,E
100,'356,India,5084,Emissions from crops,7266,Emissions Share (N2O),2002,2002,%,42.620000,E
100,'356,India,5084,Emissions from crops,7266,Emissions Share (N2O),2003,2003,%,43.640000,E
100,'356,India,5084,Emissions from crops,7266,Emissions Share (N2O),2004,2004,%,43.690000,E
100,'356,India,5084,Emissions from crops,7266,Emissions Share (N2O),2005,2005,%,45.150000,E
100,'356,India,5084,Emissions from crops,7266,Emissions Share (N2O),2006,2006,%,45.880000,E
100,'356,India,5084,Emissions from crops,7266,Emissions Share (N2O),2007,2007,%,45.650000,E
100,'356,India,5084,Emissions from crops,7266,Emissions Share (N2O),2008,2008,%,46.180000,E
100,'356,India,5084,Emissions from crops,7266,Emissions Share (N2O),2009,2009,%,45.400000,E
100,'356,India,5084,Emissions from crops,7266,Emissions Share (N2O),2010,2010,%,46.640000,E
100,'356,India,5084,Emissions from crops,7266,Emissions Share (N2O),2011,2011,%,47.760000,E
100,'356,India,5084,Emissions from crops,7266,Emissions Share (N2O),2012,2012,%,45.640000,E
100,'356,India,5084,Emissions from crops,7266,Emissions Share (N2O),2013,2013,%,45.530000,E
100,'356,India,5084,Emissions from crops,7266,Emissions Share (N2O),2014,2014,%,45.300000,E
100,'356,India,5084,Emissions from crops,7266,Emissions Share (N2O),2015,2015,%,45.520000,E
100,'356,India,5084,Emissions from crops,7266,Emissions Share (N2O),2016,2016,%,44.650000,E
100,'356,India,5084,Emissions from crops,7266,Emissions Share (N2O),2017,2017,%,44.410000,E
100,'356,India,5084,Emissions from crops,7266,Emissions Share (N2O),2018,2018,%,44.700000,E
100,'356,India,5084,Emissions from crops,7266,Emissions Share (N2O),2019,2019,%,46.260000,E
100,'356,India,5084,Emissions from crops,7266,Emissions Share (N2O),2020,2020,%,48.760000,E
100,'356,India,5084,Emissions from crops,7266,Emissions Share (N2O),2021,2021,%,46.180000,E
100,'356,India,5084,Emissions from crops,7266,Emissions Share (N2O),2022,2022,%,46.800000,E
100,'356,India,5084,Emissions from crops,7266,Emissions Share (N2O),2023,2023,%,46.580000,E
100,'356,India,5084,Emissions from crops,7279,Emissions per capita,1990,1990,t CO2eq/cap,0.220000,E
100,'356,India,5084,Emissions from crops,7279,Emissions per capita,1991,1991,t CO2eq/cap,0.210000,E
100,'356,India,5084,Emissions from crops,7279,Emissions per capita,1992,1992,t CO2eq/cap,0.210000,E
100,'356,India,5084,Emissions from crops,7279,Emissions per capita,1993,1993,t CO2eq/cap,0.210000,E
100,'356,India,5084,Emissions from crops,7279,Emissions per capita,1994,1994,t CO2eq/cap,0.210000,E
100,'356,India,5084,Emissions from crops,7279,Emissions per capita,1995,1995,t CO2eq/cap,0.210000,E
100,'356,India,5084,Emissions from crops,7279,Emissions per capita,1996,1996,t CO2eq/cap,0.210000,E
100,'356,India,5084,Emissions from crops,7279,Emissions per capita,1997,1997,t CO2eq/cap,0.210000,E
100,'356,India,5084,Emissions from crops,7279,Emissions per capita,1998,1998,t CO2eq/cap,0.210000,E
100,'356,India,5084,Emissions from crops,7279,Emissions per capita,1999,1999,t CO2eq/cap,0.210000,E
100,'356,India,5084,Emissions from crops,7279,Emissions per capita,2000,2000,t CO2eq/cap,0.200000,E
100,'356,India,5084,Emissions from crops,7279,Emissions per capita,2001,2001,t CO2eq/cap,0.200000,E
100,'356,India,5084,Emissions from crops,7279,Emissions per capita,2002,2002,t CO2eq/cap,0.180000,E
100,'356,India,5084,Emissions from crops,7279,Emissions per capita,2003,2003,t CO2eq/cap,0.190000,E
100,'356,India,5084,Emissions from crops,7279,Emissions per capita,2004,2004,t CO2eq/cap,0.180000,E
100,'356,India,5084,Emissions from crops,7279,Emissions per capita,2005,2005,t CO2eq/cap,0.190000,E
100,'356,India,5084,Emissions from crops,7279,Emissions per capita,2006,2006,t CO2eq/cap,0.190000,E
100,'356,India,5084,Emissions from crops,7279,Emissions per capita,2007,2007,t CO2eq/cap,0.200000,E
100,'356,India,5084,Emissions from crops,7279,Emissions per capita,2008,2008,t CO2eq/cap,0.200000,E
100,'356,India,5084,Emissions from crops,7279,Emissions per capita,2009,2009,t CO2eq/cap,0.190000,E
100,'356,India,5084,Emissions from crops,7279,Emissions per capita,2010,2010,t CO2eq/cap,0.190000,E
100,'356,India,5084,Emissions from crops,7279,Emissions per capita,2011,2011,t CO2eq/cap,0.200000,E
100,'356,India,5084,Emissions from crops,7279,Emissions per capita,2012,2012,t CO2eq/cap,0.190000,E
100,'356,India,5084,Emissions from crops,7279,Emissions per capita,2013,2013,t CO2eq/cap,0.190000,E
100,'356,India,5084,Emissions from crops,7279,Emissions per capita,2014,2014,t CO2eq/cap,0.190000,E
100,'356,India,5084,Emissions from crops,7279,Emissions per capita,2015,2015,t CO2eq/cap,0.190000,E
100,'356,India,5084,Emissions from crops,7279,Emissions per capita,2016,2016,t CO2eq/cap,0.180000,E
100,'356,India,5084,Emissions from crops,7279,Emissions per capita,2017,2017,t CO2eq/cap,0.180000,E
100,'356,India,5084,Emissions from crops,7279,Emissions per capita,2018,2018,t CO2eq/cap,0.190000,E
100,'356,India,5084,Emissions from crops,7279,Emissions per capita,2019,2019,t CO2eq/cap,0.190000,E
100,'356,India,5084,Emissions from crops,7279,Emissions per capita,2020,2020,t CO2eq/cap,0.200000,E
100,'356,India,5084,Emissions from crops,7279,Emissions per capita,2021,2021,t CO2eq/cap,0.190000,E
100,'356,India,5084,Emissions from crops,7279,Emissions per capita,2022,2022,t CO2eq/cap,0.200000,E
100,'356,India,5084,Emissions from crops,7279,Emissions per capita,2023,2023,t CO2eq/cap,0.200000,E
100,'356,India,5085,Emissions from livestock,726313,Emissions Share (CO2eq) (AR5),1990,1990,%,33.820000,E
100,'356,India,5085,Emissions from livestock,726313,Emissions Share (CO2eq) (AR5),1991,1991,%,32.710000,E
100,'356,India,5085,Emissions from livestock,726313,Emissions Share (CO2eq) (AR5),1992,1992,%,31.980000,E
100,'356,India,5085,Emissions from livestock,726313,Emissions Share (CO2eq) (AR5),1993,1993,%,31.460000,E
100,'356,India,5085,Emissions from livestock,726313,Emissions Share (CO2eq) (AR5),1994,1994,%,30.430000,E
100,'356,India,5085,Emissions from livestock,726313,Emissions Share (CO2eq) (AR5),1995,1995,%,29.330000,E
100,'356,India,5085,Emissions from livestock,726313,Emissions Share (CO2eq) (AR5),1996,1996,%,28.070000,E
100,'356,India,5085,Emissions from livestock,726313,Emissions Share (CO2eq) (AR5),1997,1997,%,27.320000,E
100,'356,India,5085,Emissions from livestock,726313,Emissions Share (CO2eq) (AR5),1998,1998,%,26.840000,E
100,'356,India,5085,Emissions from livestock,726313,Emissions Share (CO2eq) (AR5),1999,1999,%,25.750000,E
100,'356,India,5085,Emissions from livestock,726313,Emissions Share (CO2eq) (AR5),2000,2000,%,25.340000,E
100,'356,India,5085,Emissions from livestock,726313,Emissions Share (CO2eq) (AR5),2001,2001,%,22.420000,E
100,'356,India,5085,Emissions from livestock,726313,Emissions Share (CO2eq) (AR5),2002,2002,%,22.470000,E
100,'356,India,5085,Emissions from livestock,726313,Emissions Share (CO2eq) (AR5),2003,2003,%,21.750000,E
100,'356,India,5085,Emissions from livestock,726313,Emissions Share (CO2eq) (AR5),2004,2004,%,21.260000,E
100,'356,India,5085,Emissions from livestock,726313,Emissions Share (CO2eq) (AR5),2005,2005,%,20.830000,E
100,'356,India,5085,Emissions from livestock,726313,Emissions Share (CO2eq) (AR5),2006,2006,%,20.290000,E
100,'356,India,5085,Emissions from livestock,726313,Emissions Share (CO2eq) (AR5),2007,2007,%,19.740000,E
100,'356,India,5085,Emissions from livestock,726313,Emissions Share (CO2eq) (AR5),2008,2008,%,18.630000,E
100,'356,India,5085,Emissions from livestock,726313,Emissions Share (CO2eq) (AR5),2009,2009,%,17.410000,E
100,'356,India,5085,Emissions from livestock,726313,Emissions Share (CO2eq) (AR5),2010,2010,%,17.230000,E
100,'356,India,5085,Emissions from livestock,726313,Emissions Share (CO2eq) (AR5),2011,2011,%,16.920000,E
100,'356,India,5085,Emissions from livestock,726313,Emissions Share (CO2eq) (AR5),2012,2012,%,15.840000,E
100,'356,India,5085,Emissions from livestock,726313,Emissions Share (CO2eq) (AR5),2013,2013,%,15.850000,E
100,'356,India,5085,Emissions from livestock,726313,Emissions Share (CO2eq) (AR5),2014,2014,%,14.820000,E
100,'356,India,5085,Emissions from livestock,726313,Emissions Share (CO2eq) (AR5),2015,2015,%,14.420000,E
100,'356,India,5085,Emissions from livestock,726313,Emissions Share (CO2eq) (AR5),2016,2016,%,14.510000,E
100,'356,India,5085,Emissions from livestock,726313,Emissions Share (CO2eq) (AR5),2017,2017,%,14.090000,E
100,'356,India,5085,Emissions from livestock,726313,Emissions Share (CO2eq) (AR5),2018,2018,%,13.640000,E
100,'356,India,5085,Emissions from livestock,726313,Emissions Share (CO2eq) (AR5),2019,2019,%,13.390000,E
100,'356,India,5085,Emissions from livestock,726313,Emissions Share (CO2eq) (AR5),2020,2020,%,14.520000,E
100,'356,India,5085,Emissions from livestock,726313,Emissions Share (CO2eq) (AR5),2021,2021,%,13.620000,E
100,'356,India,5085,Emissions from livestock,726313,Emissions Share (CO2eq) (AR5),2022,2022,%,13.020000,E
100,'356,India,5085,Emissions from livestock,726313,Emissions Share (CO2eq) (AR5),2023,2023,%,12.280000,E
100,'356,India,5085,Emissions from livestock,7265,Emissions Share (CH4),1990,1990,%,55.480000,E
100,'356,India,5085,Emissions from livestock,7265,Emissions Share (CH4),1991,1991,%,55.480000,E
100,'356,India,5085,Emissions from livestock,7265,Emissions Share (CH4),1992,1992,%,55.890000,E
100,'356,India,5085,Emissions from livestock,7265,Emissions Share (CH4),1993,1993,%,56.190000,E
100,'356,India,5085,Emissions from livestock,7265,Emissions Share (CH4),1994,1994,%,56.070000,E
100,'356,India,5085,Emissions from livestock,7265,Emissions Share (CH4),1995,1995,%,55.680000,E
100,'356,India,5085,Emissions from livestock,7265,Emissions Share (CH4),1996,1996,%,55.530000,E
100,'356,India,5085,Emissions from livestock,7265,Emissions Share (CH4),1997,1997,%,55.080000,E
100,'356,India,5085,Emissions from livestock,7265,Emissions Share (CH4),1998,1998,%,54.840000,E
100,'356,India,5085,Emissions from livestock,7265,Emissions Share (CH4),1999,1999,%,54.430000,E
100,'356,India,5085,Emissions from livestock,7265,Emissions Share (CH4),2000,2000,%,54.440000,E
100,'356,India,5085,Emissions from livestock,7265,Emissions Share (CH4),2001,2001,%,54.380000,E
100,'356,India,5085,Emissions from livestock,7265,Emissions Share (CH4),2002,2002,%,55.110000,E
100,'356,India,5085,Emissions from livestock,7265,Emissions Share (CH4),2003,2003,%,54.320000,E
100,'356,India,5085,Emissions from livestock,7265,Emissions Share (CH4),2004,2004,%,54.430000,E
100,'356,India,5085,Emissions from livestock,7265,Emissions Share (CH4),2005,2005,%,54.270000,E
100,'356,India,5085,Emissions from livestock,7265,Emissions Share (CH4),2006,2006,%,54.330000,E
100,'356,India,5085,Emissions from livestock,7265,Emissions Share (CH4),2007,2007,%,54.390000,E
100,'356,India,5085,Emissions from livestock,7265,Emissions Share (CH4),2008,2008,%,53.510000,E
100,'356,India,5085,Emissions from livestock,7265,Emissions Share (CH4),2009,2009,%,53.460000,E
100,'356,India,5085,Emissions from livestock,7265,Emissions Share (CH4),2010,2010,%,53.140000,E
100,'356,India,5085,Emissions from livestock,7265,Emissions Share (CH4),2011,2011,%,52.590000,E
100,'356,India,5085,Emissions from livestock,7265,Emissions Share (CH4),2012,2012,%,52.220000,E
100,'356,India,5085,Emissions from livestock,7265,Emissions Share (CH4),2013,2013,%,54.030000,E
100,'356,India,5085,Emissions from livestock,7265,Emissions Share (CH4),2014,2014,%,53.620000,E
100,'356,India,5085,Emissions from livestock,7265,Emissions Share (CH4),2015,2015,%,53.610000,E
100,'356,India,5085,Emissions from livestock,7265,Emissions Share (CH4),2016,2016,%,53.440000,E
100,'356,India,5085,Emissions from livestock,7265,Emissions Share (CH4),2017,2017,%,53.380000,E
100,'356,India,5085,Emissions from livestock,7265,Emissions Share (CH4),2018,2018,%,52.960000,E
100,'356,India,5085,Emissions from livestock,7265,Emissions Share (CH4),2019,2019,%,53.340000,E
100,'356,India,5085,Emissions from livestock,7265,Emissions Share (CH4),2020,2020,%,53.410000,E
100,'356,India,5085,Emissions from livestock,7265,Emissions Share (CH4),2021,2021,%,52.440000,E
100,'356,India,5085,Emissions from livestock,7265,Emissions Share (CH4),2022,2022,%,51.750000,E
100,'356,India,5085,Emissions from livestock,7265,Emissions Share (CH4),2023,2023,%,51.390000,E
100,'356,India,5085,Emissions from livestock,7266,Emissions Share (N2O),1990,1990,%,40.690000,E
100,'356,India,5085,Emissions from livestock,7266,Emissions Share (N2O),1991,1991,%,39.950000,E
100,'356,India,5085,Emissions from livestock,7266,Emissions Share (N2O),1992,1992,%,39.460000,E
100,'356,India,5085,Emissions from livestock,7266,Emissions Share (N2O),1993,1993,%,38.810000,E
100,'356,India,5085,Emissions from livestock,7266,Emissions Share (N2O),1994,1994,%,37.820000,E
100,'356,India,5085,Emissions from livestock,7266,Emissions Share (N2O),1995,1995,%,37.360000,E
100,'356,India,5085,Emissions from livestock,7266,Emissions Share (N2O),1996,1996,%,37.010000,E
100,'356,India,5085,Emissions from livestock,7266,Emissions Share (N2O),1997,1997,%,36.260000,E
100,'356,India,5085,Emissions from livestock,7266,Emissions Share (N2O),1998,1998,%,35.630000,E
100,'356,India,5085,Emissions from livestock,7266,Emissions Share (N2O),1999,1999,%,35.010000,E
100,'356,India,5085,Emissions from livestock,7266,Emissions Share (N2O),2000,2000,%,35.770000,E
100,'356,India,5085,Emissions from livestock,7266,Emissions Share (N2O),2001,2001,%,35.500000,E
100,'356,India,5085,Emissions from livestock,7266,Emissions Share (N2O),2002,2002,%,36.970000,E
100,'356,India,5085,Emissions from livestock,7266,Emissions Share (N2O),2003,2003,%,35.790000,E
100,'356,India,5085,Emissions from livestock,7266,Emissions Share (N2O),2004,2004,%,35.140000,E
100,'356,India,5085,Emissions from livestock,7266,Emissions Share (N2O),2005,2005,%,34.570000,E
100,'356,India,5085,Emissions from livestock,7266,Emissions Share (N2O),2006,2006,%,33.600000,E
100,'356,India,5085,Emissions from livestock,7266,Emissions Share (N2O),2007,2007,%,32.810000,E
100,'356,India,5085,Emissions from livestock,7266,Emissions Share (N2O),2008,2008,%,32.300000,E
100,'356,India,5085,Emissions from livestock,7266,Emissions Share (N2O),2009,2009,%,30.950000,E
100,'356,India,5085,Emissions from livestock,7266,Emissions Share (N2O),2010,2010,%,30.100000,E
100,'356,India,5085,Emissions from livestock,7266,Emissions Share (N2O),2011,2011,%,29.240000,E
100,'356,India,5085,Emissions from livestock,7266,Emissions Share (N2O),2012,2012,%,28.620000,E
100,'356,India,5085,Emissions from livestock,7266,Emissions Share (N2O),2013,2013,%,28.920000,E
100,'356,India,5085,Emissions from livestock,7266,Emissions Share (N2O),2014,2014,%,28.640000,E
100,'356,India,5085,Emissions from livestock,7266,Emissions Share (N2O),2015,2015,%,28.670000,E
100,'356,India,5085,Emissions from livestock,7266,Emissions Share (N2O),2016,2016,%,29.090000,E
100,'356,India,5085,Emissions from livestock,7266,Emissions Share (N2O),2017,2017,%,28.700000,E
100,'356,India,5085,Emissions from livestock,7266,Emissions Share (N2O),2018,2018,%,28.230000,E
100,'356,India,5085,Emissions from livestock,7266,Emissions Share (N2O),2019,2019,%,27.910000,E
100,'356,India,5085,Emissions from livestock,7266,Emissions Share (N2O),2020,2020,%,27.740000,E
100,'356,India,5085,Emissions from livestock,7266,Emissions Share (N2O),2021,2021,%,27.430000,E
100,'356,India,5085,Emissions from livestock,7266,Emissions Share (N2O),2022,2022,%,27.120000,E
100,'356,India,5085,Emissions from livestock,7266,Emissions Share (N2O),2023,2023,%,26.880000,E
100,'356,India,5085,Emissions from livestock,7279,Emissions per capita,1990,1990,t CO2eq/cap,0.480000,E
100,'356,India,5085,Emissions from livestock,7279,Emissions per capita,1991,1991,t CO2eq/cap,0.480000,E
100,'356,India,5085,Emissions from livestock,7279,Emissions per capita,1992,1992,t CO2eq/cap,0.470000,E
100,'356,India,5085,Emissions from livestock,7279,Emissions per capita,1993,1993,t CO2eq/cap,0.470000,E
100,'356,India,5085,Emissions from livestock,7279,Emissions per capita,1994,1994,t CO2eq/cap,0.460000,E
100,'356,India,5085,Emissions from livestock,7279,Emissions per capita,1995,1995,t CO2eq/cap,0.450000,E
100,'356,India,5085,Emissions from livestock,7279,Emissions per capita,1996,1996,t CO2eq/cap,0.450000,E
100,'356,India,5085,Emissions from livestock,7279,Emissions per capita,1997,1997,t CO2eq/cap,0.440000,E
100,'356,India,5085,Emissions from livestock,7279,Emissions per capita,1998,1998,t CO2eq/cap,0.430000,E
100,'356,India,5085,Emissions from livestock,7279,Emissions per capita,1999,1999,t CO2eq/cap,0.420000,E
100,'356,India,5085,Emissions from livestock,7279,Emissions per capita,2000,2000,t CO2eq/cap,0.420000,E
100,'356,India,5085,Emissions from livestock,7279,Emissions per capita,2001,2001,t CO2eq/cap,0.410000,E
100,'356,India,5085,Emissions from livestock,7279,Emissions per capita,2002,2002,t CO2eq/cap,0.400000,E
100,'356,India,5085,Emissions from livestock,7279,Emissions per capita,2003,2003,t CO2eq/cap,0.400000,E
100,'356,India,5085,Emissions from livestock,7279,Emissions per capita,2004,2004,t CO2eq/cap,0.400000,E
100,'356,India,5085,Emissions from livestock,7279,Emissions per capita,2005,2005,t CO2eq/cap,0.400000,E
100,'356,India,5085,Emissions from livestock,7279,Emissions per capita,2006,2006,t CO2eq/cap,0.400000,E
100,'356,India,5085,Emissions from livestock,7279,Emissions per capita,2007,2007,t CO2eq/cap,0.410000,E
100,'356,India,5085,Emissions from livestock,7279,Emissions per capita,2008,2008,t CO2eq/cap,0.400000,E
100,'356,India,5085,Emissions from livestock,7279,Emissions per capita,2009,2009,t CO2eq/cap,0.390000,E
100,'356,India,5085,Emissions from livestock,7279,Emissions per capita,2010,2010,t CO2eq/cap,0.390000,E
100,'356,India,5085,Emissions from livestock,7279,Emissions per capita,2011,2011,t CO2eq/cap,0.380000,E
100,'356,India,5085,Emissions from livestock,7279,Emissions per capita,2012,2012,t CO2eq/cap,0.380000,E
100,'356,India,5085,Emissions from livestock,7279,Emissions per capita,2013,2013,t CO2eq/cap,0.380000,E
100,'356,India,5085,Emissions from livestock,7279,Emissions per capita,2014,2014,t CO2eq/cap,0.370000,E
100,'356,India,5085,Emissions from livestock,7279,Emissions per capita,2015,2015,t CO2eq/cap,0.370000,E
100,'356,India,5085,Emissions from livestock,7279,Emissions per capita,2016,2016,t CO2eq/cap,0.370000,E
100,'356,India,5085,Emissions from livestock,7279,Emissions per capita,2017,2017,t CO2eq/cap,0.370000,E
100,'356,India,5085,Emissions from livestock,7279,Emissions per capita,2018,2018,t CO2eq/cap,0.370000,E
100,'356,India,5085,Emissions from livestock,7279,Emissions per capita,2019,2019,t CO2eq/cap,0.360000,E
100,'356,India,5085,Emissions from livestock,7279,Emissions per capita,2020,2020,t CO2eq/cap,0.360000,E
100,'356,India,5085,Emissions from livestock,7279,Emissions per capita,2021,2021,t CO2eq/cap,0.360000,E
100,'356,India,5085,Emissions from livestock,7279,Emissions per capita,2022,2022,t CO2eq/cap,0.360000,E
100,'356,India,5085,Emissions from livestock,7279,Emissions per capita,2023,2023,t CO2eq/cap,0.360000,E
100,'356,India,6824,AFOLU,726313,Emissions Share (CO2eq) (AR5),1990,1990,%,31.360000,E
100,'356,India,6824,AFOLU,726313,Emissions Share (CO2eq) (AR5),1991,1991,%,30.550000,E
100,'356,India,6824,AFOLU,726313,Emissions Share (CO2eq) (AR5),1992,1992,%,29.890000,E
100,'356,India,6824,AFOLU,726313,Emissions Share (CO2eq) (AR5),1993,1993,%,29.760000,E
100,'356,India,6824,AFOLU,726313,Emissions Share (CO2eq) (AR5),1994,1994,%,29.140000,E
100,'356,India,6824,AFOLU,726313,Emissions Share (CO2eq) (AR5),1995,1995,%,28.230000,E
100,'356,India,6824,AFOLU,726313,Emissions Share (CO2eq) (AR5),1996,1996,%,27.160000,E
100,'356,India,6824,AFOLU,726313,Emissions Share (CO2eq) (AR5),1997,1997,%,26.660000,E
100,'356,India,6824,AFOLU,726313,Emissions Share (CO2eq) (AR5),1998,1998,%,26.600000,E
100,'356,India,6824,AFOLU,726313,Emissions Share (CO2eq) (AR5),1999,1999,%,25.790000,E
100,'356,India,6824,AFOLU,726313,Emissions Share (CO2eq) (AR5),2000,2000,%,25.010000,E
100,'356,India,6824,AFOLU,726313,Emissions Share (CO2eq) (AR5),2001,2001,%,33.700000,E
100,'356,India,6824,AFOLU,726313,Emissions Share (CO2eq) (AR5),2002,2002,%,32.830000,E
100,'356,India,6824,AFOLU,726313,Emissions Share (CO2eq) (AR5),2003,2003,%,32.310000,E
100,'356,India,6824,AFOLU,726313,Emissions Share (CO2eq) (AR5),2004,2004,%,31.560000,E
100,'356,India,6824,AFOLU,726313,Emissions Share (CO2eq) (AR5),2005,2005,%,31.130000,E
100,'356,India,6824,AFOLU,726313,Emissions Share (CO2eq) (AR5),2006,2006,%,30.450000,E
100,'356,India,6824,AFOLU,726313,Emissions Share (CO2eq) (AR5),2007,2007,%,29.680000,E
100,'356,India,6824,AFOLU,726313,Emissions Share (CO2eq) (AR5),2008,2008,%,28.210000,E
100,'356,India,6824,AFOLU,726313,Emissions Share (CO2eq) (AR5),2009,2009,%,26.340000,E
100,'356,India,6824,AFOLU,726313,Emissions Share (CO2eq) (AR5),2010,2010,%,26.310000,E
100,'356,India,6824,AFOLU,726313,Emissions Share (CO2eq) (AR5),2011,2011,%,23.560000,E
100,'356,India,6824,AFOLU,726313,Emissions Share (CO2eq) (AR5),2012,2012,%,22.040000,E
100,'356,India,6824,AFOLU,726313,Emissions Share (CO2eq) (AR5),2013,2013,%,22.020000,E
100,'356,India,6824,AFOLU,726313,Emissions Share (CO2eq) (AR5),2014,2014,%,20.570000,E
100,'356,India,6824,AFOLU,726313,Emissions Share (CO2eq) (AR5),2015,2015,%,19.920000,E
100,'356,India,6824,AFOLU,726313,Emissions Share (CO2eq) (AR5),2016,2016,%,18.280000,E
100,'356,India,6824,AFOLU,726313,Emissions Share (CO2eq) (AR5),2017,2017,%,17.860000,E
100,'356,India,6824,AFOLU,726313,Emissions Share (CO2eq) (AR5),2018,2018,%,17.360000,E
100,'356,India,6824,AFOLU,726313,Emissions Share (CO2eq) (AR5),2019,2019,%,17.090000,E
100,'356,India,6824,AFOLU,726313,Emissions Share (CO2eq) (AR5),2020,2020,%,18.890000,E
100,'356,India,6824,AFOLU,726313,Emissions Share (CO2eq) (AR5),2021,2021,%,17.210000,E
100,'356,India,6824,AFOLU,726313,Emissions Share (CO2eq) (AR5),2022,2022,%,16.490000,E
100,'356,India,6824,AFOLU,726313,Emissions Share (CO2eq) (AR5),2023,2023,%,15.540000,E
100,'356,India,6824,AFOLU,7264,Emissions Share (CO2),1990,1990,%,-51.410000,E
100,'356,India,6824,AFOLU,7264,Emissions Share (CO2),1991,1991,%,-46.650000,E
100,'356,India,6824,AFOLU,7264,Emissions Share (CO2),1992,1992,%,-42.960000,E
100,'356,India,6824,AFOLU,7264,Emissions Share (CO2),1993,1993,%,-40.940000,E
100,'356,India,6824,AFOLU,7264,Emissions Share (CO2),1994,1994,%,-37.790000,E
100,'356,India,6824,AFOLU,7264,Emissions Share (CO2),1995,1995,%,-34.800000,E
100,'356,India,6824,AFOLU,7264,Emissions Share (CO2),1996,1996,%,-31.480000,E
100,'356,India,6824,AFOLU,7264,Emissions Share (CO2),1997,1997,%,-30.000000,E
100,'356,India,6824,AFOLU,7264,Emissions Share (CO2),1998,1998,%,-29.110000,E
100,'356,India,6824,AFOLU,7264,Emissions Share (CO2),1999,1999,%,-26.950000,E
100,'356,India,6824,AFOLU,7264,Emissions Share (CO2),2000,2000,%,-26.010000,E
100,'356,India,6824,AFOLU,7264,Emissions Share (CO2),2001,2001,%,0.330000,E
100,'356,India,6824,AFOLU,7264,Emissions Share (CO2),2002,2002,%,0.330000,E
100,'356,India,6824,AFOLU,7264,Emissions Share (CO2),2003,2003,%,0.310000,E
100,'356,India,6824,AFOLU,7264,Emissions Share (CO2),2004,2004,%,0.290000,E
100,'356,India,6824,AFOLU,7264,Emissions Share (CO2),2005,2005,%,0.280000,E
100,'356,India,6824,AFOLU,7264,Emissions Share (CO2),2006,2006,%,0.260000,E
100,'356,India,6824,AFOLU,7264,Emissions Share (CO2),2007,2007,%,0.240000,E
100,'356,India,6824,AFOLU,7264,Emissions Share (CO2),2008,2008,%,0.220000,E
100,'356,India,6824,AFOLU,7264,Emissions Share (CO2),2009,2009,%,0.200000,E
100,'356,India,6824,AFOLU,7264,Emissions Share (CO2),2010,2010,%,0.200000,E
100,'356,India,6824,AFOLU,7264,Emissions Share (CO2),2011,2011,%,-3.670000,E
100,'356,India,6824,AFOLU,7264,Emissions Share (CO2),2012,2012,%,-3.340000,E
100,'356,India,6824,AFOLU,7264,Emissions Share (CO2),2013,2013,%,-3.290000,E
100,'356,India,6824,AFOLU,7264,Emissions Share (CO2),2014,2014,%,-2.980000,E
100,'356,India,6824,AFOLU,7264,Emissions Share (CO2),2015,2015,%,-2.840000,E
100,'356,India,6824,AFOLU,7264,Emissions Share (CO2),2016,2016,%,-5.380000,E
100,'356,India,6824,AFOLU,7264,Emissions Share (CO2),2017,2017,%,-5.140000,E
100,'356,India,6824,AFOLU,7264,Emissions Share (CO2),2018,2018,%,-4.890000,E
100,'356,India,6824,AFOLU,7264,Emissions Share (CO2),2019,2019,%,-4.740000,E
100,'356,India,6824,AFOLU,7264,Emissions Share (CO2),2020,2020,%,-5.290000,E
100,'356,India,6824,AFOLU,7264,Emissions Share (CO2),2021,2021,%,-5.750000,E
100,'356,India,6824,AFOLU,7264,Emissions Share (CO2),2022,2022,%,-5.390000,E
100,'356,India,6824,AFOLU,7264,Emissions Share (CO2),2023,2023,%,-4.930000,E
100,'356,India,6824,AFOLU,7265,Emissions Share (CH4),1990,1990,%,76.010000,E
100,'356,India,6824,AFOLU,7265,Emissions Share (CH4),1991,1991,%,75.760000,E
100,'356,India,6824,AFOLU,7265,Emissions Share (CH4),1992,1992,%,75.610000,E
100,'356,India,6824,AFOLU,7265,Emissions Share (CH4),1993,1993,%,76.280000,E
100,'356,India,6824,AFOLU,7265,Emissions Share (CH4),1994,1994,%,76.130000,E
100,'356,India,6824,AFOLU,7265,Emissions Share (CH4),1995,1995,%,75.490000,E
100,'356,India,6824,AFOLU,7265,Emissions Share (CH4),1996,1996,%,75.280000,E
100,'356,India,6824,AFOLU,7265,Emissions Share (CH4),1997,1997,%,74.620000,E
100,'356,India,6824,AFOLU,7265,Emissions Share (CH4),1998,1998,%,74.880000,E
100,'356,India,6824,AFOLU,7265,Emissions Share (CH4),1999,1999,%,74.650000,E
100,'356,India,6824,AFOLU,7265,Emissions Share (CH4),2000,2000,%,74.310000,E
100,'356,India,6824,AFOLU,7265,Emissions Share (CH4),2001,2001,%,74.090000,E
100,'356,India,6824,AFOLU,7265,Emissions Share (CH4),2002,2002,%,73.370000,E
100,'356,India,6824,AFOLU,7265,Emissions Share (CH4),2003,2003,%,73.060000,E
100,'356,India,6824,AFOLU,7265,Emissions Share (CH4),2004,2004,%,72.770000,E
100,'356,India,6824,AFOLU,7265,Emissions Share (CH4),2005,2005,%,72.770000,E
100,'356,India,6824,AFOLU,7265,Emissions Share (CH4),2006,2006,%,72.620000,E
100,'356,India,6824,AFOLU,7265,Emissions Share (CH4),2007,2007,%,72.480000,E
100,'356,India,6824,AFOLU,7265,Emissions Share (CH4),2008,2008,%,71.770000,E
100,'356,India,6824,AFOLU,7265,Emissions Share (CH4),2009,2009,%,70.800000,E
100,'356,India,6824,AFOLU,7265,Emissions Share (CH4),2010,2010,%,70.580000,E
100,'356,India,6824,AFOLU,7265,Emissions Share (CH4),2011,2011,%,69.970000,E
100,'356,India,6824,AFOLU,7265,Emissions Share (CH4),2012,2012,%,69.420000,E
100,'356,India,6824,AFOLU,7265,Emissions Share (CH4),2013,2013,%,72.010000,E
100,'356,India,6824,AFOLU,7265,Emissions Share (CH4),2014,2014,%,71.350000,E
100,'356,India,6824,AFOLU,7265,Emissions Share (CH4),2015,2015,%,70.890000,E
100,'356,India,6824,AFOLU,7265,Emissions Share (CH4),2016,2016,%,70.810000,E
100,'356,India,6824,AFOLU,7265,Emissions Share (CH4),2017,2017,%,70.730000,E
100,'356,India,6824,AFOLU,7265,Emissions Share (CH4),2018,2018,%,70.100000,E
100,'356,India,6824,AFOLU,7265,Emissions Share (CH4),2019,2019,%,70.130000,E
100,'356,India,6824,AFOLU,7265,Emissions Share (CH4),2020,2020,%,70.730000,E
100,'356,India,6824,AFOLU,7265,Emissions Share (CH4),2021,2021,%,70.080000,E
100,'356,India,6824,AFOLU,7265,Emissions Share (CH4),2022,2022,%,69.200000,E
100,'356,India,6824,AFOLU,7265,Emissions Share (CH4),2023,2023,%,68.480000,E
100,'356,India,6824,AFOLU,7266,Emissions Share (N2O),1990,1990,%,82.060000,E
100,'356,India,6824,AFOLU,7266,Emissions Share (N2O),1991,1991,%,81.820000,E
100,'356,India,6824,AFOLU,7266,Emissions Share (N2O),1992,1992,%,81.790000,E
100,'356,India,6824,AFOLU,7266,Emissions Share (N2O),1993,1993,%,81.640000,E
100,'356,India,6824,AFOLU,7266,Emissions Share (N2O),1994,1994,%,81.700000,E
100,'356,India,6824,AFOLU,7266,Emissions Share (N2O),1995,1995,%,81.420000,E
100,'356,India,6824,AFOLU,7266,Emissions Share (N2O),1996,1996,%,81.150000,E
100,'356,India,6824,AFOLU,7266,Emissions Share (N2O),1997,1997,%,81.330000,E
100,'356,India,6824,AFOLU,7266,Emissions Share (N2O),1998,1998,%,81.260000,E
100,'356,India,6824,AFOLU,7266,Emissions Share (N2O),1999,1999,%,80.900000,E
100,'356,India,6824,AFOLU,7266,Emissions Share (N2O),2000,2000,%,80.290000,E
100,'356,India,6824,AFOLU,7266,Emissions Share (N2O),2001,2001,%,80.650000,E
100,'356,India,6824,AFOLU,7266,Emissions Share (N2O),2002,2002,%,79.910000,E
100,'356,India,6824,AFOLU,7266,Emissions Share (N2O),2003,2003,%,80.440000,E
100,'356,India,6824,AFOLU,7266,Emissions Share (N2O),2004,2004,%,80.340000,E
100,'356,India,6824,AFOLU,7266,Emissions Share (N2O),2005,2005,%,80.630000,E
100,'356,India,6824,AFOLU,7266,Emissions Share (N2O),2006,2006,%,80.420000,E
100,'356,India,6824,AFOLU,7266,Emissions Share (N2O),2007,2007,%,79.830000,E
100,'356,India,6824,AFOLU,7266,Emissions Share (N2O),2008,2008,%,79.330000,E
100,'356,India,6824,AFOLU,7266,Emissions Share (N2O),2009,2009,%,78.700000,E
100,'356,India,6824,AFOLU,7266,Emissions Share (N2O),2010,2010,%,78.610000,E
100,'356,India,6824,AFOLU,7266,Emissions Share (N2O),2011,2011,%,77.960000,E
100,'356,India,6824,AFOLU,7266,Emissions Share (N2O),2012,2012,%,76.350000,E
100,'356,India,6824,AFOLU,7266,Emissions Share (N2O),2013,2013,%,75.710000,E
100,'356,India,6824,AFOLU,7266,Emissions Share (N2O),2014,2014,%,74.980000,E
100,'356,India,6824,AFOLU,7266,Emissions Share (N2O),2015,2015,%,74.970000,E
100,'356,India,6824,AFOLU,7266,Emissions Share (N2O),2016,2016,%,74.760000,E
100,'356,India,6824,AFOLU,7266,Emissions Share (N2O),2017,2017,%,74.600000,E
100,'356,India,6824,AFOLU,7266,Emissions Share (N2O),2018,2018,%,74.170000,E
100,'356,India,6824,AFOLU,7266,Emissions Share (N2O),2019,2019,%,74.920000,E
100,'356,India,6824,AFOLU,7266,Emissions Share (N2O),2020,2020,%,76.920000,E
100,'356,India,6824,AFOLU,7266,Emissions Share (N2O),2021,2021,%,75.560000,E
100,'356,India,6824,AFOLU,7266,Emissions Share (N2O),2022,2022,%,74.770000,E
100,'356,India,6824,AFOLU,7266,Emissions Share (N2O),2023,2023,%,74.050000,E
100,'356,India,6824,AFOLU,7279,Emissions per capita,1990,1990,t CO2eq/cap,0.450000,E
100,'356,India,6824,AFOLU,7279,Emissions per capita,1991,1991,t CO2eq/cap,0.440000,E
100,'356,India,6824,AFOLU,7279,Emissions per capita,1992,1992,t CO2eq/cap,0.440000,E
100,'356,India,6824,AFOLU,7279,Emissions per capita,1993,1993,t CO2eq/cap,0.440000,E
100,'356,India,6824,AFOLU,7279,Emissions per capita,1994,1994,t CO2eq/cap,0.440000,E
100,'356,India,6824,AFOLU,7279,Emissions per capita,1995,1995,t CO2eq/cap,0.440000,E
100,'356,India,6824,AFOLU,7279,Emissions per capita,1996,1996,t CO2eq/cap,0.430000,E
100,'356,India,6824,AFOLU,7279,Emissions per capita,1997,1997,t CO2eq/cap,0.430000,E
100,'356,India,6824,AFOLU,7279,Emissions per capita,1998,1998,t CO2eq/cap,0.430000,E
100,'356,India,6824,AFOLU,7279,Emissions per capita,1999,1999,t CO2eq/cap,0.420000,E
100,'356,India,6824,AFOLU,7279,Emissions per capita,2000,2000,t CO2eq/cap,0.410000,E
100,'356,India,6824,AFOLU,7279,Emissions per capita,2001,2001,t CO2eq/cap,0.620000,E
100,'356,India,6824,AFOLU,7279,Emissions per capita,2002,2002,t CO2eq/cap,0.590000,E
100,'356,India,6824,AFOLU,7279,Emissions per capita,2003,2003,t CO2eq/cap,0.590000,E
100,'356,India,6824,AFOLU,7279,Emissions per capita,2004,2004,t CO2eq/cap,0.590000,E
100,'356,India,6824,AFOLU,7279,Emissions per capita,2005,2005,t CO2eq/cap,0.600000,E
100,'356,India,6824,AFOLU,7279,Emissions per capita,2006,2006,t CO2eq/cap,0.600000,E
100,'356,India,6824,AFOLU,7279,Emissions per capita,2007,2007,t CO2eq/cap,0.610000,E
100,'356,India,6824,AFOLU,7279,Emissions per capita,2008,2008,t CO2eq/cap,0.600000,E
100,'356,India,6824,AFOLU,7279,Emissions per capita,2009,2009,t CO2eq/cap,0.600000,E
100,'356,India,6824,AFOLU,7279,Emissions per capita,2010,2010,t CO2eq/cap,0.590000,E
100,'356,India,6824,AFOLU,7279,Emissions per capita,2011,2011,t CO2eq/cap,0.530000,E
100,'356,India,6824,AFOLU,7279,Emissions per capita,2012,2012,t CO2eq/cap,0.530000,E
100,'356,India,6824,AFOLU,7279,Emissions per capita,2013,2013,t CO2eq/cap,0.520000,E
100,'356,India,6824,AFOLU,7279,Emissions per capita,2014,2014,t CO2eq/cap,0.520000,E
100,'356,India,6824,AFOLU,7279,Emissions per capita,2015,2015,t CO2eq/cap,0.510000,E
100,'356,India,6824,AFOLU,7279,Emissions per capita,2016,2016,t CO2eq/cap,0.460000,E
100,'356,India,6824,AFOLU,7279,Emissions per capita,2017,2017,t CO2eq/cap,0.460000,E
100,'356,India,6824,AFOLU,7279,Emissions per capita,2018,2018,t CO2eq/cap,0.460000,E
100,'356,India,6824,AFOLU,7279,Emissions per capita,2019,2019,t CO2eq/cap,0.460000,E
100,'356,India,6824,AFOLU,7279,Emissions per capita,2020,2020,t CO2eq/cap,0.470000,E
100,'356,India,6824,AFOLU,7279,Emissions per capita,2021,2021,t CO2eq/cap,0.460000,E
100,'356,India,6824,AFOLU,7279,Emissions per capita,2022,2022,t CO2eq/cap,0.460000,E
100,'356,India,6824,AFOLU,7279,Emissions per capita,2023,2023,t CO2eq/cap,0.460000,E
100,'356,India,1711,IPCC Agriculture,726313,Emissions Share (CO2eq) (AR5),1990,1990,%,49.080000,E
100,'356,India,1711,IPCC Agriculture,726313,Emissions Share (CO2eq) (AR5),1991,1991,%,47.500000,E
100,'356,India,1711,IPCC Agriculture,726313,Emissions Share (CO2eq) (AR5),1992,1992,%,46.210000,E
100,'356,India,1711,IPCC Agriculture,726313,Emissions Share (CO2eq) (AR5),1993,1993,%,45.740000,E
100,'356,India,1711,IPCC Agriculture,726313,Emissions Share (CO2eq) (AR5),1994,1994,%,44.490000,E
100,'356,India,1711,IPCC Agriculture,726313,Emissions Share (CO2eq) (AR5),1995,1995,%,42.940000,E
100,'356,India,1711,IPCC Agriculture,726313,Emissions Share (CO2eq) (AR5),1996,1996,%,41.330000,E
100,'356,India,1711,IPCC Agriculture,726313,Emissions Share (CO2eq) (AR5),1997,1997,%,40.430000,E
100,'356,India,1711,IPCC Agriculture,726313,Emissions Share (CO2eq) (AR5),1998,1998,%,40.110000,E
100,'356,India,1711,IPCC Agriculture,726313,Emissions Share (CO2eq) (AR5),1999,1999,%,38.640000,E
100,'356,India,1711,IPCC Agriculture,726313,Emissions Share (CO2eq) (AR5),2000,2000,%,37.730000,E
100,'356,India,1711,IPCC Agriculture,726313,Emissions Share (CO2eq) (AR5),2001,2001,%,33.470000,E
100,'356,India,1711,IPCC Agriculture,726313,Emissions Share (CO2eq) (AR5),2002,2002,%,32.610000,E
100,'356,India,1711,IPCC Agriculture,726313,Emissions Share (CO2eq) (AR5),2003,2003,%,31.980000,E
100,'356,India,1711,IPCC Agriculture,726313,Emissions Share (CO2eq) (AR5),2004,2004,%,31.150000,E
100,'356,India,1711,IPCC Agriculture,726313,Emissions Share (CO2eq) (AR5),2005,2005,%,30.830000,E
100,'356,India,1711,IPCC Agriculture,726313,Emissions Share (CO2eq) (AR5),2006,2006,%,30.140000,E
100,'356,India,1711,IPCC Agriculture,726313,Emissions Share (CO2eq) (AR5),2007,2007,%,29.310000,E
100,'356,India,1711,IPCC Agriculture,726313,Emissions Share (CO2eq) (AR5),2008,2008,%,27.950000,E
100,'356,India,1711,IPCC Agriculture,726313,Emissions Share (CO2eq) (AR5),2009,2009,%,25.830000,E
100,'356,India,1711,IPCC Agriculture,726313,Emissions Share (CO2eq) (AR5),2010,2010,%,25.870000,E
100,'356,India,1711,IPCC Agriculture,726313,Emissions Share (CO2eq) (AR5),2011,2011,%,25.720000,E
100,'356,India,1711,IPCC Agriculture,726313,Emissions Share (CO2eq) (AR5),2012,2012,%,23.870000,E
100,'356,India,1711,IPCC Agriculture,726313,Emissions Share (CO2eq) (AR5),2013,2013,%,23.980000,E
100,'356,India,1711,IPCC Agriculture,726313,Emissions Share (CO2eq) (AR5),2014,2014,%,22.430000,E
100,'356,India,1711,IPCC Agriculture,726313,Emissions Share (CO2eq) (AR5),2015,2015,%,21.760000,E
100,'356,India,1711,IPCC Agriculture,726313,Emissions Share (CO2eq) (AR5),2016,2016,%,21.810000,E
100,'356,India,1711,IPCC Agriculture,726313,Emissions Share (CO2eq) (AR5),2017,2017,%,21.180000,E
100,'356,India,1711,IPCC Agriculture,726313,Emissions Share (CO2eq) (AR5),2018,2018,%,20.590000,E
100,'356,India,1711,IPCC Agriculture,726313,Emissions Share (CO2eq) (AR5),2019,2019,%,20.300000,E
100,'356,India,1711,IPCC Agriculture,726313,Emissions Share (CO2eq) (AR5),2020,2020,%,22.390000,E
100,'356,India,1711,IPCC Agriculture,726313,Emissions Share (CO2eq) (AR5),2021,2021,%,20.870000,E
100,'356,India,1711,IPCC Agriculture,726313,Emissions Share (CO2eq) (AR5),2022,2022,%,20.140000,E
100,'356,India,1711,IPCC Agriculture,726313,Emissions Share (CO2eq) (AR5),2023,2023,%,18.970000,E
100,'356,India,1711,IPCC Agriculture,7265,Emissions Share (CH4),1990,1990,%,75.620000,E
100,'356,India,1711,IPCC Agriculture,7265,Emissions Share (CH4),1991,1991,%,75.380000,E
100,'356,India,1711,IPCC Agriculture,7265,Emissions Share (CH4),1992,1992,%,75.230000,E
100,'356,India,1711,IPCC Agriculture,7265,Emissions Share (CH4),1993,1993,%,75.890000,E
100,'356,India,1711,IPCC Agriculture,7265,Emissions Share (CH4),1994,1994,%,75.750000,E
100,'356,India,1711,IPCC Agriculture,7265,Emissions Share (CH4),1995,1995,%,75.110000,E
100,'356,India,1711,IPCC Agriculture,7265,Emissions Share (CH4),1996,1996,%,75.070000,E
100,'356,India,1711,IPCC Agriculture,7265,Emissions Share (CH4),1997,1997,%,74.450000,E
100,'356,India,1711,IPCC Agriculture,7265,Emissions Share (CH4),1998,1998,%,74.700000,E
100,'356,India,1711,IPCC Agriculture,7265,Emissions Share (CH4),1999,1999,%,74.280000,E
100,'356,India,1711,IPCC Agriculture,7265,Emissions Share (CH4),2000,2000,%,74.100000,E
100,'356,India,1711,IPCC Agriculture,7265,Emissions Share (CH4),2001,2001,%,74.020000,E
100,'356,India,1711,IPCC Agriculture,7265,Emissions Share (CH4),2002,2002,%,73.320000,E
100,'356,India,1711,IPCC Agriculture,7265,Emissions Share (CH4),2003,2003,%,72.820000,E
100,'356,India,1711,IPCC Agriculture,7265,Emissions Share (CH4),2004,2004,%,72.370000,E
100,'356,India,1711,IPCC Agriculture,7265,Emissions Share (CH4),2005,2005,%,72.530000,E
100,'356,India,1711,IPCC Agriculture,7265,Emissions Share (CH4),2006,2006,%,72.370000,E
100,'356,India,1711,IPCC Agriculture,7265,Emissions Share (CH4),2007,2007,%,72.080000,E
100,'356,India,1711,IPCC Agriculture,7265,Emissions Share (CH4),2008,2008,%,71.540000,E
100,'356,India,1711,IPCC Agriculture,7265,Emissions Share (CH4),2009,2009,%,70.060000,E
100,'356,India,1711,IPCC Agriculture,7265,Emissions Share (CH4),2010,2010,%,69.970000,E
100,'356,India,1711,IPCC Agriculture,7265,Emissions Share (CH4),2011,2011,%,69.670000,E
100,'356,India,1711,IPCC Agriculture,7265,Emissions Share (CH4),2012,2012,%,68.720000,E
100,'356,India,1711,IPCC Agriculture,7265,Emissions Share (CH4),2013,2013,%,71.580000,E
100,'356,India,1711,IPCC Agriculture,7265,Emissions Share (CH4),2014,2014,%,71.010000,E
100,'356,India,1711,IPCC Agriculture,7265,Emissions Share (CH4),2015,2015,%,70.640000,E
100,'356,India,1711,IPCC Agriculture,7265,Emissions Share (CH4),2016,2016,%,70.480000,E
100,'356,India,1711,IPCC Agriculture,7265,Emissions Share (CH4),2017,2017,%,70.210000,E
100,'356,India,1711,IPCC Agriculture,7265,Emissions Share (CH4),2018,2018,%,69.680000,E
100,'356,India,1711,IPCC Agriculture,7265,Emissions Share (CH4),2019,2019,%,69.880000,E
100,'356,India,1711,IPCC Agriculture,7265,Emissions Share (CH4),2020,2020,%,70.600000,E
100,'356,India,1711,IPCC Agriculture,7265,Emissions Share (CH4),2021,2021,%,69.370000,E
100,'356,India,1711,IPCC Agriculture,7265,Emissions Share (CH4),2022,2022,%,68.910000,E
100,'356,India,1711,IPCC Agriculture,7265,Emissions Share (CH4),2023,2023,%,68.280000,E
100,'356,India,1711,IPCC Agriculture,7266,Emissions Share (N2O),1990,1990,%,80.680000,E
100,'356,India,1711,IPCC Agriculture,7266,Emissions Share (N2O),1991,1991,%,80.480000,E
100,'356,India,1711,IPCC Agriculture,7266,Emissions Share (N2O),1992,1992,%,80.490000,E
100,'356,India,1711,IPCC Agriculture,7266,Emissions Share (N2O),1993,1993,%,80.370000,E
100,'356,India,1711,IPCC Agriculture,7266,Emissions Share (N2O),1994,1994,%,80.470000,E
100,'356,India,1711,IPCC Agriculture,7266,Emissions Share (N2O),1995,1995,%,80.220000,E
100,'356,India,1711,IPCC Agriculture,7266,Emissions Share (N2O),1996,1996,%,80.920000,E
100,'356,India,1711,IPCC Agriculture,7266,Emissions Share (N2O),1997,1997,%,81.140000,E
100,'356,India,1711,IPCC Agriculture,7266,Emissions Share (N2O),1998,1998,%,81.060000,E
100,'356,India,1711,IPCC Agriculture,7266,Emissions Share (N2O),1999,1999,%,80.500000,E
100,'356,India,1711,IPCC Agriculture,7266,Emissions Share (N2O),2000,2000,%,80.060000,E
100,'356,India,1711,IPCC Agriculture,7266,Emissions Share (N2O),2001,2001,%,80.410000,E
100,'356,India,1711,IPCC Agriculture,7266,Emissions Share (N2O),2002,2002,%,79.740000,E
100,'356,India,1711,IPCC Agriculture,7266,Emissions Share (N2O),2003,2003,%,79.610000,E
100,'356,India,1711,IPCC Agriculture,7266,Emissions Share (N2O),2004,2004,%,79.060000,E
100,'356,India,1711,IPCC Agriculture,7266,Emissions Share (N2O),2005,2005,%,79.880000,E
100,'356,India,1711,IPCC Agriculture,7266,Emissions Share (N2O),2006,2006,%,79.640000,E
100,'356,India,1711,IPCC Agriculture,7266,Emissions Share (N2O),2007,2007,%,78.630000,E
100,'356,India,1711,IPCC Agriculture,7266,Emissions Share (N2O),2008,2008,%,78.640000,E
100,'356,India,1711,IPCC Agriculture,7266,Emissions Share (N2O),2009,2009,%,76.570000,E
100,'356,India,1711,IPCC Agriculture,7266,Emissions Share (N2O),2010,2010,%,76.910000,E
100,'356,India,1711,IPCC Agriculture,7266,Emissions Share (N2O),2011,2011,%,77.140000,E
100,'356,India,1711,IPCC Agriculture,7266,Emissions Share (N2O),2012,2012,%,74.450000,E
100,'356,India,1711,IPCC Agriculture,7266,Emissions Share (N2O),2013,2013,%,74.580000,E
100,'356,India,1711,IPCC Agriculture,7266,Emissions Share (N2O),2014,2014,%,74.070000,E
100,'356,India,1711,IPCC Agriculture,7266,Emissions Share (N2O),2015,2015,%,74.310000,E
100,'356,India,1711,IPCC Agriculture,7266,Emissions Share (N2O),2016,2016,%,73.890000,E
100,'356,India,1711,IPCC Agriculture,7266,Emissions Share (N2O),2017,2017,%,73.260000,E
100,'356,India,1711,IPCC Agriculture,7266,Emissions Share (N2O),2018,2018,%,73.080000,E
100,'356,India,1711,IPCC Agriculture,7266,Emissions Share (N2O),2019,2019,%,74.290000,E
100,'356,India,1711,IPCC Agriculture,7266,Emissions Share (N2O),2020,2020,%,76.600000,E
100,'356,India,1711,IPCC Agriculture,7266,Emissions Share (N2O),2021,2021,%,73.780000,E
100,'356,India,1711,IPCC Agriculture,7266,Emissions Share (N2O),2022,2022,%,74.050000,E
100,'356,India,1711,IPCC Agriculture,7266,Emissions Share (N2O),2023,2023,%,73.570000,E
100,'356,India,1711,IPCC Agriculture,7279,Emissions per capita,1990,1990,t CO2eq/cap,0.700000,E
100,'356,India,1711,IPCC Agriculture,7279,Emissions per capita,1991,1991,t CO2eq/cap,0.690000,E
100,'356,India,1711,IPCC Agriculture,7279,Emissions per capita,1992,1992,t CO2eq/cap,0.680000,E
100,'356,India,1711,IPCC Agriculture,7279,Emissions per capita,1993,1993,t CO2eq/cap,0.680000,E
100,'356,India,1711,IPCC Agriculture,7279,Emissions per capita,1994,1994,t CO2eq/cap,0.670000,E
100,'356,India,1711,IPCC Agriculture,7279,Emissions per capita,1995,1995,t CO2eq/cap,0.660000,E
100,'356,India,1711,IPCC Agriculture,7279,Emissions per capita,1996,1996,t CO2eq/cap,0.660000,E
100,'356,India,1711,IPCC Agriculture,7279,Emissions per capita,1997,1997,t CO2eq/cap,0.650000,E
100,'356,India,1711,IPCC Agriculture,7279,Emissions per capita,1998,1998,t CO2eq/cap,0.640000,E
100,'356,India,1711,IPCC Agriculture,7279,Emissions per capita,1999,1999,t CO2eq/cap,0.640000,E
100,'356,India,1711,IPCC Agriculture,7279,Emissions per capita,2000,2000,t CO2eq/cap,0.620000,E
100,'356,India,1711,IPCC Agriculture,7279,Emissions per capita,2001,2001,t CO2eq/cap,0.610000,E
100,'356,India,1711,IPCC Agriculture,7279,Emissions per capita,2002,2002,t CO2eq/cap,0.590000,E
100,'356,India,1711,IPCC Agriculture,7279,Emissions per capita,2003,2003,t CO2eq/cap,0.590000,E
100,'356,India,1711,IPCC Agriculture,7279,Emissions per capita,2004,2004,t CO2eq/cap,0.580000,E
100,'356,India,1711,IPCC Agriculture,7279,Emissions per capita,2005,2005,t CO2eq/cap,0.590000,E
100,'356,India,1711,IPCC Agriculture,7279,Emissions per capita,2006,2006,t CO2eq/cap,0.600000,E
100,'356,India,1711,IPCC Agriculture,7279,Emissions per capita,2007,2007,t CO2eq/cap,0.600000,E
100,'356,India,1711,IPCC Agriculture,7279,Emissions per capita,2008,2008,t CO2eq/cap,0.600000,E
100,'356,India,1711,IPCC Agriculture,7279,Emissions per capita,2009,2009,t CO2eq/cap,0.580000,E
100,'356,India,1711,IPCC Agriculture,7279,Emissions per capita,2010,2010,t CO2eq/cap,0.580000,E
100,'356,India,1711,IPCC Agriculture,7279,Emissions per capita,2011,2011,t CO2eq/cap,0.580000,E
100,'356,India,1711,IPCC Agriculture,7279,Emissions per capita,2012,2012,t CO2eq/cap,0.570000,E
100,'356,India,1711,IPCC Agriculture,7279,Emissions per capita,2013,2013,t CO2eq/cap,0.570000,E
100,'356,India,1711,IPCC Agriculture,7279,Emissions per capita,2014,2014,t CO2eq/cap,0.560000,E
100,'356,India,1711,IPCC Agriculture,7279,Emissions per capita,2015,2015,t CO2eq/cap,0.560000,E
100,'356,India,1711,IPCC Agriculture,7279,Emissions per capita,2016,2016,t CO2eq/cap,0.550000,E
100,'356,India,1711,IPCC Agriculture,7279,Emissions per capita,2017,2017,t CO2eq/cap,0.550000,E
100,'356,India,1711,IPCC Agriculture,7279,Emissions per capita,2018,2018,t CO2eq/cap,0.550000,E
100,'356,India,1711,IPCC Agriculture,7279,Emissions per capita,2019,2019,t CO2eq/cap,0.550000,E
100,'356,India,1711,IPCC Agriculture,7279,Emissions per capita,2020,2020,t CO2eq/cap,0.560000,E
100,'356,India,1711,IPCC Agriculture,7279,Emissions per capita,2021,2021,t CO2eq/cap,0.560000,E
100,'356,India,1711,IPCC Agriculture,7279,Emissions per capita,2022,2022,t CO2eq/cap,0.560000,E
100,'356,India,1711,IPCC Agriculture,7279,Emissions per capita,2023,2023,t CO2eq/cap,0.560000,E
100,'356,India,1711,IPCC Agriculture,72791,Emissions per value of agricultural production,1990,1990,kg CO2eq/Int$,3.280000,E
100,'356,India,1711,IPCC Agriculture,72791,Emissions per value of agricultural production,1991,1991,kg CO2eq/Int$,3.240000,E
100,'356,India,1711,IPCC Agriculture,72791,Emissions per value of agricultural production,1992,1992,kg CO2eq/Int$,3.150000,E
100,'356,India,1711,IPCC Agriculture,72791,Emissions per value of agricultural production,1993,1993,kg CO2eq/Int$,3.110000,E
100,'356,India,1711,IPCC Agriculture,72791,Emissions per value of agricultural production,1994,1994,kg CO2eq/Int$,3.050000,E
100,'356,India,1711,IPCC Agriculture,72791,Emissions per value of agricultural production,1995,1995,kg CO2eq/Int$,2.990000,E
100,'356,India,1711,IPCC Agriculture,72791,Emissions per value of agricultural production,1996,1996,kg CO2eq/Int$,2.910000,E
100,'356,India,1711,IPCC Agriculture,72791,Emissions per value of agricultural production,1997,1997,kg CO2eq/Int$,2.870000,E
100,'356,India,1711,IPCC Agriculture,72791,Emissions per value of agricultural production,1998,1998,kg CO2eq/Int$,2.850000,E
100,'356,India,1711,IPCC Agriculture,72791,Emissions per value of agricultural production,1999,1999,kg CO2eq/Int$,2.740000,E
100,'356,India,1711,IPCC Agriculture,72791,Emissions per value of agricultural production,2000,2000,kg CO2eq/Int$,2.750000,E
100,'356,India,1711,IPCC Agriculture,72791,Emissions per value of agricultural production,2001,2001,kg CO2eq/Int$,2.690000,E
100,'356,India,1711,IPCC Agriculture,72791,Emissions per value of agricultural production,2002,2002,kg CO2eq/Int$,2.830000,E
100,'356,India,1711,IPCC Agriculture,72791,Emissions per value of agricultural production,2003,2003,kg CO2eq/Int$,2.610000,E
100,'356,India,1711,IPCC Agriculture,72791,Emissions per value of agricultural production,2004,2004,kg CO2eq/Int$,2.670000,E
100,'356,India,1711,IPCC Agriculture,72791,Emissions per value of agricultural production,2005,2005,kg CO2eq/Int$,2.600000,E
100,'356,India,1711,IPCC Agriculture,72791,Emissions per value of agricultural production,2006,2006,kg CO2eq/Int$,2.520000,E
100,'356,India,1711,IPCC Agriculture,72791,Emissions per value of agricultural production,2007,2007,kg CO2eq/Int$,2.380000,E
100,'356,India,1711,IPCC Agriculture,72791,Emissions per value of agricultural production,2008,2008,kg CO2eq/Int$,2.370000,E
100,'356,India,1711,IPCC Agriculture,72791,Emissions per value of agricultural production,2009,2009,kg CO2eq/Int$,2.390000,E
100,'356,India,1711,IPCC Agriculture,72791,Emissions per value of agricultural production,2010,2010,kg CO2eq/Int$,2.190000,E
100,'356,India,1711,IPCC Agriculture,72791,Emissions per value of agricultural production,2011,2011,kg CO2eq/Int$,2.080000,E
100,'356,India,1711,IPCC Agriculture,72791,Emissions per value of agricultural production,2012,2012,kg CO2eq/Int$,2.020000,E
100,'356,India,1711,IPCC Agriculture,72791,Emissions per value of agricultural production,2013,2013,kg CO2eq/Int$,1.940000,E
100,'356,India,1711,IPCC Agriculture,72791,Emissions per value of agricultural production,2014,2014,kg CO2eq/Int$,1.900000,E
100,'356,India,1711,IPCC Agriculture,72791,Emissions per value of agricultural production,2015,2015,kg CO2eq/Int$,1.930000,E
100,'356,India,1711,IPCC Agriculture,72791,Emissions per value of agricultural production,2016,2016,kg CO2eq/Int$,1.860000,E
100,'356,India,1711,IPCC Agriculture,72791,Emissions per value of agricultural production,2017,2017,kg CO2eq/Int$,1.760000,E
100,'356,India,1711,IPCC Agriculture,72791,Emissions per value of agricultural production,2018,2018,kg CO2eq/Int$,1.720000,E
100,'356,India,1711,IPCC Agriculture,72791,Emissions per value of agricultural production,2019,2019,kg CO2eq/Int$,1.690000,E
100,'356,India,1711,IPCC Agriculture,72791,Emissions per value of agricultural production,2020,2020,kg CO2eq/Int$,1.690000,E
100,'356,India,1711,IPCC Agriculture,72791,Emissions per value of agricultural production,2021,2021,kg CO2eq/Int$,1.610000,E
100,'356,India,1711,IPCC Agriculture,72791,Emissions per value of agricultural production,2022,2022,kg CO2eq/Int$,1.580000,E
100,'356,India,1711,IPCC Agriculture,72791,Emissions per value of agricultural production,2023,2023,kg CO2eq/Int$,1.550000,E
100,'356,India,1711,IPCC Agriculture,72792,Emissions per area of agricultural land,1990,1990,t CO2eq/ha,3.330000,E
100,'356,India,1711,IPCC Agriculture,72792,Emissions per area of agricultural land,1991,1991,t CO2eq/ha,3.360000,E
100,'356,India,1711,IPCC Agriculture,72792,Emissions per area of agricultural land,1992,1992,t CO2eq/ha,3.400000,E
100,'356,India,1711,IPCC Agriculture,72792,Emissions per area of agricultural land,1993,1993,t CO2eq/ha,3.440000,E
100,'356,India,1711,IPCC Agriculture,72792,Emissions per area of agricultural land,1994,1994,t CO2eq/ha,3.480000,E
100,'356,India,1711,IPCC Agriculture,72792,Emissions per area of agricultural land,1995,1995,t CO2eq/ha,3.520000,E
100,'356,India,1711,IPCC Agriculture,72792,Emissions per area of agricultural land,1996,1996,t CO2eq/ha,3.560000,E
100,'356,India,1711,IPCC Agriculture,72792,Emissions per area of agricultural land,1997,1997,t CO2eq/ha,3.580000,E
100,'356,India,1711,IPCC Agriculture,72792,Emissions per area of agricultural land,1998,1998,t CO2eq/ha,3.630000,E
100,'356,India,1711,IPCC Agriculture,72792,Emissions per area of agricultural land,1999,1999,t CO2eq/ha,3.640000,E
100,'356,India,1711,IPCC Agriculture,72792,Emissions per area of agricultural land,2000,2000,t CO2eq/ha,3.620000,E
100,'356,India,1711,IPCC Agriculture,72792,Emissions per area of agricultural land,2001,2001,t CO2eq/ha,3.650000,E
100,'356,India,1711,IPCC Agriculture,72792,Emissions per area of agricultural land,2002,2002,t CO2eq/ha,3.560000,E
100,'356,India,1711,IPCC Agriculture,72792,Emissions per area of agricultural land,2003,2003,t CO2eq/ha,3.630000,E
100,'356,India,1711,IPCC Agriculture,72792,Emissions per area of agricultural land,2004,2004,t CO2eq/ha,3.680000,E
100,'356,India,1711,IPCC Agriculture,72792,Emissions per area of agricultural land,2005,2005,t CO2eq/ha,3.800000,E
100,'356,India,1711,IPCC Agriculture,72792,Emissions per area of agricultural land,2006,2006,t CO2eq/ha,3.880000,E
100,'356,India,1711,IPCC Agriculture,72792,Emissions per area of agricultural land,2007,2007,t CO2eq/ha,3.990000,E
100,'356,India,1711,IPCC Agriculture,72792,Emissions per area of agricultural land,2008,2008,t CO2eq/ha,4.030000,E
100,'356,India,1711,IPCC Agriculture,72792,Emissions per area of agricultural land,2009,2009,t CO2eq/ha,3.980000,E
100,'356,India,1711,IPCC Agriculture,72792,Emissions per area of agricultural land,2010,2010,t CO2eq/ha,4.040000,E
100,'356,India,1711,IPCC Agriculture,72792,Emissions per area of agricultural land,2011,2011,t CO2eq/ha,4.100000,E
100,'356,India,1711,IPCC Agriculture,72792,Emissions per area of agricultural land,2012,2012,t CO2eq/ha,4.060000,E
100,'356,India,1711,IPCC Agriculture,72792,Emissions per area of agricultural land,2013,2013,t CO2eq/ha,4.090000,E
100,'356,India,1711,IPCC Agriculture,72792,Emissions per area of agricultural land,2014,2014,t CO2eq/ha,4.100000,E
100,'356,India,1711,IPCC Agriculture,72792,Emissions per area of agricultural land,2015,2015,t CO2eq/ha,4.120000,E
100,'356,India,1711,IPCC Agriculture,72792,Emissions per area of agricultural land,2016,2016,t CO2eq/ha,4.140000,E
100,'356,India,1711,IPCC Agriculture,72792,Emissions per area of agricultural land,2017,2017,t CO2eq/ha,4.180000,E
100,'356,India,1711,IPCC Agriculture,72792,Emissions per area of agricultural land,2018,2018,t CO2eq/ha,4.230000,E
100,'356,India,1711,IPCC Agriculture,72792,Emissions per area of agricultural land,2019,2019,t CO2eq/ha,4.280000,E
100,'356,India,1711,IPCC Agriculture,72792,Emissions per area of agricultural land,2020,2020,t CO2eq/ha,4.410000,E
100,'356,India,1711,IPCC Agriculture,72792,Emissions per area of agricultural land,2021,2021,t CO2eq/ha,4.430000,E
100,'356,India,1711,IPCC Agriculture,72792,Emissions per area of agricultural land,2022,2022,t CO2eq/ha,4.490000,E
100,'356,India,1711,IPCC Agriculture,72792,Emissions per area of agricultural land,2023,2023,t CO2eq/ha,4.530000,E
100,'356,India,1707,LULUCF,726313,Emissions Share (CO2eq) (AR5),1990,1990,%,-17.730000,E
100,'356,India,1707,LULUCF,726313,Emissions Share (CO2eq) (AR5),1991,1991,%,-16.950000,E
100,'356,India,1707,LULUCF,726313,Emissions Share (CO2eq) (AR5),1992,1992,%,-16.320000,E
100,'356,India,1707,LULUCF,726313,Emissions Share (CO2eq) (AR5),1993,1993,%,-15.980000,E
100,'356,India,1707,LULUCF,726313,Emissions Share (CO2eq) (AR5),1994,1994,%,-15.350000,E
100,'356,India,1707,LULUCF,726313,Emissions Share (CO2eq) (AR5),1995,1995,%,-14.710000,E
100,'356,India,1707,LULUCF,726313,Emissions Share (CO2eq) (AR5),1996,1996,%,-14.170000,E
100,'356,India,1707,LULUCF,726313,Emissions Share (CO2eq) (AR5),1997,1997,%,-13.770000,E
100,'356,India,1707,LULUCF,726313,Emissions Share (CO2eq) (AR5),1998,1998,%,-13.510000,E
100,'356,India,1707,LULUCF,726313,Emissions Share (CO2eq) (AR5),1999,1999,%,-12.850000,E
100,'356,India,1707,LULUCF,726313,Emissions Share (CO2eq) (AR5),2000,2000,%,-12.720000,E
100,'356,India,1707,LULUCF,726313,Emissions Share (CO2eq) (AR5),2001,2001,%,0.230000,E
100,'356,India,1707,LULUCF,726313,Emissions Share (CO2eq) (AR5),2002,2002,%,0.210000,E
100,'356,India,1707,LULUCF,726313,Emissions Share (CO2eq) (AR5),2003,2003,%,0.330000,E
100,'356,India,1707,LULUCF,726313,Emissions Share (CO2eq) (AR5),2004,2004,%,0.410000,E
100,'356,India,1707,LULUCF,726313,Emissions Share (CO2eq) (AR5),2005,2005,%,0.300000,E
100,'356,India,1707,LULUCF,726313,Emissions Share (CO2eq) (AR5),2006,2006,%,0.310000,E
100,'356,India,1707,LULUCF,726313,Emissions Share (CO2eq) (AR5),2007,2007,%,0.380000,E
100,'356,India,1707,LULUCF,726313,Emissions Share (CO2eq) (AR5),2008,2008,%,0.260000,E
100,'356,India,1707,LULUCF,726313,Emissions Share (CO2eq) (AR5),2009,2009,%,0.510000,E
100,'356,India,1707,LULUCF,726313,Emissions Share (CO2eq) (AR5),2010,2010,%,0.440000,E
100,'356,India,1707,LULUCF,726313,Emissions Share (CO2eq) (AR5),2011,2011,%,-2.160000,E
100,'356,India,1707,LULUCF,726313,Emissions Share (CO2eq) (AR5),2012,2012,%,-1.830000,E
100,'356,India,1707,LULUCF,726313,Emissions Share (CO2eq) (AR5),2013,2013,%,-1.960000,E
100,'356,India,1707,LULUCF,726313,Emissions Share (CO2eq) (AR5),2014,2014,%,-1.860000,E
100,'356,India,1707,LULUCF,726313,Emissions Share (CO2eq) (AR5),2015,2015,%,-1.840000,E
100,'356,India,1707,LULUCF,726313,Emissions Share (CO2eq) (AR5),2016,2016,%,-3.520000,E
100,'356,India,1707,LULUCF,726313,Emissions Share (CO2eq) (AR5),2017,2017,%,-3.320000,E
100,'356,India,1707,LULUCF,726313,Emissions Share (CO2eq) (AR5),2018,2018,%,-3.230000,E
100,'356,India,1707,LULUCF,726313,Emissions Share (CO2eq) (AR5),2019,2019,%,-3.210000,E
100,'356,India,1707,LULUCF,726313,Emissions Share (CO2eq) (AR5),2020,2020,%,-3.500000,E
100,'356,India,1707,LULUCF,726313,Emissions Share (CO2eq) (AR5),2021,2021,%,-3.660000,E
100,'356,India,1707,LULUCF,726313,Emissions Share (CO2eq) (AR5),2022,2022,%,-3.640000,E
100,'356,India,1707,LULUCF,726313,Emissions Share (CO2eq) (AR5),2023,2023,%,-3.440000,E
100,'356,India,1707,LULUCF,7264,Emissions Share (CO2),1990,1990,%,-51.410000,E
100,'356,India,1707,LULUCF,7264,Emissions Share (CO2),1991,1991,%,-46.650000,E
100,'356,India,1707,LULUCF,7264,Emissions Share (CO2),1992,1992,%,-42.960000,E
100,'356,India,1707,LULUCF,7264,Emissions Share (CO2),1993,1993,%,-40.940000,E
100,'356,India,1707,LULUCF,7264,Emissions Share (CO2),1994,1994,%,-37.790000,E
100,'356,India,1707,LULUCF,7264,Emissions Share (CO2),1995,1995,%,-34.800000,E
100,'356,India,1707,LULUCF,7264,Emissions Share (CO2),1996,1996,%,-31.480000,E
100,'356,India,1707,LULUCF,7264,Emissions Share (CO2),1997,1997,%,-30.000000,E
100,'356,India,1707,LULUCF,7264,Emissions Share (CO2),1998,1998,%,-29.110000,E
100,'356,India,1707,LULUCF,7264,Emissions Share (CO2),1999,1999,%,-26.950000,E
100,'356,India,1707,LULUCF,7264,Emissions Share (CO2),2000,2000,%,-26.010000,E
100,'356,India,1707,LULUCF,7264,Emissions Share (CO2),2001,2001,%,0.330000,E
100,'356,India,1707,LULUCF,7264,Emissions Share (CO2),2002,2002,%,0.330000,E
100,'356,India,1707,LULUCF,7264,Emissions Share (CO2),2003,2003,%,0.310000,E
100,'356,India,1707,LULUCF,7264,Emissions Share (CO2),2004,2004,%,0.290000,E
100,'356,India,1707,LULUCF,7264,Emissions Share (CO2),2005,2005,%,0.280000,E
100,'356,India,1707,LULUCF,7264,Emissions Share (CO2),2006,2006,%,0.260000,E
100,'356,India,1707,LULUCF,7264,Emissions Share (CO2),2007,2007,%,0.240000,E
100,'356,India,1707,LULUCF,7264,Emissions Share (CO2),2008,2008,%,0.220000,E
100,'356,India,1707,LULUCF,7264,Emissions Share (CO2),2009,2009,%,0.200000,E
100,'356,India,1707,LULUCF,7264,Emissions Share (CO2),2010,2010,%,0.200000,E
100,'356,India,1707,LULUCF,7264,Emissions Share (CO2),2011,2011,%,-3.670000,E
100,'356,India,1707,LULUCF,7264,Emissions Share (CO2),2012,2012,%,-3.340000,E
100,'356,India,1707,LULUCF,7264,Emissions Share (CO2),2013,2013,%,-3.290000,E
100,'356,India,1707,LULUCF,7264,Emissions Share (CO2),2014,2014,%,-2.980000,E
100,'356,India,1707,LULUCF,7264,Emissions Share (CO2),2015,2015,%,-2.840000,E
100,'356,India,1707,LULUCF,7264,Emissions Share (CO2),2016,2016,%,-5.380000,E
100,'356,India,1707,LULUCF,7264,Emissions Share (CO2),2017,2017,%,-5.140000,E
100,'356,India,1707,LULUCF,7264,Emissions Share (CO2),2018,2018,%,-4.890000,E
100,'356,India,1707,LULUCF,7264,Emissions Share (CO2),2019,2019,%,-4.740000,E
100,'356,India,1707,LULUCF,7264,Emissions Share (CO2),2020,2020,%,-5.290000,E
100,'356,India,1707,LULUCF,7264,Emissions Share (CO2),2021,2021,%,-5.750000,E
100,'356,India,1707,LULUCF,7264,Emissions Share (CO2),2022,2022,%,-5.390000,E
100,'356,India,1707,LULUCF,7264,Emissions Share (CO2),2023,2023,%,-4.930000,E
100,'356,India,1707,LULUCF,7265,Emissions Share (CH4),1990,1990,%,0.390000,E
100,'356,India,1707,LULUCF,7265,Emissions Share (CH4),1991,1991,%,0.390000,E
100,'356,India,1707,LULUCF,7265,Emissions Share (CH4),1992,1992,%,0.380000,E
100,'356,India,1707,LULUCF,7265,Emissions Share (CH4),1993,1993,%,0.380000,E
100,'356,India,1707,LULUCF,7265,Emissions Share (CH4),1994,1994,%,0.380000,E
100,'356,India,1707,LULUCF,7265,Emissions Share (CH4),1995,1995,%,0.380000,E
100,'356,India,1707,LULUCF,7265,Emissions Share (CH4),1996,1996,%,0.210000,E
100,'356,India,1707,LULUCF,7265,Emissions Share (CH4),1997,1997,%,0.180000,E
100,'356,India,1707,LULUCF,7265,Emissions Share (CH4),1998,1998,%,0.180000,E
100,'356,India,1707,LULUCF,7265,Emissions Share (CH4),1999,1999,%,0.360000,E
100,'356,India,1707,LULUCF,7265,Emissions Share (CH4),2000,2000,%,0.210000,E
100,'356,India,1707,LULUCF,7265,Emissions Share (CH4),2001,2001,%,0.070000,E
100,'356,India,1707,LULUCF,7265,Emissions Share (CH4),2002,2002,%,0.050000,E
100,'356,India,1707,LULUCF,7265,Emissions Share (CH4),2003,2003,%,0.250000,E
100,'356,India,1707,LULUCF,7265,Emissions Share (CH4),2004,2004,%,0.400000,E
100,'356,India,1707,LULUCF,7265,Emissions Share (CH4),2005,2005,%,0.230000,E
100,'356,India,1707,LULUCF,7265,Emissions Share (CH4),2006,2006,%,0.260000,E
100,'356,India,1707,LULUCF,7265,Emissions Share (CH4),2007,2007,%,0.400000,E
100,'356,India,1707,LULUCF,7265,Emissions Share (CH4),2008,2008,%,0.230000,E
100,'356,India,1707,LULUCF,7265,Emissions Share (CH4),2009,2009,%,0.740000,E
100,'356,India,1707,LULUCF,7265,Emissions Share (CH4),2010,2010,%,0.610000,E
100,'356,India,1707,LULUCF,7265,Emissions Share (CH4),2011,2011,%,0.300000,E
100,'356,India,1707,LULUCF,7265,Emissions Share (CH4),2012,2012,%,0.700000,E
100,'356,India,1707,LULUCF,7265,Emissions Share (CH4),2013,2013,%,0.430000,E
100,'356,India,1707,LULUCF,7265,Emissions Share (CH4),2014,2014,%,0.350000,E
100,'356,India,1707,LULUCF,7265,Emissions Share (CH4),2015,2015,%,0.250000,E
100,'356,India,1707,LULUCF,7265,Emissions Share (CH4),2016,2016,%,0.330000,E
100,'356,India,1707,LULUCF,7265,Emissions Share (CH4),2017,2017,%,0.520000,E
100,'356,India,1707,LULUCF,7265,Emissions Share (CH4),2018,2018,%,0.420000,E
100,'356,India,1707,LULUCF,7265,Emissions Share (CH4),2019,2019,%,0.250000,E
100,'356,India,1707,LULUCF,7265,Emissions Share (CH4),2020,2020,%,0.130000,E
100,'356,India,1707,LULUCF,7265,Emissions Share (CH4),2021,2021,%,0.710000,E
100,'356,India,1707,LULUCF,7265,Emissions Share (CH4),2022,2022,%,0.290000,E
100,'356,India,1707,LULUCF,7265,Emissions Share (CH4),2023,2023,%,0.200000,E
100,'356,India,1707,LULUCF,7266,Emissions Share (N2O),1990,1990,%,1.380000,E
100,'356,India,1707,LULUCF,7266,Emissions Share (N2O),1991,1991,%,1.340000,E
100,'356,India,1707,LULUCF,7266,Emissions Share (N2O),1992,1992,%,1.300000,E
100,'356,India,1707,LULUCF,7266,Emissions Share (N2O),1993,1993,%,1.270000,E
100,'356,India,1707,LULUCF,7266,Emissions Share (N2O),1994,1994,%,1.230000,E
100,'356,India,1707,LULUCF,7266,Emissions Share (N2O),1995,1995,%,1.200000,E
100,'356,India,1707,LULUCF,7266,Emissions Share (N2O),1996,1996,%,0.230000,E
100,'356,India,1707,LULUCF,7266,Emissions Share (N2O),1997,1997,%,0.190000,E
100,'356,India,1707,LULUCF,7266,Emissions Share (N2O),1998,1998,%,0.190000,E
100,'356,India,1707,LULUCF,7266,Emissions Share (N2O),1999,1999,%,0.400000,E
100,'356,India,1707,LULUCF,7266,Emissions Share (N2O),2000,2000,%,0.230000,E
100,'356,India,1707,LULUCF,7266,Emissions Share (N2O),2001,2001,%,0.240000,E
100,'356,India,1707,LULUCF,7266,Emissions Share (N2O),2002,2002,%,0.170000,E
100,'356,India,1707,LULUCF,7266,Emissions Share (N2O),2003,2003,%,0.830000,E
100,'356,India,1707,LULUCF,7266,Emissions Share (N2O),2004,2004,%,1.280000,E
100,'356,India,1707,LULUCF,7266,Emissions Share (N2O),2005,2005,%,0.740000,E
100,'356,India,1707,LULUCF,7266,Emissions Share (N2O),2006,2006,%,0.790000,E
100,'356,India,1707,LULUCF,7266,Emissions Share (N2O),2007,2007,%,1.200000,E
100,'356,India,1707,LULUCF,7266,Emissions Share (N2O),2008,2008,%,0.690000,E
100,'356,India,1707,LULUCF,7266,Emissions Share (N2O),2009,2009,%,2.130000,E
100,'356,India,1707,LULUCF,7266,Emissions Share (N2O),2010,2010,%,1.700000,E
100,'356,India,1707,LULUCF,7266,Emissions Share (N2O),2011,2011,%,0.820000,E
100,'356,India,1707,LULUCF,7266,Emissions Share (N2O),2012,2012,%,1.900000,E
100,'356,India,1707,LULUCF,7266,Emissions Share (N2O),2013,2013,%,1.130000,E
100,'356,India,1707,LULUCF,7266,Emissions Share (N2O),2014,2014,%,0.910000,E
100,'356,India,1707,LULUCF,7266,Emissions Share (N2O),2015,2015,%,0.650000,E
100,'356,India,1707,LULUCF,7266,Emissions Share (N2O),2016,2016,%,0.880000,E
100,'356,India,1707,LULUCF,7266,Emissions Share (N2O),2017,2017,%,1.350000,E
100,'356,India,1707,LULUCF,7266,Emissions Share (N2O),2018,2018,%,1.090000,E
100,'356,India,1707,LULUCF,7266,Emissions Share (N2O),2019,2019,%,0.640000,E
100,'356,India,1707,LULUCF,7266,Emissions Share (N2O),2020,2020,%,0.320000,E
100,'356,India,1707,LULUCF,7266,Emissions Share (N2O),2021,2021,%,1.780000,E
100,'356,India,1707,LULUCF,7266,Emissions Share (N2O),2022,2022,%,0.730000,E
100,'356,India,1707,LULUCF,7266,Emissions Share (N2O),2023,2023,%,0.490000,E
100,'356,India,1707,LULUCF,7279,Emissions per capita,1990,1990,t CO2eq/cap,-0.250000,E
100,'356,India,1707,LULUCF,7279,Emissions per capita,1991,1991,t CO2eq/cap,-0.250000,E
100,'356,India,1707,LULUCF,7279,Emissions per capita,1992,1992,t CO2eq/cap,-0.240000,E
100,'356,India,1707,LULUCF,7279,Emissions per capita,1993,1993,t CO2eq/cap,-0.240000,E
100,'356,India,1707,LULUCF,7279,Emissions per capita,1994,1994,t CO2eq/cap,-0.230000,E
100,'356,India,1707,LULUCF,7279,Emissions per capita,1995,1995,t CO2eq/cap,-0.230000,E
100,'356,India,1707,LULUCF,7279,Emissions per capita,1996,1996,t CO2eq/cap,-0.230000,E
100,'356,India,1707,LULUCF,7279,Emissions per capita,1997,1997,t CO2eq/cap,-0.220000,E
100,'356,India,1707,LULUCF,7279,Emissions per capita,1998,1998,t CO2eq/cap,-0.220000,E
100,'356,India,1707,LULUCF,7279,Emissions per capita,1999,1999,t CO2eq/cap,-0.210000,E
100,'356,India,1707,LULUCF,7279,Emissions per capita,2000,2000,t CO2eq/cap,-0.210000,E
100,'356,India,1707,LULUCF,7279,Emissions per capita,2001,2001,t CO2eq/cap,0.000000,E
100,'356,India,1707,LULUCF,7279,Emissions per capita,2002,2002,t CO2eq/cap,0.000000,E
100,'356,India,1707,LULUCF,7279,Emissions per capita,2003,2003,t CO2eq/cap,0.010000,E
100,'356,India,1707,LULUCF,7279,Emissions per capita,2004,2004,t CO2eq/cap,0.010000,E
100,'356,India,1707,LULUCF,7279,Emissions per capita,2005,2005,t CO2eq/cap,0.010000,E
100,'356,India,1707,LULUCF,7279,Emissions per capita,2006,2006,t CO2eq/cap,0.010000,E
100,'356,India,1707,LULUCF,7279,Emissions per capita,2007,2007,t CO2eq/cap,0.010000,E
100,'356,India,1707,LULUCF,7279,Emissions per capita,2008,2008,t CO2eq/cap,0.010000,E
100,'356,India,1707,LULUCF,7279,Emissions per capita,2009,2009,t CO2eq/cap,0.010000,E
100,'356,India,1707,LULUCF,7279,Emissions per capita,2010,2010,t CO2eq/cap,0.010000,E
100,'356,India,1707,LULUCF,7279,Emissions per capita,2011,2011,t CO2eq/cap,-0.050000,E
100,'356,India,1707,LULUCF,7279,Emissions per capita,2012,2012,t CO2eq/cap,-0.040000,E
100,'356,India,1707,LULUCF,7279,Emissions per capita,2013,2013,t CO2eq/cap,-0.050000,E
100,'356,India,1707,LULUCF,7279,Emissions per capita,2014,2014,t CO2eq/cap,-0.050000,E
100,'356,India,1707,LULUCF,7279,Emissions per capita,2015,2015,t CO2eq/cap,-0.050000,E
100,'356,India,1707,LULUCF,7279,Emissions per capita,2016,2016,t CO2eq/cap,-0.090000,E
100,'356,India,1707,LULUCF,7279,Emissions per capita,2017,2017,t CO2eq/cap,-0.090000,E
100,'356,India,1707,LULUCF,7279,Emissions per capita,2018,2018,t CO2eq/cap,-0.090000,E
100,'356,India,1707,LULUCF,7279,Emissions per capita,2019,2019,t CO2eq/cap,-0.090000,E
100,'356,India,1707,LULUCF,7279,Emissions per capita,2020,2020,t CO2eq/cap,-0.090000,E
100,'356,India,1707,LULUCF,7279,Emissions per capita,2021,2021,t CO2eq/cap,-0.100000,E
100,'356,India,1707,LULUCF,7279,Emissions per capita,2022,2022,t CO2eq/cap,-0.100000,E
100,'356,India,1707,LULUCF,7279,Emissions per capita,2023,2023,t CO2eq/cap,-0.100000,E
100,'356,India,6821,Energy,726313,Emissions Share (CO2eq) (AR5),1990,1990,%,56.340000,E
100,'356,India,6821,Energy,726313,Emissions Share (CO2eq) (AR5),1991,1991,%,57.260000,E
100,'356,India,6821,Energy,726313,Emissions Share (CO2eq) (AR5),1992,1992,%,57.940000,E
100,'356,India,6821,Energy,726313,Emissions Share (CO2eq) (AR5),1993,1993,%,58.310000,E
100,'356,India,6821,Energy,726313,Emissions Share (CO2eq) (AR5),1994,1994,%,59.170000,E
100,'356,India,6821,Energy,726313,Emissions Share (CO2eq) (AR5),1995,1995,%,60.160000,E
100,'356,India,6821,Energy,726313,Emissions Share (CO2eq) (AR5),1996,1996,%,61.480000,E
100,'356,India,6821,Energy,726313,Emissions Share (CO2eq) (AR5),1997,1997,%,61.780000,E
100,'356,India,6821,Energy,726313,Emissions Share (CO2eq) (AR5),1998,1998,%,61.320000,E
100,'356,India,6821,Energy,726313,Emissions Share (CO2eq) (AR5),1999,1999,%,62.340000,E
100,'356,India,6821,Energy,726313,Emissions Share (CO2eq) (AR5),2000,2000,%,63.120000,E
100,'356,India,6821,Energy,726313,Emissions Share (CO2eq) (AR5),2001,2001,%,55.700000,E
100,'356,India,6821,Energy,726313,Emissions Share (CO2eq) (AR5),2002,2002,%,56.340000,E
100,'356,India,6821,Energy,726313,Emissions Share (CO2eq) (AR5),2003,2003,%,56.890000,E
100,'356,India,6821,Energy,726313,Emissions Share (CO2eq) (AR5),2004,2004,%,57.590000,E
100,'356,India,6821,Energy,726313,Emissions Share (CO2eq) (AR5),2005,2005,%,58.200000,E
100,'356,India,6821,Energy,726313,Emissions Share (CO2eq) (AR5),2006,2006,%,58.900000,E
100,'356,India,6821,Energy,726313,Emissions Share (CO2eq) (AR5),2007,2007,%,59.800000,E
100,'356,India,6821,Energy,726313,Emissions Share (CO2eq) (AR5),2008,2008,%,61.390000,E
100,'356,India,6821,Energy,726313,Emissions Share (CO2eq) (AR5),2009,2009,%,63.410000,E
100,'356,India,6821,Energy,726313,Emissions Share (CO2eq) (AR5),2010,2010,%,63.140000,E
100,'356,India,6821,Energy,726313,Emissions Share (CO2eq) (AR5),2011,2011,%,65.590000,E
100,'356,India,6821,Energy,726313,Emissions Share (CO2eq) (AR5),2012,2012,%,67.210000,E
100,'356,India,6821,Energy,726313,Emissions Share (CO2eq) (AR5),2013,2013,%,66.740000,E
100,'356,India,6821,Energy,726313,Emissions Share (CO2eq) (AR5),2014,2014,%,68.500000,E
100,'356,India,6821,Energy,726313,Emissions Share (CO2eq) (AR5),2015,2015,%,69.170000,E
100,'356,India,6821,Energy,726313,Emissions Share (CO2eq) (AR5),2016,2016,%,70.290000,E
100,'356,India,6821,Energy,726313,Emissions Share (CO2eq) (AR5),2017,2017,%,70.930000,E
100,'356,India,6821,Energy,726313,Emissions Share (CO2eq) (AR5),2018,2018,%,71.060000,E
100,'356,India,6821,Energy,726313,Emissions Share (CO2eq) (AR5),2019,2019,%,71.350000,E
100,'356,India,6821,Energy,726313,Emissions Share (CO2eq) (AR5),2020,2020,%,69.260000,E
100,'356,India,6821,Energy,726313,Emissions Share (CO2eq) (AR5),2021,2021,%,70.750000,E
100,'356,India,6821,Energy,726313,Emissions Share (CO2eq) (AR5),2022,2022,%,71.400000,E
100,'356,India,6821,Energy,726313,Emissions Share (CO2eq) (AR5),2023,2023,%,72.570000,E
100,'356,India,6821,Energy,7264,Emissions Share (CO2),1990,1990,%,137.960000,E
100,'356,India,6821,Energy,7264,Emissions Share (CO2),1991,1991,%,133.770000,E
100,'356,India,6821,Energy,7264,Emissions Share (CO2),1992,1992,%,130.740000,E
100,'356,India,6821,Energy,7264,Emissions Share (CO2),1993,1993,%,129.000000,E
100,'356,India,6821,Energy,7264,Emissions Share (CO2),1994,1994,%,126.380000,E
100,'356,India,6821,Energy,7264,Emissions Share (CO2),1995,1995,%,123.590000,E
100,'356,India,6821,Energy,7264,Emissions Share (CO2),1996,1996,%,120.850000,E
100,'356,India,6821,Energy,7264,Emissions Share (CO2),1997,1997,%,119.090000,E
100,'356,India,6821,Energy,7264,Emissions Share (CO2),1998,1998,%,117.500000,E
100,'356,India,6821,Energy,7264,Emissions Share (CO2),1999,1999,%,115.930000,E
100,'356,India,6821,Energy,7264,Emissions Share (CO2),2000,2000,%,115.240000,E
100,'356,India,6821,Energy,7264,Emissions Share (CO2),2001,2001,%,91.080000,E
100,'356,India,6821,Energy,7264,Emissions Share (CO2),2002,2002,%,90.990000,E
100,'356,India,6821,Energy,7264,Emissions Share (CO2),2003,2003,%,91.130000,E
100,'356,India,6821,Energy,7264,Emissions Share (CO2),2004,2004,%,91.070000,E
100,'356,India,6821,Energy,7264,Emissions Share (CO2),2005,2005,%,91.030000,E
100,'356,India,6821,Energy,7264,Emissions Share (CO2),2006,2006,%,91.060000,E
100,'356,India,6821,Energy,7264,Emissions Share (CO2),2007,2007,%,91.300000,E
100,'356,India,6821,Energy,7264,Emissions Share (CO2),2008,2008,%,91.550000,E
100,'356,India,6821,Energy,7264,Emissions Share (CO2),2009,2009,%,91.850000,E
100,'356,India,6821,Energy,7264,Emissions Share (CO2),2010,2010,%,91.540000,E
100,'356,India,6821,Energy,7264,Emissions Share (CO2),2011,2011,%,95.290000,E
100,'356,India,6821,Energy,7264,Emissions Share (CO2),2012,2012,%,95.170000,E
100,'356,India,6821,Energy,7264,Emissions Share (CO2),2013,2013,%,94.740000,E
100,'356,India,6821,Energy,7264,Emissions Share (CO2),2014,2014,%,94.880000,E
100,'356,India,6821,Energy,7264,Emissions Share (CO2),2015,2015,%,94.890000,E
100,'356,India,6821,Energy,7264,Emissions Share (CO2),2016,2016,%,96.850000,E
100,'356,India,6821,Energy,7264,Emissions Share (CO2),2017,2017,%,96.990000,E
100,'356,India,6821,Energy,7264,Emissions Share (CO2),2018,2018,%,96.280000,E
100,'356,India,6821,Energy,7264,Emissions Share (CO2),2019,2019,%,96.210000,E
100,'356,India,6821,Energy,7264,Emissions Share (CO2),2020,2020,%,96.740000,E
100,'356,India,6821,Energy,7264,Emissions Share (CO2),2021,2021,%,96.790000,E
100,'356,India,6821,Energy,7264,Emissions Share (CO2),2022,2022,%,96.230000,E
100,'356,India,6821,Energy,7264,Emissions Share (CO2),2023,2023,%,95.960000,E
100,'356,India,6821,Energy,7265,Emissions Share (CH4),1990,1990,%,13.290000,E
100,'356,India,6821,Energy,7265,Emissions Share (CH4),1991,1991,%,13.480000,E
100,'356,India,6821,Energy,7265,Emissions Share (CH4),1992,1992,%,13.120000,E
100,'356,India,6821,Energy,7265,Emissions Share (CH4),1993,1993,%,12.700000,E
100,'356,India,6821,Energy,7265,Emissions Share (CH4),1994,1994,%,12.770000,E
100,'356,India,6821,Energy,7265,Emissions Share (CH4),1995,1995,%,13.240000,E
100,'356,India,6821,Energy,7265,Emissions Share (CH4),1996,1996,%,13.380000,E
100,'356,India,6821,Energy,7265,Emissions Share (CH4),1997,1997,%,13.860000,E
100,'356,India,6821,Energy,7265,Emissions Share (CH4),1998,1998,%,13.260000,E
100,'356,India,6821,Energy,7265,Emissions Share (CH4),1999,1999,%,13.390000,E
100,'356,India,6821,Energy,7265,Emissions Share (CH4),2000,2000,%,13.600000,E
100,'356,India,6821,Energy,7265,Emissions Share (CH4),2001,2001,%,13.640000,E
100,'356,India,6821,Energy,7265,Emissions Share (CH4),2002,2002,%,13.950000,E
100,'356,India,6821,Energy,7265,Emissions Share (CH4),2003,2003,%,14.210000,E
100,'356,India,6821,Energy,7265,Emissions Share (CH4),2004,2004,%,14.390000,E
100,'356,India,6821,Energy,7265,Emissions Share (CH4),2005,2005,%,14.430000,E
100,'356,India,6821,Energy,7265,Emissions Share (CH4),2006,2006,%,14.470000,E
100,'356,India,6821,Energy,7265,Emissions Share (CH4),2007,2007,%,14.650000,E
100,'356,India,6821,Energy,7265,Emissions Share (CH4),2008,2008,%,15.430000,E
100,'356,India,6821,Energy,7265,Emissions Share (CH4),2009,2009,%,16.270000,E
100,'356,India,6821,Energy,7265,Emissions Share (CH4),2010,2010,%,16.300000,E
100,'356,India,6821,Energy,7265,Emissions Share (CH4),2011,2011,%,16.360000,E
100,'356,India,6821,Energy,7265,Emissions Share (CH4),2012,2012,%,16.710000,E
100,'356,India,6821,Energy,7265,Emissions Share (CH4),2013,2013,%,13.400000,E
100,'356,India,6821,Energy,7265,Emissions Share (CH4),2014,2014,%,13.850000,E
100,'356,India,6821,Energy,7265,Emissions Share (CH4),2015,2015,%,14.080000,E
100,'356,India,6821,Energy,7265,Emissions Share (CH4),2016,2016,%,14.140000,E
100,'356,India,6821,Energy,7265,Emissions Share (CH4),2017,2017,%,14.070000,E
100,'356,India,6821,Energy,7265,Emissions Share (CH4),2018,2018,%,14.560000,E
100,'356,India,6821,Energy,7265,Emissions Share (CH4),2019,2019,%,14.260000,E
100,'356,India,6821,Energy,7265,Emissions Share (CH4),2020,2020,%,13.660000,E
100,'356,India,6821,Energy,7265,Emissions Share (CH4),2021,2021,%,14.430000,E
100,'356,India,6821,Energy,7265,Emissions Share (CH4),2022,2022,%,15.460000,E
100,'356,India,6821,Energy,7265,Emissions Share (CH4),2023,2023,%,16.120000,E
100,'356,India,6821,Energy,7266,Emissions Share (N2O),1990,1990,%,7.030000,E
100,'356,India,6821,Energy,7266,Emissions Share (N2O),1991,1991,%,7.100000,E
100,'356,India,6821,Energy,7266,Emissions Share (N2O),1992,1992,%,7.110000,E
100,'356,India,6821,Energy,7266,Emissions Share (N2O),1993,1993,%,7.210000,E
100,'356,India,6821,Energy,7266,Emissions Share (N2O),1994,1994,%,7.260000,E
100,'356,India,6821,Energy,7266,Emissions Share (N2O),1995,1995,%,7.570000,E
100,'356,India,6821,Energy,7266,Emissions Share (N2O),1996,1996,%,7.760000,E
100,'356,India,6821,Energy,7266,Emissions Share (N2O),1997,1997,%,7.720000,E
100,'356,India,6821,Energy,7266,Emissions Share (N2O),1998,1998,%,7.840000,E
100,'356,India,6821,Energy,7266,Emissions Share (N2O),1999,1999,%,8.040000,E
100,'356,India,6821,Energy,7266,Emissions Share (N2O),2000,2000,%,8.390000,E
100,'356,India,6821,Energy,7266,Emissions Share (N2O),2001,2001,%,8.200000,E
100,'356,India,6821,Energy,7266,Emissions Share (N2O),2002,2002,%,8.630000,E
100,'356,India,6821,Energy,7266,Emissions Share (N2O),2003,2003,%,8.360000,E
100,'356,India,6821,Energy,7266,Emissions Share (N2O),2004,2004,%,8.500000,E
100,'356,India,6821,Energy,7266,Emissions Share (N2O),2005,2005,%,8.490000,E
100,'356,India,6821,Energy,7266,Emissions Share (N2O),2006,2006,%,8.850000,E
100,'356,India,6821,Energy,7266,Emissions Share (N2O),2007,2007,%,9.390000,E
100,'356,India,6821,Energy,7266,Emissions Share (N2O),2008,2008,%,9.750000,E
100,'356,India,6821,Energy,7266,Emissions Share (N2O),2009,2009,%,10.250000,E
100,'356,India,6821,Energy,7266,Emissions Share (N2O),2010,2010,%,10.930000,E
100,'356,India,6821,Energy,7266,Emissions Share (N2O),2011,2011,%,11.730000,E
100,'356,India,6821,Energy,7266,Emissions Share (N2O),2012,2012,%,13.060000,E
100,'356,India,6821,Energy,7266,Emissions Share (N2O),2013,2013,%,13.570000,E
100,'356,India,6821,Energy,7266,Emissions Share (N2O),2014,2014,%,14.090000,E
100,'356,India,6821,Energy,7266,Emissions Share (N2O),2015,2015,%,14.070000,E
100,'356,India,6821,Energy,7266,Emissions Share (N2O),2016,2016,%,14.020000,E
100,'356,India,6821,Energy,7266,Emissions Share (N2O),2017,2017,%,14.000000,E
100,'356,India,6821,Energy,7266,Emissions Share (N2O),2018,2018,%,14.310000,E
100,'356,India,6821,Energy,7266,Emissions Share (N2O),2019,2019,%,13.910000,E
100,'356,India,6821,Energy,7266,Emissions Share (N2O),2020,2020,%,12.420000,E
100,'356,India,6821,Energy,7266,Emissions Share (N2O),2021,2021,%,13.420000,E
100,'356,India,6821,Energy,7266,Emissions Share (N2O),2022,2022,%,14.160000,E
100,'356,India,6821,Energy,7266,Emissions Share (N2O),2023,2023,%,14.760000,E
100,'356,India,6821,Energy,7279,Emissions per capita,1990,1990,t CO2eq/cap,0.800000,E
100,'356,India,6821,Energy,7279,Emissions per capita,1991,1991,t CO2eq/cap,0.830000,E
100,'356,India,6821,Energy,7279,Emissions per capita,1992,1992,t CO2eq/cap,0.860000,E
100,'356,India,6821,Energy,7279,Emissions per capita,1993,1993,t CO2eq/cap,0.860000,E
100,'356,India,6821,Energy,7279,Emissions per capita,1994,1994,t CO2eq/cap,0.890000,E
100,'356,India,6821,Energy,7279,Emissions per capita,1995,1995,t CO2eq/cap,0.930000,E
100,'356,India,6821,Energy,7279,Emissions per capita,1996,1996,t CO2eq/cap,0.980000,E
100,'356,India,6821,Energy,7279,Emissions per capita,1997,1997,t CO2eq/cap,0.990000,E
100,'356,India,6821,Energy,7279,Emissions per capita,1998,1998,t CO2eq/cap,0.980000,E
100,'356,India,6821,Energy,7279,Emissions per capita,1999,1999,t CO2eq/cap,1.020000,E
100,'356,India,6821,Energy,7279,Emissions per capita,2000,2000,t CO2eq/cap,1.030000,E
100,'356,India,6821,Energy,7279,Emissions per capita,2001,2001,t CO2eq/cap,1.020000,E
100,'356,India,6821,Energy,7279,Emissions per capita,2002,2002,t CO2eq/cap,1.010000,E
100,'356,India,6821,Energy,7279,Emissions per capita,2003,2003,t CO2eq/cap,1.040000,E
100,'356,India,6821,Energy,7279,Emissions per capita,2004,2004,t CO2eq/cap,1.080000,E
100,'356,India,6821,Energy,7279,Emissions per capita,2005,2005,t CO2eq/cap,1.120000,E
100,'356,India,6821,Energy,7279,Emissions per capita,2006,2006,t CO2eq/cap,1.160000,E
100,'356,India,6821,Energy,7279,Emissions per capita,2007,2007,t CO2eq/cap,1.230000,E
100,'356,India,6821,Energy,7279,Emissions per capita,2008,2008,t CO2eq/cap,1.320000,E
100,'356,India,6821,Energy,7279,Emissions per capita,2009,2009,t CO2eq/cap,1.440000,E
100,'356,India,6821,Energy,7279,Emissions per capita,2010,2010,t CO2eq/cap,1.430000,E
100,'356,India,6821,Energy,7279,Emissions per capita,2011,2011,t CO2eq/cap,1.490000,E
100,'356,India,6821,Energy,7279,Emissions per capita,2012,2012,t CO2eq/cap,1.610000,E
100,'356,India,6821,Energy,7279,Emissions per capita,2013,2013,t CO2eq/cap,1.580000,E
100,'356,India,6821,Energy,7279,Emissions per capita,2014,2014,t CO2eq/cap,1.720000,E
100,'356,India,6821,Energy,7279,Emissions per capita,2015,2015,t CO2eq/cap,1.770000,E
100,'356,India,6821,Energy,7279,Emissions per capita,2016,2016,t CO2eq/cap,1.780000,E
100,'356,India,6821,Energy,7279,Emissions per capita,2017,2017,t CO2eq/cap,1.840000,E
100,'356,India,6821,Energy,7279,Emissions per capita,2018,2018,t CO2eq/cap,1.900000,E
100,'356,India,6821,Energy,7279,Emissions per capita,2019,2019,t CO2eq/cap,1.940000,E
100,'356,India,6821,Energy,7279,Emissions per capita,2020,2020,t CO2eq/cap,1.740000,E
100,'356,India,6821,Energy,7279,Emissions per capita,2021,2021,t CO2eq/cap,1.890000,E
100,'356,India,6821,Energy,7279,Emissions per capita,2022,2022,t CO2eq/cap,1.990000,E
100,'356,India,6821,Energy,7279,Emissions per capita,2023,2023,t CO2eq/cap,2.150000,E
100,'356,India,6817,IPPU,726313,Emissions Share (CO2eq) (AR5),1990,1990,%,4.360000,E
100,'356,India,6817,IPPU,726313,Emissions Share (CO2eq) (AR5),1991,1991,%,4.460000,E
100,'356,India,6817,IPPU,726313,Emissions Share (CO2eq) (AR5),1992,1992,%,4.410000,E
100,'356,India,6817,IPPU,726313,Emissions Share (CO2eq) (AR5),1993,1993,%,4.430000,E
100,'356,India,6817,IPPU,726313,Emissions Share (CO2eq) (AR5),1994,1994,%,4.370000,E
100,'356,India,6817,IPPU,726313,Emissions Share (CO2eq) (AR5),1995,1995,%,4.440000,E
100,'356,India,6817,IPPU,726313,Emissions Share (CO2eq) (AR5),1996,1996,%,4.420000,E
100,'356,India,6817,IPPU,726313,Emissions Share (CO2eq) (AR5),1997,1997,%,4.690000,E
100,'356,India,6817,IPPU,726313,Emissions Share (CO2eq) (AR5),1998,1998,%,5.160000,E
100,'356,India,6817,IPPU,726313,Emissions Share (CO2eq) (AR5),1999,1999,%,5.100000,E
100,'356,India,6817,IPPU,726313,Emissions Share (CO2eq) (AR5),2000,2000,%,5.170000,E
100,'356,India,6817,IPPU,726313,Emissions Share (CO2eq) (AR5),2001,2001,%,4.620000,E
100,'356,India,6817,IPPU,726313,Emissions Share (CO2eq) (AR5),2002,2002,%,4.770000,E
100,'356,India,6817,IPPU,726313,Emissions Share (CO2eq) (AR5),2003,2003,%,4.840000,E
100,'356,India,6817,IPPU,726313,Emissions Share (CO2eq) (AR5),2004,2004,%,4.990000,E
100,'356,India,6817,IPPU,726313,Emissions Share (CO2eq) (AR5),2005,2005,%,4.950000,E
100,'356,India,6817,IPPU,726313,Emissions Share (CO2eq) (AR5),2006,2006,%,5.050000,E
100,'356,India,6817,IPPU,726313,Emissions Share (CO2eq) (AR5),2007,2007,%,5.060000,E
100,'356,India,6817,IPPU,726313,Emissions Share (CO2eq) (AR5),2008,2008,%,5.170000,E
100,'356,India,6817,IPPU,726313,Emissions Share (CO2eq) (AR5),2009,2009,%,5.280000,E
100,'356,India,6817,IPPU,726313,Emissions Share (CO2eq) (AR5),2010,2010,%,5.550000,E
100,'356,India,6817,IPPU,726313,Emissions Share (CO2eq) (AR5),2011,2011,%,5.870000,E
100,'356,India,6817,IPPU,726313,Emissions Share (CO2eq) (AR5),2012,2012,%,5.980000,E
100,'356,India,6817,IPPU,726313,Emissions Share (CO2eq) (AR5),2013,2013,%,6.400000,E
100,'356,India,6817,IPPU,726313,Emissions Share (CO2eq) (AR5),2014,2014,%,6.330000,E
100,'356,India,6817,IPPU,726313,Emissions Share (CO2eq) (AR5),2015,2015,%,6.370000,E
100,'356,India,6817,IPPU,726313,Emissions Share (CO2eq) (AR5),2016,2016,%,6.850000,E
100,'356,India,6817,IPPU,726313,Emissions Share (CO2eq) (AR5),2017,2017,%,6.720000,E
100,'356,India,6817,IPPU,726313,Emissions Share (CO2eq) (AR5),2018,2018,%,7.150000,E
100,'356,India,6817,IPPU,726313,Emissions Share (CO2eq) (AR5),2019,2019,%,7.200000,E
100,'356,India,6817,IPPU,726313,Emissions Share (CO2eq) (AR5),2020,2020,%,7.180000,E
100,'356,India,6817,IPPU,726313,Emissions Share (CO2eq) (AR5),2021,2021,%,7.590000,E
100,'356,India,6817,IPPU,726313,Emissions Share (CO2eq) (AR5),2022,2022,%,7.840000,E
100,'356,India,6817,IPPU,726313,Emissions Share (CO2eq) (AR5),2023,2023,%,7.830000,E
100,'356,India,6817,IPPU,7264,Emissions Share (CO2),1990,1990,%,10.170000,E
100,'356,India,6817,IPPU,7264,Emissions Share (CO2),1991,1991,%,9.900000,E
100,'356,India,6817,IPPU,7264,Emissions Share (CO2),1992,1992,%,9.480000,E
100,'356,India,6817,IPPU,7264,Emissions Share (CO2),1993,1993,%,9.330000,E
100,'356,India,6817,IPPU,7264,Emissions Share (CO2),1994,1994,%,9.000000,E
100,'356,India,6817,IPPU,7264,Emissions Share (CO2),1995,1995,%,9.000000,E
100,'356,India,6817,IPPU,7264,Emissions Share (CO2),1996,1996,%,8.620000,E
100,'356,India,6817,IPPU,7264,Emissions Share (CO2),1997,1997,%,9.000000,E
100,'356,India,6817,IPPU,7264,Emissions Share (CO2),1998,1998,%,9.750000,E
100,'356,India,6817,IPPU,7264,Emissions Share (CO2),1999,1999,%,9.300000,E
100,'356,India,6817,IPPU,7264,Emissions Share (CO2),2000,2000,%,9.100000,E
100,'356,India,6817,IPPU,7264,Emissions Share (CO2),2001,2001,%,7.280000,E
100,'356,India,6817,IPPU,7264,Emissions Share (CO2),2002,2002,%,7.400000,E
100,'356,India,6817,IPPU,7264,Emissions Share (CO2),2003,2003,%,7.330000,E
100,'356,India,6817,IPPU,7264,Emissions Share (CO2),2004,2004,%,7.470000,E
100,'356,India,6817,IPPU,7264,Emissions Share (CO2),2005,2005,%,7.590000,E
100,'356,India,6817,IPPU,7264,Emissions Share (CO2),2006,2006,%,7.640000,E
100,'356,India,6817,IPPU,7264,Emissions Share (CO2),2007,2007,%,7.480000,E
100,'356,India,6817,IPPU,7264,Emissions Share (CO2),2008,2008,%,7.320000,E
100,'356,India,6817,IPPU,7264,Emissions Share (CO2),2009,2009,%,7.130000,E
100,'356,India,6817,IPPU,7264,Emissions Share (CO2),2010,2010,%,7.460000,E
100,'356,India,6817,IPPU,7264,Emissions Share (CO2),2011,2011,%,7.590000,E
100,'356,India,6817,IPPU,7264,Emissions Share (CO2),2012,2012,%,7.450000,E
100,'356,India,6817,IPPU,7264,Emissions Share (CO2),2013,2013,%,7.840000,E
100,'356,India,6817,IPPU,7264,Emissions Share (CO2),2014,2014,%,7.460000,E
100,'356,India,6817,IPPU,7264,Emissions Share (CO2),2015,2015,%,7.340000,E
100,'356,India,6817,IPPU,7264,Emissions Share (CO2),2016,2016,%,7.920000,E
100,'356,India,6817,IPPU,7264,Emissions Share (CO2),2017,2017,%,7.560000,E
100,'356,India,6817,IPPU,7264,Emissions Share (CO2),2018,2018,%,8.060000,E
100,'356,India,6817,IPPU,7264,Emissions Share (CO2),2019,2019,%,7.990000,E
100,'356,India,6817,IPPU,7264,Emissions Share (CO2),2020,2020,%,7.940000,E
100,'356,India,6817,IPPU,7264,Emissions Share (CO2),2021,2021,%,8.410000,E
100,'356,India,6817,IPPU,7264,Emissions Share (CO2),2022,2022,%,8.650000,E
100,'356,India,6817,IPPU,7264,Emissions Share (CO2),2023,2023,%,8.510000,E
100,'356,India,6817,IPPU,7265,Emissions Share (CH4),1990,1990,%,0.010000,E
100,'356,India,6817,IPPU,7265,Emissions Share (CH4),1991,1991,%,0.010000,E
100,'356,India,6817,IPPU,7265,Emissions Share (CH4),1992,1992,%,0.010000,E
100,'356,India,6817,IPPU,7265,Emissions Share (CH4),1993,1993,%,0.010000,E
100,'356,India,6817,IPPU,7265,Emissions Share (CH4),1994,1994,%,0.010000,E
100,'356,India,6817,IPPU,7265,Emissions Share (CH4),1995,1995,%,0.020000,E
100,'356,India,6817,IPPU,7265,Emissions Share (CH4),1996,1996,%,0.010000,E
100,'356,India,6817,IPPU,7265,Emissions Share (CH4),1997,1997,%,0.010000,E
100,'356,India,6817,IPPU,7265,Emissions Share (CH4),1998,1998,%,0.020000,E
100,'356,India,6817,IPPU,7265,Emissions Share (CH4),1999,1999,%,0.010000,E
100,'356,India,6817,IPPU,7265,Emissions Share (CH4),2000,2000,%,0.020000,E
100,'356,India,6817,IPPU,7265,Emissions Share (CH4),2001,2001,%,0.010000,E
100,'356,India,6817,IPPU,7265,Emissions Share (CH4),2002,2002,%,0.020000,E
100,'356,India,6817,IPPU,7265,Emissions Share (CH4),2003,2003,%,0.020000,E
100,'356,India,6817,IPPU,7265,Emissions Share (CH4),2004,2004,%,0.020000,E
100,'356,India,6817,IPPU,7265,Emissions Share (CH4),2005,2005,%,0.020000,E
100,'356,India,6817,IPPU,7265,Emissions Share (CH4),2006,2006,%,0.020000,E
100,'356,India,6817,IPPU,7265,Emissions Share (CH4),2007,2007,%,0.020000,E
100,'356,India,6817,IPPU,7265,Emissions Share (CH4),2008,2008,%,0.020000,E
100,'356,India,6817,IPPU,7265,Emissions Share (CH4),2009,2009,%,0.020000,E
100,'356,India,6817,IPPU,7265,Emissions Share (CH4),2010,2010,%,0.030000,E
100,'356,India,6817,IPPU,7265,Emissions Share (CH4),2011,2011,%,0.470000,E
100,'356,India,6817,IPPU,7265,Emissions Share (CH4),2012,2012,%,0.520000,E
100,'356,India,6817,IPPU,7265,Emissions Share (CH4),2013,2013,%,0.560000,E
100,'356,India,6817,IPPU,7265,Emissions Share (CH4),2014,2014,%,0.600000,E
100,'356,India,6817,IPPU,7265,Emissions Share (CH4),2015,2015,%,0.620000,E
100,'356,India,6817,IPPU,7265,Emissions Share (CH4),2016,2016,%,0.600000,E
100,'356,India,6817,IPPU,7265,Emissions Share (CH4),2017,2017,%,0.650000,E
100,'356,India,6817,IPPU,7265,Emissions Share (CH4),2018,2018,%,0.670000,E
100,'356,India,6817,IPPU,7265,Emissions Share (CH4),2019,2019,%,0.700000,E
100,'356,India,6817,IPPU,7265,Emissions Share (CH4),2020,2020,%,0.730000,E
100,'356,India,6817,IPPU,7265,Emissions Share (CH4),2021,2021,%,0.740000,E
100,'356,India,6817,IPPU,7265,Emissions Share (CH4),2022,2022,%,0.760000,E
100,'356,India,6817,IPPU,7265,Emissions Share (CH4),2023,2023,%,0.790000,E
100,'356,India,6817,IPPU,7266,Emissions Share (N2O),1990,1990,%,0.750000,E
100,'356,India,6817,IPPU,7266,Emissions Share (N2O),1991,1991,%,0.880000,E
100,'356,India,6817,IPPU,7266,Emissions Share (N2O),1992,1992,%,0.920000,E
100,'356,India,6817,IPPU,7266,Emissions Share (N2O),1993,1993,%,1.110000,E
100,'356,India,6817,IPPU,7266,Emissions Share (N2O),1994,1994,%,1.020000,E
100,'356,India,6817,IPPU,7266,Emissions Share (N2O),1995,1995,%,0.910000,E
100,'356,India,6817,IPPU,7266,Emissions Share (N2O),1996,1996,%,0.820000,E
100,'356,India,6817,IPPU,7266,Emissions Share (N2O),1997,1997,%,0.810000,E
100,'356,India,6817,IPPU,7266,Emissions Share (N2O),1998,1998,%,0.830000,E
100,'356,India,6817,IPPU,7266,Emissions Share (N2O),1999,1999,%,0.770000,E
100,'356,India,6817,IPPU,7266,Emissions Share (N2O),2000,2000,%,0.860000,E
100,'356,India,6817,IPPU,7266,Emissions Share (N2O),2001,2001,%,0.820000,E
100,'356,India,6817,IPPU,7266,Emissions Share (N2O),2002,2002,%,0.840000,E
100,'356,India,6817,IPPU,7266,Emissions Share (N2O),2003,2003,%,0.850000,E
100,'356,India,6817,IPPU,7266,Emissions Share (N2O),2004,2004,%,0.860000,E
100,'356,India,6817,IPPU,7266,Emissions Share (N2O),2005,2005,%,0.820000,E
100,'356,India,6817,IPPU,7266,Emissions Share (N2O),2006,2006,%,0.770000,E
100,'356,India,6817,IPPU,7266,Emissions Share (N2O),2007,2007,%,0.660000,E
100,'356,India,6817,IPPU,7266,Emissions Share (N2O),2008,2008,%,0.650000,E
100,'356,India,6817,IPPU,7266,Emissions Share (N2O),2009,2009,%,0.690000,E
100,'356,India,6817,IPPU,7266,Emissions Share (N2O),2010,2010,%,0.170000,E
100,'356,India,6817,IPPU,7266,Emissions Share (N2O),2011,2011,%,0.160000,E
100,'356,India,6817,IPPU,7266,Emissions Share (N2O),2012,2012,%,0.140000,E
100,'356,India,6817,IPPU,7266,Emissions Share (N2O),2013,2013,%,0.120000,E
100,'356,India,6817,IPPU,7266,Emissions Share (N2O),2014,2014,%,0.130000,E
100,'356,India,6817,IPPU,7266,Emissions Share (N2O),2015,2015,%,0.120000,E
100,'356,India,6817,IPPU,7266,Emissions Share (N2O),2016,2016,%,0.120000,E
100,'356,India,6817,IPPU,7266,Emissions Share (N2O),2017,2017,%,0.120000,E
100,'356,India,6817,IPPU,7266,Emissions Share (N2O),2018,2018,%,0.120000,E
100,'356,India,6817,IPPU,7266,Emissions Share (N2O),2019,2019,%,0.130000,E
100,'356,India,6817,IPPU,7266,Emissions Share (N2O),2020,2020,%,0.130000,E
100,'356,India,6817,IPPU,7266,Emissions Share (N2O),2021,2021,%,0.130000,E
100,'356,India,6817,IPPU,7266,Emissions Share (N2O),2022,2022,%,0.130000,E
100,'356,India,6817,IPPU,7266,Emissions Share (N2O),2023,2023,%,0.130000,E
100,'356,India,6817,IPPU,7179,Emissions Share (CO2eq) (AR5) (F-gases),1990,1990,%,100.000000,E
100,'356,India,6817,IPPU,7179,Emissions Share (CO2eq) (AR5) (F-gases),1991,1991,%,100.000000,E
100,'356,India,6817,IPPU,7179,Emissions Share (CO2eq) (AR5) (F-gases),1992,1992,%,100.000000,E
100,'356,India,6817,IPPU,7179,Emissions Share (CO2eq) (AR5) (F-gases),1993,1993,%,100.000000,E
100,'356,India,6817,IPPU,7179,Emissions Share (CO2eq) (AR5) (F-gases),1994,1994,%,100.000000,E
100,'356,India,6817,IPPU,7179,Emissions Share (CO2eq) (AR5) (F-gases),1995,1995,%,100.000000,E
100,'356,India,6817,IPPU,7179,Emissions Share (CO2eq) (AR5) (F-gases),1996,1996,%,100.000000,E
100,'356,India,6817,IPPU,7179,Emissions Share (CO2eq) (AR5) (F-gases),1997,1997,%,100.000000,E
100,'356,India,6817,IPPU,7179,Emissions Share (CO2eq) (AR5) (F-gases),1998,1998,%,100.000000,E
100,'356,India,6817,IPPU,7179,Emissions Share (CO2eq) (AR5) (F-gases),1999,1999,%,100.000000,E
100,'356,India,6817,IPPU,7179,Emissions Share (CO2eq) (AR5) (F-gases),2000,2000,%,100.000000,E
100,'356,India,6817,IPPU,7179,Emissions Share (CO2eq) (AR5) (F-gases),2001,2001,%,100.000000,E
100,'356,India,6817,IPPU,7179,Emissions Share (CO2eq) (AR5) (F-gases),2002,2002,%,100.000000,E
100,'356,India,6817,IPPU,7179,Emissions Share (CO2eq) (AR5) (F-gases),2003,2003,%,100.000000,E
100,'356,India,6817,IPPU,7179,Emissions Share (CO2eq) (AR5) (F-gases),2004,2004,%,100.000000,E
100,'356,India,6817,IPPU,7179,Emissions Share (CO2eq) (AR5) (F-gases),2005,2005,%,100.000000,E
100,'356,India,6817,IPPU,7179,Emissions Share (CO2eq) (AR5) (F-gases),2006,2006,%,100.000000,E
100,'356,India,6817,IPPU,7179,Emissions Share (CO2eq) (AR5) (F-gases),2007,2007,%,100.000000,E
100,'356,India,6817,IPPU,7179,Emissions Share (CO2eq) (AR5) (F-gases),2008,2008,%,100.000000,E
100,'356,India,6817,IPPU,7179,Emissions Share (CO2eq) (AR5) (F-gases),2009,2009,%,100.000000,E
100,'356,India,6817,IPPU,7179,Emissions Share (CO2eq) (AR5) (F-gases),2010,2010,%,100.000000,E
100,'356,India,6817,IPPU,7179,Emissions Share (CO2eq) (AR5) (F-gases),2011,2011,%,100.000000,E
100,'356,India,6817,IPPU,7179,Emissions Share (CO2eq) (AR5) (F-gases),2012,2012,%,100.000000,E
100,'356,India,6817,IPPU,7179,Emissions Share (CO2eq) (AR5) (F-gases),2013,2013,%,100.000000,E
100,'356,India,6817,IPPU,7179,Emissions Share (CO2eq) (AR5) (F-gases),2014,2014,%,100.000000,E
100,'356,India,6817,IPPU,7179,Emissions Share (CO2eq) (AR5) (F-gases),2015,2015,%,100.000000,E
100,'356,India,6817,IPPU,7179,Emissions Share (CO2eq) (AR5) (F-gases),2016,2016,%,100.000000,E
100,'356,India,6817,IPPU,7179,Emissions Share (CO2eq) (AR5) (F-gases),2017,2017,%,100.000000,E
100,'356,India,6817,IPPU,7179,Emissions Share (CO2eq) (AR5) (F-gases),2018,2018,%,100.000000,E
100,'356,India,6817,IPPU,7179,Emissions Share (CO2eq) (AR5) (F-gases),2019,2019,%,100.000000,E
100,'356,India,6817,IPPU,7179,Emissions Share (CO2eq) (AR5) (F-gases),2020,2020,%,100.000000,E
100,'356,India,6817,IPPU,7179,Emissions Share (CO2eq) (AR5) (F-gases),2021,2021,%,100.000000,E
100,'356,India,6817,IPPU,7179,Emissions Share (CO2eq) (AR5) (F-gases),2022,2022,%,100.000000,E
100,'356,India,6817,IPPU,7179,Emissions Share (CO2eq) (AR5) (F-gases),2023,2023,%,100.000000,E
100,'356,India,6817,IPPU,7279,Emissions per capita,1990,1990,t CO2eq/cap,0.060000,E
100,'356,India,6817,IPPU,7279,Emissions per capita,1991,1991,t CO2eq/cap,0.060000,E
100,'356,India,6817,IPPU,7279,Emissions per capita,1992,1992,t CO2eq/cap,0.070000,E
100,'356,India,6817,IPPU,7279,Emissions per capita,1993,1993,t CO2eq/cap,0.070000,E
100,'356,India,6817,IPPU,7279,Emissions per capita,1994,1994,t CO2eq/cap,0.070000,E
100,'356,India,6817,IPPU,7279,Emissions per capita,1995,1995,t CO2eq/cap,0.070000,E
100,'356,India,6817,IPPU,7279,Emissions per capita,1996,1996,t CO2eq/cap,0.070000,E
100,'356,India,6817,IPPU,7279,Emissions per capita,1997,1997,t CO2eq/cap,0.080000,E
100,'356,India,6817,IPPU,7279,Emissions per capita,1998,1998,t CO2eq/cap,0.080000,E
100,'356,India,6817,IPPU,7279,Emissions per capita,1999,1999,t CO2eq/cap,0.080000,E
100,'356,India,6817,IPPU,7279,Emissions per capita,2000,2000,t CO2eq/cap,0.080000,E
100,'356,India,6817,IPPU,7279,Emissions per capita,2001,2001,t CO2eq/cap,0.080000,E
100,'356,India,6817,IPPU,7279,Emissions per capita,2002,2002,t CO2eq/cap,0.090000,E
100,'356,India,6817,IPPU,7279,Emissions per capita,2003,2003,t CO2eq/cap,0.090000,E
100,'356,India,6817,IPPU,7279,Emissions per capita,2004,2004,t CO2eq/cap,0.090000,E
100,'356,India,6817,IPPU,7279,Emissions per capita,2005,2005,t CO2eq/cap,0.100000,E
100,'356,India,6817,IPPU,7279,Emissions per capita,2006,2006,t CO2eq/cap,0.100000,E
100,'356,India,6817,IPPU,7279,Emissions per capita,2007,2007,t CO2eq/cap,0.100000,E
100,'356,India,6817,IPPU,7279,Emissions per capita,2008,2008,t CO2eq/cap,0.110000,E
100,'356,India,6817,IPPU,7279,Emissions per capita,2009,2009,t CO2eq/cap,0.120000,E
100,'356,India,6817,IPPU,7279,Emissions per capita,2010,2010,t CO2eq/cap,0.130000,E
100,'356,India,6817,IPPU,7279,Emissions per capita,2011,2011,t CO2eq/cap,0.130000,E
100,'356,India,6817,IPPU,7279,Emissions per capita,2012,2012,t CO2eq/cap,0.140000,E
100,'356,India,6817,IPPU,7279,Emissions per capita,2013,2013,t CO2eq/cap,0.150000,E
100,'356,India,6817,IPPU,7279,Emissions per capita,2014,2014,t CO2eq/cap,0.160000,E
100,'356,India,6817,IPPU,7279,Emissions per capita,2015,2015,t CO2eq/cap,0.160000,E
100,'356,India,6817,IPPU,7279,Emissions per capita,2016,2016,t CO2eq/cap,0.170000,E
100,'356,India,6817,IPPU,7279,Emissions per capita,2017,2017,t CO2eq/cap,0.170000,E
100,'356,India,6817,IPPU,7279,Emissions per capita,2018,2018,t CO2eq/cap,0.190000,E
100,'356,India,6817,IPPU,7279,Emissions per capita,2019,2019,t CO2eq/cap,0.200000,E
100,'356,India,6817,IPPU,7279,Emissions per capita,2020,2020,t CO2eq/cap,0.180000,E
100,'356,India,6817,IPPU,7279,Emissions per capita,2021,2021,t CO2eq/cap,0.200000,E
100,'356,India,6817,IPPU,7279,Emissions per capita,2022,2022,t CO2eq/cap,0.220000,E
100,'356,India,6817,IPPU,7279,Emissions per capita,2023,2023,t CO2eq/cap,0.230000,E
100,'356,India,6818,Waste,726313,Emissions Share (CO2eq) (AR5),1990,1990,%,6.180000,E
100,'356,India,6818,Waste,726313,Emissions Share (CO2eq) (AR5),1991,1991,%,6.020000,E
100,'356,India,6818,Waste,726313,Emissions Share (CO2eq) (AR5),1992,1992,%,6.100000,E
100,'356,India,6818,Waste,726313,Emissions Share (CO2eq) (AR5),1993,1993,%,5.860000,E
100,'356,India,6818,Waste,726313,Emissions Share (CO2eq) (AR5),1994,1994,%,5.730000,E
100,'356,India,6818,Waste,726313,Emissions Share (CO2eq) (AR5),1995,1995,%,5.630000,E
100,'356,India,6818,Waste,726313,Emissions Share (CO2eq) (AR5),1996,1996,%,5.440000,E
100,'356,India,6818,Waste,726313,Emissions Share (CO2eq) (AR5),1997,1997,%,5.420000,E
100,'356,India,6818,Waste,726313,Emissions Share (CO2eq) (AR5),1998,1998,%,5.510000,E
100,'356,India,6818,Waste,726313,Emissions Share (CO2eq) (AR5),1999,1999,%,5.370000,E
100,'356,India,6818,Waste,726313,Emissions Share (CO2eq) (AR5),2000,2000,%,5.330000,E
100,'356,India,6818,Waste,726313,Emissions Share (CO2eq) (AR5),2001,2001,%,4.780000,E
100,'356,India,6818,Waste,726313,Emissions Share (CO2eq) (AR5),2002,2002,%,4.880000,E
100,'356,India,6818,Waste,726313,Emissions Share (CO2eq) (AR5),2003,2003,%,4.800000,E
100,'356,India,6818,Waste,726313,Emissions Share (CO2eq) (AR5),2004,2004,%,4.720000,E
100,'356,India,6818,Waste,726313,Emissions Share (CO2eq) (AR5),2005,2005,%,4.620000,E
100,'356,India,6818,Waste,726313,Emissions Share (CO2eq) (AR5),2006,2006,%,4.540000,E
100,'356,India,6818,Waste,726313,Emissions Share (CO2eq) (AR5),2007,2007,%,4.410000,E
100,'356,India,6818,Waste,726313,Emissions Share (CO2eq) (AR5),2008,2008,%,4.210000,E
100,'356,India,6818,Waste,726313,Emissions Share (CO2eq) (AR5),2009,2009,%,3.980000,E
100,'356,India,6818,Waste,726313,Emissions Share (CO2eq) (AR5),2010,2010,%,4.020000,E
100,'356,India,6818,Waste,726313,Emissions Share (CO2eq) (AR5),2011,2011,%,4.030000,E
100,'356,India,6818,Waste,726313,Emissions Share (CO2eq) (AR5),2012,2012,%,3.850000,E
100,'356,India,6818,Waste,726313,Emissions Share (CO2eq) (AR5),2013,2013,%,3.910000,E
100,'356,India,6818,Waste,726313,Emissions Share (CO2eq) (AR5),2014,2014,%,3.720000,E
100,'356,India,6818,Waste,726313,Emissions Share (CO2eq) (AR5),2015,2015,%,3.680000,E
100,'356,India,6818,Waste,726313,Emissions Share (CO2eq) (AR5),2016,2016,%,3.730000,E
100,'356,India,6818,Waste,726313,Emissions Share (CO2eq) (AR5),2017,2017,%,3.650000,E
100,'356,India,6818,Waste,726313,Emissions Share (CO2eq) (AR5),2018,2018,%,3.600000,E
100,'356,India,6818,Waste,726313,Emissions Share (CO2eq) (AR5),2019,2019,%,3.560000,E
100,'356,India,6818,Waste,726313,Emissions Share (CO2eq) (AR5),2020,2020,%,3.850000,E
100,'356,India,6818,Waste,726313,Emissions Share (CO2eq) (AR5),2021,2021,%,3.640000,E
100,'356,India,6818,Waste,726313,Emissions Share (CO2eq) (AR5),2022,2022,%,3.490000,E
100,'356,India,6818,Waste,726313,Emissions Share (CO2eq) (AR5),2023,2023,%,3.320000,E
100,'356,India,6818,Waste,7265,Emissions Share (CH4),1990,1990,%,10.500000,E
100,'356,India,6818,Waste,7265,Emissions Share (CH4),1991,1991,%,10.550000,E
100,'356,India,6818,Waste,7265,Emissions Share (CH4),1992,1992,%,11.070000,E
100,'356,India,6818,Waste,7265,Emissions Share (CH4),1993,1993,%,10.820000,E
100,'356,India,6818,Waste,7265,Emissions Share (CH4),1994,1994,%,10.900000,E
100,'356,India,6818,Waste,7265,Emissions Share (CH4),1995,1995,%,11.060000,E
100,'356,India,6818,Waste,7265,Emissions Share (CH4),1996,1996,%,11.140000,E
100,'356,India,6818,Waste,7265,Emissions Share (CH4),1997,1997,%,11.310000,E
100,'356,India,6818,Waste,7265,Emissions Share (CH4),1998,1998,%,11.660000,E
100,'356,India,6818,Waste,7265,Emissions Share (CH4),1999,1999,%,11.770000,E
100,'356,India,6818,Waste,7265,Emissions Share (CH4),2000,2000,%,11.890000,E
100,'356,India,6818,Waste,7265,Emissions Share (CH4),2001,2001,%,12.070000,E
100,'356,India,6818,Waste,7265,Emissions Share (CH4),2002,2002,%,12.480000,E
100,'356,India,6818,Waste,7265,Emissions Share (CH4),2003,2003,%,12.530000,E
100,'356,India,6818,Waste,7265,Emissions Share (CH4),2004,2004,%,12.650000,E
100,'356,India,6818,Waste,7265,Emissions Share (CH4),2005,2005,%,12.610000,E
100,'356,India,6818,Waste,7265,Emissions Share (CH4),2006,2006,%,12.720000,E
100,'356,India,6818,Waste,7265,Emissions Share (CH4),2007,2007,%,12.680000,E
100,'356,India,6818,Waste,7265,Emissions Share (CH4),2008,2008,%,12.620000,E
100,'356,India,6818,Waste,7265,Emissions Share (CH4),2009,2009,%,12.740000,E
100,'356,India,6818,Waste,7265,Emissions Share (CH4),2010,2010,%,12.940000,E
100,'356,India,6818,Waste,7265,Emissions Share (CH4),2011,2011,%,13.040000,E
100,'356,India,6818,Waste,7265,Emissions Share (CH4),2012,2012,%,13.190000,E
100,'356,India,6818,Waste,7265,Emissions Share (CH4),2013,2013,%,13.870000,E
100,'356,India,6818,Waste,7265,Emissions Share (CH4),2014,2014,%,14.030000,E
100,'356,India,6818,Waste,7265,Emissions Share (CH4),2015,2015,%,14.260000,E
100,'356,India,6818,Waste,7265,Emissions Share (CH4),2016,2016,%,14.290000,E
100,'356,India,6818,Waste,7265,Emissions Share (CH4),2017,2017,%,14.390000,E
100,'356,India,6818,Waste,7265,Emissions Share (CH4),2018,2018,%,14.520000,E
100,'356,India,6818,Waste,7265,Emissions Share (CH4),2019,2019,%,14.750000,E
100,'356,India,6818,Waste,7265,Emissions Share (CH4),2020,2020,%,14.730000,E
100,'356,India,6818,Waste,7265,Emissions Share (CH4),2021,2021,%,14.600000,E
100,'356,India,6818,Waste,7265,Emissions Share (CH4),2022,2022,%,14.430000,E
100,'356,India,6818,Waste,7265,Emissions Share (CH4),2023,2023,%,14.470000,E
100,'356,India,6818,Waste,7266,Emissions Share (N2O),1990,1990,%,5.810000,E
100,'356,India,6818,Waste,7266,Emissions Share (N2O),1991,1991,%,5.840000,E
100,'356,India,6818,Waste,7266,Emissions Share (N2O),1992,1992,%,5.820000,E
100,'356,India,6818,Waste,7266,Emissions Share (N2O),1993,1993,%,5.780000,E
100,'356,India,6818,Waste,7266,Emissions Share (N2O),1994,1994,%,5.690000,E
100,'356,India,6818,Waste,7266,Emissions Share (N2O),1995,1995,%,5.690000,E
100,'356,India,6818,Waste,7266,Emissions Share (N2O),1996,1996,%,5.710000,E
100,'356,India,6818,Waste,7266,Emissions Share (N2O),1997,1997,%,5.650000,E
100,'356,India,6818,Waste,7266,Emissions Share (N2O),1998,1998,%,5.740000,E
100,'356,India,6818,Waste,7266,Emissions Share (N2O),1999,1999,%,5.730000,E
100,'356,India,6818,Waste,7266,Emissions Share (N2O),2000,2000,%,5.780000,E
100,'356,India,6818,Waste,7266,Emissions Share (N2O),2001,2001,%,5.790000,E
100,'356,India,6818,Waste,7266,Emissions Share (N2O),2002,2002,%,6.050000,E
100,'356,India,6818,Waste,7266,Emissions Share (N2O),2003,2003,%,5.830000,E
100,'356,India,6818,Waste,7266,Emissions Share (N2O),2004,2004,%,5.670000,E
100,'356,India,6818,Waste,7266,Emissions Share (N2O),2005,2005,%,5.580000,E
100,'356,India,6818,Waste,7266,Emissions Share (N2O),2006,2006,%,5.490000,E
100,'356,India,6818,Waste,7266,Emissions Share (N2O),2007,2007,%,5.440000,E
100,'356,India,6818,Waste,7266,Emissions Share (N2O),2008,2008,%,5.490000,E
100,'356,India,6818,Waste,7266,Emissions Share (N2O),2009,2009,%,5.370000,E
100,'356,India,6818,Waste,7266,Emissions Share (N2O),2010,2010,%,5.310000,E
100,'356,India,6818,Waste,7266,Emissions Share (N2O),2011,2011,%,5.290000,E
100,'356,India,6818,Waste,7266,Emissions Share (N2O),2012,2012,%,5.340000,E
100,'356,India,6818,Waste,7266,Emissions Share (N2O),2013,2013,%,5.460000,E
100,'356,India,6818,Waste,7266,Emissions Share (N2O),2014,2014,%,5.500000,E
100,'356,India,6818,Waste,7266,Emissions Share (N2O),2015,2015,%,5.590000,E
100,'356,India,6818,Waste,7266,Emissions Share (N2O),2016,2016,%,5.780000,E
100,'356,India,6818,Waste,7266,Emissions Share (N2O),2017,2017,%,5.800000,E
100,'356,India,6818,Waste,7266,Emissions Share (N2O),2018,2018,%,5.800000,E
100,'356,India,6818,Waste,7266,Emissions Share (N2O),2019,2019,%,5.750000,E
100,'356,India,6818,Waste,7266,Emissions Share (N2O),2020,2020,%,5.690000,E
100,'356,India,6818,Waste,7266,Emissions Share (N2O),2021,2021,%,5.630000,E
100,'356,India,6818,Waste,7266,Emissions Share (N2O),2022,2022,%,5.610000,E
100,'356,India,6818,Waste,7266,Emissions Share (N2O),2023,2023,%,5.600000,E
100,'356,India,6818,Waste,7279,Emissions per capita,1990,1990,t CO2eq/cap,0.090000,E
100,'356,India,6818,Waste,7279,Emissions per capita,1991,1991,t CO2eq/cap,0.090000,E
100,'356,India,6818,Waste,7279,Emissions per capita,1992,1992,t CO2eq/cap,0.090000,E
100,'356,India,6818,Waste,7279,Emissions per capita,1993,1993,t CO2eq/cap,0.090000,E
100,'356,India,6818,Waste,7279,Emissions per capita,1994,1994,t CO2eq/cap,0.090000,E
100,'356,India,6818,Waste,7279,Emissions per capita,1995,1995,t CO2eq/cap,0.090000,E
100,'356,India,6818,Waste,7279,Emissions per capita,1996,1996,t CO2eq/cap,0.090000,E
100,'356,India,6818,Waste,7279,Emissions per capita,1997,1997,t CO2eq/cap,0.090000,E
100,'356,India,6818,Waste,7279,Emissions per capita,1998,1998,t CO2eq/cap,0.090000,E
100,'356,India,6818,Waste,7279,Emissions per capita,1999,1999,t CO2eq/cap,0.090000,E
100,'356,India,6818,Waste,7279,Emissions per capita,2000,2000,t CO2eq/cap,0.090000,E
100,'356,India,6818,Waste,7279,Emissions per capita,2001,2001,t CO2eq/cap,0.090000,E
100,'356,India,6818,Waste,7279,Emissions per capita,2002,2002,t CO2eq/cap,0.090000,E
100,'356,India,6818,Waste,7279,Emissions per capita,2003,2003,t CO2eq/cap,0.090000,E
100,'356,India,6818,Waste,7279,Emissions per capita,2004,2004,t CO2eq/cap,0.090000,E
100,'356,India,6818,Waste,7279,Emissions per capita,2005,2005,t CO2eq/cap,0.090000,E
100,'356,India,6818,Waste,7279,Emissions per capita,2006,2006,t CO2eq/cap,0.090000,E
100,'356,India,6818,Waste,7279,Emissions per capita,2007,2007,t CO2eq/cap,0.090000,E
100,'356,India,6818,Waste,7279,Emissions per capita,2008,2008,t CO2eq/cap,0.090000,E
100,'356,India,6818,Waste,7279,Emissions per capita,2009,2009,t CO2eq/cap,0.090000,E
100,'356,India,6818,Waste,7279,Emissions per capita,2010,2010,t CO2eq/cap,0.090000,E
100,'356,India,6818,Waste,7279,Emissions per capita,2011,2011,t CO2eq/cap,0.090000,E
100,'356,India,6818,Waste,7279,Emissions per capita,2012,2012,t CO2eq/cap,0.090000,E
100,'356,India,6818,Waste,7279,Emissions per capita,2013,2013,t CO2eq/cap,0.090000,E
100,'356,India,6818,Waste,7279,Emissions per capita,2014,2014,t CO2eq/cap,0.090000,E
100,'356,India,6818,Waste,7279,Emissions per capita,2015,2015,t CO2eq/cap,0.090000,E
100,'356,India,6818,Waste,7279,Emissions per capita,2016,2016,t CO2eq/cap,0.090000,E
100,'356,India,6818,Waste,7279,Emissions per capita,2017,2017,t CO2eq/cap,0.100000,E
100,'356,India,6818,Waste,7279,Emissions per capita,2018,2018,t CO2eq/cap,0.100000,E
100,'356,India,6818,Waste,7279,Emissions per capita,2019,2019,t CO2eq/cap,0.100000,E
100,'356,India,6818,Waste,7279,Emissions per capita,2020,2020,t CO2eq/cap,0.100000,E
100,'356,India,6818,Waste,7279,Emissions per capita,2021,2021,t CO2eq/cap,0.100000,E
100,'356,India,6818,Waste,7279,Emissions per capita,2022,2022,t CO2eq/cap,0.100000,E
100,'356,India,6818,Waste,7279,Emissions per capita,2023,2023,t CO2eq/cap,0.100000,E
100,'356,India,6819,Other,726313,Emissions Share (CO2eq) (AR5),1990,1990,%,1.770000,E
100,'356,India,6819,Other,726313,Emissions Share (CO2eq) (AR5),1991,1991,%,1.710000,E
100,'356,India,6819,Other,726313,Emissions Share (CO2eq) (AR5),1992,1992,%,1.660000,E
100,'356,India,6819,Other,726313,Emissions Share (CO2eq) (AR5),1993,1993,%,1.630000,E
100,'356,India,6819,Other,726313,Emissions Share (CO2eq) (AR5),1994,1994,%,1.590000,E
100,'356,India,6819,Other,726313,Emissions Share (CO2eq) (AR5),1995,1995,%,1.540000,E
100,'356,India,6819,Other,726313,Emissions Share (CO2eq) (AR5),1996,1996,%,1.490000,E
100,'356,India,6819,Other,726313,Emissions Share (CO2eq) (AR5),1997,1997,%,1.450000,E
100,'356,India,6819,Other,726313,Emissions Share (CO2eq) (AR5),1998,1998,%,1.420000,E
100,'356,India,6819,Other,726313,Emissions Share (CO2eq) (AR5),1999,1999,%,1.390000,E
100,'356,India,6819,Other,726313,Emissions Share (CO2eq) (AR5),2000,2000,%,1.370000,E
100,'356,India,6819,Other,726313,Emissions Share (CO2eq) (AR5),2001,2001,%,1.200000,E
100,'356,India,6819,Other,726313,Emissions Share (CO2eq) (AR5),2002,2002,%,1.190000,E
100,'356,India,6819,Other,726313,Emissions Share (CO2eq) (AR5),2003,2003,%,1.160000,E
100,'356,India,6819,Other,726313,Emissions Share (CO2eq) (AR5),2004,2004,%,1.140000,E
100,'356,India,6819,Other,726313,Emissions Share (CO2eq) (AR5),2005,2005,%,1.100000,E
100,'356,India,6819,Other,726313,Emissions Share (CO2eq) (AR5),2006,2006,%,1.070000,E
100,'356,India,6819,Other,726313,Emissions Share (CO2eq) (AR5),2007,2007,%,1.050000,E
100,'356,India,6819,Other,726313,Emissions Share (CO2eq) (AR5),2008,2008,%,1.010000,E
100,'356,India,6819,Other,726313,Emissions Share (CO2eq) (AR5),2009,2009,%,0.980000,E
100,'356,India,6819,Other,726313,Emissions Share (CO2eq) (AR5),2010,2010,%,0.980000,E
100,'356,India,6819,Other,726313,Emissions Share (CO2eq) (AR5),2011,2011,%,0.960000,E
100,'356,India,6819,Other,726313,Emissions Share (CO2eq) (AR5),2012,2012,%,0.930000,E
100,'356,India,6819,Other,726313,Emissions Share (CO2eq) (AR5),2013,2013,%,0.930000,E
100,'356,India,6819,Other,726313,Emissions Share (CO2eq) (AR5),2014,2014,%,0.880000,E
100,'356,India,6819,Other,726313,Emissions Share (CO2eq) (AR5),2015,2015,%,0.850000,E
100,'356,India,6819,Other,726313,Emissions Share (CO2eq) (AR5),2016,2016,%,0.850000,E
100,'356,India,6819,Other,726313,Emissions Share (CO2eq) (AR5),2017,2017,%,0.840000,E
100,'356,India,6819,Other,726313,Emissions Share (CO2eq) (AR5),2018,2018,%,0.830000,E
100,'356,India,6819,Other,726313,Emissions Share (CO2eq) (AR5),2019,2019,%,0.800000,E
100,'356,India,6819,Other,726313,Emissions Share (CO2eq) (AR5),2020,2020,%,0.830000,E
100,'356,India,6819,Other,726313,Emissions Share (CO2eq) (AR5),2021,2021,%,0.810000,E
100,'356,India,6819,Other,726313,Emissions Share (CO2eq) (AR5),2022,2022,%,0.780000,E
100,'356,India,6819,Other,726313,Emissions Share (CO2eq) (AR5),2023,2023,%,0.750000,E
100,'356,India,6819,Other,7264,Emissions Share (CO2),1990,1990,%,3.280000,E
100,'356,India,6819,Other,7264,Emissions Share (CO2),1991,1991,%,2.980000,E
100,'356,India,6819,Other,7264,Emissions Share (CO2),1992,1992,%,2.740000,E
100,'356,India,6819,Other,7264,Emissions Share (CO2),1993,1993,%,2.610000,E
100,'356,India,6819,Other,7264,Emissions Share (CO2),1994,1994,%,2.410000,E
100,'356,India,6819,Other,7264,Emissions Share (CO2),1995,1995,%,2.220000,E
100,'356,India,6819,Other,7264,Emissions Share (CO2),1996,1996,%,2.010000,E
100,'356,India,6819,Other,7264,Emissions Share (CO2),1997,1997,%,1.920000,E
100,'356,India,6819,Other,7264,Emissions Share (CO2),1998,1998,%,1.860000,E
100,'356,India,6819,Other,7264,Emissions Share (CO2),1999,1999,%,1.720000,E
100,'356,India,6819,Other,7264,Emissions Share (CO2),2000,2000,%,1.660000,E
100,'356,India,6819,Other,7264,Emissions Share (CO2),2001,2001,%,1.310000,E
100,'356,India,6819,Other,7264,Emissions Share (CO2),2002,2002,%,1.290000,E
100,'356,India,6819,Other,7264,Emissions Share (CO2),2003,2003,%,1.230000,E
100,'356,India,6819,Other,7264,Emissions Share (CO2),2004,2004,%,1.170000,E
100,'356,India,6819,Other,7264,Emissions Share (CO2),2005,2005,%,1.100000,E
100,'356,India,6819,Other,7264,Emissions Share (CO2),2006,2006,%,1.040000,E
100,'356,India,6819,Other,7264,Emissions Share (CO2),2007,2007,%,0.970000,E
100,'356,India,6819,Other,7264,Emissions Share (CO2),2008,2008,%,0.900000,E
100,'356,India,6819,Other,7264,Emissions Share (CO2),2009,2009,%,0.810000,E
100,'356,India,6819,Other,7264,Emissions Share (CO2),2010,2010,%,0.800000,E
100,'356,India,6819,Other,7264,Emissions Share (CO2),2011,2011,%,0.790000,E
100,'356,India,6819,Other,7264,Emissions Share (CO2),2012,2012,%,0.720000,E
100,'356,India,6819,Other,7264,Emissions Share (CO2),2013,2013,%,0.700000,E
100,'356,India,6819,Other,7264,Emissions Share (CO2),2014,2014,%,0.640000,E
100,'356,India,6819,Other,7264,Emissions Share (CO2),2015,2015,%,0.610000,E
100,'356,India,6819,Other,7264,Emissions Share (CO2),2016,2016,%,0.610000,E
100,'356,India,6819,Other,7264,Emissions Share (CO2),2017,2017,%,0.580000,E
100,'356,India,6819,Other,7264,Emissions Share (CO2),2018,2018,%,0.560000,E
100,'356,India,6819,Other,7264,Emissions Share (CO2),2019,2019,%,0.540000,E
100,'356,India,6819,Other,7264,Emissions Share (CO2),2020,2020,%,0.600000,E
100,'356,India,6819,Other,7264,Emissions Share (CO2),2021,2021,%,0.550000,E
100,'356,India,6819,Other,7264,Emissions Share (CO2),2022,2022,%,0.510000,E
100,'356,India,6819,Other,7264,Emissions Share (CO2),2023,2023,%,0.470000,E
100,'356,India,6819,Other,7265,Emissions Share (CH4),1990,1990,%,0.200000,E
100,'356,India,6819,Other,7265,Emissions Share (CH4),1991,1991,%,0.190000,E
100,'356,India,6819,Other,7265,Emissions Share (CH4),1992,1992,%,0.190000,E
100,'356,India,6819,Other,7265,Emissions Share (CH4),1993,1993,%,0.190000,E
100,'356,India,6819,Other,7265,Emissions Share (CH4),1994,1994,%,0.190000,E
100,'356,India,6819,Other,7265,Emissions Share (CH4),1995,1995,%,0.190000,E
100,'356,India,6819,Other,7265,Emissions Share (CH4),1996,1996,%,0.190000,E
100,'356,India,6819,Other,7265,Emissions Share (CH4),1997,1997,%,0.190000,E
100,'356,India,6819,Other,7265,Emissions Share (CH4),1998,1998,%,0.180000,E
100,'356,India,6819,Other,7265,Emissions Share (CH4),1999,1999,%,0.180000,E
100,'356,India,6819,Other,7265,Emissions Share (CH4),2000,2000,%,0.180000,E
100,'356,India,6819,Other,7265,Emissions Share (CH4),2001,2001,%,0.180000,E
100,'356,India,6819,Other,7265,Emissions Share (CH4),2002,2002,%,0.180000,E
100,'356,India,6819,Other,7265,Emissions Share (CH4),2003,2003,%,0.180000,E
100,'356,India,6819,Other,7265,Emissions Share (CH4),2004,2004,%,0.180000,E
100,'356,India,6819,Other,7265,Emissions Share (CH4),2005,2005,%,0.170000,E
100,'356,India,6819,Other,7265,Emissions Share (CH4),2006,2006,%,0.170000,E
100,'356,India,6819,Other,7265,Emissions Share (CH4),2007,2007,%,0.170000,E
100,'356,India,6819,Other,7265,Emissions Share (CH4),2008,2008,%,0.160000,E
100,'356,India,6819,Other,7265,Emissions Share (CH4),2009,2009,%,0.160000,E
100,'356,India,6819,Other,7265,Emissions Share (CH4),2010,2010,%,0.160000,E
100,'356,India,6819,Other,7265,Emissions Share (CH4),2011,2011,%,0.160000,E
100,'356,India,6819,Other,7265,Emissions Share (CH4),2012,2012,%,0.160000,E
100,'356,India,6819,Other,7265,Emissions Share (CH4),2013,2013,%,0.160000,E
100,'356,India,6819,Other,7265,Emissions Share (CH4),2014,2014,%,0.160000,E
100,'356,India,6819,Other,7265,Emissions Share (CH4),2015,2015,%,0.160000,E
100,'356,India,6819,Other,7265,Emissions Share (CH4),2016,2016,%,0.160000,E
100,'356,India,6819,Other,7265,Emissions Share (CH4),2017,2017,%,0.160000,E
100,'356,India,6819,Other,7265,Emissions Share (CH4),2018,2018,%,0.160000,E
100,'356,India,6819,Other,7265,Emissions Share (CH4),2019,2019,%,0.160000,E
100,'356,India,6819,Other,7265,Emissions Share (CH4),2020,2020,%,0.160000,E
100,'356,India,6819,Other,7265,Emissions Share (CH4),2021,2021,%,0.150000,E
100,'356,India,6819,Other,7265,Emissions Share (CH4),2022,2022,%,0.150000,E
100,'356,India,6819,Other,7265,Emissions Share (CH4),2023,2023,%,0.150000,E
100,'356,India,6819,Other,7266,Emissions Share (N2O),1990,1990,%,4.350000,E
100,'356,India,6819,Other,7266,Emissions Share (N2O),1991,1991,%,4.360000,E
100,'356,India,6819,Other,7266,Emissions Share (N2O),1992,1992,%,4.360000,E
100,'356,India,6819,Other,7266,Emissions Share (N2O),1993,1993,%,4.260000,E
100,'356,India,6819,Other,7266,Emissions Share (N2O),1994,1994,%,4.320000,E
100,'356,India,6819,Other,7266,Emissions Share (N2O),1995,1995,%,4.400000,E
100,'356,India,6819,Other,7266,Emissions Share (N2O),1996,1996,%,4.560000,E
100,'356,India,6819,Other,7266,Emissions Share (N2O),1997,1997,%,4.490000,E
100,'356,India,6819,Other,7266,Emissions Share (N2O),1998,1998,%,4.330000,E
100,'356,India,6819,Other,7266,Emissions Share (N2O),1999,1999,%,4.560000,E
100,'356,India,6819,Other,7266,Emissions Share (N2O),2000,2000,%,4.680000,E
100,'356,India,6819,Other,7266,Emissions Share (N2O),2001,2001,%,4.520000,E
100,'356,India,6819,Other,7266,Emissions Share (N2O),2002,2002,%,4.560000,E
100,'356,India,6819,Other,7266,Emissions Share (N2O),2003,2003,%,4.510000,E
100,'356,India,6819,Other,7266,Emissions Share (N2O),2004,2004,%,4.630000,E
100,'356,India,6819,Other,7266,Emissions Share (N2O),2005,2005,%,4.490000,E
100,'356,India,6819,Other,7266,Emissions Share (N2O),2006,2006,%,4.470000,E
100,'356,India,6819,Other,7266,Emissions Share (N2O),2007,2007,%,4.670000,E
100,'356,India,6819,Other,7266,Emissions Share (N2O),2008,2008,%,4.780000,E
100,'356,India,6819,Other,7266,Emissions Share (N2O),2009,2009,%,5.000000,E
100,'356,India,6819,Other,7266,Emissions Share (N2O),2010,2010,%,4.990000,E
100,'356,India,6819,Other,7266,Emissions Share (N2O),2011,2011,%,4.860000,E
100,'356,India,6819,Other,7266,Emissions Share (N2O),2012,2012,%,5.120000,E
100,'356,India,6819,Other,7266,Emissions Share (N2O),2013,2013,%,5.130000,E
100,'356,India,6819,Other,7266,Emissions Share (N2O),2014,2014,%,5.300000,E
100,'356,India,6819,Other,7266,Emissions Share (N2O),2015,2015,%,5.260000,E
100,'356,India,6819,Other,7266,Emissions Share (N2O),2016,2016,%,5.310000,E
100,'356,India,6819,Other,7266,Emissions Share (N2O),2017,2017,%,5.480000,E
100,'356,India,6819,Other,7266,Emissions Share (N2O),2018,2018,%,5.590000,E
100,'356,India,6819,Other,7266,Emissions Share (N2O),2019,2019,%,5.290000,E
100,'356,India,6819,Other,7266,Emissions Share (N2O),2020,2020,%,4.850000,E
100,'356,India,6819,Other,7266,Emissions Share (N2O),2021,2021,%,5.270000,E
100,'356,India,6819,Other,7266,Emissions Share (N2O),2022,2022,%,5.320000,E
100,'356,India,6819,Other,7266,Emissions Share (N2O),2023,2023,%,5.450000,E
100,'356,India,6819,Other,7279,Emissions per capita,1990,1990,t CO2eq/cap,0.030000,E
100,'356,India,6819,Other,7279,Emissions per capita,1991,1991,t CO2eq/cap,0.020000,E
100,'356,India,6819,Other,7279,Emissions per capita,1992,1992,t CO2eq/cap,0.020000,E
100,'356,India,6819,Other,7279,Emissions per capita,1993,1993,t CO2eq/cap,0.020000,E
100,'356,India,6819,Other,7279,Emissions per capita,1994,1994,t CO2eq/cap,0.020000,E
100,'356,India,6819,Other,7279,Emissions per capita,1995,1995,t CO2eq/cap,0.020000,E
100,'356,India,6819,Other,7279,Emissions per capita,1996,1996,t CO2eq/cap,0.020000,E
100,'356,India,6819,Other,7279,Emissions per capita,1997,1997,t CO2eq/cap,0.020000,E
100,'356,India,6819,Other,7279,Emissions per capita,1998,1998,t CO2eq/cap,0.020000,E
100,'356,India,6819,Other,7279,Emissions per capita,1999,1999,t CO2eq/cap,0.020000,E
100,'356,India,6819,Other,7279,Emissions per capita,2000,2000,t CO2eq/cap,0.020000,E
100,'356,India,6819,Other,7279,Emissions per capita,2001,2001,t CO2eq/cap,0.020000,E
100,'356,India,6819,Other,7279,Emissions per capita,2002,2002,t CO2eq/cap,0.020000,E
100,'356,India,6819,Other,7279,Emissions per capita,2003,2003,t CO2eq/cap,0.020000,E
100,'356,India,6819,Other,7279,Emissions per capita,2004,2004,t CO2eq/cap,0.020000,E
100,'356,India,6819,Other,7279,Emissions per capita,2005,2005,t CO2eq/cap,0.020000,E
100,'356,India,6819,Other,7279,Emissions per capita,2006,2006,t CO2eq/cap,0.020000,E
100,'356,India,6819,Other,7279,Emissions per capita,2007,2007,t CO2eq/cap,0.020000,E
100,'356,India,6819,Other,7279,Emissions per capita,2008,2008,t CO2eq/cap,0.020000,E
100,'356,India,6819,Other,7279,Emissions per capita,2009,2009,t CO2eq/cap,0.020000,E
100,'356,India,6819,Other,7279,Emissions per capita,2010,2010,t CO2eq/cap,0.020000,E
100,'356,India,6819,Other,7279,Emissions per capita,2011,2011,t CO2eq/cap,0.020000,E
100,'356,India,6819,Other,7279,Emissions per capita,2012,2012,t CO2eq/cap,0.020000,E
100,'356,India,6819,Other,7279,Emissions per capita,2013,2013,t CO2eq/cap,0.020000,E
100,'356,India,6819,Other,7279,Emissions per capita,2014,2014,t CO2eq/cap,0.020000,E
100,'356,India,6819,Other,7279,Emissions per capita,2015,2015,t CO2eq/cap,0.020000,E
100,'356,India,6819,Other,7279,Emissions per capita,2016,2016,t CO2eq/cap,0.020000,E
100,'356,India,6819,Other,7279,Emissions per capita,2017,2017,t CO2eq/cap,0.020000,E
100,'356,India,6819,Other,7279,Emissions per capita,2018,2018,t CO2eq/cap,0.020000,E
100,'356,India,6819,Other,7279,Emissions per capita,2019,2019,t CO2eq/cap,0.020000,E
100,'356,India,6819,Other,7279,Emissions per capita,2020,2020,t CO2eq/cap,0.020000,E
100,'356,India,6819,Other,7279,Emissions per capita,2021,2021,t CO2eq/cap,0.020000,E
100,'356,India,6819,Other,7279,Emissions per capita,2022,2022,t CO2eq/cap,0.020000,E
100,'356,India,6819,Other,7279,Emissions per capita,2023,2023,t CO2eq/cap,0.020000,E
100,'356,India,6825,All sectors with LULUCF,726313,Emissions Share (CO2eq) (AR5),1990,1990,%,100.000000,E
100,'356,India,6825,All sectors with LULUCF,726313,Emissions Share (CO2eq) (AR5),1991,1991,%,100.000000,E
100,'356,India,6825,All sectors with LULUCF,726313,Emissions Share (CO2eq) (AR5),1992,1992,%,100.000000,E
100,'356,India,6825,All sectors with LULUCF,726313,Emissions Share (CO2eq) (AR5),1993,1993,%,100.000000,E
100,'356,India,6825,All sectors with LULUCF,726313,Emissions Share (CO2eq) (AR5),1994,1994,%,100.000000,E
100,'356,India,6825,All sectors with LULUCF,726313,Emissions Share (CO2eq) (AR5),1995,1995,%,100.000000,E
100,'356,India,6825,All sectors with LULUCF,726313,Emissions Share (CO2eq) (AR5),1996,1996,%,100.000000,E
100,'356,India,6825,All sectors with LULUCF,726313,Emissions Share (CO2eq) (AR5),1997,1997,%,100.000000,E
100,'356,India,6825,All sectors with LULUCF,726313,Emissions Share (CO2eq) (AR5),1998,1998,%,100.000000,E
100,'356,India,6825,All sectors with LULUCF,726313,Emissions Share (CO2eq) (AR5),1999,1999,%,100.000000,E
100,'356,India,6825,All sectors with LULUCF,726313,Emissions Share (CO2eq) (AR5),2000,2000,%,100.000000,E
100,'356,India,6825,All sectors with LULUCF,726313,Emissions Share (CO2eq) (AR5),2001,2001,%,100.000000,E
100,'356,India,6825,All sectors with LULUCF,726313,Emissions Share (CO2eq) (AR5),2002,2002,%,100.000000,E
100,'356,India,6825,All sectors with LULUCF,726313,Emissions Share (CO2eq) (AR5),2003,2003,%,100.000000,E
100,'356,India,6825,All sectors with LULUCF,726313,Emissions Share (CO2eq) (AR5),2004,2004,%,100.000000,E
100,'356,India,6825,All sectors with LULUCF,726313,Emissions Share (CO2eq) (AR5),2005,2005,%,100.000000,E
100,'356,India,6825,All sectors with LULUCF,726313,Emissions Share (CO2eq) (AR5),2006,2006,%,100.000000,E
100,'356,India,6825,All sectors with LULUCF,726313,Emissions Share (CO2eq) (AR5),2007,2007,%,100.000000,E
100,'356,India,6825,All sectors with LULUCF,726313,Emissions Share (CO2eq) (AR5),2008,2008,%,100.000000,E
100,'356,India,6825,All sectors with LULUCF,726313,Emissions Share (CO2eq) (AR5),2009,2009,%,100.000000,E
100,'356,India,6825,All sectors with LULUCF,726313,Emissions Share (CO2eq) (AR5),2010,2010,%,100.000000,E
100,'356,India,6825,All sectors with LULUCF,726313,Emissions Share (CO2eq) (AR5),2011,2011,%,100.000000,E
100,'356,India,6825,All sectors with LULUCF,726313,Emissions Share (CO2eq) (AR5),2012,2012,%,100.000000,E
100,'356,India,6825,All sectors with LULUCF,726313,Emissions Share (CO2eq) (AR5),2013,2013,%,100.000000,E
100,'356,India,6825,All sectors with LULUCF,726313,Emissions Share (CO2eq) (AR5),2014,2014,%,100.000000,E
100,'356,India,6825,All sectors with LULUCF,726313,Emissions Share (CO2eq) (AR5),2015,2015,%,100.000000,E
100,'356,India,6825,All sectors with LULUCF,726313,Emissions Share (CO2eq) (AR5),2016,2016,%,100.000000,E
100,'356,India,6825,All sectors with LULUCF,726313,Emissions Share (CO2eq) (AR5),2017,2017,%,100.000000,E
100,'356,India,6825,All sectors with LULUCF,726313,Emissions Share (CO2eq) (AR5),2018,2018,%,100.000000,E
100,'356,India,6825,All sectors with LULUCF,726313,Emissions Share (CO2eq) (AR5),2019,2019,%,100.000000,E
100,'356,India,6825,All sectors with LULUCF,726313,Emissions Share (CO2eq) (AR5),2020,2020,%,100.000000,E
100,'356,India,6825,All sectors with LULUCF,726313,Emissions Share (CO2eq) (AR5),2021,2021,%,100.000000,E
100,'356,India,6825,All sectors with LULUCF,726313,Emissions Share (CO2eq) (AR5),2022,2022,%,100.000000,E
100,'356,India,6825,All sectors with LULUCF,726313,Emissions Share (CO2eq) (AR5),2023,2023,%,100.000000,E
100,'356,India,6825,All sectors with LULUCF,7264,Emissions Share (CO2),1990,1990,%,100.000000,E
100,'356,India,6825,All sectors with LULUCF,7264,Emissions Share (CO2),1991,1991,%,100.000000,E
100,'356,India,6825,All sectors with LULUCF,7264,Emissions Share (CO2),1992,1992,%,100.000000,E
100,'356,India,6825,All sectors with LULUCF,7264,Emissions Share (CO2),1993,1993,%,100.000000,E
100,'356,India,6825,All sectors with LULUCF,7264,Emissions Share (CO2),1994,1994,%,100.000000,E
100,'356,India,6825,All sectors with LULUCF,7264,Emissions Share (CO2),1995,1995,%,100.000000,E
100,'356,India,6825,All sectors with LULUCF,7264,Emissions Share (CO2),1996,1996,%,100.000000,E
100,'356,India,6825,All sectors with LULUCF,7264,Emissions Share (CO2),1997,1997,%,100.000000,E
100,'356,India,6825,All sectors with LULUCF,7264,Emissions Share (CO2),1998,1998,%,100.000000,E
100,'356,India,6825,All sectors with LULUCF,7264,Emissions Share (CO2),1999,1999,%,100.000000,E
100,'356,India,6825,All sectors with LULUCF,7264,Emissions Share (CO2),2000,2000,%,100.000000,E
100,'356,India,6825,All sectors with LULUCF,7264,Emissions Share (CO2),2001,2001,%,100.000000,E
100,'356,India,6825,All sectors with LULUCF,7264,Emissions Share (CO2),2002,2002,%,100.000000,E
100,'356,India,6825,All sectors with LULUCF,7264,Emissions Share (CO2),2003,2003,%,100.000000,E
100,'356,India,6825,All sectors with LULUCF,7264,Emissions Share (CO2),2004,2004,%,100.000000,E
100,'356,India,6825,All sectors with LULUCF,7264,Emissions Share (CO2),2005,2005,%,100.000000,E
100,'356,India,6825,All sectors with LULUCF,7264,Emissions Share (CO2),2006,2006,%,100.000000,E
100,'356,India,6825,All sectors with LULUCF,7264,Emissions Share (CO2),2007,2007,%,100.000000,E
100,'356,India,6825,All sectors with LULUCF,7264,Emissions Share (CO2),2008,2008,%,100.000000,E
100,'356,India,6825,All sectors with LULUCF,7264,Emissions Share (CO2),2009,2009,%,100.000000,E
100,'356,India,6825,All sectors with LULUCF,7264,Emissions Share (CO2),2010,2010,%,100.000000,E
100,'356,India,6825,All sectors with LULUCF,7264,Emissions Share (CO2),2011,2011,%,100.000000,E
100,'356,India,6825,All sectors with LULUCF,7264,Emissions Share (CO2),2012,2012,%,100.000000,E
100,'356,India,6825,All sectors with LULUCF,7264,Emissions Share (CO2),2013,2013,%,100.000000,E
100,'356,India,6825,All sectors with LULUCF,7264,Emissions Share (CO2),2014,2014,%,100.000000,E
100,'356,India,6825,All sectors with LULUCF,7264,Emissions Share (CO2),2015,2015,%,100.000000,E
100,'356,India,6825,All sectors with LULUCF,7264,Emissions Share (CO2),2016,2016,%,100.000000,E
100,'356,India,6825,All sectors with LULUCF,7264,Emissions Share (CO2),2017,2017,%,100.000000,E
100,'356,India,6825,All sectors with LULUCF,7264,Emissions Share (CO2),2018,2018,%,100.000000,E
100,'356,India,6825,All sectors with LULUCF,7264,Emissions Share (CO2),2019,2019,%,100.000000,E
100,'356,India,6825,All sectors with LULUCF,7264,Emissions Share (CO2),2020,2020,%,100.000000,E
100,'356,India,6825,All sectors with LULUCF,7264,Emissions Share (CO2),2021,2021,%,100.000000,E
100,'356,India,6825,All sectors with LULUCF,7264,Emissions Share (CO2),2022,2022,%,100.000000,E
100,'356,India,6825,All sectors with LULUCF,7264,Emissions Share (CO2),2023,2023,%,100.000000,E
100,'356,India,6825,All sectors with LULUCF,7265,Emissions Share (CH4),1990,1990,%,100.000000,E
100,'356,India,6825,All sectors with LULUCF,7265,Emissions Share (CH4),1991,1991,%,100.000000,E
100,'356,India,6825,All sectors with LULUCF,7265,Emissions Share (CH4),1992,1992,%,100.000000,E
100,'356,India,6825,All sectors with LULUCF,7265,Emissions Share (CH4),1993,1993,%,100.000000,E
100,'356,India,6825,All sectors with LULUCF,7265,Emissions Share (CH4),1994,1994,%,100.000000,E
100,'356,India,6825,All sectors with LULUCF,7265,Emissions Share (CH4),1995,1995,%,100.000000,E
100,'356,India,6825,All sectors with LULUCF,7265,Emissions Share (CH4),1996,1996,%,100.000000,E
100,'356,India,6825,All sectors with LULUCF,7265,Emissions Share (CH4),1997,1997,%,100.000000,E
100,'356,India,6825,All sectors with LULUCF,7265,Emissions Share (CH4),1998,1998,%,100.000000,E
100,'356,India,6825,All sectors with LULUCF,7265,Emissions Share (CH4),1999,1999,%,100.000000,E
100,'356,India,6825,All sectors with LULUCF,7265,Emissions Share (CH4),2000,2000,%,100.000000,E
100,'356,India,6825,All sectors with LULUCF,7265,Emissions Share (CH4),2001,2001,%,100.000000,E
100,'356,India,6825,All sectors with LULUCF,7265,Emissions Share (CH4),2002,2002,%,100.000000,E
100,'356,India,6825,All sectors with LULUCF,7265,Emissions Share (CH4),2003,2003,%,100.000000,E
100,'356,India,6825,All sectors with LULUCF,7265,Emissions Share (CH4),2004,2004,%,100.000000,E
100,'356,India,6825,All sectors with LULUCF,7265,Emissions Share (CH4),2005,2005,%,100.000000,E
100,'356,India,6825,All sectors with LULUCF,7265,Emissions Share (CH4),2006,2006,%,100.000000,E
100,'356,India,6825,All sectors with LULUCF,7265,Emissions Share (CH4),2007,2007,%,100.000000,E
100,'356,India,6825,All sectors with LULUCF,7265,Emissions Share (CH4),2008,2008,%,100.000000,E
100,'356,India,6825,All sectors with LULUCF,7265,Emissions Share (CH4),2009,2009,%,100.000000,E
100,'356,India,6825,All sectors with LULUCF,7265,Emissions Share (CH4),2010,2010,%,100.000000,E
100,'356,India,6825,All sectors with LULUCF,7265,Emissions Share (CH4),2011,2011,%,100.000000,E
100,'356,India,6825,All sectors with LULUCF,7265,Emissions Share (CH4),2012,2012,%,100.000000,E
100,'356,India,6825,All sectors with LULUCF,7265,Emissions Share (CH4),2013,2013,%,100.000000,E
100,'356,India,6825,All sectors with LULUCF,7265,Emissions Share (CH4),2014,2014,%,100.000000,E
100,'356,India,6825,All sectors with LULUCF,7265,Emissions Share (CH4),2015,2015,%,100.000000,E
100,'356,India,6825,All sectors with LULUCF,7265,Emissions Share (CH4),2016,2016,%,100.000000,E
100,'356,India,6825,All sectors with LULUCF,7265,Emissions Share (CH4),2017,2017,%,100.000000,E
100,'356,India,6825,All sectors with LULUCF,7265,Emissions Share (CH4),2018,2018,%,100.000000,E
100,'356,India,6825,All sectors with LULUCF,7265,Emissions Share (CH4),2019,2019,%,100.000000,E
100,'356,India,6825,All sectors with LULUCF,7265,Emissions Share (CH4),2020,2020,%,100.000000,E
100,'356,India,6825,All sectors with LULUCF,7265,Emissions Share (CH4),2021,2021,%,100.000000,E
100,'356,India,6825,All sectors with LULUCF,7265,Emissions Share (CH4),2022,2022,%,100.000000,E
100,'356,India,6825,All sectors with LULUCF,7265,Emissions Share (CH4),2023,2023,%,100.000000,E
100,'356,India,6825,All sectors with LULUCF,7266,Emissions Share (N2O),1990,1990,%,100.000000,E
100,'356,India,6825,All sectors with LULUCF,7266,Emissions Share (N2O),1991,1991,%,100.000000,E
100,'356,India,6825,All sectors with LULUCF,7266,Emissions Share (N2O),1992,1992,%,100.000000,E
100,'356,India,6825,All sectors with LULUCF,7266,Emissions Share (N2O),1993,1993,%,100.000000,E
100,'356,India,6825,All sectors with LULUCF,7266,Emissions Share (N2O),1994,1994,%,100.000000,E
100,'356,India,6825,All sectors with LULUCF,7266,Emissions Share (N2O),1995,1995,%,100.000000,E
100,'356,India,6825,All sectors with LULUCF,7266,Emissions Share (N2O),1996,1996,%,100.000000,E
100,'356,India,6825,All sectors with LULUCF,7266,Emissions Share (N2O),1997,1997,%,100.000000,E
100,'356,India,6825,All sectors with LULUCF,7266,Emissions Share (N2O),1998,1998,%,100.000000,E
100,'356,India,6825,All sectors with LULUCF,7266,Emissions Share (N2O),1999,1999,%,100.000000,E
100,'356,India,6825,All sectors with LULUCF,7266,Emissions Share (N2O),2000,2000,%,100.000000,E
100,'356,India,6825,All sectors with LULUCF,7266,Emissions Share (N2O),2001,2001,%,100.000000,E
100,'356,India,6825,All sectors with LULUCF,7266,Emissions Share (N2O),2002,2002,%,100.000000,E
100,'356,India,6825,All sectors with LULUCF,7266,Emissions Share (N2O),2003,2003,%,100.000000,E
100,'356,India,6825,All sectors with LULUCF,7266,Emissions Share (N2O),2004,2004,%,100.000000,E
100,'356,India,6825,All sectors with LULUCF,7266,Emissions Share (N2O),2005,2005,%,100.000000,E
100,'356,India,6825,All sectors with LULUCF,7266,Emissions Share (N2O),2006,2006,%,100.000000,E
100,'356,India,6825,All sectors with LULUCF,7266,Emissions Share (N2O),2007,2007,%,100.000000,E
100,'356,India,6825,All sectors with LULUCF,7266,Emissions Share (N2O),2008,2008,%,100.000000,E
100,'356,India,6825,All sectors with LULUCF,7266,Emissions Share (N2O),2009,2009,%,100.000000,E
100,'356,India,6825,All sectors with LULUCF,7266,Emissions Share (N2O),2010,2010,%,100.000000,E
100,'356,India,6825,All sectors with LULUCF,7266,Emissions Share (N2O),2011,2011,%,100.000000,E
100,'356,India,6825,All sectors with LULUCF,7266,Emissions Share (N2O),2012,2012,%,100.000000,E
100,'356,India,6825,All sectors with LULUCF,7266,Emissions Share (N2O),2013,2013,%,100.000000,E
100,'356,India,6825,All sectors with LULUCF,7266,Emissions Share (N2O),2014,2014,%,100.000000,E
100,'356,India,6825,All sectors with LULUCF,7266,Emissions Share (N2O),2015,2015,%,100.000000,E
100,'356,India,6825,All sectors with LULUCF,7266,Emissions Share (N2O),2016,2016,%,100.000000,E
100,'356,India,6825,All sectors with LULUCF,7266,Emissions Share (N2O),2017,2017,%,100.000000,E
100,'356,India,6825,All sectors with LULUCF,7266,Emissions Share (N2O),2018,2018,%,100.000000,E
100,'356,India,6825,All sectors with LULUCF,7266,Emissions Share (N2O),2019,2019,%,100.000000,E
100,'356,India,6825,All sectors with LULUCF,7266,Emissions Share (N2O),2020,2020,%,100.000000,E
100,'356,India,6825,All sectors with LULUCF,7266,Emissions Share (N2O),2021,2021,%,100.000000,E
100,'356,India,6825,All sectors with LULUCF,7266,Emissions Share (N2O),2022,2022,%,100.000000,E
100,'356,India,6825,All sectors with LULUCF,7266,Emissions Share (N2O),2023,2023,%,100.000000,E
100,'356,India,6825,All sectors with LULUCF,7179,Emissions Share (CO2eq) (AR5) (F-gases),1990,1990,%,100.000000,E
100,'356,India,6825,All sectors with LULUCF,7179,Emissions Share (CO2eq) (AR5) (F-gases),1991,1991,%,100.000000,E
100,'356,India,6825,All sectors with LULUCF,7179,Emissions Share (CO2eq) (AR5) (F-gases),1992,1992,%,100.000000,E
100,'356,India,6825,All sectors with LULUCF,7179,Emissions Share (CO2eq) (AR5) (F-gases),1993,1993,%,100.000000,E
100,'356,India,6825,All sectors with LULUCF,7179,Emissions Share (CO2eq) (AR5) (F-gases),1994,1994,%,100.000000,E
100,'356,India,6825,All sectors with LULUCF,7179,Emissions Share (CO2eq) (AR5) (F-gases),1995,1995,%,100.000000,E
100,'356,India,6825,All sectors with LULUCF,7179,Emissions Share (CO2eq) (AR5) (F-gases),1996,1996,%,100.000000,E
100,'356,India,6825,All sectors with LULUCF,7179,Emissions Share (CO2eq) (AR5) (F-gases),1997,1997,%,100.000000,E
100,'356,India,6825,All sectors with LULUCF,7179,Emissions Share (CO2eq) (AR5) (F-gases),1998,1998,%,100.000000,E
100,'356,India,6825,All sectors with LULUCF,7179,Emissions Share (CO2eq) (AR5) (F-gases),1999,1999,%,100.000000,E
100,'356,India,6825,All sectors with LULUCF,7179,Emissions Share (CO2eq) (AR5) (F-gases),2000,2000,%,100.000000,E
100,'356,India,6825,All sectors with LULUCF,7179,Emissions Share (CO2eq) (AR5) (F-gases),2001,2001,%,100.000000,E
100,'356,India,6825,All sectors with LULUCF,7179,Emissions Share (CO2eq) (AR5) (F-gases),2002,2002,%,100.000000,E
100,'356,India,6825,All sectors with LULUCF,7179,Emissions Share (CO2eq) (AR5) (F-gases),2003,2003,%,100.000000,E
100,'356,India,6825,All sectors with LULUCF,7179,Emissions Share (CO2eq) (AR5) (F-gases),2004,2004,%,100.000000,E
100,'356,India,6825,All sectors with LULUCF,7179,Emissions Share (CO2eq) (AR5) (F-gases),2005,2005,%,100.000000,E
100,'356,India,6825,All sectors with LULUCF,7179,Emissions Share (CO2eq) (AR5) (F-gases),2006,2006,%,100.000000,E
100,'356,India,6825,All sectors with LULUCF,7179,Emissions Share (CO2eq) (AR5) (F-gases),2007,2007,%,100.000000,E
100,'356,India,6825,All sectors with LULUCF,7179,Emissions Share (CO2eq) (AR5) (F-gases),2008,2008,%,100.000000,E
100,'356,India,6825,All sectors with LULUCF,7179,Emissions Share (CO2eq) (AR5) (F-gases),2009,2009,%,100.000000,E
100,'356,India,6825,All sectors with LULUCF,7179,Emissions Share (CO2eq) (AR5) (F-gases),2010,2010,%,100.000000,E
100,'356,India,6825,All sectors with LULUCF,7179,Emissions Share (CO2eq) (AR5) (F-gases),2011,2011,%,100.000000,E
100,'356,India,6825,All sectors with LULUCF,7179,Emissions Share (CO2eq) (AR5) (F-gases),2012,2012,%,100.000000,E
100,'356,India,6825,All sectors with LULUCF,7179,Emissions Share (CO2eq) (AR5) (F-gases),2013,2013,%,100.000000,E
100,'356,India,6825,All sectors with LULUCF,7179,Emissions Share (CO2eq) (AR5) (F-gases),2014,2014,%,100.000000,E
100,'356,India,6825,All sectors with LULUCF,7179,Emissions Share (CO2eq) (AR5) (F-gases),2015,2015,%,100.000000,E
100,'356,India,6825,All sectors with LULUCF,7179,Emissions Share (CO2eq) (AR5) (F-gases),2016,2016,%,100.000000,E
100,'356,India,6825,All sectors with LULUCF,7179,Emissions Share (CO2eq) (AR5) (F-gases),2017,2017,%,100.000000,E
100,'356,India,6825,All sectors with LULUCF,7179,Emissions Share (CO2eq) (AR5) (F-gases),2018,2018,%,100.000000,E
100,'356,India,6825,All sectors with LULUCF,7179,Emissions Share (CO2eq) (AR5) (F-gases),2019,2019,%,100.000000,E
100,'356,India,6825,All sectors with LULUCF,7179,Emissions Share (CO2eq) (AR5) (F-gases),2020,2020,%,100.000000,E
100,'356,India,6825,All sectors with LULUCF,7179,Emissions Share (CO2eq) (AR5) (F-gases),2021,2021,%,100.000000,E
100,'356,India,6825,All sectors with LULUCF,7179,Emissions Share (CO2eq) (AR5) (F-gases),2022,2022,%,100.000000,E
100,'356,India,6825,All sectors with LULUCF,7179,Emissions Share (CO2eq) (AR5) (F-gases),2023,2023,%,100.000000,E
100,'356,India,6825,All sectors with LULUCF,7279,Emissions per capita,1990,1990,t CO2eq/cap,1.420000,E
100,'356,India,6825,All sectors with LULUCF,7279,Emissions per capita,1991,1991,t CO2eq/cap,1.450000,E
100,'356,India,6825,All sectors with LULUCF,7279,Emissions per capita,1992,1992,t CO2eq/cap,1.480000,E
100,'356,India,6825,All sectors with LULUCF,7279,Emissions per capita,1993,1993,t CO2eq/cap,1.480000,E
100,'356,India,6825,All sectors with LULUCF,7279,Emissions per capita,1994,1994,t CO2eq/cap,1.510000,E
100,'356,India,6825,All sectors with LULUCF,7279,Emissions per capita,1995,1995,t CO2eq/cap,1.540000,E
100,'356,India,6825,All sectors with LULUCF,7279,Emissions per capita,1996,1996,t CO2eq/cap,1.590000,E
100,'356,India,6825,All sectors with LULUCF,7279,Emissions per capita,1997,1997,t CO2eq/cap,1.610000,E
100,'356,India,6825,All sectors with LULUCF,7279,Emissions per capita,1998,1998,t CO2eq/cap,1.610000,E
100,'356,India,6825,All sectors with LULUCF,7279,Emissions per capita,1999,1999,t CO2eq/cap,1.640000,E
100,'356,India,6825,All sectors with LULUCF,7279,Emissions per capita,2000,2000,t CO2eq/cap,1.640000,E
100,'356,India,6825,All sectors with LULUCF,7279,Emissions per capita,2001,2001,t CO2eq/cap,1.830000,E
100,'356,India,6825,All sectors with LULUCF,7279,Emissions per capita,2002,2002,t CO2eq/cap,1.800000,E
100,'356,India,6825,All sectors with LULUCF,7279,Emissions per capita,2003,2003,t CO2eq/cap,1.830000,E
100,'356,India,6825,All sectors with LULUCF,7279,Emissions per capita,2004,2004,t CO2eq/cap,1.880000,E
100,'356,India,6825,All sectors with LULUCF,7279,Emissions per capita,2005,2005,t CO2eq/cap,1.920000,E
100,'356,India,6825,All sectors with LULUCF,7279,Emissions per capita,2006,2006,t CO2eq/cap,1.980000,E
100,'356,India,6825,All sectors with LULUCF,7279,Emissions per capita,2007,2007,t CO2eq/cap,2.050000,E
100,'356,India,6825,All sectors with LULUCF,7279,Emissions per capita,2008,2008,t CO2eq/cap,2.140000,E
100,'356,India,6825,All sectors with LULUCF,7279,Emissions per capita,2009,2009,t CO2eq/cap,2.260000,E
100,'356,India,6825,All sectors with LULUCF,7279,Emissions per capita,2010,2010,t CO2eq/cap,2.260000,E
100,'356,India,6825,All sectors with LULUCF,7279,Emissions per capita,2011,2011,t CO2eq/cap,2.270000,E
100,'356,India,6825,All sectors with LULUCF,7279,Emissions per capita,2012,2012,t CO2eq/cap,2.390000,E
100,'356,India,6825,All sectors with LULUCF,7279,Emissions per capita,2013,2013,t CO2eq/cap,2.370000,E
100,'356,India,6825,All sectors with LULUCF,7279,Emissions per capita,2014,2014,t CO2eq/cap,2.510000,E
100,'356,India,6825,All sectors with LULUCF,7279,Emissions per capita,2015,2015,t CO2eq/cap,2.560000,E
100,'356,India,6825,All sectors with LULUCF,7279,Emissions per capita,2016,2016,t CO2eq/cap,2.540000,E
100,'356,India,6825,All sectors with LULUCF,7279,Emissions per capita,2017,2017,t CO2eq/cap,2.600000,E
100,'356,India,6825,All sectors with LULUCF,7279,Emissions per capita,2018,2018,t CO2eq/cap,2.680000,E
100,'356,India,6825,All sectors with LULUCF,7279,Emissions per capita,2019,2019,t CO2eq/cap,2.720000,E
100,'356,India,6825,All sectors with LULUCF,7279,Emissions per capita,2020,2020,t CO2eq/cap,2.510000,E
100,'356,India,6825,All sectors with LULUCF,7279,Emissions per capita,2021,2021,t CO2eq/cap,2.680000,E
100,'356,India,6825,All sectors with LULUCF,7279,Emissions per capita,2022,2022,t CO2eq/cap,2.790000,E
100,'356,India,6825,All sectors with LULUCF,7279,Emissions per capita,2023,2023,t CO2eq/cap,2.960000,E
100,'356,India,6829,All sectors without LULUCF,726313,Emissions Share (CO2eq) (AR5),1990,1990,%,117.730000,E
100,'356,India,6829,All sectors without LULUCF,726313,Emissions Share (CO2eq) (AR5),1991,1991,%,116.950000,E
100,'356,India,6829,All sectors without LULUCF,726313,Emissions Share (CO2eq) (AR5),1992,1992,%,116.320000,E
100,'356,India,6829,All sectors without LULUCF,726313,Emissions Share (CO2eq) (AR5),1993,1993,%,115.980000,E
100,'356,India,6829,All sectors without LULUCF,726313,Emissions Share (CO2eq) (AR5),1994,1994,%,115.350000,E
100,'356,India,6829,All sectors without LULUCF,726313,Emissions Share (CO2eq) (AR5),1995,1995,%,114.710000,E
100,'356,India,6829,All sectors without LULUCF,726313,Emissions Share (CO2eq) (AR5),1996,1996,%,114.170000,E
100,'356,India,6829,All sectors without LULUCF,726313,Emissions Share (CO2eq) (AR5),1997,1997,%,113.770000,E
100,'356,India,6829,All sectors without LULUCF,726313,Emissions Share (CO2eq) (AR5),1998,1998,%,113.510000,E
100,'356,India,6829,All sectors without LULUCF,726313,Emissions Share (CO2eq) (AR5),1999,1999,%,112.850000,E
100,'356,India,6829,All sectors without LULUCF,726313,Emissions Share (CO2eq) (AR5),2000,2000,%,112.720000,E
100,'356,India,6829,All sectors without LULUCF,726313,Emissions Share (CO2eq) (AR5),2001,2001,%,99.770000,E
100,'356,India,6829,All sectors without LULUCF,726313,Emissions Share (CO2eq) (AR5),2002,2002,%,99.790000,E
100,'356,India,6829,All sectors without LULUCF,726313,Emissions Share (CO2eq) (AR5),2003,2003,%,99.670000,E
100,'356,India,6829,All sectors without LULUCF,726313,Emissions Share (CO2eq) (AR5),2004,2004,%,99.590000,E
100,'356,India,6829,All sectors without LULUCF,726313,Emissions Share (CO2eq) (AR5),2005,2005,%,99.700000,E
100,'356,India,6829,All sectors without LULUCF,726313,Emissions Share (CO2eq) (AR5),2006,2006,%,99.690000,E
100,'356,India,6829,All sectors without LULUCF,726313,Emissions Share (CO2eq) (AR5),2007,2007,%,99.620000,E
100,'356,India,6829,All sectors without LULUCF,726313,Emissions Share (CO2eq) (AR5),2008,2008,%,99.740000,E
100,'356,India,6829,All sectors without LULUCF,726313,Emissions Share (CO2eq) (AR5),2009,2009,%,99.490000,E
100,'356,India,6829,All sectors without LULUCF,726313,Emissions Share (CO2eq) (AR5),2010,2010,%,99.560000,E
100,'356,India,6829,All sectors without LULUCF,726313,Emissions Share (CO2eq) (AR5),2011,2011,%,102.160000,E
100,'356,India,6829,All sectors without LULUCF,726313,Emissions Share (CO2eq) (AR5),2012,2012,%,101.830000,E
100,'356,India,6829,All sectors without LULUCF,726313,Emissions Share (CO2eq) (AR5),2013,2013,%,101.960000,E
100,'356,India,6829,All sectors without LULUCF,726313,Emissions Share (CO2eq) (AR5),2014,2014,%,101.860000,E
100,'356,India,6829,All sectors without LULUCF,726313,Emissions Share (CO2eq) (AR5),2015,2015,%,101.840000,E
100,'356,India,6829,All sectors without LULUCF,726313,Emissions Share (CO2eq) (AR5),2016,2016,%,103.520000,E
100,'356,India,6829,All sectors without LULUCF,726313,Emissions Share (CO2eq) (AR5),2017,2017,%,103.320000,E
100,'356,India,6829,All sectors without LULUCF,726313,Emissions Share (CO2eq) (AR5),2018,2018,%,103.230000,E
100,'356,India,6829,All sectors without LULUCF,726313,Emissions Share (CO2eq) (AR5),2019,2019,%,103.210000,E
100,'356,India,6829,All sectors without LULUCF,726313,Emissions Share (CO2eq) (AR5),2020,2020,%,103.500000,E
100,'356,India,6829,All sectors without LULUCF,726313,Emissions Share (CO2eq) (AR5),2021,2021,%,103.660000,E
100,'356,India,6829,All sectors without LULUCF,726313,Emissions Share (CO2eq) (AR5),2022,2022,%,103.640000,E
100,'356,India,6829,All sectors without LULUCF,726313,Emissions Share (CO2eq) (AR5),2023,2023,%,103.440000,E
100,'356,India,6829,All sectors without LULUCF,7264,Emissions Share (CO2),1990,1990,%,151.410000,E
100,'356,India,6829,All sectors without LULUCF,7264,Emissions Share (CO2),1991,1991,%,146.650000,E
100,'356,India,6829,All sectors without LULUCF,7264,Emissions Share (CO2),1992,1992,%,142.960000,E
100,'356,India,6829,All sectors without LULUCF,7264,Emissions Share (CO2),1993,1993,%,140.940000,E
100,'356,India,6829,All sectors without LULUCF,7264,Emissions Share (CO2),1994,1994,%,137.790000,E
100,'356,India,6829,All sectors without LULUCF,7264,Emissions Share (CO2),1995,1995,%,134.800000,E
100,'356,India,6829,All sectors without LULUCF,7264,Emissions Share (CO2),1996,1996,%,131.480000,E
100,'356,India,6829,All sectors without LULUCF,7264,Emissions Share (CO2),1997,1997,%,130.000000,E
100,'356,India,6829,All sectors without LULUCF,7264,Emissions Share (CO2),1998,1998,%,129.110000,E
100,'356,India,6829,All sectors without LULUCF,7264,Emissions Share (CO2),1999,1999,%,126.950000,E
100,'356,India,6829,All sectors without LULUCF,7264,Emissions Share (CO2),2000,2000,%,126.010000,E
100,'356,India,6829,All sectors without LULUCF,7264,Emissions Share (CO2),2001,2001,%,99.670000,E
100,'356,India,6829,All sectors without LULUCF,7264,Emissions Share (CO2),2002,2002,%,99.670000,E
100,'356,India,6829,All sectors without LULUCF,7264,Emissions Share (CO2),2003,2003,%,99.690000,E
100,'356,India,6829,All sectors without LULUCF,7264,Emissions Share (CO2),2004,2004,%,99.710000,E
100,'356,India,6829,All sectors without LULUCF,7264,Emissions Share (CO2),2005,2005,%,99.720000,E
100,'356,India,6829,All sectors without LULUCF,7264,Emissions Share (CO2),2006,2006,%,99.740000,E
100,'356,India,6829,All sectors without LULUCF,7264,Emissions Share (CO2),2007,2007,%,99.760000,E
100,'356,India,6829,All sectors without LULUCF,7264,Emissions Share (CO2),2008,2008,%,99.780000,E
100,'356,India,6829,All sectors without LULUCF,7264,Emissions Share (CO2),2009,2009,%,99.800000,E
100,'356,India,6829,All sectors without LULUCF,7264,Emissions Share (CO2),2010,2010,%,99.800000,E
100,'356,India,6829,All sectors without LULUCF,7264,Emissions Share (CO2),2011,2011,%,103.670000,E
100,'356,India,6829,All sectors without LULUCF,7264,Emissions Share (CO2),2012,2012,%,103.340000,E
100,'356,India,6829,All sectors without LULUCF,7264,Emissions Share (CO2),2013,2013,%,103.290000,E
100,'356,India,6829,All sectors without LULUCF,7264,Emissions Share (CO2),2014,2014,%,102.980000,E
100,'356,India,6829,All sectors without LULUCF,7264,Emissions Share (CO2),2015,2015,%,102.840000,E
100,'356,India,6829,All sectors without LULUCF,7264,Emissions Share (CO2),2016,2016,%,105.380000,E
100,'356,India,6829,All sectors without LULUCF,7264,Emissions Share (CO2),2017,2017,%,105.140000,E
100,'356,India,6829,All sectors without LULUCF,7264,Emissions Share (CO2),2018,2018,%,104.890000,E
100,'356,India,6829,All sectors without LULUCF,7264,Emissions Share (CO2),2019,2019,%,104.740000,E
100,'356,India,6829,All sectors without LULUCF,7264,Emissions Share (CO2),2020,2020,%,105.290000,E
100,'356,India,6829,All sectors without LULUCF,7264,Emissions Share (CO2),2021,2021,%,105.750000,E
100,'356,India,6829,All sectors without LULUCF,7264,Emissions Share (CO2),2022,2022,%,105.390000,E
100,'356,India,6829,All sectors without LULUCF,7264,Emissions Share (CO2),2023,2023,%,104.930000,E
100,'356,India,6829,All sectors without LULUCF,7265,Emissions Share (CH4),1990,1990,%,99.610000,E
100,'356,India,6829,All sectors without LULUCF,7265,Emissions Share (CH4),1991,1991,%,99.610000,E
100,'356,India,6829,All sectors without LULUCF,7265,Emissions Share (CH4),1992,1992,%,99.620000,E
100,'356,India,6829,All sectors without LULUCF,7265,Emissions Share (CH4),1993,1993,%,99.620000,E
100,'356,India,6829,All sectors without LULUCF,7265,Emissions Share (CH4),1994,1994,%,99.620000,E
100,'356,India,6829,All sectors without LULUCF,7265,Emissions Share (CH4),1995,1995,%,99.620000,E
100,'356,India,6829,All sectors without LULUCF,7265,Emissions Share (CH4),1996,1996,%,99.790000,E
100,'356,India,6829,All sectors without LULUCF,7265,Emissions Share (CH4),1997,1997,%,99.820000,E
100,'356,India,6829,All sectors without LULUCF,7265,Emissions Share (CH4),1998,1998,%,99.820000,E
100,'356,India,6829,All sectors without LULUCF,7265,Emissions Share (CH4),1999,1999,%,99.640000,E
100,'356,India,6829,All sectors without LULUCF,7265,Emissions Share (CH4),2000,2000,%,99.790000,E
100,'356,India,6829,All sectors without LULUCF,7265,Emissions Share (CH4),2001,2001,%,99.930000,E
100,'356,India,6829,All sectors without LULUCF,7265,Emissions Share (CH4),2002,2002,%,99.950000,E
100,'356,India,6829,All sectors without LULUCF,7265,Emissions Share (CH4),2003,2003,%,99.750000,E
100,'356,India,6829,All sectors without LULUCF,7265,Emissions Share (CH4),2004,2004,%,99.600000,E
100,'356,India,6829,All sectors without LULUCF,7265,Emissions Share (CH4),2005,2005,%,99.770000,E
100,'356,India,6829,All sectors without LULUCF,7265,Emissions Share (CH4),2006,2006,%,99.740000,E
100,'356,India,6829,All sectors without LULUCF,7265,Emissions Share (CH4),2007,2007,%,99.600000,E
100,'356,India,6829,All sectors without LULUCF,7265,Emissions Share (CH4),2008,2008,%,99.770000,E
100,'356,India,6829,All sectors without LULUCF,7265,Emissions Share (CH4),2009,2009,%,99.260000,E
100,'356,India,6829,All sectors without LULUCF,7265,Emissions Share (CH4),2010,2010,%,99.390000,E
100,'356,India,6829,All sectors without LULUCF,7265,Emissions Share (CH4),2011,2011,%,99.700000,E
100,'356,India,6829,All sectors without LULUCF,7265,Emissions Share (CH4),2012,2012,%,99.300000,E
100,'356,India,6829,All sectors without LULUCF,7265,Emissions Share (CH4),2013,2013,%,99.570000,E
100,'356,India,6829,All sectors without LULUCF,7265,Emissions Share (CH4),2014,2014,%,99.650000,E
100,'356,India,6829,All sectors without LULUCF,7265,Emissions Share (CH4),2015,2015,%,99.750000,E
100,'356,India,6829,All sectors without LULUCF,7265,Emissions Share (CH4),2016,2016,%,99.670000,E
100,'356,India,6829,All sectors without LULUCF,7265,Emissions Share (CH4),2017,2017,%,99.480000,E
100,'356,India,6829,All sectors without LULUCF,7265,Emissions Share (CH4),2018,2018,%,99.580000,E
100,'356,India,6829,All sectors without LULUCF,7265,Emissions Share (CH4),2019,2019,%,99.750000,E
100,'356,India,6829,All sectors without LULUCF,7265,Emissions Share (CH4),2020,2020,%,99.870000,E
100,'356,India,6829,All sectors without LULUCF,7265,Emissions Share (CH4),2021,2021,%,99.290000,E
100,'356,India,6829,All sectors without LULUCF,7265,Emissions Share (CH4),2022,2022,%,99.710000,E
100,'356,India,6829,All sectors without LULUCF,7265,Emissions Share (CH4),2023,2023,%,99.800000,E
100,'356,India,6829,All sectors without LULUCF,7266,Emissions Share (N2O),1990,1990,%,98.620000,E
100,'356,India,6829,All sectors without LULUCF,7266,Emissions Share (N2O),1991,1991,%,98.660000,E
100,'356,India,6829,All sectors without LULUCF,7266,Emissions Share (N2O),1992,1992,%,98.700000,E
100,'356,India,6829,All sectors without LULUCF,7266,Emissions Share (N2O),1993,1993,%,98.730000,E
100,'356,India,6829,All sectors without LULUCF,7266,Emissions Share (N2O),1994,1994,%,98.770000,E
100,'356,India,6829,All sectors without LULUCF,7266,Emissions Share (N2O),1995,1995,%,98.800000,E
100,'356,India,6829,All sectors without LULUCF,7266,Emissions Share (N2O),1996,1996,%,99.770000,E
100,'356,India,6829,All sectors without LULUCF,7266,Emissions Share (N2O),1997,1997,%,99.810000,E
100,'356,India,6829,All sectors without LULUCF,7266,Emissions Share (N2O),1998,1998,%,99.810000,E
100,'356,India,6829,All sectors without LULUCF,7266,Emissions Share (N2O),1999,1999,%,99.600000,E
100,'356,India,6829,All sectors without LULUCF,7266,Emissions Share (N2O),2000,2000,%,99.770000,E
100,'356,India,6829,All sectors without LULUCF,7266,Emissions Share (N2O),2001,2001,%,99.760000,E
100,'356,India,6829,All sectors without LULUCF,7266,Emissions Share (N2O),2002,2002,%,99.830000,E
100,'356,India,6829,All sectors without LULUCF,7266,Emissions Share (N2O),2003,2003,%,99.170000,E
100,'356,India,6829,All sectors without LULUCF,7266,Emissions Share (N2O),2004,2004,%,98.720000,E
100,'356,India,6829,All sectors without LULUCF,7266,Emissions Share (N2O),2005,2005,%,99.260000,E
100,'356,India,6829,All sectors without LULUCF,7266,Emissions Share (N2O),2006,2006,%,99.210000,E
100,'356,India,6829,All sectors without LULUCF,7266,Emissions Share (N2O),2007,2007,%,98.800000,E
100,'356,India,6829,All sectors without LULUCF,7266,Emissions Share (N2O),2008,2008,%,99.310000,E
100,'356,India,6829,All sectors without LULUCF,7266,Emissions Share (N2O),2009,2009,%,97.870000,E
100,'356,India,6829,All sectors without LULUCF,7266,Emissions Share (N2O),2010,2010,%,98.300000,E
100,'356,India,6829,All sectors without LULUCF,7266,Emissions Share (N2O),2011,2011,%,99.180000,E
100,'356,India,6829,All sectors without LULUCF,7266,Emissions Share (N2O),2012,2012,%,98.100000,E
100,'356,India,6829,All sectors without LULUCF,7266,Emissions Share (N2O),2013,2013,%,98.870000,E
100,'356,India,6829,All sectors without LULUCF,7266,Emissions Share (N2O),2014,2014,%,99.090000,E
100,'356,India,6829,All sectors without LULUCF,7266,Emissions Share (N2O),2015,2015,%,99.350000,E
100,'356,India,6829,All sectors without LULUCF,7266,Emissions Share (N2O),2016,2016,%,99.120000,E
100,'356,India,6829,All sectors without LULUCF,7266,Emissions Share (N2O),2017,2017,%,98.650000,E
100,'356,India,6829,All sectors without LULUCF,7266,Emissions Share (N2O),2018,2018,%,98.910000,E
100,'356,India,6829,All sectors without LULUCF,7266,Emissions Share (N2O),2019,2019,%,99.360000,E
100,'356,India,6829,All sectors without LULUCF,7266,Emissions Share (N2O),2020,2020,%,99.680000,E
100,'356,India,6829,All sectors without LULUCF,7266,Emissions Share (N2O),2021,2021,%,98.220000,E
100,'356,India,6829,All sectors without LULUCF,7266,Emissions Share (N2O),2022,2022,%,99.270000,E
100,'356,India,6829,All sectors without LULUCF,7266,Emissions Share (N2O),2023,2023,%,99.510000,E
100,'356,India,6829,All sectors without LULUCF,7179,Emissions Share (CO2eq) (AR5) (F-gases),1990,1990,%,100.000000,E
100,'356,India,6829,All sectors without LULUCF,7179,Emissions Share (CO2eq) (AR5) (F-gases),1991,1991,%,100.000000,E
100,'356,India,6829,All sectors without LULUCF,7179,Emissions Share (CO2eq) (AR5) (F-gases),1992,1992,%,100.000000,E
100,'356,India,6829,All sectors without LULUCF,7179,Emissions Share (CO2eq) (AR5) (F-gases),1993,1993,%,100.000000,E
100,'356,India,6829,All sectors without LULUCF,7179,Emissions Share (CO2eq) (AR5) (F-gases),1994,1994,%,100.000000,E
100,'356,India,6829,All sectors without LULUCF,7179,Emissions Share (CO2eq) (AR5) (F-gases),1995,1995,%,100.000000,E
100,'356,India,6829,All sectors without LULUCF,7179,Emissions Share (CO2eq) (AR5) (F-gases),1996,1996,%,100.000000,E
100,'356,India,6829,All sectors without LULUCF,7179,Emissions Share (CO2eq) (AR5) (F-gases),1997,1997,%,100.000000,E
100,'356,India,6829,All sectors without LULUCF,7179,Emissions Share (CO2eq) (AR5) (F-gases),1998,1998,%,100.000000,E
100,'356,India,6829,All sectors without LULUCF,7179,Emissions Share (CO2eq) (AR5) (F-gases),1999,1999,%,100.000000,E
100,'356,India,6829,All sectors without LULUCF,7179,Emissions Share (CO2eq) (AR5) (F-gases),2000,2000,%,100.000000,E
100,'356,India,6829,All sectors without LULUCF,7179,Emissions Share (CO2eq) (AR5) (F-gases),2001,2001,%,100.000000,E
100,'356,India,6829,All sectors without LULUCF,7179,Emissions Share (CO2eq) (AR5) (F-gases),2002,2002,%,100.000000,E
100,'356,India,6829,All sectors without LULUCF,7179,Emissions Share (CO2eq) (AR5) (F-gases),2003,2003,%,100.000000,E
100,'356,India,6829,All sectors without LULUCF,7179,Emissions Share (CO2eq) (AR5) (F-gases),2004,2004,%,100.000000,E
100,'356,India,6829,All sectors without LULUCF,7179,Emissions Share (CO2eq) (AR5) (F-gases),2005,2005,%,100.000000,E
100,'356,India,6829,All sectors without LULUCF,7179,Emissions Share (CO2eq) (AR5) (F-gases),2006,2006,%,100.000000,E
100,'356,India,6829,All sectors without LULUCF,7179,Emissions Share (CO2eq) (AR5) (F-gases),2007,2007,%,100.000000,E
100,'356,India,6829,All sectors without LULUCF,7179,Emissions Share (CO2eq) (AR5) (F-gases),2008,2008,%,100.000000,E
100,'356,India,6829,All sectors without LULUCF,7179,Emissions Share (CO2eq) (AR5) (F-gases),2009,2009,%,100.000000,E
100,'356,India,6829,All sectors without LULUCF,7179,Emissions Share (CO2eq) (AR5) (F-gases),2010,2010,%,100.000000,E
100,'356,India,6829,All sectors without LULUCF,7179,Emissions Share (CO2eq) (AR5) (F-gases),2011,2011,%,100.000000,E
100,'356,India,6829,All sectors without LULUCF,7179,Emissions Share (CO2eq) (AR5) (F-gases),2012,2012,%,100.000000,E
100,'356,India,6829,All sectors without LULUCF,7179,Emissions Share (CO2eq) (AR5) (F-gases),2013,2013,%,100.000000,E
100,'356,India,6829,All sectors without LULUCF,7179,Emissions Share (CO2eq) (AR5) (F-gases),2014,2014,%,100.000000,E
100,'356,India,6829,All sectors without LULUCF,7179,Emissions Share (CO2eq) (AR5) (F-gases),2015,2015,%,100.000000,E
100,'356,India,6829,All sectors without LULUCF,7179,Emissions Share (CO2eq) (AR5) (F-gases),2016,2016,%,100.000000,E
100,'356,India,6829,All sectors without LULUCF,7179,Emissions Share (CO2eq) (AR5) (F-gases),2017,2017,%,100.000000,E
100,'356,India,6829,All sectors without LULUCF,7179,Emissions Share (CO2eq) (AR5) (F-gases),2018,2018,%,100.000000,E
100,'356,India,6829,All sectors without LULUCF,7179,Emissions Share (CO2eq) (AR5) (F-gases),2019,2019,%,100.000000,E
100,'356,India,6829,All sectors without LULUCF,7179,Emissions Share (CO2eq) (AR5) (F-gases),2020,2020,%,100.000000,E
100,'356,India,6829,All sectors without LULUCF,7179,Emissions Share (CO2eq) (AR5) (F-gases),2021,2021,%,100.000000,E
100,'356,India,6829,All sectors without LULUCF,7179,Emissions Share (CO2eq) (AR5) (F-gases),2022,2022,%,100.000000,E
100,'356,India,6829,All sectors without LULUCF,7179,Emissions Share (CO2eq) (AR5) (F-gases),2023,2023,%,100.000000,E
100,'356,India,6829,All sectors without LULUCF,7279,Emissions per capita,1990,1990,t CO2eq/cap,1.670000,E
100,'356,India,6829,All sectors without LULUCF,7279,Emissions per capita,1991,1991,t CO2eq/cap,1.700000,E
100,'356,India,6829,All sectors without LULUCF,7279,Emissions per capita,1992,1992,t CO2eq/cap,1.720000,E
100,'356,India,6829,All sectors without LULUCF,7279,Emissions per capita,1993,1993,t CO2eq/cap,1.720000,E
100,'356,India,6829,All sectors without LULUCF,7279,Emissions per capita,1994,1994,t CO2eq/cap,1.740000,E
100,'356,India,6829,All sectors without LULUCF,7279,Emissions per capita,1995,1995,t CO2eq/cap,1.770000,E
100,'356,India,6829,All sectors without LULUCF,7279,Emissions per capita,1996,1996,t CO2eq/cap,1.810000,E
100,'356,India,6829,All sectors without LULUCF,7279,Emissions per capita,1997,1997,t CO2eq/cap,1.830000,E
100,'356,India,6829,All sectors without LULUCF,7279,Emissions per capita,1998,1998,t CO2eq/cap,1.820000,E
100,'356,India,6829,All sectors without LULUCF,7279,Emissions per capita,1999,1999,t CO2eq/cap,1.860000,E
100,'356,India,6829,All sectors without LULUCF,7279,Emissions per capita,2000,2000,t CO2eq/cap,1.850000,E
100,'356,India,6829,All sectors without LULUCF,7279,Emissions per capita,2001,2001,t CO2eq/cap,1.820000,E
100,'356,India,6829,All sectors without LULUCF,7279,Emissions per capita,2002,2002,t CO2eq/cap,1.790000,E
100,'356,India,6829,All sectors without LULUCF,7279,Emissions per capita,2003,2003,t CO2eq/cap,1.830000,E
100,'356,India,6829,All sectors without LULUCF,7279,Emissions per capita,2004,2004,t CO2eq/cap,1.870000,E
100,'356,India,6829,All sectors without LULUCF,7279,Emissions per capita,2005,2005,t CO2eq/cap,1.920000,E
100,'356,India,6829,All sectors without LULUCF,7279,Emissions per capita,2006,2006,t CO2eq/cap,1.970000,E
100,'356,India,6829,All sectors without LULUCF,7279,Emissions per capita,2007,2007,t CO2eq/cap,2.040000,E
100,'356,India,6829,All sectors without LULUCF,7279,Emissions per capita,2008,2008,t CO2eq/cap,2.140000,E
100,'356,India,6829,All sectors without LULUCF,7279,Emissions per capita,2009,2009,t CO2eq/cap,2.250000,E
100,'356,India,6829,All sectors without LULUCF,7279,Emissions per capita,2010,2010,t CO2eq/cap,2.250000,E
100,'356,India,6829,All sectors without LULUCF,7279,Emissions per capita,2011,2011,t CO2eq/cap,2.320000,E
100,'356,India,6829,All sectors without LULUCF,7279,Emissions per capita,2012,2012,t CO2eq/cap,2.430000,E
100,'356,India,6829,All sectors without LULUCF,7279,Emissions per capita,2013,2013,t CO2eq/cap,2.410000,E
100,'356,India,6829,All sectors without LULUCF,7279,Emissions per capita,2014,2014,t CO2eq/cap,2.550000,E
100,'356,India,6829,All sectors without LULUCF,7279,Emissions per capita,2015,2015,t CO2eq/cap,2.610000,E
100,'356,India,6829,All sectors without LULUCF,7279,Emissions per capita,2016,2016,t CO2eq/cap,2.630000,E
100,'356,India,6829,All sectors without LULUCF,7279,Emissions per capita,2017,2017,t CO2eq/cap,2.690000,E
100,'356,India,6829,All sectors without LULUCF,7279,Emissions per capita,2018,2018,t CO2eq/cap,2.760000,E
100,'356,India,6829,All sectors without LULUCF,7279,Emissions per capita,2019,2019,t CO2eq/cap,2.800000,E
100,'356,India,6829,All sectors without LULUCF,7279,Emissions per capita,2020,2020,t CO2eq/cap,2.600000,E
100,'356,India,6829,All sectors without LULUCF,7279,Emissions per capita,2021,2021,t CO2eq/cap,2.780000,E
100,'356,India,6829,All sectors without LULUCF,7279,Emissions per capita,2022,2022,t CO2eq/cap,2.890000,E
100,'356,India,6829,All sectors without LULUCF,7279,Emissions per capita,2023,2023,t CO2eq/cap,3.070000,E
