Area Code,Area Code (M49),Area,Item Code,Item,Element Code,Element,Year Code,Year,Unit,Value,Flag
100,'356,India,4007,"Ammonia, anhydrous",5610,Import quantity,2002,2002,t,1279348.13,A
100,'356,India,4007,"Ammonia, anhydrous",5610,Import quantity,2003,2003,t,979985.94,A
100,'356,India,4007,"Ammonia, anhydrous",5610,Import quantity,2004,2004,t,1189895.82,A
100,'356,India,4007,"Ammonia, anhydrous",5610,Import quantity,2005,2005,t,1731417.05,A
100,'356,India,4007,"Ammonia, anhydrous",5610,Import quantity,2006,2006,t,1781431.57,A
100,'356,India,4007,"Ammonia, anhydrous",5610,Import quantity,2007,2007,t,1786860.23,A
100,'356,India,4007,"Ammonia, anhydrous",5610,Import quantity,2008,2008,t,1485502.51,A
100,'356,India,4007,"Ammonia, anhydrous",5610,Import quantity,2009,2009,t,1787890.88,A
100,'356,India,4007,"Ammonia, anhydrous",5610,Import quantity,2010,2010,t,1661262.77,A
100,'356,India,4007,"Ammonia, anhydrous",5610,Import quantity,2011,2011,t,2171151.47,A
100,'356,India,4007,"Ammonia, anhydrous",5610,Import quantity,2012,2012,t,2164496.22,A
100,'356,India,4007,"Ammonia, anhydrous",5610,Import quantity,2013,2013,t,1934662.59,A
100,'356,India,4007,"Ammonia, anhydrous",5610,Import quantity,2014,2014,t,2029925.96,A
100,'356,India,4007,"Ammonia, anhydrous",5610,Import quantity,2015,2015,t,2162185.85,A
100,'356,India,4007,"Ammonia, anhydrous",5610,Import quantity,2016,2016,t,2296076.13,X
100,'356,India,4007,"Ammonia, anhydrous",5610,Import quantity,2017,2017,t,2340430.59,X
100,'356,India,4007,"Ammonia, anhydrous",5610,Import quantity,2018,2018,t,2592110.38,X
100,'356,India,4007,"Ammonia, anhydrous",5610,Import quantity,2019,2019,t,2691012.56,X
100,'356,India,4007,"Ammonia, anhydrous",5610,Import quantity,2020,2020,t,2437411.59,X
100,'356,India,4007,"Ammonia, anhydrous",5610,Import quantity,2021,2021,t,2437841.24,X
100,'356,India,4007,"Ammonia, anhydrous",5610,Import quantity,2022,2022,t,2235256.81,X
100,'356,India,4007,"Ammonia, anhydrous",5610,Import quantity,2023,2023,t,2336625.5,X
100,'356,India,4007,"Ammonia, anhydrous",5610,Import quantity,2024,2024,t,2394152.71,A
100,'356,India,4007,"Ammonia, anhydrous",5622,Import value,2002,2002,1000 USD,181517.77,A
100,'356,India,4007,"Ammonia, anhydrous",5622,Import value,2003,2003,1000 USD,210824.75,A
100,'356,India,4007,"Ammonia, anhydrous",5622,Import value,2004,2004,1000 USD,347700.34,A
100,'356,India,4007,"Ammonia, anhydrous",5622,Import value,2005,2005,1000 USD,545118.79,A
100,'356,India,4007,"Ammonia, anhydrous",5622,Import value,2006,2006,1000 USD,534155.51,A
100,'356,India,4007,"Ammonia, anhydrous",5622,Import value,2007,2007,1000 USD,568979.28,A
100,'356,India,4007,"Ammonia, anhydrous",5622,Import value,2008,2008,1000 USD,788784.73,A
100,'356,India,4007,"Ammonia, anhydrous",5622,Import value,2009,2009,1000 USD,484130.68,A
100,'356,India,4007,"Ammonia, anhydrous",5622,Import value,2010,2010,1000 USD,596514.32,A
100,'356,India,4007,"Ammonia, anhydrous",5622,Import value,2011,2011,1000 USD,1090691.59,A
100,'356,India,4007,"Ammonia, anhydrous",5622,Import value,2012,2012,1000 USD,1196815.23,A
100,'356,India,4007,"Ammonia, anhydrous",5622,Import value,2013,2013,1000 USD,986341.32,A
100,'356,India,4007,"Ammonia, anhydrous",5622,Import value,2014,2014,1000 USD,1121186.28,A
100,'356,India,4007,"Ammonia, anhydrous",5622,Import value,2015,2015,1000 USD,1042535.5,A
100,'356,India,4007,"Ammonia, anhydrous",5622,Import value,2016,2016,1000 USD,753299.75,A
100,'356,India,4007,"Ammonia, anhydrous",5622,Import value,2017,2017,1000 USD,706573.69,A
100,'356,India,4007,"Ammonia, anhydrous",5622,Import value,2018,2018,1000 USD,912006.19,A
100,'356,India,4007,"Ammonia, anhydrous",5622,Import value,2019,2019,1000 USD,775439.61,A
100,'356,India,4007,"Ammonia, anhydrous",5622,Import value,2020,2020,1000 USD,636992.54,A
100,'356,India,4007,"Ammonia, anhydrous",5622,Import value,2021,2021,1000 USD,1316085.98,A
100,'356,India,4007,"Ammonia, anhydrous",5622,Import value,2022,2022,1000 USD,2167977.62,A
100,'356,India,4007,"Ammonia, anhydrous",5622,Import value,2023,2023,1000 USD,1219716.28,A
100,'356,India,4007,"Ammonia, anhydrous",5622,Import value,2024,2024,1000 USD,981890.29,A
100,'356,India,4007,"Ammonia, anhydrous",5910,Export quantity,2002,2002,t,343.45,A
100,'356,India,4007,"Ammonia, anhydrous",5910,Export quantity,2003,2003,t,261.18,A
100,'356,India,4007,"Ammonia, anhydrous",5910,Export quantity,2004,2004,t,593.39,A
100,'356,India,4007,"Ammonia, anhydrous",5910,Export quantity,2005,2005,t,302.93,A
100,'356,India,4007,"Ammonia, anhydrous",5910,Export quantity,2006,2006,t,352.8,A
100,'356,India,4007,"Ammonia, anhydrous",5910,Export quantity,2007,2007,t,303.57,A
100,'356,India,4007,"Ammonia, anhydrous",5910,Export quantity,2008,2008,t,439.86,A
100,'356,India,4007,"Ammonia, anhydrous",5910,Export quantity,2009,2009,t,756.74,A
100,'356,India,4007,"Ammonia, anhydrous",5910,Export quantity,2011,2011,t,1221.72,A
100,'356,India,4007,"Ammonia, anhydrous",5910,Export quantity,2012,2012,t,1766.93,A
100,'356,India,4007,"Ammonia, anhydrous",5910,Export quantity,2013,2013,t,1786.68,A
100,'356,India,4007,"Ammonia, anhydrous",5910,Export quantity,2014,2014,t,2029.51,A
100,'356,India,4007,"Ammonia, anhydrous",5910,Export quantity,2015,2015,t,2278.64,A
100,'356,India,4007,"Ammonia, anhydrous",5910,Export quantity,2016,2016,t,2795.63,A
100,'356,India,4007,"Ammonia, anhydrous",5910,Export quantity,2017,2017,t,1692.05,X
100,'356,India,4007,"Ammonia, anhydrous",5910,Export quantity,2018,2018,t,1299.0,X
100,'356,India,4007,"Ammonia, anhydrous",5910,Export quantity,2019,2019,t,1526.8,A
100,'356,India,4007,"Ammonia, anhydrous",5910,Export quantity,2020,2020,t,1511.91,X
100,'356,India,4007,"Ammonia, anhydrous",5910,Export quantity,2021,2021,t,2592.48,X
100,'356,India,4007,"Ammonia, anhydrous",5910,Export quantity,2022,2022,t,2173.92,X
100,'356,India,4007,"Ammonia, anhydrous",5910,Export quantity,2023,2023,t,1417.94,A
100,'356,India,4007,"Ammonia, anhydrous",5910,Export quantity,2024,2024,t,2230.49,A
100,'356,India,4007,"Ammonia, anhydrous",5922,Export value,2002,2002,1000 USD,107.86,A
100,'356,India,4007,"Ammonia, anhydrous",5922,Export value,2003,2003,1000 USD,74.03,A
100,'356,India,4007,"Ammonia, anhydrous",5922,Export value,2004,2004,1000 USD,178.43,A
100,'356,India,4007,"Ammonia, anhydrous",5922,Export value,2005,2005,1000 USD,135.71,A
100,'356,India,4007,"Ammonia, anhydrous",5922,Export value,2006,2006,1000 USD,160.05,A
100,'356,India,4007,"Ammonia, anhydrous",5922,Export value,2007,2007,1000 USD,219.73,A
100,'356,India,4007,"Ammonia, anhydrous",5922,Export value,2008,2008,1000 USD,398.34,A
100,'356,India,4007,"Ammonia, anhydrous",5922,Export value,2009,2009,1000 USD,452.16,A
100,'356,India,4007,"Ammonia, anhydrous",5922,Export value,2011,2011,1000 USD,695.54,A
100,'356,India,4007,"Ammonia, anhydrous",5922,Export value,2012,2012,1000 USD,933.6,A
100,'356,India,4007,"Ammonia, anhydrous",5922,Export value,2013,2013,1000 USD,1012.23,A
100,'356,India,4007,"Ammonia, anhydrous",5922,Export value,2014,2014,1000 USD,1086.52,A
100,'356,India,4007,"Ammonia, anhydrous",5922,Export value,2015,2015,1000 USD,1001.72,A
100,'356,India,4007,"Ammonia, anhydrous",5922,Export value,2016,2016,1000 USD,1268.86,A
100,'356,India,4007,"Ammonia, anhydrous",5922,Export value,2017,2017,1000 USD,1024.92,A
100,'356,India,4007,"Ammonia, anhydrous",5922,Export value,2018,2018,1000 USD,842.44,A
100,'356,India,4007,"Ammonia, anhydrous",5922,Export value,2019,2019,1000 USD,1011.59,A
100,'356,India,4007,"Ammonia, anhydrous",5922,Export value,2020,2020,1000 USD,923.74,A
100,'356,India,4007,"Ammonia, anhydrous",5922,Export value,2021,2021,1000 USD,1487.2,A
100,'356,India,4007,"Ammonia, anhydrous",5922,Export value,2022,2022,1000 USD,3370.79,A
100,'356,India,4007,"Ammonia, anhydrous",5922,Export value,2023,2023,1000 USD,1323.89,A
100,'356,India,4007,"Ammonia, anhydrous",5922,Export value,2024,2024,1000 USD,1815.7,A
100,'356,India,4003,Ammonium nitrate (AN),5510,Production,2020,2020,t,847900.0,A
100,'356,India,4003,Ammonium nitrate (AN),5510,Production,2021,2021,t,750300.0,A
100,'356,India,4003,Ammonium nitrate (AN),5510,Production,2022,2022,t,857900.0,A
100,'356,India,4003,Ammonium nitrate (AN),5510,Production,2023,2023,t,764500.0,A
100,'356,India,4003,Ammonium nitrate (AN),5510,Production,2024,2024,t,890600.0,A
100,'356,India,4003,Ammonium nitrate (AN),5610,Import quantity,2002,2002,t,91647.03,A
100,'356,India,4003,Ammonium nitrate (AN),5610,Import quantity,2003,2003,t,104232.0,A
100,'356,India,4003,Ammonium nitrate (AN),5610,Import quantity,2004,2004,t,97434.0,A
100,'356,India,4003,Ammonium nitrate (AN),5610,Import quantity,2005,2005,t,204791.0,A
100,'356,India,4003,Ammonium nitrate (AN),5610,Import quantity,2006,2006,t,185568.48,A
100,'356,India,4003,Ammonium nitrate (AN),5610,Import quantity,2007,2007,t,198106.12,A
100,'356,India,4003,Ammonium nitrate (AN),5610,Import quantity,2008,2008,t,223360.14,A
100,'356,India,4003,Ammonium nitrate (AN),5610,Import quantity,2009,2009,t,293568.32,A
100,'356,India,4003,Ammonium nitrate (AN),5610,Import quantity,2010,2010,t,216801.54,A
100,'356,India,4003,Ammonium nitrate (AN),5610,Import quantity,2011,2011,t,279737.64,A
100,'356,India,4003,Ammonium nitrate (AN),5610,Import quantity,2012,2012,t,258173.0,A
100,'356,India,4003,Ammonium nitrate (AN),5610,Import quantity,2013,2013,t,73022.0,A
100,'356,India,4003,Ammonium nitrate (AN),5610,Import quantity,2014,2014,t,59511.4,A
100,'356,India,4003,Ammonium nitrate (AN),5610,Import quantity,2015,2015,t,150488.3,A
100,'356,India,4003,Ammonium nitrate (AN),5610,Import quantity,2016,2016,t,307048.5,X
100,'356,India,4003,Ammonium nitrate (AN),5610,Import quantity,2017,2017,t,275821.84,A
100,'356,India,4003,Ammonium nitrate (AN),5610,Import quantity,2018,2018,t,213252.25,A
100,'356,India,4003,Ammonium nitrate (AN),5610,Import quantity,2019,2019,t,306948.5,A
100,'356,India,4003,Ammonium nitrate (AN),5610,Import quantity,2020,2020,t,207039.74,A
100,'356,India,4003,Ammonium nitrate (AN),5610,Import quantity,2021,2021,t,266728.81,A
100,'356,India,4003,Ammonium nitrate (AN),5610,Import quantity,2022,2022,t,221321.4,A
100,'356,India,4003,Ammonium nitrate (AN),5610,Import quantity,2023,2023,t,511591.0,A
100,'356,India,4003,Ammonium nitrate (AN),5610,Import quantity,2024,2024,t,410111.0,A
100,'356,India,4003,Ammonium nitrate (AN),5622,Import value,2002,2002,1000 USD,9060.98,A
100,'356,India,4003,Ammonium nitrate (AN),5622,Import value,2003,2003,1000 USD,12013.44,A
100,'356,India,4003,Ammonium nitrate (AN),5622,Import value,2004,2004,1000 USD,14360.27,A
100,'356,India,4003,Ammonium nitrate (AN),5622,Import value,2005,2005,1000 USD,37682.93,A
100,'356,India,4003,Ammonium nitrate (AN),5622,Import value,2006,2006,1000 USD,33999.56,A
100,'356,India,4003,Ammonium nitrate (AN),5622,Import value,2007,2007,1000 USD,48865.95,A
100,'356,India,4003,Ammonium nitrate (AN),5622,Import value,2008,2008,1000 USD,78979.93,A
100,'356,India,4003,Ammonium nitrate (AN),5622,Import value,2009,2009,1000 USD,65719.56,A
100,'356,India,4003,Ammonium nitrate (AN),5622,Import value,2010,2010,1000 USD,60357.99,A
100,'356,India,4003,Ammonium nitrate (AN),5622,Import value,2011,2011,1000 USD,106687.57,A
100,'356,India,4003,Ammonium nitrate (AN),5622,Import value,2012,2012,1000 USD,86388.68,A
100,'356,India,4003,Ammonium nitrate (AN),5622,Import value,2013,2013,1000 USD,27056.73,A
100,'356,India,4003,Ammonium nitrate (AN),5622,Import value,2014,2014,1000 USD,20730.0,A
100,'356,India,4003,Ammonium nitrate (AN),5622,Import value,2015,2015,1000 USD,48086.89,A
100,'356,India,4003,Ammonium nitrate (AN),5622,Import value,2016,2016,1000 USD,83104.61,A
100,'356,India,4003,Ammonium nitrate (AN),5622,Import value,2017,2017,1000 USD,69847.76,A
100,'356,India,4003,Ammonium nitrate (AN),5622,Import value,2018,2018,1000 USD,56199.43,A
100,'356,India,4003,Ammonium nitrate (AN),5622,Import value,2019,2019,1000 USD,89497.04,A
100,'356,India,4003,Ammonium nitrate (AN),5622,Import value,2020,2020,1000 USD,54485.98,A
100,'356,India,4003,Ammonium nitrate (AN),5622,Import value,2021,2021,1000 USD,93859.0,A
100,'356,India,4003,Ammonium nitrate (AN),5622,Import value,2022,2022,1000 USD,178062.18,A
100,'356,India,4003,Ammonium nitrate (AN),5622,Import value,2023,2023,1000 USD,260787.95,A
100,'356,India,4003,Ammonium nitrate (AN),5622,Import value,2024,2024,1000 USD,164532.96,A
100,'356,India,4003,Ammonium nitrate (AN),5910,Export quantity,2002,2002,t,898.75,A
100,'356,India,4003,Ammonium nitrate (AN),5910,Export quantity,2003,2003,t,809.57,A
100,'356,India,4003,Ammonium nitrate (AN),5910,Export quantity,2004,2004,t,2473.95,A
100,'356,India,4003,Ammonium nitrate (AN),5910,Export quantity,2005,2005,t,4100.93,A
100,'356,India,4003,Ammonium nitrate (AN),5910,Export quantity,2006,2006,t,7261.0,A
100,'356,India,4003,Ammonium nitrate (AN),5910,Export quantity,2007,2007,t,4520.87,A
100,'356,India,4003,Ammonium nitrate (AN),5910,Export quantity,2008,2008,t,7255.7,A
100,'356,India,4003,Ammonium nitrate (AN),5910,Export quantity,2009,2009,t,7317.45,A
100,'356,India,4003,Ammonium nitrate (AN),5910,Export quantity,2010,2010,t,12764.29,X
100,'356,India,4003,Ammonium nitrate (AN),5910,Export quantity,2011,2011,t,13276.65,A
100,'356,India,4003,Ammonium nitrate (AN),5910,Export quantity,2012,2012,t,23413.63,A
100,'356,India,4003,Ammonium nitrate (AN),5910,Export quantity,2013,2013,t,12278.21,A
100,'356,India,4003,Ammonium nitrate (AN),5910,Export quantity,2014,2014,t,8859.1,A
100,'356,India,4003,Ammonium nitrate (AN),5910,Export quantity,2015,2015,t,20763.11,A
100,'356,India,4003,Ammonium nitrate (AN),5910,Export quantity,2016,2016,t,26077.38,A
100,'356,India,4003,Ammonium nitrate (AN),5910,Export quantity,2017,2017,t,19554.04,A
100,'356,India,4003,Ammonium nitrate (AN),5910,Export quantity,2018,2018,t,35223.0,A
100,'356,India,4003,Ammonium nitrate (AN),5910,Export quantity,2019,2019,t,21007.1,A
100,'356,India,4003,Ammonium nitrate (AN),5910,Export quantity,2020,2020,t,16591.0,A
100,'356,India,4003,Ammonium nitrate (AN),5910,Export quantity,2021,2021,t,10832.2,A
100,'356,India,4003,Ammonium nitrate (AN),5910,Export quantity,2022,2022,t,1156.05,A
100,'356,India,4003,Ammonium nitrate (AN),5910,Export quantity,2023,2023,t,0.02,A
100,'356,India,4003,Ammonium nitrate (AN),5910,Export quantity,2024,2024,t,14635.0,A
100,'356,India,4003,Ammonium nitrate (AN),5922,Export value,2002,2002,1000 USD,181.6,A
100,'356,India,4003,Ammonium nitrate (AN),5922,Export value,2003,2003,1000 USD,168.56,A
100,'356,India,4003,Ammonium nitrate (AN),5922,Export value,2004,2004,1000 USD,633.55,A
100,'356,India,4003,Ammonium nitrate (AN),5922,Export value,2005,2005,1000 USD,1156.83,A
100,'356,India,4003,Ammonium nitrate (AN),5922,Export value,2006,2006,1000 USD,2237.36,A
100,'356,India,4003,Ammonium nitrate (AN),5922,Export value,2007,2007,1000 USD,1565.75,A
100,'356,India,4003,Ammonium nitrate (AN),5922,Export value,2008,2008,1000 USD,4173.52,A
100,'356,India,4003,Ammonium nitrate (AN),5922,Export value,2009,2009,1000 USD,2805.4,A
100,'356,India,4003,Ammonium nitrate (AN),5922,Export value,2010,2010,1000 USD,4288.61,A
100,'356,India,4003,Ammonium nitrate (AN),5922,Export value,2011,2011,1000 USD,5722.92,A
100,'356,India,4003,Ammonium nitrate (AN),5922,Export value,2012,2012,1000 USD,11170.75,A
100,'356,India,4003,Ammonium nitrate (AN),5922,Export value,2013,2013,1000 USD,5914.22,A
100,'356,India,4003,Ammonium nitrate (AN),5922,Export value,2014,2014,1000 USD,3979.88,A
100,'356,India,4003,Ammonium nitrate (AN),5922,Export value,2015,2015,1000 USD,8396.57,A
100,'356,India,4003,Ammonium nitrate (AN),5922,Export value,2016,2016,1000 USD,10321.23,A
100,'356,India,4003,Ammonium nitrate (AN),5922,Export value,2017,2017,1000 USD,7308.58,A
100,'356,India,4003,Ammonium nitrate (AN),5922,Export value,2018,2018,1000 USD,13357.82,A
100,'356,India,4003,Ammonium nitrate (AN),5922,Export value,2019,2019,1000 USD,7827.95,A
100,'356,India,4003,Ammonium nitrate (AN),5922,Export value,2020,2020,1000 USD,6093.39,A
100,'356,India,4003,Ammonium nitrate (AN),5922,Export value,2021,2021,1000 USD,4872.75,A
100,'356,India,4003,Ammonium nitrate (AN),5922,Export value,2022,2022,1000 USD,1030.43,A
100,'356,India,4003,Ammonium nitrate (AN),5922,Export value,2023,2023,1000 USD,0.14,A
100,'356,India,4003,Ammonium nitrate (AN),5922,Export value,2024,2024,1000 USD,8430.33,A
100,'356,India,4003,Ammonium nitrate (AN),5157,Agricultural Use,2020,2020,t,884700.0,A
100,'356,India,4003,Ammonium nitrate (AN),5157,Agricultural Use,2021,2021,t,803210.0,A
100,'356,India,4003,Ammonium nitrate (AN),5157,Agricultural Use,2022,2022,t,764780.0,A
100,'356,India,4003,Ammonium nitrate (AN),5157,Agricultural Use,2023,2023,t,732070.0,A
100,'356,India,4003,Ammonium nitrate (AN),5157,Agricultural Use,2024,2024,t,876210.0,A
100,'356,India,4002,Ammonium sulphate,5510,Production,2002,2002,t,544400.0,A
100,'356,India,4002,Ammonium sulphate,5510,Production,2003,2003,t,600700.0,A
100,'356,India,4002,Ammonium sulphate,5510,Production,2004,2004,t,615900.0,A
100,'356,India,4002,Ammonium sulphate,5510,Production,2005,2005,t,616900.0,A
100,'356,India,4002,Ammonium sulphate,5510,Production,2006,2006,t,634800.0,A
100,'356,India,4002,Ammonium sulphate,5510,Production,2007,2007,t,483100.0,A
100,'356,India,4002,Ammonium sulphate,5510,Production,2008,2008,t,554800.0,A
100,'356,India,4002,Ammonium sulphate,5510,Production,2009,2009,t,620800.0,A
100,'356,India,4002,Ammonium sulphate,5510,Production,2010,2010,t,637000.0,A
100,'356,India,4002,Ammonium sulphate,5510,Production,2011,2011,t,595400.0,A
100,'356,India,4002,Ammonium sulphate,5510,Production,2012,2012,t,573200.0,A
100,'356,India,4002,Ammonium sulphate,5510,Production,2013,2013,t,624100.0,A
100,'356,India,4002,Ammonium sulphate,5510,Production,2014,2014,t,581500.0,A
100,'356,India,4002,Ammonium sulphate,5510,Production,2015,2015,t,560100.0,A
100,'356,India,4002,Ammonium sulphate,5510,Production,2016,2016,t,632300.0,A
100,'356,India,4002,Ammonium sulphate,5510,Production,2017,2017,t,688700.0,A
100,'356,India,4002,Ammonium sulphate,5510,Production,2018,2018,t,658400.0,A
100,'356,India,4002,Ammonium sulphate,5510,Production,2019,2019,t,793700.0,A
100,'356,India,4002,Ammonium sulphate,5510,Production,2020,2020,t,847900.0,P
100,'356,India,4002,Ammonium sulphate,5510,Production,2021,2021,t,750300.0,A
100,'356,India,4002,Ammonium sulphate,5510,Production,2022,2022,t,857900.0,A
100,'356,India,4002,Ammonium sulphate,5510,Production,2023,2023,t,764500.0,A
100,'356,India,4002,Ammonium sulphate,5510,Production,2024,2024,t,890600.0,A
100,'356,India,4002,Ammonium sulphate,5610,Import quantity,2003,2003,t,67999.33,A
100,'356,India,4002,Ammonium sulphate,5610,Import quantity,2004,2004,t,1.08,A
100,'356,India,4002,Ammonium sulphate,5610,Import quantity,2005,2005,t,25800.0,A
100,'356,India,4002,Ammonium sulphate,5610,Import quantity,2006,2006,t,34979.21,A
100,'356,India,4002,Ammonium sulphate,5610,Import quantity,2007,2007,t,175.65,A
100,'356,India,4002,Ammonium sulphate,5610,Import quantity,2008,2008,t,23261.9,A
100,'356,India,4002,Ammonium sulphate,5610,Import quantity,2009,2009,t,15648.92,A
100,'356,India,4002,Ammonium sulphate,5610,Import quantity,2010,2010,t,21157.01,X
100,'356,India,4002,Ammonium sulphate,5610,Import quantity,2011,2011,t,36272.9,A
100,'356,India,4002,Ammonium sulphate,5610,Import quantity,2012,2012,t,1307.5,A
100,'356,India,4002,Ammonium sulphate,5610,Import quantity,2013,2013,t,1107.1,A
100,'356,India,4002,Ammonium sulphate,5610,Import quantity,2014,2014,t,75145.44,A
100,'356,India,4002,Ammonium sulphate,5610,Import quantity,2015,2015,t,131571.28,A
100,'356,India,4002,Ammonium sulphate,5610,Import quantity,2016,2016,t,111548.35,X
100,'356,India,4002,Ammonium sulphate,5610,Import quantity,2017,2017,t,117800.13,X
100,'356,India,4002,Ammonium sulphate,5610,Import quantity,2018,2018,t,89163.14,X
100,'356,India,4002,Ammonium sulphate,5610,Import quantity,2019,2019,t,93468.07,X
100,'356,India,4002,Ammonium sulphate,5610,Import quantity,2020,2020,t,139739.85,X
100,'356,India,4002,Ammonium sulphate,5610,Import quantity,2021,2021,t,98065.82,A
100,'356,India,4002,Ammonium sulphate,5610,Import quantity,2022,2022,t,393421.41,X
100,'356,India,4002,Ammonium sulphate,5610,Import quantity,2023,2023,t,304458.7,X
100,'356,India,4002,Ammonium sulphate,5610,Import quantity,2024,2024,t,544616.3,A
100,'356,India,4002,Ammonium sulphate,5622,Import value,2003,2003,1000 USD,5960.16,A
100,'356,India,4002,Ammonium sulphate,5622,Import value,2004,2004,1000 USD,1.13,A
100,'356,India,4002,Ammonium sulphate,5622,Import value,2005,2005,1000 USD,2958.52,A
100,'356,India,4002,Ammonium sulphate,5622,Import value,2006,2006,1000 USD,6066.21,A
100,'356,India,4002,Ammonium sulphate,5622,Import value,2007,2007,1000 USD,33.73,A
100,'356,India,4002,Ammonium sulphate,5622,Import value,2008,2008,1000 USD,4161.81,A
100,'356,India,4002,Ammonium sulphate,5622,Import value,2009,2009,1000 USD,1858.18,A
100,'356,India,4002,Ammonium sulphate,5622,Import value,2010,2010,1000 USD,2682.98,A
100,'356,India,4002,Ammonium sulphate,5622,Import value,2011,2011,1000 USD,10547.35,A
100,'356,India,4002,Ammonium sulphate,5622,Import value,2012,2012,1000 USD,473.09,A
100,'356,India,4002,Ammonium sulphate,5622,Import value,2013,2013,1000 USD,308.02,A
100,'356,India,4002,Ammonium sulphate,5622,Import value,2014,2014,1000 USD,11552.87,A
100,'356,India,4002,Ammonium sulphate,5622,Import value,2015,2015,1000 USD,19335.48,A
100,'356,India,4002,Ammonium sulphate,5622,Import value,2016,2016,1000 USD,14605.92,A
100,'356,India,4002,Ammonium sulphate,5622,Import value,2017,2017,1000 USD,16061.51,A
100,'356,India,4002,Ammonium sulphate,5622,Import value,2018,2018,1000 USD,12210.28,A
100,'356,India,4002,Ammonium sulphate,5622,Import value,2019,2019,1000 USD,13968.25,A
100,'356,India,4002,Ammonium sulphate,5622,Import value,2020,2020,1000 USD,18129.62,A
100,'356,India,4002,Ammonium sulphate,5622,Import value,2021,2021,1000 USD,23636.61,A
100,'356,India,4002,Ammonium sulphate,5622,Import value,2022,2022,1000 USD,121530.05,A
100,'356,India,4002,Ammonium sulphate,5622,Import value,2023,2023,1000 USD,54115.53,A
100,'356,India,4002,Ammonium sulphate,5622,Import value,2024,2024,1000 USD,80263.52,A
100,'356,India,4002,Ammonium sulphate,5910,Export quantity,2002,2002,t,145.42,A
100,'356,India,4002,Ammonium sulphate,5910,Export quantity,2003,2003,t,1948.62,A
100,'356,India,4002,Ammonium sulphate,5910,Export quantity,2004,2004,t,14071.21,A
100,'356,India,4002,Ammonium sulphate,5910,Export quantity,2005,2005,t,23321.81,A
100,'356,India,4002,Ammonium sulphate,5910,Export quantity,2006,2006,t,4368.75,A
100,'356,India,4002,Ammonium sulphate,5910,Export quantity,2007,2007,t,12294.23,A
100,'356,India,4002,Ammonium sulphate,5910,Export quantity,2008,2008,t,31062.58,A
100,'356,India,4002,Ammonium sulphate,5910,Export quantity,2009,2009,t,14894.73,A
100,'356,India,4002,Ammonium sulphate,5910,Export quantity,2010,2010,t,12441.05,X
100,'356,India,4002,Ammonium sulphate,5910,Export quantity,2011,2011,t,995.54,A
100,'356,India,4002,Ammonium sulphate,5910,Export quantity,2012,2012,t,3118.55,A
100,'356,India,4002,Ammonium sulphate,5910,Export quantity,2013,2013,t,3457.06,A
100,'356,India,4002,Ammonium sulphate,5910,Export quantity,2014,2014,t,3584.72,A
100,'356,India,4002,Ammonium sulphate,5910,Export quantity,2015,2015,t,10152.51,A
100,'356,India,4002,Ammonium sulphate,5910,Export quantity,2016,2016,t,1482.41,X
100,'356,India,4002,Ammonium sulphate,5910,Export quantity,2017,2017,t,10413.78,X
100,'356,India,4002,Ammonium sulphate,5910,Export quantity,2018,2018,t,6969.86,X
100,'356,India,4002,Ammonium sulphate,5910,Export quantity,2019,2019,t,9751.05,X
100,'356,India,4002,Ammonium sulphate,5910,Export quantity,2020,2020,t,20311.68,X
100,'356,India,4002,Ammonium sulphate,5910,Export quantity,2021,2021,t,8417.46,X
100,'356,India,4002,Ammonium sulphate,5910,Export quantity,2022,2022,t,9107.42,X
100,'356,India,4002,Ammonium sulphate,5910,Export quantity,2023,2023,t,7407.29,X
100,'356,India,4002,Ammonium sulphate,5910,Export quantity,2024,2024,t,6995.58,X
100,'356,India,4002,Ammonium sulphate,5922,Export value,2002,2002,1000 USD,85.01,A
100,'356,India,4002,Ammonium sulphate,5922,Export value,2003,2003,1000 USD,412.46,A
100,'356,India,4002,Ammonium sulphate,5922,Export value,2004,2004,1000 USD,2046.56,A
100,'356,India,4002,Ammonium sulphate,5922,Export value,2005,2005,1000 USD,3268.66,A
100,'356,India,4002,Ammonium sulphate,5922,Export value,2006,2006,1000 USD,871.96,A
100,'356,India,4002,Ammonium sulphate,5922,Export value,2007,2007,1000 USD,2317.12,A
100,'356,India,4002,Ammonium sulphate,5922,Export value,2008,2008,1000 USD,8501.12,A
100,'356,India,4002,Ammonium sulphate,5922,Export value,2009,2009,1000 USD,2408.16,A
100,'356,India,4002,Ammonium sulphate,5922,Export value,2010,2010,1000 USD,1725.57,A
100,'356,India,4002,Ammonium sulphate,5922,Export value,2011,2011,1000 USD,255.55,A
100,'356,India,4002,Ammonium sulphate,5922,Export value,2012,2012,1000 USD,737.31,A
100,'356,India,4002,Ammonium sulphate,5922,Export value,2013,2013,1000 USD,714.69,A
100,'356,India,4002,Ammonium sulphate,5922,Export value,2014,2014,1000 USD,654.21,A
100,'356,India,4002,Ammonium sulphate,5922,Export value,2015,2015,1000 USD,1604.18,A
100,'356,India,4002,Ammonium sulphate,5922,Export value,2016,2016,1000 USD,263.56,A
100,'356,India,4002,Ammonium sulphate,5922,Export value,2017,2017,1000 USD,1851.89,A
100,'356,India,4002,Ammonium sulphate,5922,Export value,2018,2018,1000 USD,1014.97,A
100,'356,India,4002,Ammonium sulphate,5922,Export value,2019,2019,1000 USD,1320.8,A
100,'356,India,4002,Ammonium sulphate,5922,Export value,2020,2020,1000 USD,3562.46,A
100,'356,India,4002,Ammonium sulphate,5922,Export value,2021,2021,1000 USD,1447.29,A
100,'356,India,4002,Ammonium sulphate,5922,Export value,2022,2022,1000 USD,2177.43,A
100,'356,India,4002,Ammonium sulphate,5922,Export value,2023,2023,1000 USD,1611.21,A
100,'356,India,4002,Ammonium sulphate,5922,Export value,2024,2024,1000 USD,1505.65,A
100,'356,India,4002,Ammonium sulphate,5157,Agricultural Use,2002,2002,t,472840.0,A
100,'356,India,4002,Ammonium sulphate,5157,Agricultural Use,2003,2003,t,538820.0,A
100,'356,India,4002,Ammonium sulphate,5157,Agricultural Use,2004,2004,t,528570.0,A
100,'356,India,4002,Ammonium sulphate,5157,Agricultural Use,2005,2005,t,574130.0,A
100,'356,India,4002,Ammonium sulphate,5157,Agricultural Use,2006,2006,t,557910.0,A
100,'356,India,4002,Ammonium sulphate,5157,Agricultural Use,2007,2007,t,384020.0,A
100,'356,India,4002,Ammonium sulphate,5157,Agricultural Use,2008,2008,t,384780.0,A
100,'356,India,4002,Ammonium sulphate,5157,Agricultural Use,2009,2009,t,489960.0,A
100,'356,India,4002,Ammonium sulphate,5157,Agricultural Use,2010,2010,t,615950.0,A
100,'356,India,4002,Ammonium sulphate,5157,Agricultural Use,2011,2011,t,509390.0,A
100,'356,India,4002,Ammonium sulphate,5157,Agricultural Use,2012,2012,t,529710.0,A
100,'356,India,4002,Ammonium sulphate,5157,Agricultural Use,2013,2013,t,480660.0,A
100,'356,India,4002,Ammonium sulphate,5157,Agricultural Use,2014,2014,t,508550.0,A
100,'356,India,4002,Ammonium sulphate,5157,Agricultural Use,2015,2015,t,448870.0,A
100,'356,India,4002,Ammonium sulphate,5157,Agricultural Use,2016,2016,t,426100.0,A
100,'356,India,4002,Ammonium sulphate,5157,Agricultural Use,2017,2017,t,573600.0,A
100,'356,India,4002,Ammonium sulphate,5157,Agricultural Use,2018,2018,t,560200.0,A
100,'356,India,4002,Ammonium sulphate,5157,Agricultural Use,2019,2019,t,793000.0,A
100,'356,India,4002,Ammonium sulphate,5157,Agricultural Use,2020,2020,t,884700.0,P
100,'356,India,4002,Ammonium sulphate,5157,Agricultural Use,2021,2021,t,803210.0,A
100,'356,India,4002,Ammonium sulphate,5157,Agricultural Use,2022,2022,t,764780.0,A
100,'356,India,4002,Ammonium sulphate,5157,Agricultural Use,2023,2023,t,732070.0,A
100,'356,India,4002,Ammonium sulphate,5157,Agricultural Use,2024,2024,t,876210.0,A
100,'356,India,4004,Calcium ammonium nitrate (CAN) and other mixtures with calcium carbonate,5510,Production,2002,2002,t,173300.0,A
100,'356,India,4004,Calcium ammonium nitrate (CAN) and other mixtures with calcium carbonate,5510,Production,2003,2003,t,141200.0,A
100,'356,India,4004,Calcium ammonium nitrate (CAN) and other mixtures with calcium carbonate,5510,Production,2004,2004,t,184400.0,A
100,'356,India,4004,Calcium ammonium nitrate (CAN) and other mixtures with calcium carbonate,5510,Production,2005,2005,t,172800.0,A
100,'356,India,4004,Calcium ammonium nitrate (CAN) and other mixtures with calcium carbonate,5510,Production,2006,2006,t,144300.0,A
100,'356,India,4004,Calcium ammonium nitrate (CAN) and other mixtures with calcium carbonate,5510,Production,2007,2007,t,134600.0,A
100,'356,India,4004,Calcium ammonium nitrate (CAN) and other mixtures with calcium carbonate,5510,Production,2008,2008,t,138500.0,A
100,'356,India,4004,Calcium ammonium nitrate (CAN) and other mixtures with calcium carbonate,5510,Production,2009,2009,t,102700.0,A
100,'356,India,4004,Calcium ammonium nitrate (CAN) and other mixtures with calcium carbonate,5510,Production,2010,2010,t,98700.0,A
100,'356,India,4004,Calcium ammonium nitrate (CAN) and other mixtures with calcium carbonate,5510,Production,2011,2011,t,115000.0,A
100,'356,India,4004,Calcium ammonium nitrate (CAN) and other mixtures with calcium carbonate,5510,Production,2012,2012,t,106900.0,A
100,'356,India,4004,Calcium ammonium nitrate (CAN) and other mixtures with calcium carbonate,5510,Production,2013,2013,t,44400.0,A
100,'356,India,4004,Calcium ammonium nitrate (CAN) and other mixtures with calcium carbonate,5510,Production,2014,2014,t,0.0,A
100,'356,India,4004,Calcium ammonium nitrate (CAN) and other mixtures with calcium carbonate,5510,Production,2015,2015,t,0.0,A
100,'356,India,4004,Calcium ammonium nitrate (CAN) and other mixtures with calcium carbonate,5510,Production,2016,2016,t,0.0,P
100,'356,India,4004,Calcium ammonium nitrate (CAN) and other mixtures with calcium carbonate,5610,Import quantity,2003,2003,t,20.0,A
100,'356,India,4004,Calcium ammonium nitrate (CAN) and other mixtures with calcium carbonate,5610,Import quantity,2008,2008,t,48.0,A
100,'356,India,4004,Calcium ammonium nitrate (CAN) and other mixtures with calcium carbonate,5610,Import quantity,2009,2009,t,224.0,A
100,'356,India,4004,Calcium ammonium nitrate (CAN) and other mixtures with calcium carbonate,5610,Import quantity,2011,2011,t,75.0,A
100,'356,India,4004,Calcium ammonium nitrate (CAN) and other mixtures with calcium carbonate,5610,Import quantity,2012,2012,t,25.0,A
100,'356,India,4004,Calcium ammonium nitrate (CAN) and other mixtures with calcium carbonate,5610,Import quantity,2014,2014,t,356.0,A
100,'356,India,4004,Calcium ammonium nitrate (CAN) and other mixtures with calcium carbonate,5610,Import quantity,2019,2019,t,9.01,A
100,'356,India,4004,Calcium ammonium nitrate (CAN) and other mixtures with calcium carbonate,5610,Import quantity,2020,2020,t,39.0,A
100,'356,India,4004,Calcium ammonium nitrate (CAN) and other mixtures with calcium carbonate,5610,Import quantity,2021,2021,t,58700.0,A
100,'356,India,4004,Calcium ammonium nitrate (CAN) and other mixtures with calcium carbonate,5610,Import quantity,2022,2022,t,107991.0,A
100,'356,India,4004,Calcium ammonium nitrate (CAN) and other mixtures with calcium carbonate,5610,Import quantity,2023,2023,t,57606.9,A
100,'356,India,4004,Calcium ammonium nitrate (CAN) and other mixtures with calcium carbonate,5610,Import quantity,2024,2024,t,0.09,A
100,'356,India,4004,Calcium ammonium nitrate (CAN) and other mixtures with calcium carbonate,5622,Import value,2003,2003,1000 USD,3.91,A
100,'356,India,4004,Calcium ammonium nitrate (CAN) and other mixtures with calcium carbonate,5622,Import value,2008,2008,1000 USD,25.87,A
100,'356,India,4004,Calcium ammonium nitrate (CAN) and other mixtures with calcium carbonate,5622,Import value,2009,2009,1000 USD,45.93,A
100,'356,India,4004,Calcium ammonium nitrate (CAN) and other mixtures with calcium carbonate,5622,Import value,2011,2011,1000 USD,29.1,A
100,'356,India,4004,Calcium ammonium nitrate (CAN) and other mixtures with calcium carbonate,5622,Import value,2012,2012,1000 USD,11.92,A
100,'356,India,4004,Calcium ammonium nitrate (CAN) and other mixtures with calcium carbonate,5622,Import value,2014,2014,1000 USD,139.81,A
100,'356,India,4004,Calcium ammonium nitrate (CAN) and other mixtures with calcium carbonate,5622,Import value,2019,2019,1000 USD,2.61,A
100,'356,India,4004,Calcium ammonium nitrate (CAN) and other mixtures with calcium carbonate,5622,Import value,2020,2020,1000 USD,9.55,A
100,'356,India,4004,Calcium ammonium nitrate (CAN) and other mixtures with calcium carbonate,5622,Import value,2021,2021,1000 USD,13186.38,A
100,'356,India,4004,Calcium ammonium nitrate (CAN) and other mixtures with calcium carbonate,5622,Import value,2022,2022,1000 USD,60560.93,A
100,'356,India,4004,Calcium ammonium nitrate (CAN) and other mixtures with calcium carbonate,5622,Import value,2023,2023,1000 USD,21878.48,A
100,'356,India,4004,Calcium ammonium nitrate (CAN) and other mixtures with calcium carbonate,5622,Import value,2024,2024,1000 USD,0.07,A
100,'356,India,4004,Calcium ammonium nitrate (CAN) and other mixtures with calcium carbonate,5910,Export quantity,2002,2002,t,80.0,A
100,'356,India,4004,Calcium ammonium nitrate (CAN) and other mixtures with calcium carbonate,5910,Export quantity,2003,2003,t,16.58,A
100,'356,India,4004,Calcium ammonium nitrate (CAN) and other mixtures with calcium carbonate,5910,Export quantity,2004,2004,t,3.8,A
100,'356,India,4004,Calcium ammonium nitrate (CAN) and other mixtures with calcium carbonate,5910,Export quantity,2005,2005,t,77.0,A
100,'356,India,4004,Calcium ammonium nitrate (CAN) and other mixtures with calcium carbonate,5910,Export quantity,2006,2006,t,758.0,A
100,'356,India,4004,Calcium ammonium nitrate (CAN) and other mixtures with calcium carbonate,5910,Export quantity,2008,2008,t,2.02,A
100,'356,India,4004,Calcium ammonium nitrate (CAN) and other mixtures with calcium carbonate,5910,Export quantity,2009,2009,t,7.51,A
100,'356,India,4004,Calcium ammonium nitrate (CAN) and other mixtures with calcium carbonate,5910,Export quantity,2011,2011,t,0.17,A
100,'356,India,4004,Calcium ammonium nitrate (CAN) and other mixtures with calcium carbonate,5910,Export quantity,2012,2012,t,3.0,A
100,'356,India,4004,Calcium ammonium nitrate (CAN) and other mixtures with calcium carbonate,5910,Export quantity,2013,2013,t,0.93,A
100,'356,India,4004,Calcium ammonium nitrate (CAN) and other mixtures with calcium carbonate,5910,Export quantity,2015,2015,t,11.34,A
100,'356,India,4004,Calcium ammonium nitrate (CAN) and other mixtures with calcium carbonate,5910,Export quantity,2016,2016,t,16.36,A
100,'356,India,4004,Calcium ammonium nitrate (CAN) and other mixtures with calcium carbonate,5910,Export quantity,2019,2019,t,0.01,X
100,'356,India,4004,Calcium ammonium nitrate (CAN) and other mixtures with calcium carbonate,5922,Export value,2002,2002,1000 USD,17.32,A
100,'356,India,4004,Calcium ammonium nitrate (CAN) and other mixtures with calcium carbonate,5922,Export value,2003,2003,1000 USD,24.42,A
100,'356,India,4004,Calcium ammonium nitrate (CAN) and other mixtures with calcium carbonate,5922,Export value,2004,2004,1000 USD,164.01,A
100,'356,India,4004,Calcium ammonium nitrate (CAN) and other mixtures with calcium carbonate,5922,Export value,2005,2005,1000 USD,16.55,A
100,'356,India,4004,Calcium ammonium nitrate (CAN) and other mixtures with calcium carbonate,5922,Export value,2006,2006,1000 USD,215.27,A
100,'356,India,4004,Calcium ammonium nitrate (CAN) and other mixtures with calcium carbonate,5922,Export value,2008,2008,1000 USD,1.07,A
100,'356,India,4004,Calcium ammonium nitrate (CAN) and other mixtures with calcium carbonate,5922,Export value,2009,2009,1000 USD,2.87,A
100,'356,India,4004,Calcium ammonium nitrate (CAN) and other mixtures with calcium carbonate,5922,Export value,2011,2011,1000 USD,0.01,A
100,'356,India,4004,Calcium ammonium nitrate (CAN) and other mixtures with calcium carbonate,5922,Export value,2012,2012,1000 USD,1.03,A
100,'356,India,4004,Calcium ammonium nitrate (CAN) and other mixtures with calcium carbonate,5922,Export value,2013,2013,1000 USD,2.52,A
100,'356,India,4004,Calcium ammonium nitrate (CAN) and other mixtures with calcium carbonate,5922,Export value,2015,2015,1000 USD,2.35,A
100,'356,India,4004,Calcium ammonium nitrate (CAN) and other mixtures with calcium carbonate,5922,Export value,2016,2016,1000 USD,8.21,A
100,'356,India,4004,Calcium ammonium nitrate (CAN) and other mixtures with calcium carbonate,5922,Export value,2019,2019,1000 USD,0.0,A
100,'356,India,4004,Calcium ammonium nitrate (CAN) and other mixtures with calcium carbonate,5157,Agricultural Use,2002,2002,t,160600.0,A
100,'356,India,4004,Calcium ammonium nitrate (CAN) and other mixtures with calcium carbonate,5157,Agricultural Use,2003,2003,t,143000.0,A
100,'356,India,4004,Calcium ammonium nitrate (CAN) and other mixtures with calcium carbonate,5157,Agricultural Use,2004,2004,t,184370.0,A
100,'356,India,4004,Calcium ammonium nitrate (CAN) and other mixtures with calcium carbonate,5157,Agricultural Use,2005,2005,t,171830.0,A
100,'356,India,4004,Calcium ammonium nitrate (CAN) and other mixtures with calcium carbonate,5157,Agricultural Use,2006,2006,t,145200.0,A
100,'356,India,4004,Calcium ammonium nitrate (CAN) and other mixtures with calcium carbonate,5157,Agricultural Use,2007,2007,t,137570.0,A
100,'356,India,4004,Calcium ammonium nitrate (CAN) and other mixtures with calcium carbonate,5157,Agricultural Use,2008,2008,t,124000.0,A
100,'356,India,4004,Calcium ammonium nitrate (CAN) and other mixtures with calcium carbonate,5157,Agricultural Use,2009,2009,t,114000.0,A
100,'356,India,4004,Calcium ammonium nitrate (CAN) and other mixtures with calcium carbonate,5157,Agricultural Use,2010,2010,t,103980.0,A
100,'356,India,4004,Calcium ammonium nitrate (CAN) and other mixtures with calcium carbonate,5157,Agricultural Use,2011,2011,t,109200.0,A
100,'356,India,4004,Calcium ammonium nitrate (CAN) and other mixtures with calcium carbonate,5157,Agricultural Use,2012,2012,t,89990.0,A
100,'356,India,4004,Calcium ammonium nitrate (CAN) and other mixtures with calcium carbonate,5157,Agricultural Use,2013,2013,t,51900.0,A
100,'356,India,4004,Calcium ammonium nitrate (CAN) and other mixtures with calcium carbonate,5157,Agricultural Use,2014,2014,t,7680.0,A
100,'356,India,4004,Calcium ammonium nitrate (CAN) and other mixtures with calcium carbonate,5157,Agricultural Use,2015,2015,t,12330.0,A
100,'356,India,4004,Calcium ammonium nitrate (CAN) and other mixtures with calcium carbonate,5157,Agricultural Use,2016,2016,t,7100.0,A
100,'356,India,4004,Calcium ammonium nitrate (CAN) and other mixtures with calcium carbonate,5157,Agricultural Use,2017,2017,t,100.0,A
100,'356,India,4004,Calcium ammonium nitrate (CAN) and other mixtures with calcium carbonate,5157,Agricultural Use,2018,2018,t,2000.0,A
100,'356,India,4004,Calcium ammonium nitrate (CAN) and other mixtures with calcium carbonate,5157,Agricultural Use,2019,2019,t,2000.0,A
100,'356,India,4004,Calcium ammonium nitrate (CAN) and other mixtures with calcium carbonate,5157,Agricultural Use,2020,2020,t,2300.0,P
100,'356,India,4004,Calcium ammonium nitrate (CAN) and other mixtures with calcium carbonate,5157,Agricultural Use,2021,2021,t,0.0,A
100,'356,India,4004,Calcium ammonium nitrate (CAN) and other mixtures with calcium carbonate,5157,Agricultural Use,2022,2022,t,0.0,A
100,'356,India,4004,Calcium ammonium nitrate (CAN) and other mixtures with calcium carbonate,5157,Agricultural Use,2023,2023,t,0.0,A
100,'356,India,4022,Diammonium phosphate (DAP),5510,Production,2002,2002,t,5235600.0,A
100,'356,India,4022,Diammonium phosphate (DAP),5510,Production,2003,2003,t,4708700.0,A
100,'356,India,4022,Diammonium phosphate (DAP),5510,Production,2004,2004,t,5172300.0,A
100,'356,India,4022,Diammonium phosphate (DAP),5510,Production,2005,2005,t,4554300.0,A
100,'356,India,4022,Diammonium phosphate (DAP),5510,Production,2006,2006,t,4713100.0,A
100,'356,India,4022,Diammonium phosphate (DAP),5510,Production,2007,2007,t,4211000.0,A
100,'356,India,4022,Diammonium phosphate (DAP),5510,Production,2008,2008,t,2992500.0,A
100,'356,India,4022,Diammonium phosphate (DAP),5510,Production,2009,2009,t,4246100.0,A
100,'356,India,4022,Diammonium phosphate (DAP),5510,Production,2010,2010,t,3541200.0,A
100,'356,India,4022,Diammonium phosphate (DAP),5510,Production,2011,2011,t,3951300.0,A
100,'356,India,4022,Diammonium phosphate (DAP),5510,Production,2012,2012,t,3646800.0,A
100,'356,India,4022,Diammonium phosphate (DAP),5510,Production,2013,2013,t,3628200.0,A
100,'356,India,4022,Diammonium phosphate (DAP),5510,Production,2014,2014,t,3445400.0,A
100,'356,India,4022,Diammonium phosphate (DAP),5510,Production,2015,2015,t,3821800.0,A
100,'356,India,4022,Diammonium phosphate (DAP),5510,Production,2016,2016,t,4333400.0,A
100,'356,India,4022,Diammonium phosphate (DAP),5510,Production,2017,2017,t,4654000.0,A
100,'356,India,4022,Diammonium phosphate (DAP),5510,Production,2018,2018,t,3898600.0,A
100,'356,India,4022,Diammonium phosphate (DAP),5510,Production,2019,2019,t,4549500.0,A
100,'356,India,4022,Diammonium phosphate (DAP),5510,Production,2020,2020,t,3773800.0,P
100,'356,India,4022,Diammonium phosphate (DAP),5510,Production,2021,2021,t,4221900.0,A
100,'356,India,4022,Diammonium phosphate (DAP),5510,Production,2022,2022,t,4346700.0,A
100,'356,India,4022,Diammonium phosphate (DAP),5510,Production,2023,2023,t,4292800.0,A
100,'356,India,4022,Diammonium phosphate (DAP),5510,Production,2024,2024,t,3769300.0,A
100,'356,India,4022,Diammonium phosphate (DAP),5610,Import quantity,2002,2002,t,195915.46,A
100,'356,India,4022,Diammonium phosphate (DAP),5610,Import quantity,2003,2003,t,669436.97,A
100,'356,India,4022,Diammonium phosphate (DAP),5610,Import quantity,2004,2004,t,465652.96,A
100,'356,India,4022,Diammonium phosphate (DAP),5610,Import quantity,2005,2005,t,1176635.76,A
100,'356,India,4022,Diammonium phosphate (DAP),5610,Import quantity,2006,2006,t,3027419.13,A
100,'356,India,4022,Diammonium phosphate (DAP),5610,Import quantity,2007,2007,t,2588320.22,A
100,'356,India,4022,Diammonium phosphate (DAP),5610,Import quantity,2008,2008,t,5232548.47,A
100,'356,India,4022,Diammonium phosphate (DAP),5610,Import quantity,2009,2009,t,5631567.15,A
100,'356,India,4022,Diammonium phosphate (DAP),5610,Import quantity,2010,2010,t,4934503.8,A
100,'356,India,4022,Diammonium phosphate (DAP),5610,Import quantity,2011,2011,t,5721842.26,A
100,'356,India,4022,Diammonium phosphate (DAP),5610,Import quantity,2012,2012,t,5726842.23,A
100,'356,India,4022,Diammonium phosphate (DAP),5610,Import quantity,2013,2013,t,3574515.29,A
100,'356,India,4022,Diammonium phosphate (DAP),5610,Import quantity,2014,2014,t,3834453.29,A
100,'356,India,4022,Diammonium phosphate (DAP),5610,Import quantity,2015,2015,t,6472195.07,A
100,'356,India,4022,Diammonium phosphate (DAP),5610,Import quantity,2016,2016,t,4843356.64,X
100,'356,India,4022,Diammonium phosphate (DAP),5610,Import quantity,2017,2017,t,4094042.69,X
100,'356,India,4022,Diammonium phosphate (DAP),5610,Import quantity,2018,2018,t,6299021.62,A
100,'356,India,4022,Diammonium phosphate (DAP),5610,Import quantity,2019,2019,t,5749309.26,X
100,'356,India,4022,Diammonium phosphate (DAP),5610,Import quantity,2020,2020,t,6378901.02,A
100,'356,India,4022,Diammonium phosphate (DAP),5610,Import quantity,2021,2021,t,4681977.66,A
100,'356,India,4022,Diammonium phosphate (DAP),5610,Import quantity,2022,2022,t,6779303.86,A
100,'356,India,4022,Diammonium phosphate (DAP),5610,Import quantity,2023,2023,t,6406045.8,A
100,'356,India,4022,Diammonium phosphate (DAP),5610,Import quantity,2024,2024,t,4621957.32,A
100,'356,India,4022,Diammonium phosphate (DAP),5622,Import value,2002,2002,1000 USD,35334.31,A
100,'356,India,4022,Diammonium phosphate (DAP),5622,Import value,2003,2003,1000 USD,136639.31,A
100,'356,India,4022,Diammonium phosphate (DAP),5622,Import value,2004,2004,1000 USD,123605.03,A
100,'356,India,4022,Diammonium phosphate (DAP),5622,Import value,2005,2005,1000 USD,344636.71,A
100,'356,India,4022,Diammonium phosphate (DAP),5622,Import value,2006,2006,1000 USD,934489.02,A
100,'356,India,4022,Diammonium phosphate (DAP),5622,Import value,2007,2007,1000 USD,1220035.39,A
100,'356,India,4022,Diammonium phosphate (DAP),5622,Import value,2008,2008,1000 USD,6294714.0,A
100,'356,India,4022,Diammonium phosphate (DAP),5622,Import value,2009,2009,1000 USD,2204291.77,A
100,'356,India,4022,Diammonium phosphate (DAP),5622,Import value,2010,2010,1000 USD,2572232.79,A
100,'356,India,4022,Diammonium phosphate (DAP),5622,Import value,2011,2011,1000 USD,3584507.13,A
100,'356,India,4022,Diammonium phosphate (DAP),5622,Import value,2012,2012,1000 USD,3398943.3,A
100,'356,India,4022,Diammonium phosphate (DAP),5622,Import value,2013,2013,1000 USD,1752648.06,A
100,'356,India,4022,Diammonium phosphate (DAP),5622,Import value,2014,2014,1000 USD,1824173.73,A
100,'356,India,4022,Diammonium phosphate (DAP),5622,Import value,2015,2015,1000 USD,3102343.0,A
100,'356,India,4022,Diammonium phosphate (DAP),5622,Import value,2016,2016,1000 USD,1690540.72,A
100,'356,India,4022,Diammonium phosphate (DAP),5622,Import value,2017,2017,1000 USD,1470512.2,A
100,'356,India,4022,Diammonium phosphate (DAP),5622,Import value,2018,2018,1000 USD,2757601.67,A
100,'356,India,4022,Diammonium phosphate (DAP),5622,Import value,2019,2019,1000 USD,2164581.93,A
100,'356,India,4022,Diammonium phosphate (DAP),5622,Import value,2020,2020,1000 USD,2121550.81,A
100,'356,India,4022,Diammonium phosphate (DAP),5622,Import value,2021,2021,1000 USD,2838101.5,A
100,'356,India,4022,Diammonium phosphate (DAP),5622,Import value,2022,2022,1000 USD,5974906.92,A
100,'356,India,4022,Diammonium phosphate (DAP),5622,Import value,2023,2023,1000 USD,3738721.81,A
100,'356,India,4022,Diammonium phosphate (DAP),5622,Import value,2024,2024,1000 USD,2756749.74,A
100,'356,India,4022,Diammonium phosphate (DAP),5910,Export quantity,2003,2003,t,52.9,A
100,'356,India,4022,Diammonium phosphate (DAP),5910,Export quantity,2004,2004,t,0.5,A
100,'356,India,4022,Diammonium phosphate (DAP),5910,Export quantity,2005,2005,t,0.42,A
100,'356,India,4022,Diammonium phosphate (DAP),5910,Export quantity,2007,2007,t,514.25,A
100,'356,India,4022,Diammonium phosphate (DAP),5910,Export quantity,2008,2008,t,131.04,A
100,'356,India,4022,Diammonium phosphate (DAP),5910,Export quantity,2009,2009,t,2112.67,A
100,'356,India,4022,Diammonium phosphate (DAP),5910,Export quantity,2010,2010,t,8761.1,X
100,'356,India,4022,Diammonium phosphate (DAP),5910,Export quantity,2011,2011,t,4386.86,A
100,'356,India,4022,Diammonium phosphate (DAP),5910,Export quantity,2012,2012,t,550.73,A
100,'356,India,4022,Diammonium phosphate (DAP),5910,Export quantity,2013,2013,t,16518.51,A
100,'356,India,4022,Diammonium phosphate (DAP),5910,Export quantity,2014,2014,t,16385.56,A
100,'356,India,4022,Diammonium phosphate (DAP),5910,Export quantity,2015,2015,t,22418.49,A
100,'356,India,4022,Diammonium phosphate (DAP),5910,Export quantity,2016,2016,t,27435.5,X
100,'356,India,4022,Diammonium phosphate (DAP),5910,Export quantity,2017,2017,t,15121.0,A
100,'356,India,4022,Diammonium phosphate (DAP),5910,Export quantity,2018,2018,t,44629.18,X
100,'356,India,4022,Diammonium phosphate (DAP),5910,Export quantity,2019,2019,t,85919.98,X
100,'356,India,4022,Diammonium phosphate (DAP),5910,Export quantity,2020,2020,t,75899.34,A
100,'356,India,4022,Diammonium phosphate (DAP),5910,Export quantity,2021,2021,t,57958.71,X
100,'356,India,4022,Diammonium phosphate (DAP),5910,Export quantity,2022,2022,t,462.41,A
100,'356,India,4022,Diammonium phosphate (DAP),5910,Export quantity,2023,2023,t,20625.04,A
100,'356,India,4022,Diammonium phosphate (DAP),5910,Export quantity,2024,2024,t,73181.12,X
100,'356,India,4022,Diammonium phosphate (DAP),5922,Export value,2003,2003,1000 USD,30.67,A
100,'356,India,4022,Diammonium phosphate (DAP),5922,Export value,2004,2004,1000 USD,0.43,A
100,'356,India,4022,Diammonium phosphate (DAP),5922,Export value,2005,2005,1000 USD,0.31,A
100,'356,India,4022,Diammonium phosphate (DAP),5922,Export value,2007,2007,1000 USD,150.06,A
100,'356,India,4022,Diammonium phosphate (DAP),5922,Export value,2008,2008,1000 USD,154.49,A
100,'356,India,4022,Diammonium phosphate (DAP),5922,Export value,2009,2009,1000 USD,4744.58,A
100,'356,India,4022,Diammonium phosphate (DAP),5922,Export value,2010,2010,1000 USD,3150.66,A
100,'356,India,4022,Diammonium phosphate (DAP),5922,Export value,2011,2011,1000 USD,4948.33,A
100,'356,India,4022,Diammonium phosphate (DAP),5922,Export value,2012,2012,1000 USD,1909.16,A
100,'356,India,4022,Diammonium phosphate (DAP),5922,Export value,2013,2013,1000 USD,12296.6,A
100,'356,India,4022,Diammonium phosphate (DAP),5922,Export value,2014,2014,1000 USD,10629.57,A
100,'356,India,4022,Diammonium phosphate (DAP),5922,Export value,2015,2015,1000 USD,10890.03,A
100,'356,India,4022,Diammonium phosphate (DAP),5922,Export value,2016,2016,1000 USD,18456.55,A
100,'356,India,4022,Diammonium phosphate (DAP),5922,Export value,2017,2017,1000 USD,6090.54,A
100,'356,India,4022,Diammonium phosphate (DAP),5922,Export value,2018,2018,1000 USD,18238.67,A
100,'356,India,4022,Diammonium phosphate (DAP),5922,Export value,2019,2019,1000 USD,38815.15,A
100,'356,India,4022,Diammonium phosphate (DAP),5922,Export value,2020,2020,1000 USD,27111.59,A
100,'356,India,4022,Diammonium phosphate (DAP),5922,Export value,2021,2021,1000 USD,27717.42,A
100,'356,India,4022,Diammonium phosphate (DAP),5922,Export value,2022,2022,1000 USD,106.52,A
100,'356,India,4022,Diammonium phosphate (DAP),5922,Export value,2023,2023,1000 USD,15106.02,A
100,'356,India,4022,Diammonium phosphate (DAP),5922,Export value,2024,2024,1000 USD,45192.69,A
100,'356,India,4022,Diammonium phosphate (DAP),5157,Agricultural Use,2002,2002,t,5473050.0,A
100,'356,India,4022,Diammonium phosphate (DAP),5157,Agricultural Use,2003,2003,t,5624890.0,A
100,'356,India,4022,Diammonium phosphate (DAP),5157,Agricultural Use,2004,2004,t,6255780.0,A
100,'356,India,4022,Diammonium phosphate (DAP),5157,Agricultural Use,2005,2005,t,6763920.0,A
100,'356,India,4022,Diammonium phosphate (DAP),5157,Agricultural Use,2006,2006,t,7381000.0,A
100,'356,India,4022,Diammonium phosphate (DAP),5157,Agricultural Use,2007,2007,t,7496610.0,A
100,'356,India,4022,Diammonium phosphate (DAP),5157,Agricultural Use,2008,2008,t,8231210.0,A
100,'356,India,4022,Diammonium phosphate (DAP),5157,Agricultural Use,2009,2009,t,10491830.0,A
100,'356,India,4022,Diammonium phosphate (DAP),5157,Agricultural Use,2010,2010,t,10869900.0,A
100,'356,India,4022,Diammonium phosphate (DAP),5157,Agricultural Use,2011,2011,t,10191190.0,A
100,'356,India,4022,Diammonium phosphate (DAP),5157,Agricultural Use,2012,2012,t,9154080.0,A
100,'356,India,4022,Diammonium phosphate (DAP),5157,Agricultural Use,2013,2013,t,7357420.0,A
100,'356,India,4022,Diammonium phosphate (DAP),5157,Agricultural Use,2014,2014,t,7625560.0,A
100,'356,India,4022,Diammonium phosphate (DAP),5157,Agricultural Use,2015,2015,t,9107220.0,A
100,'356,India,4022,Diammonium phosphate (DAP),5157,Agricultural Use,2016,2016,t,8963500.0,A
100,'356,India,4022,Diammonium phosphate (DAP),5157,Agricultural Use,2017,2017,t,9294100.0,A
100,'356,India,4022,Diammonium phosphate (DAP),5157,Agricultural Use,2018,2018,t,9211100.0,A
100,'356,India,4022,Diammonium phosphate (DAP),5157,Agricultural Use,2019,2019,t,10099800.0,A
100,'356,India,4022,Diammonium phosphate (DAP),5157,Agricultural Use,2020,2020,t,11911500.0,P
100,'356,India,4022,Diammonium phosphate (DAP),5157,Agricultural Use,2021,2021,t,9271990.0,A
100,'356,India,4022,Diammonium phosphate (DAP),5157,Agricultural Use,2022,2022,t,10417600.0,A
100,'356,India,4022,Diammonium phosphate (DAP),5157,Agricultural Use,2023,2023,t,10811900.0,A
100,'356,India,4022,Diammonium phosphate (DAP),5157,Agricultural Use,2024,2024,t,9281500.0,A
100,'356,India,4030,Fertilizers n.e.c.,5610,Import quantity,2002,2002,t,14708.64,A
100,'356,India,4030,Fertilizers n.e.c.,5610,Import quantity,2003,2003,t,2381.95,X
100,'356,India,4030,Fertilizers n.e.c.,5610,Import quantity,2004,2004,t,2759.45,A
100,'356,India,4030,Fertilizers n.e.c.,5610,Import quantity,2005,2005,t,6662.47,A
100,'356,India,4030,Fertilizers n.e.c.,5610,Import quantity,2006,2006,t,6124.26,A
100,'356,India,4030,Fertilizers n.e.c.,5610,Import quantity,2007,2007,t,9274.43,A
100,'356,India,4030,Fertilizers n.e.c.,5610,Import quantity,2008,2008,t,7965.43,A
100,'356,India,4030,Fertilizers n.e.c.,5610,Import quantity,2009,2009,t,8595.09,A
100,'356,India,4030,Fertilizers n.e.c.,5610,Import quantity,2010,2010,t,194215.99,A
100,'356,India,4030,Fertilizers n.e.c.,5610,Import quantity,2011,2011,t,35923.37,A
100,'356,India,4030,Fertilizers n.e.c.,5610,Import quantity,2012,2012,t,19658.67,A
100,'356,India,4030,Fertilizers n.e.c.,5610,Import quantity,2013,2013,t,27844.36,A
100,'356,India,4030,Fertilizers n.e.c.,5610,Import quantity,2014,2014,t,35060.06,A
100,'356,India,4030,Fertilizers n.e.c.,5610,Import quantity,2015,2015,t,178001.18,A
100,'356,India,4030,Fertilizers n.e.c.,5610,Import quantity,2016,2016,t,41557.97,X
100,'356,India,4030,Fertilizers n.e.c.,5610,Import quantity,2017,2017,t,39789.89,X
100,'356,India,4030,Fertilizers n.e.c.,5610,Import quantity,2018,2018,t,49584.17,X
100,'356,India,4030,Fertilizers n.e.c.,5610,Import quantity,2019,2019,t,52097.18,X
100,'356,India,4030,Fertilizers n.e.c.,5610,Import quantity,2020,2020,t,60433.6,X
100,'356,India,4030,Fertilizers n.e.c.,5610,Import quantity,2021,2021,t,67558.28,A
100,'356,India,4030,Fertilizers n.e.c.,5610,Import quantity,2022,2022,t,47118.99,X
100,'356,India,4030,Fertilizers n.e.c.,5610,Import quantity,2023,2023,t,44750.06,X
100,'356,India,4030,Fertilizers n.e.c.,5610,Import quantity,2024,2024,t,65639.31,X
100,'356,India,4030,Fertilizers n.e.c.,5622,Import value,2002,2002,1000 USD,3471.64,A
100,'356,India,4030,Fertilizers n.e.c.,5622,Import value,2003,2003,1000 USD,1134.81,A
100,'356,India,4030,Fertilizers n.e.c.,5622,Import value,2004,2004,1000 USD,2003.78,A
100,'356,India,4030,Fertilizers n.e.c.,5622,Import value,2005,2005,1000 USD,4202.09,A
100,'356,India,4030,Fertilizers n.e.c.,5622,Import value,2006,2006,1000 USD,5246.64,A
100,'356,India,4030,Fertilizers n.e.c.,5622,Import value,2007,2007,1000 USD,6740.95,A
100,'356,India,4030,Fertilizers n.e.c.,5622,Import value,2008,2008,1000 USD,10730.11,A
100,'356,India,4030,Fertilizers n.e.c.,5622,Import value,2009,2009,1000 USD,11697.83,A
100,'356,India,4030,Fertilizers n.e.c.,5622,Import value,2010,2010,1000 USD,75762.82,A
100,'356,India,4030,Fertilizers n.e.c.,5622,Import value,2011,2011,1000 USD,29849.07,A
100,'356,India,4030,Fertilizers n.e.c.,5622,Import value,2012,2012,1000 USD,24376.29,A
100,'356,India,4030,Fertilizers n.e.c.,5622,Import value,2013,2013,1000 USD,30716.31,A
100,'356,India,4030,Fertilizers n.e.c.,5622,Import value,2014,2014,1000 USD,33927.47,A
100,'356,India,4030,Fertilizers n.e.c.,5622,Import value,2015,2015,1000 USD,79857.19,A
100,'356,India,4030,Fertilizers n.e.c.,5622,Import value,2016,2016,1000 USD,30335.77,A
100,'356,India,4030,Fertilizers n.e.c.,5622,Import value,2017,2017,1000 USD,28670.69,A
100,'356,India,4030,Fertilizers n.e.c.,5622,Import value,2018,2018,1000 USD,37625.02,A
100,'356,India,4030,Fertilizers n.e.c.,5622,Import value,2019,2019,1000 USD,38162.37,A
100,'356,India,4030,Fertilizers n.e.c.,5622,Import value,2020,2020,1000 USD,42761.85,A
100,'356,India,4030,Fertilizers n.e.c.,5622,Import value,2021,2021,1000 USD,52605.41,A
100,'356,India,4030,Fertilizers n.e.c.,5622,Import value,2022,2022,1000 USD,70941.53,A
100,'356,India,4030,Fertilizers n.e.c.,5622,Import value,2023,2023,1000 USD,48272.18,A
100,'356,India,4030,Fertilizers n.e.c.,5622,Import value,2024,2024,1000 USD,65347.11,A
100,'356,India,4030,Fertilizers n.e.c.,5910,Export quantity,2002,2002,t,518.78,A
100,'356,India,4030,Fertilizers n.e.c.,5910,Export quantity,2003,2003,t,1340.24,X
100,'356,India,4030,Fertilizers n.e.c.,5910,Export quantity,2004,2004,t,443.88,A
100,'356,India,4030,Fertilizers n.e.c.,5910,Export quantity,2005,2005,t,4882.96,A
100,'356,India,4030,Fertilizers n.e.c.,5910,Export quantity,2006,2006,t,6363.57,A
100,'356,India,4030,Fertilizers n.e.c.,5910,Export quantity,2007,2007,t,636.75,A
100,'356,India,4030,Fertilizers n.e.c.,5910,Export quantity,2008,2008,t,1603.99,A
100,'356,India,4030,Fertilizers n.e.c.,5910,Export quantity,2009,2009,t,3011.88,A
100,'356,India,4030,Fertilizers n.e.c.,5910,Export quantity,2010,2010,t,3075.91,X
100,'356,India,4030,Fertilizers n.e.c.,5910,Export quantity,2011,2011,t,7903.67,A
100,'356,India,4030,Fertilizers n.e.c.,5910,Export quantity,2012,2012,t,4741.84,A
100,'356,India,4030,Fertilizers n.e.c.,5910,Export quantity,2013,2013,t,5058.26,A
100,'356,India,4030,Fertilizers n.e.c.,5910,Export quantity,2014,2014,t,3863.55,X
100,'356,India,4030,Fertilizers n.e.c.,5910,Export quantity,2015,2015,t,3856.52,X
100,'356,India,4030,Fertilizers n.e.c.,5910,Export quantity,2016,2016,t,3374.39,X
100,'356,India,4030,Fertilizers n.e.c.,5910,Export quantity,2017,2017,t,5857.16,X
100,'356,India,4030,Fertilizers n.e.c.,5910,Export quantity,2018,2018,t,3779.49,X
100,'356,India,4030,Fertilizers n.e.c.,5910,Export quantity,2019,2019,t,3032.83,X
100,'356,India,4030,Fertilizers n.e.c.,5910,Export quantity,2020,2020,t,4507.27,X
100,'356,India,4030,Fertilizers n.e.c.,5910,Export quantity,2021,2021,t,3506.9,X
100,'356,India,4030,Fertilizers n.e.c.,5910,Export quantity,2022,2022,t,4631.54,X
100,'356,India,4030,Fertilizers n.e.c.,5910,Export quantity,2023,2023,t,1926.08,X
100,'356,India,4030,Fertilizers n.e.c.,5910,Export quantity,2024,2024,t,2147.29,X
100,'356,India,4030,Fertilizers n.e.c.,5922,Export value,2002,2002,1000 USD,190.81,A
100,'356,India,4030,Fertilizers n.e.c.,5922,Export value,2003,2003,1000 USD,1086.56,A
100,'356,India,4030,Fertilizers n.e.c.,5922,Export value,2004,2004,1000 USD,459.87,A
100,'356,India,4030,Fertilizers n.e.c.,5922,Export value,2005,2005,1000 USD,1817.96,A
100,'356,India,4030,Fertilizers n.e.c.,5922,Export value,2006,2006,1000 USD,2107.94,A
100,'356,India,4030,Fertilizers n.e.c.,5922,Export value,2007,2007,1000 USD,1094.5,A
100,'356,India,4030,Fertilizers n.e.c.,5922,Export value,2008,2008,1000 USD,2810.48,A
100,'356,India,4030,Fertilizers n.e.c.,5922,Export value,2009,2009,1000 USD,4695.33,A
100,'356,India,4030,Fertilizers n.e.c.,5922,Export value,2010,2010,1000 USD,5959.45,A
100,'356,India,4030,Fertilizers n.e.c.,5922,Export value,2011,2011,1000 USD,8429.88,A
100,'356,India,4030,Fertilizers n.e.c.,5922,Export value,2012,2012,1000 USD,10918.74,A
100,'356,India,4030,Fertilizers n.e.c.,5922,Export value,2013,2013,1000 USD,12891.1,A
100,'356,India,4030,Fertilizers n.e.c.,5922,Export value,2014,2014,1000 USD,12623.38,A
100,'356,India,4030,Fertilizers n.e.c.,5922,Export value,2015,2015,1000 USD,12206.74,A
100,'356,India,4030,Fertilizers n.e.c.,5922,Export value,2016,2016,1000 USD,12241.56,A
100,'356,India,4030,Fertilizers n.e.c.,5922,Export value,2017,2017,1000 USD,8890.12,A
100,'356,India,4030,Fertilizers n.e.c.,5922,Export value,2018,2018,1000 USD,9365.33,A
100,'356,India,4030,Fertilizers n.e.c.,5922,Export value,2019,2019,1000 USD,8375.73,A
100,'356,India,4030,Fertilizers n.e.c.,5922,Export value,2020,2020,1000 USD,8671.11,A
100,'356,India,4030,Fertilizers n.e.c.,5922,Export value,2021,2021,1000 USD,8512.96,A
100,'356,India,4030,Fertilizers n.e.c.,5922,Export value,2022,2022,1000 USD,10458.46,A
100,'356,India,4030,Fertilizers n.e.c.,5922,Export value,2023,2023,1000 USD,8313.28,A
100,'356,India,4030,Fertilizers n.e.c.,5922,Export value,2024,2024,1000 USD,8882.92,A
100,'356,India,4023,Monoammonium phosphate (MAP),5510,Production,2020,2020,t,0.0,A
100,'356,India,4023,Monoammonium phosphate (MAP),5510,Production,2021,2021,t,0.0,A
100,'356,India,4023,Monoammonium phosphate (MAP),5510,Production,2022,2022,t,0.0,A
100,'356,India,4023,Monoammonium phosphate (MAP),5510,Production,2023,2023,t,0.0,A
100,'356,India,4023,Monoammonium phosphate (MAP),5510,Production,2024,2024,t,0.0,A
100,'356,India,4023,Monoammonium phosphate (MAP),5610,Import quantity,2002,2002,t,140128.71,A
100,'356,India,4023,Monoammonium phosphate (MAP),5610,Import quantity,2003,2003,t,149020.47,A
100,'356,India,4023,Monoammonium phosphate (MAP),5610,Import quantity,2004,2004,t,80434.8,A
100,'356,India,4023,Monoammonium phosphate (MAP),5610,Import quantity,2005,2005,t,182917.58,A
100,'356,India,4023,Monoammonium phosphate (MAP),5610,Import quantity,2006,2006,t,297727.88,A
100,'356,India,4023,Monoammonium phosphate (MAP),5610,Import quantity,2007,2007,t,298444.79,A
100,'356,India,4023,Monoammonium phosphate (MAP),5610,Import quantity,2008,2008,t,547454.06,A
100,'356,India,4023,Monoammonium phosphate (MAP),5610,Import quantity,2009,2009,t,241261.42,A
100,'356,India,4023,Monoammonium phosphate (MAP),5610,Import quantity,2010,2010,t,497297.45,A
100,'356,India,4023,Monoammonium phosphate (MAP),5610,Import quantity,2011,2011,t,667199.24,A
100,'356,India,4023,Monoammonium phosphate (MAP),5610,Import quantity,2012,2012,t,222271.2,A
100,'356,India,4023,Monoammonium phosphate (MAP),5610,Import quantity,2013,2013,t,61288.38,A
100,'356,India,4023,Monoammonium phosphate (MAP),5610,Import quantity,2014,2014,t,237245.93,A
100,'356,India,4023,Monoammonium phosphate (MAP),5610,Import quantity,2015,2015,t,116379.96,A
100,'356,India,4023,Monoammonium phosphate (MAP),5610,Import quantity,2016,2016,t,147683.6,X
100,'356,India,4023,Monoammonium phosphate (MAP),5610,Import quantity,2017,2017,t,139422.07,X
100,'356,India,4023,Monoammonium phosphate (MAP),5610,Import quantity,2018,2018,t,153412.61,X
100,'356,India,4023,Monoammonium phosphate (MAP),5610,Import quantity,2019,2019,t,192125.89,X
100,'356,India,4023,Monoammonium phosphate (MAP),5610,Import quantity,2020,2020,t,168340.61,X
100,'356,India,4023,Monoammonium phosphate (MAP),5610,Import quantity,2021,2021,t,158650.79,A
100,'356,India,4023,Monoammonium phosphate (MAP),5610,Import quantity,2022,2022,t,446457.29,X
100,'356,India,4023,Monoammonium phosphate (MAP),5610,Import quantity,2023,2023,t,206372.42,A
100,'356,India,4023,Monoammonium phosphate (MAP),5610,Import quantity,2024,2024,t,166837.91,A
100,'356,India,4023,Monoammonium phosphate (MAP),5622,Import value,2002,2002,1000 USD,24604.85,A
100,'356,India,4023,Monoammonium phosphate (MAP),5622,Import value,2003,2003,1000 USD,28142.52,A
100,'356,India,4023,Monoammonium phosphate (MAP),5622,Import value,2004,2004,1000 USD,22827.54,A
100,'356,India,4023,Monoammonium phosphate (MAP),5622,Import value,2005,2005,1000 USD,47883.98,A
100,'356,India,4023,Monoammonium phosphate (MAP),5622,Import value,2006,2006,1000 USD,84135.05,A
100,'356,India,4023,Monoammonium phosphate (MAP),5622,Import value,2007,2007,1000 USD,128369.77,A
100,'356,India,4023,Monoammonium phosphate (MAP),5622,Import value,2008,2008,1000 USD,667090.6,A
100,'356,India,4023,Monoammonium phosphate (MAP),5622,Import value,2009,2009,1000 USD,93463.89,A
100,'356,India,4023,Monoammonium phosphate (MAP),5622,Import value,2010,2010,1000 USD,255056.18,A
100,'356,India,4023,Monoammonium phosphate (MAP),5622,Import value,2011,2011,1000 USD,385866.51,A
100,'356,India,4023,Monoammonium phosphate (MAP),5622,Import value,2012,2012,1000 USD,120291.41,A
100,'356,India,4023,Monoammonium phosphate (MAP),5622,Import value,2013,2013,1000 USD,35452.31,A
100,'356,India,4023,Monoammonium phosphate (MAP),5622,Import value,2014,2014,1000 USD,101459.77,A
100,'356,India,4023,Monoammonium phosphate (MAP),5622,Import value,2015,2015,1000 USD,54635.09,A
100,'356,India,4023,Monoammonium phosphate (MAP),5622,Import value,2016,2016,1000 USD,62613.05,A
100,'356,India,4023,Monoammonium phosphate (MAP),5622,Import value,2017,2017,1000 USD,60912.45,A
100,'356,India,4023,Monoammonium phosphate (MAP),5622,Import value,2018,2018,1000 USD,77127.87,A
100,'356,India,4023,Monoammonium phosphate (MAP),5622,Import value,2019,2019,1000 USD,87536.57,A
100,'356,India,4023,Monoammonium phosphate (MAP),5622,Import value,2020,2020,1000 USD,71601.04,A
100,'356,India,4023,Monoammonium phosphate (MAP),5622,Import value,2021,2021,1000 USD,112022.89,A
100,'356,India,4023,Monoammonium phosphate (MAP),5622,Import value,2022,2022,1000 USD,406550.02,A
100,'356,India,4023,Monoammonium phosphate (MAP),5622,Import value,2023,2023,1000 USD,136541.24,A
100,'356,India,4023,Monoammonium phosphate (MAP),5622,Import value,2024,2024,1000 USD,130783.78,A
100,'356,India,4023,Monoammonium phosphate (MAP),5910,Export quantity,2002,2002,t,0.8,A
100,'356,India,4023,Monoammonium phosphate (MAP),5910,Export quantity,2003,2003,t,15.0,A
100,'356,India,4023,Monoammonium phosphate (MAP),5910,Export quantity,2005,2005,t,2471.54,A
100,'356,India,4023,Monoammonium phosphate (MAP),5910,Export quantity,2006,2006,t,619.6,A
100,'356,India,4023,Monoammonium phosphate (MAP),5910,Export quantity,2007,2007,t,239.7,A
100,'356,India,4023,Monoammonium phosphate (MAP),5910,Export quantity,2008,2008,t,121.3,A
100,'356,India,4023,Monoammonium phosphate (MAP),5910,Export quantity,2009,2009,t,90087.85,A
100,'356,India,4023,Monoammonium phosphate (MAP),5910,Export quantity,2010,2010,t,218.84,X
100,'356,India,4023,Monoammonium phosphate (MAP),5910,Export quantity,2011,2011,t,515.7,A
100,'356,India,4023,Monoammonium phosphate (MAP),5910,Export quantity,2012,2012,t,712.9,A
100,'356,India,4023,Monoammonium phosphate (MAP),5910,Export quantity,2013,2013,t,561.54,A
100,'356,India,4023,Monoammonium phosphate (MAP),5910,Export quantity,2014,2014,t,3.97,A
100,'356,India,4023,Monoammonium phosphate (MAP),5910,Export quantity,2015,2015,t,902.16,A
100,'356,India,4023,Monoammonium phosphate (MAP),5910,Export quantity,2016,2016,t,1.23,A
100,'356,India,4023,Monoammonium phosphate (MAP),5910,Export quantity,2017,2017,t,55.25,X
100,'356,India,4023,Monoammonium phosphate (MAP),5910,Export quantity,2018,2018,t,0.38,X
100,'356,India,4023,Monoammonium phosphate (MAP),5910,Export quantity,2019,2019,t,149.38,X
100,'356,India,4023,Monoammonium phosphate (MAP),5910,Export quantity,2020,2020,t,420.78,X
100,'356,India,4023,Monoammonium phosphate (MAP),5910,Export quantity,2021,2021,t,235.58,X
100,'356,India,4023,Monoammonium phosphate (MAP),5910,Export quantity,2022,2022,t,3916.46,A
100,'356,India,4023,Monoammonium phosphate (MAP),5910,Export quantity,2023,2023,t,1612.88,X
100,'356,India,4023,Monoammonium phosphate (MAP),5910,Export quantity,2024,2024,t,161.08,X
100,'356,India,4023,Monoammonium phosphate (MAP),5922,Export value,2002,2002,1000 USD,0.47,A
100,'356,India,4023,Monoammonium phosphate (MAP),5922,Export value,2003,2003,1000 USD,2.41,A
100,'356,India,4023,Monoammonium phosphate (MAP),5922,Export value,2005,2005,1000 USD,1517.95,A
100,'356,India,4023,Monoammonium phosphate (MAP),5922,Export value,2006,2006,1000 USD,261.71,A
100,'356,India,4023,Monoammonium phosphate (MAP),5922,Export value,2007,2007,1000 USD,190.11,A
100,'356,India,4023,Monoammonium phosphate (MAP),5922,Export value,2008,2008,1000 USD,293.27,A
100,'356,India,4023,Monoammonium phosphate (MAP),5922,Export value,2009,2009,1000 USD,36343.35,A
100,'356,India,4023,Monoammonium phosphate (MAP),5922,Export value,2010,2010,1000 USD,121.71,A
100,'356,India,4023,Monoammonium phosphate (MAP),5922,Export value,2011,2011,1000 USD,233.48,A
100,'356,India,4023,Monoammonium phosphate (MAP),5922,Export value,2012,2012,1000 USD,2430.24,A
100,'356,India,4023,Monoammonium phosphate (MAP),5922,Export value,2013,2013,1000 USD,298.2,A
100,'356,India,4023,Monoammonium phosphate (MAP),5922,Export value,2014,2014,1000 USD,9.67,A
100,'356,India,4023,Monoammonium phosphate (MAP),5922,Export value,2015,2015,1000 USD,208.81,A
100,'356,India,4023,Monoammonium phosphate (MAP),5922,Export value,2016,2016,1000 USD,4.03,A
100,'356,India,4023,Monoammonium phosphate (MAP),5922,Export value,2017,2017,1000 USD,69.75,A
100,'356,India,4023,Monoammonium phosphate (MAP),5922,Export value,2018,2018,1000 USD,3.05,A
100,'356,India,4023,Monoammonium phosphate (MAP),5922,Export value,2019,2019,1000 USD,54.47,A
100,'356,India,4023,Monoammonium phosphate (MAP),5922,Export value,2020,2020,1000 USD,174.97,A
100,'356,India,4023,Monoammonium phosphate (MAP),5922,Export value,2021,2021,1000 USD,280.5,A
100,'356,India,4023,Monoammonium phosphate (MAP),5922,Export value,2022,2022,1000 USD,2557.31,A
100,'356,India,4023,Monoammonium phosphate (MAP),5922,Export value,2023,2023,1000 USD,695.07,A
100,'356,India,4023,Monoammonium phosphate (MAP),5922,Export value,2024,2024,1000 USD,207.52,A
100,'356,India,4023,Monoammonium phosphate (MAP),5157,Agricultural Use,2007,2007,t,150430.0,A
100,'356,India,4023,Monoammonium phosphate (MAP),5157,Agricultural Use,2008,2008,t,223870.0,A
100,'356,India,4023,Monoammonium phosphate (MAP),5157,Agricultural Use,2009,2009,t,131270.0,A
100,'356,India,4023,Monoammonium phosphate (MAP),5157,Agricultural Use,2010,2010,t,96020.0,A
100,'356,India,4023,Monoammonium phosphate (MAP),5157,Agricultural Use,2011,2011,t,281430.0,A
100,'356,India,4023,Monoammonium phosphate (MAP),5157,Agricultural Use,2012,2012,t,150550.0,A
100,'356,India,4023,Monoammonium phosphate (MAP),5157,Agricultural Use,2013,2013,t,1410.0,A
100,'356,India,4023,Monoammonium phosphate (MAP),5157,Agricultural Use,2014,2014,t,940.0,A
100,'356,India,4023,Monoammonium phosphate (MAP),5157,Agricultural Use,2015,2015,t,60.0,A
100,'356,India,4023,Monoammonium phosphate (MAP),5157,Agricultural Use,2016,2016,t,0.0,I
100,'356,India,4023,Monoammonium phosphate (MAP),5157,Agricultural Use,2017,2017,t,0.0,A
100,'356,India,4023,Monoammonium phosphate (MAP),5157,Agricultural Use,2018,2018,t,0.0,A
100,'356,India,4023,Monoammonium phosphate (MAP),5157,Agricultural Use,2019,2019,t,0.0,A
100,'356,India,4023,Monoammonium phosphate (MAP),5157,Agricultural Use,2020,2020,t,0.0,P
100,'356,India,4023,Monoammonium phosphate (MAP),5157,Agricultural Use,2021,2021,t,0.0,A
100,'356,India,4023,Monoammonium phosphate (MAP),5157,Agricultural Use,2022,2022,t,109800.0,A
100,'356,India,4023,Monoammonium phosphate (MAP),5157,Agricultural Use,2023,2023,t,158300.0,A
100,'356,India,4023,Monoammonium phosphate (MAP),5157,Agricultural Use,2024,2024,t,19400.0,A
100,'356,India,4021,NPK fertilizers,5510,Production,2006,2006,t,482800.0,A
100,'356,India,4021,NPK fertilizers,5510,Production,2007,2007,t,468200.0,A
100,'356,India,4021,NPK fertilizers,5510,Production,2008,2008,t,471000.0,A
100,'356,India,4021,NPK fertilizers,5510,Production,2009,2009,t,490000.0,A
100,'356,India,4021,NPK fertilizers,5510,Production,2010,2010,t,494000.0,A
100,'356,India,4021,NPK fertilizers,5510,Production,2011,2011,t,506000.0,A
100,'356,India,4021,NPK fertilizers,5510,Production,2012,2012,t,480300.0,A
100,'356,India,4021,NPK fertilizers,5510,Production,2013,2013,t,3104500.0,A
100,'356,India,4021,NPK fertilizers,5510,Production,2014,2014,t,3754100.0,A
100,'356,India,4021,NPK fertilizers,5510,Production,2015,2015,t,3744700.0,A
100,'356,India,4021,NPK fertilizers,5510,Production,2016,2016,t,3655000.0,A
100,'356,India,4021,NPK fertilizers,5510,Production,2017,2017,t,3846100.0,A
100,'356,India,4021,NPK fertilizers,5510,Production,2018,2018,t,4274200.0,A
100,'356,India,4021,NPK fertilizers,5510,Production,2019,2019,t,3696000.0,A
100,'356,India,4021,NPK fertilizers,5510,Production,2020,2020,t,2098000.0,P
100,'356,India,4021,NPK fertilizers,5510,Production,2021,2021,t,3379900.0,A
100,'356,India,4021,NPK fertilizers,5510,Production,2022,2022,t,3095000.0,A
100,'356,India,4021,NPK fertilizers,5510,Production,2023,2023,t,3303400.0,A
100,'356,India,4021,NPK fertilizers,5510,Production,2024,2024,t,3650900.0,A
100,'356,India,4021,NPK fertilizers,5610,Import quantity,2002,2002,t,3694.53,A
100,'356,India,4021,NPK fertilizers,5610,Import quantity,2003,2003,t,5671.59,A
100,'356,India,4021,NPK fertilizers,5610,Import quantity,2004,2004,t,6045.5,A
100,'356,India,4021,NPK fertilizers,5610,Import quantity,2005,2005,t,12910.82,A
100,'356,India,4021,NPK fertilizers,5610,Import quantity,2006,2006,t,12612.96,A
100,'356,India,4021,NPK fertilizers,5610,Import quantity,2007,2007,t,14451.77,A
100,'356,India,4021,NPK fertilizers,5610,Import quantity,2008,2008,t,19859.75,A
100,'356,India,4021,NPK fertilizers,5610,Import quantity,2009,2009,t,8074.85,A
100,'356,India,4021,NPK fertilizers,5610,Import quantity,2010,2010,t,370129.87,A
100,'356,India,4021,NPK fertilizers,5610,Import quantity,2011,2011,t,169800.6,A
100,'356,India,4021,NPK fertilizers,5610,Import quantity,2012,2012,t,258685.4,A
100,'356,India,4021,NPK fertilizers,5610,Import quantity,2013,2013,t,51742.24,A
100,'356,India,4021,NPK fertilizers,5610,Import quantity,2014,2014,t,65286.35,A
100,'356,India,4021,NPK fertilizers,5610,Import quantity,2015,2015,t,258399.32,A
100,'356,India,4021,NPK fertilizers,5610,Import quantity,2016,2016,t,268027.48,A
100,'356,India,4021,NPK fertilizers,5610,Import quantity,2017,2017,t,202529.51,A
100,'356,India,4021,NPK fertilizers,5610,Import quantity,2018,2018,t,576511.1,A
100,'356,India,4021,NPK fertilizers,5610,Import quantity,2019,2019,t,601779.51,X
100,'356,India,4021,NPK fertilizers,5610,Import quantity,2020,2020,t,794030.64,A
100,'356,India,4021,NPK fertilizers,5610,Import quantity,2021,2021,t,1092172.58,A
100,'356,India,4021,NPK fertilizers,5610,Import quantity,2022,2022,t,1257579.92,X
100,'356,India,4021,NPK fertilizers,5610,Import quantity,2023,2023,t,1621681.45,A
100,'356,India,4021,NPK fertilizers,5610,Import quantity,2024,2024,t,1579597.96,A
100,'356,India,4021,NPK fertilizers,5622,Import value,2002,2002,1000 USD,2328.56,A
100,'356,India,4021,NPK fertilizers,5622,Import value,2003,2003,1000 USD,3530.85,A
100,'356,India,4021,NPK fertilizers,5622,Import value,2004,2004,1000 USD,3703.46,A
100,'356,India,4021,NPK fertilizers,5622,Import value,2005,2005,1000 USD,8584.74,A
100,'356,India,4021,NPK fertilizers,5622,Import value,2006,2006,1000 USD,8856.1,A
100,'356,India,4021,NPK fertilizers,5622,Import value,2007,2007,1000 USD,9967.5,A
100,'356,India,4021,NPK fertilizers,5622,Import value,2008,2008,1000 USD,19940.97,A
100,'356,India,4021,NPK fertilizers,5622,Import value,2009,2009,1000 USD,8401.08,A
100,'356,India,4021,NPK fertilizers,5622,Import value,2010,2010,1000 USD,140837.9,A
100,'356,India,4021,NPK fertilizers,5622,Import value,2011,2011,1000 USD,117262.13,A
100,'356,India,4021,NPK fertilizers,5622,Import value,2012,2012,1000 USD,181273.06,A
100,'356,India,4021,NPK fertilizers,5622,Import value,2013,2013,1000 USD,31330.36,A
100,'356,India,4021,NPK fertilizers,5622,Import value,2014,2014,1000 USD,37960.51,A
100,'356,India,4021,NPK fertilizers,5622,Import value,2015,2015,1000 USD,117556.03,A
100,'356,India,4021,NPK fertilizers,5622,Import value,2016,2016,1000 USD,98496.04,A
100,'356,India,4021,NPK fertilizers,5622,Import value,2017,2017,1000 USD,74762.57,A
100,'356,India,4021,NPK fertilizers,5622,Import value,2018,2018,1000 USD,211425.25,A
100,'356,India,4021,NPK fertilizers,5622,Import value,2019,2019,1000 USD,224246.24,A
100,'356,India,4021,NPK fertilizers,5622,Import value,2020,2020,1000 USD,262160.38,A
100,'356,India,4021,NPK fertilizers,5622,Import value,2021,2021,1000 USD,533956.93,A
100,'356,India,4021,NPK fertilizers,5622,Import value,2022,2022,1000 USD,912021.35,A
100,'356,India,4021,NPK fertilizers,5622,Import value,2023,2023,1000 USD,815758.95,A
100,'356,India,4021,NPK fertilizers,5622,Import value,2024,2024,1000 USD,657792.08,A
100,'356,India,4021,NPK fertilizers,5910,Export quantity,2002,2002,t,0.25,A
100,'356,India,4021,NPK fertilizers,5910,Export quantity,2004,2004,t,0.11,A
100,'356,India,4021,NPK fertilizers,5910,Export quantity,2005,2005,t,23.54,A
100,'356,India,4021,NPK fertilizers,5910,Export quantity,2006,2006,t,21.9,A
100,'356,India,4021,NPK fertilizers,5910,Export quantity,2007,2007,t,243.0,A
100,'356,India,4021,NPK fertilizers,5910,Export quantity,2008,2008,t,1174.2,A
100,'356,India,4021,NPK fertilizers,5910,Export quantity,2009,2009,t,107013.03,A
100,'356,India,4021,NPK fertilizers,5910,Export quantity,2010,2010,t,8619.12,X
100,'356,India,4021,NPK fertilizers,5910,Export quantity,2011,2011,t,63282.75,A
100,'356,India,4021,NPK fertilizers,5910,Export quantity,2012,2012,t,53176.46,A
100,'356,India,4021,NPK fertilizers,5910,Export quantity,2013,2013,t,55745.94,A
100,'356,India,4021,NPK fertilizers,5910,Export quantity,2014,2014,t,79044.01,A
100,'356,India,4021,NPK fertilizers,5910,Export quantity,2015,2015,t,103093.61,A
100,'356,India,4021,NPK fertilizers,5910,Export quantity,2016,2016,t,77326.37,A
100,'356,India,4021,NPK fertilizers,5910,Export quantity,2017,2017,t,77989.31,A
100,'356,India,4021,NPK fertilizers,5910,Export quantity,2018,2018,t,82607.29,X
100,'356,India,4021,NPK fertilizers,5910,Export quantity,2019,2019,t,57652.71,X
100,'356,India,4021,NPK fertilizers,5910,Export quantity,2020,2020,t,47416.7,X
100,'356,India,4021,NPK fertilizers,5910,Export quantity,2021,2021,t,40493.92,A
100,'356,India,4021,NPK fertilizers,5910,Export quantity,2022,2022,t,24222.07,A
100,'356,India,4021,NPK fertilizers,5910,Export quantity,2023,2023,t,37300.78,A
100,'356,India,4021,NPK fertilizers,5910,Export quantity,2024,2024,t,37969.78,X
100,'356,India,4021,NPK fertilizers,5922,Export value,2002,2002,1000 USD,0.22,A
100,'356,India,4021,NPK fertilizers,5922,Export value,2004,2004,1000 USD,0.43,A
100,'356,India,4021,NPK fertilizers,5922,Export value,2005,2005,1000 USD,28.79,A
100,'356,India,4021,NPK fertilizers,5922,Export value,2006,2006,1000 USD,17.0,A
100,'356,India,4021,NPK fertilizers,5922,Export value,2007,2007,1000 USD,57.99,A
100,'356,India,4021,NPK fertilizers,5922,Export value,2008,2008,1000 USD,683.24,A
100,'356,India,4021,NPK fertilizers,5922,Export value,2009,2009,1000 USD,48873.87,A
100,'356,India,4021,NPK fertilizers,5922,Export value,2010,2010,1000 USD,7978.35,A
100,'356,India,4021,NPK fertilizers,5922,Export value,2011,2011,1000 USD,27922.6,A
100,'356,India,4021,NPK fertilizers,5922,Export value,2012,2012,1000 USD,31390.12,A
100,'356,India,4021,NPK fertilizers,5922,Export value,2013,2013,1000 USD,23544.57,A
100,'356,India,4021,NPK fertilizers,5922,Export value,2014,2014,1000 USD,29459.3,A
100,'356,India,4021,NPK fertilizers,5922,Export value,2015,2015,1000 USD,31394.94,A
100,'356,India,4021,NPK fertilizers,5922,Export value,2016,2016,1000 USD,16826.32,A
100,'356,India,4021,NPK fertilizers,5922,Export value,2017,2017,1000 USD,17051.61,A
100,'356,India,4021,NPK fertilizers,5922,Export value,2018,2018,1000 USD,26730.0,A
100,'356,India,4021,NPK fertilizers,5922,Export value,2019,2019,1000 USD,12577.35,A
100,'356,India,4021,NPK fertilizers,5922,Export value,2020,2020,1000 USD,11365.0,A
100,'356,India,4021,NPK fertilizers,5922,Export value,2021,2021,1000 USD,5819.7,A
100,'356,India,4021,NPK fertilizers,5922,Export value,2022,2022,1000 USD,9225.93,A
100,'356,India,4021,NPK fertilizers,5922,Export value,2023,2023,1000 USD,15590.17,A
100,'356,India,4021,NPK fertilizers,5922,Export value,2024,2024,1000 USD,11936.25,A
100,'356,India,4021,NPK fertilizers,5157,Agricultural Use,2006,2006,t,461510.0,A
100,'356,India,4021,NPK fertilizers,5157,Agricultural Use,2007,2007,t,490200.0,A
100,'356,India,4021,NPK fertilizers,5157,Agricultural Use,2008,2008,t,502810.0,A
100,'356,India,4021,NPK fertilizers,5157,Agricultural Use,2009,2009,t,484570.0,A
100,'356,India,4021,NPK fertilizers,5157,Agricultural Use,2010,2010,t,532300.0,A
100,'356,India,4021,NPK fertilizers,5157,Agricultural Use,2011,2011,t,500270.0,A
100,'356,India,4021,NPK fertilizers,5157,Agricultural Use,2012,2012,t,3113120.0,A
100,'356,India,4021,NPK fertilizers,5157,Agricultural Use,2013,2013,t,3203120.0,A
100,'356,India,4021,NPK fertilizers,5157,Agricultural Use,2014,2014,t,3847510.0,A
100,'356,India,4021,NPK fertilizers,5157,Agricultural Use,2015,2015,t,4261240.0,A
100,'356,India,4021,NPK fertilizers,5157,Agricultural Use,2016,2016,t,4010500.0,A
100,'356,India,4021,NPK fertilizers,5157,Agricultural Use,2017,2017,t,4229800.0,A
100,'356,India,4021,NPK fertilizers,5157,Agricultural Use,2018,2018,t,4406200.0,A
100,'356,India,4021,NPK fertilizers,5157,Agricultural Use,2019,2019,t,4635700.0,A
100,'356,India,4021,NPK fertilizers,5157,Agricultural Use,2020,2020,t,5402000.0,P
100,'356,India,4021,NPK fertilizers,5157,Agricultural Use,2021,2021,t,5287080.0,A
100,'356,India,4021,NPK fertilizers,5157,Agricultural Use,2022,2022,t,3840350.0,A
100,'356,India,4021,NPK fertilizers,5157,Agricultural Use,2023,2023,t,4558200.0,A
100,'356,India,4021,NPK fertilizers,5157,Agricultural Use,2024,2024,t,5660300.0,A
100,'356,India,4008,"Other nitrogenous fertilizers, n.e.c.",5510,Production,2020,2020,t,17700.0,A
100,'356,India,4008,"Other nitrogenous fertilizers, n.e.c.",5510,Production,2021,2021,t,37400.0,A
100,'356,India,4008,"Other nitrogenous fertilizers, n.e.c.",5510,Production,2022,2022,t,55400.0,A
100,'356,India,4008,"Other nitrogenous fertilizers, n.e.c.",5510,Production,2023,2023,t,59500.0,A
100,'356,India,4008,"Other nitrogenous fertilizers, n.e.c.",5510,Production,2024,2024,t,80700.0,A
100,'356,India,4008,"Other nitrogenous fertilizers, n.e.c.",5610,Import quantity,2002,2002,t,62686.45,A
100,'356,India,4008,"Other nitrogenous fertilizers, n.e.c.",5610,Import quantity,2003,2003,t,21647.84,X
100,'356,India,4008,"Other nitrogenous fertilizers, n.e.c.",5610,Import quantity,2004,2004,t,12377.27,A
100,'356,India,4008,"Other nitrogenous fertilizers, n.e.c.",5610,Import quantity,2005,2005,t,28804.52,A
100,'356,India,4008,"Other nitrogenous fertilizers, n.e.c.",5610,Import quantity,2006,2006,t,17626.0,A
100,'356,India,4008,"Other nitrogenous fertilizers, n.e.c.",5610,Import quantity,2007,2007,t,25992.94,A
100,'356,India,4008,"Other nitrogenous fertilizers, n.e.c.",5610,Import quantity,2008,2008,t,45442.35,A
100,'356,India,4008,"Other nitrogenous fertilizers, n.e.c.",5610,Import quantity,2009,2009,t,54337.96,A
100,'356,India,4008,"Other nitrogenous fertilizers, n.e.c.",5610,Import quantity,2010,2010,t,52786.08,A
100,'356,India,4008,"Other nitrogenous fertilizers, n.e.c.",5610,Import quantity,2011,2011,t,60371.74,A
100,'356,India,4008,"Other nitrogenous fertilizers, n.e.c.",5610,Import quantity,2012,2012,t,66058.89,A
100,'356,India,4008,"Other nitrogenous fertilizers, n.e.c.",5610,Import quantity,2013,2013,t,68795.52,A
100,'356,India,4008,"Other nitrogenous fertilizers, n.e.c.",5610,Import quantity,2014,2014,t,92784.32,A
100,'356,India,4008,"Other nitrogenous fertilizers, n.e.c.",5610,Import quantity,2015,2015,t,102185.94,X
100,'356,India,4008,"Other nitrogenous fertilizers, n.e.c.",5610,Import quantity,2016,2016,t,106090.08,X
100,'356,India,4008,"Other nitrogenous fertilizers, n.e.c.",5610,Import quantity,2017,2017,t,123899.8,X
100,'356,India,4008,"Other nitrogenous fertilizers, n.e.c.",5610,Import quantity,2018,2018,t,157761.38,X
100,'356,India,4008,"Other nitrogenous fertilizers, n.e.c.",5610,Import quantity,2019,2019,t,165089.05,X
100,'356,India,4008,"Other nitrogenous fertilizers, n.e.c.",5610,Import quantity,2020,2020,t,161707.7,X
100,'356,India,4008,"Other nitrogenous fertilizers, n.e.c.",5610,Import quantity,2021,2021,t,198046.72,X
100,'356,India,4008,"Other nitrogenous fertilizers, n.e.c.",5610,Import quantity,2022,2022,t,116813.41,X
100,'356,India,4008,"Other nitrogenous fertilizers, n.e.c.",5610,Import quantity,2023,2023,t,202944.0,X
100,'356,India,4008,"Other nitrogenous fertilizers, n.e.c.",5610,Import quantity,2024,2024,t,215473.09,X
100,'356,India,4008,"Other nitrogenous fertilizers, n.e.c.",5622,Import value,2002,2002,1000 USD,9044.42,A
100,'356,India,4008,"Other nitrogenous fertilizers, n.e.c.",5622,Import value,2003,2003,1000 USD,5499.9,A
100,'356,India,4008,"Other nitrogenous fertilizers, n.e.c.",5622,Import value,2004,2004,1000 USD,3200.81,A
100,'356,India,4008,"Other nitrogenous fertilizers, n.e.c.",5622,Import value,2005,2005,1000 USD,7135.49,A
100,'356,India,4008,"Other nitrogenous fertilizers, n.e.c.",5622,Import value,2006,2006,1000 USD,5762.81,A
100,'356,India,4008,"Other nitrogenous fertilizers, n.e.c.",5622,Import value,2007,2007,1000 USD,8760.65,A
100,'356,India,4008,"Other nitrogenous fertilizers, n.e.c.",5622,Import value,2008,2008,1000 USD,20464.39,A
100,'356,India,4008,"Other nitrogenous fertilizers, n.e.c.",5622,Import value,2009,2009,1000 USD,20749.32,A
100,'356,India,4008,"Other nitrogenous fertilizers, n.e.c.",5622,Import value,2010,2010,1000 USD,19172.21,A
100,'356,India,4008,"Other nitrogenous fertilizers, n.e.c.",5622,Import value,2011,2011,1000 USD,26502.35,A
100,'356,India,4008,"Other nitrogenous fertilizers, n.e.c.",5622,Import value,2012,2012,1000 USD,30927.22,A
100,'356,India,4008,"Other nitrogenous fertilizers, n.e.c.",5622,Import value,2013,2013,1000 USD,27814.75,A
100,'356,India,4008,"Other nitrogenous fertilizers, n.e.c.",5622,Import value,2014,2014,1000 USD,35317.36,A
100,'356,India,4008,"Other nitrogenous fertilizers, n.e.c.",5622,Import value,2015,2015,1000 USD,38381.08,A
100,'356,India,4008,"Other nitrogenous fertilizers, n.e.c.",5622,Import value,2016,2016,1000 USD,29927.88,A
100,'356,India,4008,"Other nitrogenous fertilizers, n.e.c.",5622,Import value,2017,2017,1000 USD,38989.38,A
100,'356,India,4008,"Other nitrogenous fertilizers, n.e.c.",5622,Import value,2018,2018,1000 USD,52021.51,A
100,'356,India,4008,"Other nitrogenous fertilizers, n.e.c.",5622,Import value,2019,2019,1000 USD,48633.76,A
100,'356,India,4008,"Other nitrogenous fertilizers, n.e.c.",5622,Import value,2020,2020,1000 USD,45528.45,A
100,'356,India,4008,"Other nitrogenous fertilizers, n.e.c.",5622,Import value,2021,2021,1000 USD,75781.16,A
100,'356,India,4008,"Other nitrogenous fertilizers, n.e.c.",5622,Import value,2022,2022,1000 USD,74203.81,A
100,'356,India,4008,"Other nitrogenous fertilizers, n.e.c.",5622,Import value,2023,2023,1000 USD,94683.96,A
100,'356,India,4008,"Other nitrogenous fertilizers, n.e.c.",5622,Import value,2024,2024,1000 USD,67874.24,A
100,'356,India,4008,"Other nitrogenous fertilizers, n.e.c.",5910,Export quantity,2002,2002,t,6256.36,A
100,'356,India,4008,"Other nitrogenous fertilizers, n.e.c.",5910,Export quantity,2003,2003,t,11340.09,X
100,'356,India,4008,"Other nitrogenous fertilizers, n.e.c.",5910,Export quantity,2004,2004,t,22997.99,A
100,'356,India,4008,"Other nitrogenous fertilizers, n.e.c.",5910,Export quantity,2005,2005,t,18597.35,A
100,'356,India,4008,"Other nitrogenous fertilizers, n.e.c.",5910,Export quantity,2006,2006,t,7482.25,A
100,'356,India,4008,"Other nitrogenous fertilizers, n.e.c.",5910,Export quantity,2007,2007,t,8894.64,A
100,'356,India,4008,"Other nitrogenous fertilizers, n.e.c.",5910,Export quantity,2008,2008,t,16260.23,A
100,'356,India,4008,"Other nitrogenous fertilizers, n.e.c.",5910,Export quantity,2009,2009,t,15372.48,A
100,'356,India,4008,"Other nitrogenous fertilizers, n.e.c.",5910,Export quantity,2010,2010,t,16487.38,X
100,'356,India,4008,"Other nitrogenous fertilizers, n.e.c.",5910,Export quantity,2011,2011,t,47984.36,X
100,'356,India,4008,"Other nitrogenous fertilizers, n.e.c.",5910,Export quantity,2012,2012,t,59610.58,A
100,'356,India,4008,"Other nitrogenous fertilizers, n.e.c.",5910,Export quantity,2013,2013,t,26921.31,A
100,'356,India,4008,"Other nitrogenous fertilizers, n.e.c.",5910,Export quantity,2014,2014,t,22905.33,X
100,'356,India,4008,"Other nitrogenous fertilizers, n.e.c.",5910,Export quantity,2015,2015,t,23119.9,X
100,'356,India,4008,"Other nitrogenous fertilizers, n.e.c.",5910,Export quantity,2016,2016,t,30120.55,X
100,'356,India,4008,"Other nitrogenous fertilizers, n.e.c.",5910,Export quantity,2017,2017,t,44344.67,X
100,'356,India,4008,"Other nitrogenous fertilizers, n.e.c.",5910,Export quantity,2018,2018,t,63685.85,X
100,'356,India,4008,"Other nitrogenous fertilizers, n.e.c.",5910,Export quantity,2019,2019,t,59403.64,X
100,'356,India,4008,"Other nitrogenous fertilizers, n.e.c.",5910,Export quantity,2020,2020,t,41472.68,X
100,'356,India,4008,"Other nitrogenous fertilizers, n.e.c.",5910,Export quantity,2021,2021,t,48941.33,X
100,'356,India,4008,"Other nitrogenous fertilizers, n.e.c.",5910,Export quantity,2022,2022,t,41695.1,X
100,'356,India,4008,"Other nitrogenous fertilizers, n.e.c.",5910,Export quantity,2023,2023,t,47245.7,X
100,'356,India,4008,"Other nitrogenous fertilizers, n.e.c.",5910,Export quantity,2024,2024,t,41554.26,X
100,'356,India,4008,"Other nitrogenous fertilizers, n.e.c.",5922,Export value,2002,2002,1000 USD,1705.45,A
100,'356,India,4008,"Other nitrogenous fertilizers, n.e.c.",5922,Export value,2003,2003,1000 USD,3313.67,A
100,'356,India,4008,"Other nitrogenous fertilizers, n.e.c.",5922,Export value,2004,2004,1000 USD,3758.52,A
100,'356,India,4008,"Other nitrogenous fertilizers, n.e.c.",5922,Export value,2005,2005,1000 USD,4312.26,A
100,'356,India,4008,"Other nitrogenous fertilizers, n.e.c.",5922,Export value,2006,2006,1000 USD,2176.92,A
100,'356,India,4008,"Other nitrogenous fertilizers, n.e.c.",5922,Export value,2007,2007,1000 USD,6842.01,A
100,'356,India,4008,"Other nitrogenous fertilizers, n.e.c.",5922,Export value,2008,2008,1000 USD,8465.49,A
100,'356,India,4008,"Other nitrogenous fertilizers, n.e.c.",5922,Export value,2009,2009,1000 USD,7079.01,A
100,'356,India,4008,"Other nitrogenous fertilizers, n.e.c.",5922,Export value,2010,2010,1000 USD,11030.47,A
100,'356,India,4008,"Other nitrogenous fertilizers, n.e.c.",5922,Export value,2011,2011,1000 USD,12759.34,A
100,'356,India,4008,"Other nitrogenous fertilizers, n.e.c.",5922,Export value,2012,2012,1000 USD,17014.74,A
100,'356,India,4008,"Other nitrogenous fertilizers, n.e.c.",5922,Export value,2013,2013,1000 USD,12552.92,A
100,'356,India,4008,"Other nitrogenous fertilizers, n.e.c.",5922,Export value,2014,2014,1000 USD,10687.41,A
100,'356,India,4008,"Other nitrogenous fertilizers, n.e.c.",5922,Export value,2015,2015,1000 USD,10545.09,A
100,'356,India,4008,"Other nitrogenous fertilizers, n.e.c.",5922,Export value,2016,2016,1000 USD,10743.59,A
100,'356,India,4008,"Other nitrogenous fertilizers, n.e.c.",5922,Export value,2017,2017,1000 USD,14030.62,A
100,'356,India,4008,"Other nitrogenous fertilizers, n.e.c.",5922,Export value,2018,2018,1000 USD,19488.23,A
100,'356,India,4008,"Other nitrogenous fertilizers, n.e.c.",5922,Export value,2019,2019,1000 USD,18587.33,A
100,'356,India,4008,"Other nitrogenous fertilizers, n.e.c.",5922,Export value,2020,2020,1000 USD,15815.33,A
100,'356,India,4008,"Other nitrogenous fertilizers, n.e.c.",5922,Export value,2021,2021,1000 USD,20329.92,A
100,'356,India,4008,"Other nitrogenous fertilizers, n.e.c.",5922,Export value,2022,2022,1000 USD,28646.61,A
100,'356,India,4008,"Other nitrogenous fertilizers, n.e.c.",5922,Export value,2023,2023,1000 USD,32260.68,A
100,'356,India,4008,"Other nitrogenous fertilizers, n.e.c.",5922,Export value,2024,2024,1000 USD,23685.72,A
100,'356,India,4008,"Other nitrogenous fertilizers, n.e.c.",5157,Agricultural Use,2020,2020,t,10850.0,A
100,'356,India,4008,"Other nitrogenous fertilizers, n.e.c.",5157,Agricultural Use,2021,2021,t,30520.0,A
100,'356,India,4008,"Other nitrogenous fertilizers, n.e.c.",5157,Agricultural Use,2022,2022,t,62110.0,A
100,'356,India,4008,"Other nitrogenous fertilizers, n.e.c.",5157,Agricultural Use,2023,2023,t,50010.0,A
100,'356,India,4008,"Other nitrogenous fertilizers, n.e.c.",5157,Agricultural Use,2024,2024,t,66700.0,A
100,'356,India,4024,Other NP compounds,5510,Production,2013,2013,t,3465800.0,A
100,'356,India,4024,Other NP compounds,5510,Production,2014,2014,t,3578000.0,A
100,'356,India,4024,Other NP compounds,5510,Production,2015,2015,t,4238100.0,A
100,'356,India,4024,Other NP compounds,5510,Production,2016,2016,t,4039400.0,A
100,'356,India,4024,Other NP compounds,5510,Production,2017,2017,t,4392800.0,A
100,'356,India,4024,Other NP compounds,5510,Production,2018,2018,t,4705200.0,A
100,'356,India,4024,Other NP compounds,5510,Production,2019,2019,t,4968600.0,A
100,'356,India,4024,Other NP compounds,5510,Production,2020,2020,t,5044100.0,P
100,'356,India,4024,Other NP compounds,5510,Production,2021,2021,t,4926600.0,A
100,'356,India,4024,Other NP compounds,5510,Production,2022,2022,t,6198100.0,A
100,'356,India,4024,Other NP compounds,5510,Production,2023,2023,t,6244700.0,A
100,'356,India,4024,Other NP compounds,5510,Production,2024,2024,t,7675300.0,A
100,'356,India,4024,Other NP compounds,5610,Import quantity,2002,2002,t,975.39,A
100,'356,India,4024,Other NP compounds,5610,Import quantity,2003,2003,t,742.75,A
100,'356,India,4024,Other NP compounds,5610,Import quantity,2004,2004,t,1112.5,A
100,'356,India,4024,Other NP compounds,5610,Import quantity,2005,2005,t,2437.23,A
100,'356,India,4024,Other NP compounds,5610,Import quantity,2006,2006,t,824.26,A
100,'356,India,4024,Other NP compounds,5610,Import quantity,2007,2007,t,2387.49,A
100,'356,India,4024,Other NP compounds,5610,Import quantity,2008,2008,t,8858.92,A
100,'356,India,4024,Other NP compounds,5610,Import quantity,2009,2009,t,1273.64,A
100,'356,India,4024,Other NP compounds,5610,Import quantity,2010,2010,t,235478.07,A
100,'356,India,4024,Other NP compounds,5610,Import quantity,2011,2011,t,2629739.96,A
100,'356,India,4024,Other NP compounds,5610,Import quantity,2012,2012,t,333441.17,A
100,'356,India,4024,Other NP compounds,5610,Import quantity,2013,2013,t,259634.54,A
100,'356,India,4024,Other NP compounds,5610,Import quantity,2014,2014,t,264163.31,A
100,'356,India,4024,Other NP compounds,5610,Import quantity,2015,2015,t,289119.26,A
100,'356,India,4024,Other NP compounds,5610,Import quantity,2016,2016,t,273164.56,A
100,'356,India,4024,Other NP compounds,5610,Import quantity,2017,2017,t,236511.9,A
100,'356,India,4024,Other NP compounds,5610,Import quantity,2018,2018,t,100881.68,A
100,'356,India,4024,Other NP compounds,5610,Import quantity,2019,2019,t,388674.76,A
100,'356,India,4024,Other NP compounds,5610,Import quantity,2020,2020,t,856359.78,A
100,'356,India,4024,Other NP compounds,5610,Import quantity,2021,2021,t,480320.84,A
100,'356,India,4024,Other NP compounds,5610,Import quantity,2022,2022,t,984555.9,A
100,'356,India,4024,Other NP compounds,5610,Import quantity,2023,2023,t,1002449.9,A
100,'356,India,4024,Other NP compounds,5610,Import quantity,2024,2024,t,438155.36,X
100,'356,India,4024,Other NP compounds,5622,Import value,2002,2002,1000 USD,560.77,A
100,'356,India,4024,Other NP compounds,5622,Import value,2003,2003,1000 USD,427.14,A
100,'356,India,4024,Other NP compounds,5622,Import value,2004,2004,1000 USD,552.45,A
100,'356,India,4024,Other NP compounds,5622,Import value,2005,2005,1000 USD,1037.93,A
100,'356,India,4024,Other NP compounds,5622,Import value,2006,2006,1000 USD,516.92,A
100,'356,India,4024,Other NP compounds,5622,Import value,2007,2007,1000 USD,1445.78,A
100,'356,India,4024,Other NP compounds,5622,Import value,2008,2008,1000 USD,8568.15,A
100,'356,India,4024,Other NP compounds,5622,Import value,2009,2009,1000 USD,1130.84,A
100,'356,India,4024,Other NP compounds,5622,Import value,2010,2010,1000 USD,81677.64,A
100,'356,India,4024,Other NP compounds,5622,Import value,2011,2011,1000 USD,1216744.82,A
100,'356,India,4024,Other NP compounds,5622,Import value,2012,2012,1000 USD,139283.68,A
100,'356,India,4024,Other NP compounds,5622,Import value,2013,2013,1000 USD,99721.08,A
100,'356,India,4024,Other NP compounds,5622,Import value,2014,2014,1000 USD,89352.5,A
100,'356,India,4024,Other NP compounds,5622,Import value,2015,2015,1000 USD,101458.93,A
100,'356,India,4024,Other NP compounds,5622,Import value,2016,2016,1000 USD,73796.27,A
100,'356,India,4024,Other NP compounds,5622,Import value,2017,2017,1000 USD,73001.28,A
100,'356,India,4024,Other NP compounds,5622,Import value,2018,2018,1000 USD,32372.64,A
100,'356,India,4024,Other NP compounds,5622,Import value,2019,2019,1000 USD,119858.41,A
100,'356,India,4024,Other NP compounds,5622,Import value,2020,2020,1000 USD,233736.75,A
100,'356,India,4024,Other NP compounds,5622,Import value,2021,2021,1000 USD,189772.21,A
100,'356,India,4024,Other NP compounds,5622,Import value,2022,2022,1000 USD,674071.53,A
100,'356,India,4024,Other NP compounds,5622,Import value,2023,2023,1000 USD,427262.41,A
100,'356,India,4024,Other NP compounds,5622,Import value,2024,2024,1000 USD,161558.1,A
100,'356,India,4024,Other NP compounds,5910,Export quantity,2002,2002,t,246.62,A
100,'356,India,4024,Other NP compounds,5910,Export quantity,2003,2003,t,360.65,A
100,'356,India,4024,Other NP compounds,5910,Export quantity,2004,2004,t,59.72,A
100,'356,India,4024,Other NP compounds,5910,Export quantity,2005,2005,t,531.11,A
100,'356,India,4024,Other NP compounds,5910,Export quantity,2006,2006,t,57.0,A
100,'356,India,4024,Other NP compounds,5910,Export quantity,2007,2007,t,382.6,A
100,'356,India,4024,Other NP compounds,5910,Export quantity,2008,2008,t,73.85,A
100,'356,India,4024,Other NP compounds,5910,Export quantity,2009,2009,t,149.93,A
100,'356,India,4024,Other NP compounds,5910,Export quantity,2010,2010,t,29.86,X
100,'356,India,4024,Other NP compounds,5910,Export quantity,2011,2011,t,41.7,A
100,'356,India,4024,Other NP compounds,5910,Export quantity,2012,2012,t,13.28,A
100,'356,India,4024,Other NP compounds,5910,Export quantity,2013,2013,t,14.71,A
100,'356,India,4024,Other NP compounds,5910,Export quantity,2014,2014,t,9.46,A
100,'356,India,4024,Other NP compounds,5910,Export quantity,2015,2015,t,14199.44,A
100,'356,India,4024,Other NP compounds,5910,Export quantity,2016,2016,t,4009.0,A
100,'356,India,4024,Other NP compounds,5910,Export quantity,2017,2017,t,7130.55,X
100,'356,India,4024,Other NP compounds,5910,Export quantity,2018,2018,t,26135.02,A
100,'356,India,4024,Other NP compounds,5910,Export quantity,2019,2019,t,14749.23,X
100,'356,India,4024,Other NP compounds,5910,Export quantity,2020,2020,t,2625.16,A
100,'356,India,4024,Other NP compounds,5910,Export quantity,2021,2021,t,50.98,A
100,'356,India,4024,Other NP compounds,5910,Export quantity,2022,2022,t,316.29,A
100,'356,India,4024,Other NP compounds,5910,Export quantity,2023,2023,t,8.53,A
100,'356,India,4024,Other NP compounds,5910,Export quantity,2024,2024,t,27.23,A
100,'356,India,4024,Other NP compounds,5922,Export value,2002,2002,1000 USD,74.17,A
100,'356,India,4024,Other NP compounds,5922,Export value,2003,2003,1000 USD,48.65,A
100,'356,India,4024,Other NP compounds,5922,Export value,2004,2004,1000 USD,71.65,A
100,'356,India,4024,Other NP compounds,5922,Export value,2005,2005,1000 USD,159.87,A
100,'356,India,4024,Other NP compounds,5922,Export value,2006,2006,1000 USD,30.31,A
100,'356,India,4024,Other NP compounds,5922,Export value,2007,2007,1000 USD,416.68,A
100,'356,India,4024,Other NP compounds,5922,Export value,2008,2008,1000 USD,51.01,A
100,'356,India,4024,Other NP compounds,5922,Export value,2009,2009,1000 USD,115.41,A
100,'356,India,4024,Other NP compounds,5922,Export value,2010,2010,1000 USD,31.72,A
100,'356,India,4024,Other NP compounds,5922,Export value,2011,2011,1000 USD,244.88,A
100,'356,India,4024,Other NP compounds,5922,Export value,2012,2012,1000 USD,63.07,A
100,'356,India,4024,Other NP compounds,5922,Export value,2013,2013,1000 USD,77.28,A
100,'356,India,4024,Other NP compounds,5922,Export value,2014,2014,1000 USD,20.45,A
100,'356,India,4024,Other NP compounds,5922,Export value,2015,2015,1000 USD,2851.57,A
100,'356,India,4024,Other NP compounds,5922,Export value,2016,2016,1000 USD,1887.37,A
100,'356,India,4024,Other NP compounds,5922,Export value,2017,2017,1000 USD,827.23,A
100,'356,India,4024,Other NP compounds,5922,Export value,2018,2018,1000 USD,3953.63,A
100,'356,India,4024,Other NP compounds,5922,Export value,2019,2019,1000 USD,2714.19,A
100,'356,India,4024,Other NP compounds,5922,Export value,2020,2020,1000 USD,778.32,A
100,'356,India,4024,Other NP compounds,5922,Export value,2021,2021,1000 USD,67.77,A
100,'356,India,4024,Other NP compounds,5922,Export value,2022,2022,1000 USD,307.51,A
100,'356,India,4024,Other NP compounds,5922,Export value,2023,2023,1000 USD,43.22,A
100,'356,India,4024,Other NP compounds,5922,Export value,2024,2024,1000 USD,106.53,A
100,'356,India,4024,Other NP compounds,5157,Agricultural Use,2006,2006,t,2210110.0,A
100,'356,India,4024,Other NP compounds,5157,Agricultural Use,2007,2007,t,1723370.0,A
100,'356,India,4024,Other NP compounds,5157,Agricultural Use,2008,2008,t,2492750.0,A
100,'356,India,4024,Other NP compounds,5157,Agricultural Use,2009,2009,t,3466520.0,A
100,'356,India,4024,Other NP compounds,5157,Agricultural Use,2010,2010,t,3576430.0,A
100,'356,India,4024,Other NP compounds,5157,Agricultural Use,2011,2011,t,5416950.0,A
100,'356,India,4024,Other NP compounds,5157,Agricultural Use,2012,2012,t,4414060.0,A
100,'356,India,4024,Other NP compounds,5157,Agricultural Use,2013,2013,t,4060400.0,A
100,'356,India,4024,Other NP compounds,5157,Agricultural Use,2014,2014,t,4430000.0,A
100,'356,India,4024,Other NP compounds,5157,Agricultural Use,2015,2015,t,4559810.0,A
100,'356,India,4024,Other NP compounds,5157,Agricultural Use,2016,2016,t,4403900.0,A
100,'356,India,4024,Other NP compounds,5157,Agricultural Use,2017,2017,t,4366600.0,A
100,'356,India,4024,Other NP compounds,5157,Agricultural Use,2018,2018,t,4622100.0,A
100,'356,India,4024,Other NP compounds,5157,Agricultural Use,2019,2019,t,5221400.0,A
100,'356,India,4024,Other NP compounds,5157,Agricultural Use,2020,2020,t,6408900.0,P
100,'356,India,4024,Other NP compounds,5157,Agricultural Use,2021,2021,t,6191810.0,A
100,'356,India,4024,Other NP compounds,5157,Agricultural Use,2022,2022,t,6233180.0,A
100,'356,India,4024,Other NP compounds,5157,Agricultural Use,2023,2023,t,6514800.0,A
100,'356,India,4024,Other NP compounds,5157,Agricultural Use,2024,2024,t,8553900.0,A
100,'356,India,4014,"Other phosphatic fertilizers, n.e.c.",5510,Production,2020,2020,t,4916000.0,A
100,'356,India,4014,"Other phosphatic fertilizers, n.e.c.",5510,Production,2021,2021,t,5351200.0,A
100,'356,India,4014,"Other phosphatic fertilizers, n.e.c.",5510,Production,2022,2022,t,5646200.0,A
100,'356,India,4014,"Other phosphatic fertilizers, n.e.c.",5510,Production,2023,2023,t,4433800.0,A
100,'356,India,4014,"Other phosphatic fertilizers, n.e.c.",5510,Production,2024,2024,t,5183000.0,A
100,'356,India,4014,"Other phosphatic fertilizers, n.e.c.",5610,Import quantity,2002,2002,t,5.4,A
100,'356,India,4014,"Other phosphatic fertilizers, n.e.c.",5610,Import quantity,2003,2003,t,27999.0,A
100,'356,India,4014,"Other phosphatic fertilizers, n.e.c.",5610,Import quantity,2004,2004,t,2.99,A
100,'356,India,4014,"Other phosphatic fertilizers, n.e.c.",5610,Import quantity,2005,2005,t,72.38,A
100,'356,India,4014,"Other phosphatic fertilizers, n.e.c.",5610,Import quantity,2006,2006,t,0.1,A
100,'356,India,4014,"Other phosphatic fertilizers, n.e.c.",5610,Import quantity,2007,2007,t,138.0,A
100,'356,India,4014,"Other phosphatic fertilizers, n.e.c.",5610,Import quantity,2008,2008,t,19584.4,A
100,'356,India,4014,"Other phosphatic fertilizers, n.e.c.",5610,Import quantity,2009,2009,t,569.94,A
100,'356,India,4014,"Other phosphatic fertilizers, n.e.c.",5610,Import quantity,2010,2010,t,34569.0,A
100,'356,India,4014,"Other phosphatic fertilizers, n.e.c.",5610,Import quantity,2011,2011,t,1252.2,A
100,'356,India,4014,"Other phosphatic fertilizers, n.e.c.",5610,Import quantity,2012,2012,t,57.46,A
100,'356,India,4014,"Other phosphatic fertilizers, n.e.c.",5610,Import quantity,2013,2013,t,20.69,A
100,'356,India,4014,"Other phosphatic fertilizers, n.e.c.",5610,Import quantity,2014,2014,t,107.32,A
100,'356,India,4014,"Other phosphatic fertilizers, n.e.c.",5610,Import quantity,2015,2015,t,144.72,A
100,'356,India,4014,"Other phosphatic fertilizers, n.e.c.",5610,Import quantity,2016,2016,t,12.0,A
100,'356,India,4014,"Other phosphatic fertilizers, n.e.c.",5610,Import quantity,2017,2017,t,56.53,A
100,'356,India,4014,"Other phosphatic fertilizers, n.e.c.",5610,Import quantity,2018,2018,t,2493.25,A
100,'356,India,4014,"Other phosphatic fertilizers, n.e.c.",5610,Import quantity,2019,2019,t,16.0,A
100,'356,India,4014,"Other phosphatic fertilizers, n.e.c.",5610,Import quantity,2021,2021,t,0.09,A
100,'356,India,4014,"Other phosphatic fertilizers, n.e.c.",5610,Import quantity,2023,2023,t,94.61,X
100,'356,India,4014,"Other phosphatic fertilizers, n.e.c.",5622,Import value,2002,2002,1000 USD,1.75,A
100,'356,India,4014,"Other phosphatic fertilizers, n.e.c.",5622,Import value,2003,2003,1000 USD,3257.73,A
100,'356,India,4014,"Other phosphatic fertilizers, n.e.c.",5622,Import value,2004,2004,1000 USD,20.07,A
100,'356,India,4014,"Other phosphatic fertilizers, n.e.c.",5622,Import value,2005,2005,1000 USD,65.85,A
100,'356,India,4014,"Other phosphatic fertilizers, n.e.c.",5622,Import value,2006,2006,1000 USD,0.51,A
100,'356,India,4014,"Other phosphatic fertilizers, n.e.c.",5622,Import value,2007,2007,1000 USD,14.87,A
100,'356,India,4014,"Other phosphatic fertilizers, n.e.c.",5622,Import value,2008,2008,1000 USD,12370.89,A
100,'356,India,4014,"Other phosphatic fertilizers, n.e.c.",5622,Import value,2009,2009,1000 USD,552.43,A
100,'356,India,4014,"Other phosphatic fertilizers, n.e.c.",5622,Import value,2010,2010,1000 USD,15621.48,A
100,'356,India,4014,"Other phosphatic fertilizers, n.e.c.",5622,Import value,2011,2011,1000 USD,510.33,A
100,'356,India,4014,"Other phosphatic fertilizers, n.e.c.",5622,Import value,2012,2012,1000 USD,94.73,A
100,'356,India,4014,"Other phosphatic fertilizers, n.e.c.",5622,Import value,2013,2013,1000 USD,33.74,A
100,'356,India,4014,"Other phosphatic fertilizers, n.e.c.",5622,Import value,2014,2014,1000 USD,103.2,A
100,'356,India,4014,"Other phosphatic fertilizers, n.e.c.",5622,Import value,2015,2015,1000 USD,137.42,A
100,'356,India,4014,"Other phosphatic fertilizers, n.e.c.",5622,Import value,2016,2016,1000 USD,17.39,A
100,'356,India,4014,"Other phosphatic fertilizers, n.e.c.",5622,Import value,2017,2017,1000 USD,96.29,A
100,'356,India,4014,"Other phosphatic fertilizers, n.e.c.",5622,Import value,2018,2018,1000 USD,1339.07,A
100,'356,India,4014,"Other phosphatic fertilizers, n.e.c.",5622,Import value,2019,2019,1000 USD,32.76,A
100,'356,India,4014,"Other phosphatic fertilizers, n.e.c.",5622,Import value,2021,2021,1000 USD,0.54,A
100,'356,India,4014,"Other phosphatic fertilizers, n.e.c.",5622,Import value,2023,2023,1000 USD,45.64,A
100,'356,India,4014,"Other phosphatic fertilizers, n.e.c.",5910,Export quantity,2002,2002,t,975.0,A
100,'356,India,4014,"Other phosphatic fertilizers, n.e.c.",5910,Export quantity,2003,2003,t,300.65,A
100,'356,India,4014,"Other phosphatic fertilizers, n.e.c.",5910,Export quantity,2004,2004,t,3452.8,A
100,'356,India,4014,"Other phosphatic fertilizers, n.e.c.",5910,Export quantity,2005,2005,t,426.8,A
100,'356,India,4014,"Other phosphatic fertilizers, n.e.c.",5910,Export quantity,2006,2006,t,4.86,A
100,'356,India,4014,"Other phosphatic fertilizers, n.e.c.",5910,Export quantity,2007,2007,t,398.64,A
100,'356,India,4014,"Other phosphatic fertilizers, n.e.c.",5910,Export quantity,2008,2008,t,259.18,A
100,'356,India,4014,"Other phosphatic fertilizers, n.e.c.",5910,Export quantity,2009,2009,t,55.33,A
100,'356,India,4014,"Other phosphatic fertilizers, n.e.c.",5910,Export quantity,2010,2010,t,37.72,X
100,'356,India,4014,"Other phosphatic fertilizers, n.e.c.",5910,Export quantity,2011,2011,t,1.51,A
100,'356,India,4014,"Other phosphatic fertilizers, n.e.c.",5910,Export quantity,2012,2012,t,3.28,A
100,'356,India,4014,"Other phosphatic fertilizers, n.e.c.",5910,Export quantity,2014,2014,t,4.51,A
100,'356,India,4014,"Other phosphatic fertilizers, n.e.c.",5910,Export quantity,2015,2015,t,3.36,A
100,'356,India,4014,"Other phosphatic fertilizers, n.e.c.",5910,Export quantity,2016,2016,t,8135.36,A
100,'356,India,4014,"Other phosphatic fertilizers, n.e.c.",5910,Export quantity,2017,2017,t,13549.0,A
100,'356,India,4014,"Other phosphatic fertilizers, n.e.c.",5910,Export quantity,2018,2018,t,6598.43,X
100,'356,India,4014,"Other phosphatic fertilizers, n.e.c.",5910,Export quantity,2019,2019,t,78.75,A
100,'356,India,4014,"Other phosphatic fertilizers, n.e.c.",5910,Export quantity,2020,2020,t,25.0,A
100,'356,India,4014,"Other phosphatic fertilizers, n.e.c.",5910,Export quantity,2021,2021,t,47.95,A
100,'356,India,4014,"Other phosphatic fertilizers, n.e.c.",5910,Export quantity,2024,2024,t,57.85,X
100,'356,India,4014,"Other phosphatic fertilizers, n.e.c.",5922,Export value,2002,2002,1000 USD,720.68,A
100,'356,India,4014,"Other phosphatic fertilizers, n.e.c.",5922,Export value,2003,2003,1000 USD,247.18,A
100,'356,India,4014,"Other phosphatic fertilizers, n.e.c.",5922,Export value,2004,2004,1000 USD,690.87,A
100,'356,India,4014,"Other phosphatic fertilizers, n.e.c.",5922,Export value,2005,2005,1000 USD,587.57,A
100,'356,India,4014,"Other phosphatic fertilizers, n.e.c.",5922,Export value,2006,2006,1000 USD,2.9,A
100,'356,India,4014,"Other phosphatic fertilizers, n.e.c.",5922,Export value,2007,2007,1000 USD,120.35,A
100,'356,India,4014,"Other phosphatic fertilizers, n.e.c.",5922,Export value,2008,2008,1000 USD,14.48,A
100,'356,India,4014,"Other phosphatic fertilizers, n.e.c.",5922,Export value,2009,2009,1000 USD,6575.19,A
100,'356,India,4014,"Other phosphatic fertilizers, n.e.c.",5922,Export value,2010,2010,1000 USD,21.33,A
100,'356,India,4014,"Other phosphatic fertilizers, n.e.c.",5922,Export value,2011,2011,1000 USD,12.1,A
100,'356,India,4014,"Other phosphatic fertilizers, n.e.c.",5922,Export value,2012,2012,1000 USD,31.26,A
100,'356,India,4014,"Other phosphatic fertilizers, n.e.c.",5922,Export value,2014,2014,1000 USD,423.64,A
100,'356,India,4014,"Other phosphatic fertilizers, n.e.c.",5922,Export value,2015,2015,1000 USD,11.78,A
100,'356,India,4014,"Other phosphatic fertilizers, n.e.c.",5922,Export value,2016,2016,1000 USD,817.04,A
100,'356,India,4014,"Other phosphatic fertilizers, n.e.c.",5922,Export value,2017,2017,1000 USD,1497.87,A
100,'356,India,4014,"Other phosphatic fertilizers, n.e.c.",5922,Export value,2018,2018,1000 USD,1141.4,A
100,'356,India,4014,"Other phosphatic fertilizers, n.e.c.",5922,Export value,2019,2019,1000 USD,19.18,A
100,'356,India,4014,"Other phosphatic fertilizers, n.e.c.",5922,Export value,2020,2020,1000 USD,2.5,A
100,'356,India,4014,"Other phosphatic fertilizers, n.e.c.",5922,Export value,2021,2021,1000 USD,28.05,A
100,'356,India,4014,"Other phosphatic fertilizers, n.e.c.",5922,Export value,2024,2024,1000 USD,40.57,A
100,'356,India,4014,"Other phosphatic fertilizers, n.e.c.",5157,Agricultural Use,2020,2020,t,4488760.0,A
100,'356,India,4014,"Other phosphatic fertilizers, n.e.c.",5157,Agricultural Use,2021,2021,t,5681390.0,A
100,'356,India,4014,"Other phosphatic fertilizers, n.e.c.",5157,Agricultural Use,2022,2022,t,5017480.0,A
100,'356,India,4014,"Other phosphatic fertilizers, n.e.c.",5157,Agricultural Use,2023,2023,t,4544120.0,A
100,'356,India,4014,"Other phosphatic fertilizers, n.e.c.",5157,Agricultural Use,2024,2024,t,4928460.0,A
100,'356,India,4018,"Other potassic fertilizers, n.e.c.",5610,Import quantity,2002,2002,t,138504.29,A
100,'356,India,4018,"Other potassic fertilizers, n.e.c.",5610,Import quantity,2003,2003,t,60638.0,A
100,'356,India,4018,"Other potassic fertilizers, n.e.c.",5610,Import quantity,2004,2004,t,68232.05,A
100,'356,India,4018,"Other potassic fertilizers, n.e.c.",5610,Import quantity,2005,2005,t,65819.83,A
100,'356,India,4018,"Other potassic fertilizers, n.e.c.",5610,Import quantity,2006,2006,t,864.41,A
100,'356,India,4018,"Other potassic fertilizers, n.e.c.",5610,Import quantity,2007,2007,t,308283.22,A
100,'356,India,4018,"Other potassic fertilizers, n.e.c.",5610,Import quantity,2008,2008,t,274951.86,A
100,'356,India,4018,"Other potassic fertilizers, n.e.c.",5610,Import quantity,2009,2009,t,649790.88,A
100,'356,India,4018,"Other potassic fertilizers, n.e.c.",5610,Import quantity,2010,2010,t,139126.97,A
100,'356,India,4018,"Other potassic fertilizers, n.e.c.",5610,Import quantity,2011,2011,t,184578.03,A
100,'356,India,4018,"Other potassic fertilizers, n.e.c.",5610,Import quantity,2012,2012,t,103470.01,A
100,'356,India,4018,"Other potassic fertilizers, n.e.c.",5610,Import quantity,2013,2013,t,180603.11,A
100,'356,India,4018,"Other potassic fertilizers, n.e.c.",5610,Import quantity,2014,2014,t,119908.03,A
100,'356,India,4018,"Other potassic fertilizers, n.e.c.",5610,Import quantity,2015,2015,t,63835.55,A
100,'356,India,4018,"Other potassic fertilizers, n.e.c.",5610,Import quantity,2016,2016,t,32017.59,X
100,'356,India,4018,"Other potassic fertilizers, n.e.c.",5610,Import quantity,2017,2017,t,55580.95,A
100,'356,India,4018,"Other potassic fertilizers, n.e.c.",5610,Import quantity,2018,2018,t,148264.61,A
100,'356,India,4018,"Other potassic fertilizers, n.e.c.",5610,Import quantity,2019,2019,t,75356.28,A
100,'356,India,4018,"Other potassic fertilizers, n.e.c.",5610,Import quantity,2020,2020,t,94806.8,A
100,'356,India,4018,"Other potassic fertilizers, n.e.c.",5610,Import quantity,2021,2021,t,33038.14,A
100,'356,India,4018,"Other potassic fertilizers, n.e.c.",5610,Import quantity,2022,2022,t,144183.75,X
100,'356,India,4018,"Other potassic fertilizers, n.e.c.",5610,Import quantity,2023,2023,t,66297.66,X
100,'356,India,4018,"Other potassic fertilizers, n.e.c.",5610,Import quantity,2024,2024,t,75089.53,A
100,'356,India,4018,"Other potassic fertilizers, n.e.c.",5622,Import value,2002,2002,1000 USD,16458.24,A
100,'356,India,4018,"Other potassic fertilizers, n.e.c.",5622,Import value,2003,2003,1000 USD,7512.35,A
100,'356,India,4018,"Other potassic fertilizers, n.e.c.",5622,Import value,2004,2004,1000 USD,12841.73,A
100,'356,India,4018,"Other potassic fertilizers, n.e.c.",5622,Import value,2005,2005,1000 USD,14280.87,A
100,'356,India,4018,"Other potassic fertilizers, n.e.c.",5622,Import value,2006,2006,1000 USD,382.53,A
100,'356,India,4018,"Other potassic fertilizers, n.e.c.",5622,Import value,2007,2007,1000 USD,80798.35,A
100,'356,India,4018,"Other potassic fertilizers, n.e.c.",5622,Import value,2008,2008,1000 USD,169384.68,A
100,'356,India,4018,"Other potassic fertilizers, n.e.c.",5622,Import value,2009,2009,1000 USD,327661.01,A
100,'356,India,4018,"Other potassic fertilizers, n.e.c.",5622,Import value,2010,2010,1000 USD,54631.86,A
100,'356,India,4018,"Other potassic fertilizers, n.e.c.",5622,Import value,2011,2011,1000 USD,95295.05,A
100,'356,India,4018,"Other potassic fertilizers, n.e.c.",5622,Import value,2012,2012,1000 USD,51187.75,A
100,'356,India,4018,"Other potassic fertilizers, n.e.c.",5622,Import value,2013,2013,1000 USD,74732.55,A
100,'356,India,4018,"Other potassic fertilizers, n.e.c.",5622,Import value,2014,2014,1000 USD,44798.88,A
100,'356,India,4018,"Other potassic fertilizers, n.e.c.",5622,Import value,2015,2015,1000 USD,22301.65,A
100,'356,India,4018,"Other potassic fertilizers, n.e.c.",5622,Import value,2016,2016,1000 USD,9910.93,A
100,'356,India,4018,"Other potassic fertilizers, n.e.c.",5622,Import value,2017,2017,1000 USD,14065.29,A
100,'356,India,4018,"Other potassic fertilizers, n.e.c.",5622,Import value,2018,2018,1000 USD,37387.77,A
100,'356,India,4018,"Other potassic fertilizers, n.e.c.",5622,Import value,2019,2019,1000 USD,22933.85,A
100,'356,India,4018,"Other potassic fertilizers, n.e.c.",5622,Import value,2020,2020,1000 USD,23400.87,A
100,'356,India,4018,"Other potassic fertilizers, n.e.c.",5622,Import value,2021,2021,1000 USD,7181.75,A
100,'356,India,4018,"Other potassic fertilizers, n.e.c.",5622,Import value,2022,2022,1000 USD,41596.46,A
100,'356,India,4018,"Other potassic fertilizers, n.e.c.",5622,Import value,2023,2023,1000 USD,18493.56,A
100,'356,India,4018,"Other potassic fertilizers, n.e.c.",5622,Import value,2024,2024,1000 USD,19761.27,A
100,'356,India,4018,"Other potassic fertilizers, n.e.c.",5910,Export quantity,2002,2002,t,33.35,A
100,'356,India,4018,"Other potassic fertilizers, n.e.c.",5910,Export quantity,2003,2003,t,3116.07,A
100,'356,India,4018,"Other potassic fertilizers, n.e.c.",5910,Export quantity,2004,2004,t,4107.76,A
100,'356,India,4018,"Other potassic fertilizers, n.e.c.",5910,Export quantity,2005,2005,t,172.44,A
100,'356,India,4018,"Other potassic fertilizers, n.e.c.",5910,Export quantity,2006,2006,t,11281.65,A
100,'356,India,4018,"Other potassic fertilizers, n.e.c.",5910,Export quantity,2007,2007,t,2343.18,A
100,'356,India,4018,"Other potassic fertilizers, n.e.c.",5910,Export quantity,2008,2008,t,2470.49,A
100,'356,India,4018,"Other potassic fertilizers, n.e.c.",5910,Export quantity,2009,2009,t,25327.78,A
100,'356,India,4018,"Other potassic fertilizers, n.e.c.",5910,Export quantity,2010,2010,t,69.81,X
100,'356,India,4018,"Other potassic fertilizers, n.e.c.",5910,Export quantity,2011,2011,t,81.57,A
100,'356,India,4018,"Other potassic fertilizers, n.e.c.",5910,Export quantity,2012,2012,t,37.32,A
100,'356,India,4018,"Other potassic fertilizers, n.e.c.",5910,Export quantity,2013,2013,t,56.3,A
100,'356,India,4018,"Other potassic fertilizers, n.e.c.",5910,Export quantity,2014,2014,t,50.25,A
100,'356,India,4018,"Other potassic fertilizers, n.e.c.",5910,Export quantity,2015,2015,t,272.48,A
100,'356,India,4018,"Other potassic fertilizers, n.e.c.",5910,Export quantity,2016,2016,t,5.37,A
100,'356,India,4018,"Other potassic fertilizers, n.e.c.",5910,Export quantity,2017,2017,t,428.81,X
100,'356,India,4018,"Other potassic fertilizers, n.e.c.",5910,Export quantity,2018,2018,t,28.7,X
100,'356,India,4018,"Other potassic fertilizers, n.e.c.",5910,Export quantity,2019,2019,t,396.37,X
100,'356,India,4018,"Other potassic fertilizers, n.e.c.",5910,Export quantity,2020,2020,t,171.03,A
100,'356,India,4018,"Other potassic fertilizers, n.e.c.",5910,Export quantity,2021,2021,t,92.18,X
100,'356,India,4018,"Other potassic fertilizers, n.e.c.",5910,Export quantity,2022,2022,t,3242.1,X
100,'356,India,4018,"Other potassic fertilizers, n.e.c.",5910,Export quantity,2023,2023,t,505.69,X
100,'356,India,4018,"Other potassic fertilizers, n.e.c.",5910,Export quantity,2024,2024,t,240.21,X
100,'356,India,4018,"Other potassic fertilizers, n.e.c.",5922,Export value,2002,2002,1000 USD,188.84,A
100,'356,India,4018,"Other potassic fertilizers, n.e.c.",5922,Export value,2003,2003,1000 USD,726.84,A
100,'356,India,4018,"Other potassic fertilizers, n.e.c.",5922,Export value,2004,2004,1000 USD,1243.86,A
100,'356,India,4018,"Other potassic fertilizers, n.e.c.",5922,Export value,2005,2005,1000 USD,197.54,A
100,'356,India,4018,"Other potassic fertilizers, n.e.c.",5922,Export value,2006,2006,1000 USD,2558.51,A
100,'356,India,4018,"Other potassic fertilizers, n.e.c.",5922,Export value,2007,2007,1000 USD,550.47,A
100,'356,India,4018,"Other potassic fertilizers, n.e.c.",5922,Export value,2008,2008,1000 USD,1415.08,A
100,'356,India,4018,"Other potassic fertilizers, n.e.c.",5922,Export value,2009,2009,1000 USD,15253.03,A
100,'356,India,4018,"Other potassic fertilizers, n.e.c.",5922,Export value,2010,2010,1000 USD,55.04,A
100,'356,India,4018,"Other potassic fertilizers, n.e.c.",5922,Export value,2011,2011,1000 USD,232.0,A
100,'356,India,4018,"Other potassic fertilizers, n.e.c.",5922,Export value,2012,2012,1000 USD,201.66,A
100,'356,India,4018,"Other potassic fertilizers, n.e.c.",5922,Export value,2013,2013,1000 USD,56.67,A
100,'356,India,4018,"Other potassic fertilizers, n.e.c.",5922,Export value,2014,2014,1000 USD,37.41,A
100,'356,India,4018,"Other potassic fertilizers, n.e.c.",5922,Export value,2015,2015,1000 USD,223.57,A
100,'356,India,4018,"Other potassic fertilizers, n.e.c.",5922,Export value,2016,2016,1000 USD,22.22,A
100,'356,India,4018,"Other potassic fertilizers, n.e.c.",5922,Export value,2017,2017,1000 USD,157.68,A
100,'356,India,4018,"Other potassic fertilizers, n.e.c.",5922,Export value,2018,2018,1000 USD,26.05,A
100,'356,India,4018,"Other potassic fertilizers, n.e.c.",5922,Export value,2019,2019,1000 USD,175.76,A
100,'356,India,4018,"Other potassic fertilizers, n.e.c.",5922,Export value,2020,2020,1000 USD,115.02,A
100,'356,India,4018,"Other potassic fertilizers, n.e.c.",5922,Export value,2021,2021,1000 USD,47.7,A
100,'356,India,4018,"Other potassic fertilizers, n.e.c.",5922,Export value,2022,2022,1000 USD,1543.86,A
100,'356,India,4018,"Other potassic fertilizers, n.e.c.",5922,Export value,2023,2023,1000 USD,345.77,A
100,'356,India,4018,"Other potassic fertilizers, n.e.c.",5922,Export value,2024,2024,1000 USD,373.43,A
100,'356,India,4018,"Other potassic fertilizers, n.e.c.",5157,Agricultural Use,2020,2020,t,0.0,A
100,'356,India,4018,"Other potassic fertilizers, n.e.c.",5157,Agricultural Use,2021,2021,t,0.0,A
100,'356,India,4018,"Other potassic fertilizers, n.e.c.",5157,Agricultural Use,2022,2022,t,0.0,A
100,'356,India,4018,"Other potassic fertilizers, n.e.c.",5157,Agricultural Use,2023,2023,t,0.0,A
100,'356,India,4018,"Other potassic fertilizers, n.e.c.",5157,Agricultural Use,2024,2024,t,0.0,A
100,'356,India,4011,Phosphate rock,5510,Production,2002,2002,t,60100.0,A
100,'356,India,4011,Phosphate rock,5510,Production,2003,2003,t,26000.0,A
100,'356,India,4011,Phosphate rock,5510,Production,2004,2004,t,37600.0,A
100,'356,India,4011,Phosphate rock,5510,Production,2005,2005,t,59000.0,A
100,'356,India,4011,Phosphate rock,5510,Production,2006,2006,t,45000.0,A
100,'356,India,4011,Phosphate rock,5510,Production,2007,2007,t,83000.0,A
100,'356,India,4011,Phosphate rock,5510,Production,2013,2013,t,1213500.0,A
100,'356,India,4011,Phosphate rock,5510,Production,2014,2014,t,1496600.0,A
100,'356,India,4011,Phosphate rock,5510,Production,2015,2015,t,1355900.0,A
100,'356,India,4011,Phosphate rock,5510,Production,2016,2016,t,860300.0,P
100,'356,India,4011,Phosphate rock,5510,Production,2017,2017,t,40000.0,A
100,'356,India,4011,Phosphate rock,5510,Production,2018,2018,t,46000.0,A
100,'356,India,4011,Phosphate rock,5510,Production,2019,2019,t,26000.0,A
100,'356,India,4011,Phosphate rock,5510,Production,2020,2020,t,43000.0,A
100,'356,India,4011,Phosphate rock,5510,Production,2021,2021,t,114000.0,A
100,'356,India,4011,Phosphate rock,5510,Production,2022,2022,t,55000.0,A
100,'356,India,4011,Phosphate rock,5510,Production,2023,2023,t,64000.0,A
100,'356,India,4011,Phosphate rock,5510,Production,2024,2024,t,45000.0,A
100,'356,India,4011,Phosphate rock,5610,Import quantity,2002,2002,t,3745658.66,A
100,'356,India,4011,Phosphate rock,5610,Import quantity,2003,2003,t,2633527.23,X
100,'356,India,4011,Phosphate rock,5610,Import quantity,2004,2004,t,3183428.19,A
100,'356,India,4011,Phosphate rock,5610,Import quantity,2005,2005,t,4902724.15,A
100,'356,India,4011,Phosphate rock,5610,Import quantity,2006,2006,t,4825164.08,A
100,'356,India,4011,Phosphate rock,5610,Import quantity,2007,2007,t,5061925.85,A
100,'356,India,4011,Phosphate rock,5610,Import quantity,2008,2008,t,4881158.07,A
100,'356,India,4011,Phosphate rock,5610,Import quantity,2009,2009,t,4981853.75,A
100,'356,India,4011,Phosphate rock,5610,Import quantity,2010,2010,t,5564840.61,A
100,'356,India,4011,Phosphate rock,5610,Import quantity,2011,2011,t,7942480.69,A
100,'356,India,4011,Phosphate rock,5610,Import quantity,2012,2012,t,10298331.57,A
100,'356,India,4011,Phosphate rock,5610,Import quantity,2013,2013,t,7184107.29,A
100,'356,India,4011,Phosphate rock,5610,Import quantity,2014,2014,t,8195746.19,A
100,'356,India,4011,Phosphate rock,5610,Import quantity,2015,2015,t,8298338.22,A
100,'356,India,4011,Phosphate rock,5610,Import quantity,2016,2016,t,7500199.87,A
100,'356,India,4011,Phosphate rock,5610,Import quantity,2017,2017,t,7482893.93,A
100,'356,India,4011,Phosphate rock,5610,Import quantity,2018,2018,t,7417343.83,A
100,'356,India,4011,Phosphate rock,5610,Import quantity,2019,2019,t,7387890.41,X
100,'356,India,4011,Phosphate rock,5610,Import quantity,2020,2020,t,8101523.96,X
100,'356,India,4011,Phosphate rock,5610,Import quantity,2021,2021,t,9103837.18,X
100,'356,India,4011,Phosphate rock,5610,Import quantity,2022,2022,t,9220257.52,A
100,'356,India,4011,Phosphate rock,5610,Import quantity,2023,2023,t,9396544.84,X
100,'356,India,4011,Phosphate rock,5610,Import quantity,2024,2024,t,11124470.92,A
100,'356,India,4011,Phosphate rock,5622,Import value,2002,2002,1000 USD,176849.0,A
100,'356,India,4011,Phosphate rock,5622,Import value,2003,2003,1000 USD,146803.66,A
100,'356,India,4011,Phosphate rock,5622,Import value,2004,2004,1000 USD,210668.08,A
100,'356,India,4011,Phosphate rock,5622,Import value,2005,2005,1000 USD,340414.21,A
100,'356,India,4011,Phosphate rock,5622,Import value,2006,2006,1000 USD,336426.11,A
100,'356,India,4011,Phosphate rock,5622,Import value,2007,2007,1000 USD,422283.99,A
100,'356,India,4011,Phosphate rock,5622,Import value,2008,2008,1000 USD,979606.46,A
100,'356,India,4011,Phosphate rock,5622,Import value,2009,2009,1000 USD,690897.05,A
100,'356,India,4011,Phosphate rock,5622,Import value,2010,2010,1000 USD,704875.27,A
100,'356,India,4011,Phosphate rock,5622,Import value,2011,2011,1000 USD,1296769.04,A
100,'356,India,4011,Phosphate rock,5622,Import value,2012,2012,1000 USD,1807329.27,A
100,'356,India,4011,Phosphate rock,5622,Import value,2013,2013,1000 USD,986001.9,A
100,'356,India,4011,Phosphate rock,5622,Import value,2014,2014,1000 USD,984444.04,A
100,'356,India,4011,Phosphate rock,5622,Import value,2015,2015,1000 USD,1047879.13,A
100,'356,India,4011,Phosphate rock,5622,Import value,2016,2016,1000 USD,784851.16,A
100,'356,India,4011,Phosphate rock,5622,Import value,2017,2017,1000 USD,682309.15,A
100,'356,India,4011,Phosphate rock,5622,Import value,2018,2018,1000 USD,759413.85,A
100,'356,India,4011,Phosphate rock,5622,Import value,2019,2019,1000 USD,769325.33,A
100,'356,India,4011,Phosphate rock,5622,Import value,2020,2020,1000 USD,738616.19,A
100,'356,India,4011,Phosphate rock,5622,Import value,2021,2021,1000 USD,1199502.57,A
100,'356,India,4011,Phosphate rock,5622,Import value,2022,2022,1000 USD,1871154.31,A
100,'356,India,4011,Phosphate rock,5622,Import value,2023,2023,1000 USD,1643076.42,A
100,'356,India,4011,Phosphate rock,5622,Import value,2024,2024,1000 USD,1791237.37,A
100,'356,India,4011,Phosphate rock,5910,Export quantity,2002,2002,t,972.02,X
100,'356,India,4011,Phosphate rock,5910,Export quantity,2003,2003,t,576.32,X
100,'356,India,4011,Phosphate rock,5910,Export quantity,2004,2004,t,1528.65,A
100,'356,India,4011,Phosphate rock,5910,Export quantity,2005,2005,t,738.16,A
100,'356,India,4011,Phosphate rock,5910,Export quantity,2006,2006,t,1328.29,A
100,'356,India,4011,Phosphate rock,5910,Export quantity,2007,2007,t,1320.71,X
100,'356,India,4011,Phosphate rock,5910,Export quantity,2008,2008,t,7340.35,A
100,'356,India,4011,Phosphate rock,5910,Export quantity,2009,2009,t,802.95,A
100,'356,India,4011,Phosphate rock,5910,Export quantity,2010,2010,t,493.18,X
100,'356,India,4011,Phosphate rock,5910,Export quantity,2011,2011,t,252.04,X
100,'356,India,4011,Phosphate rock,5910,Export quantity,2012,2012,t,20721.83,A
100,'356,India,4011,Phosphate rock,5910,Export quantity,2013,2013,t,2097.82,A
100,'356,India,4011,Phosphate rock,5910,Export quantity,2014,2014,t,515.17,X
100,'356,India,4011,Phosphate rock,5910,Export quantity,2015,2015,t,12949.14,A
100,'356,India,4011,Phosphate rock,5910,Export quantity,2016,2016,t,6654.69,A
100,'356,India,4011,Phosphate rock,5910,Export quantity,2017,2017,t,567.82,X
100,'356,India,4011,Phosphate rock,5910,Export quantity,2018,2018,t,1828.15,X
100,'356,India,4011,Phosphate rock,5910,Export quantity,2019,2019,t,169.67,A
100,'356,India,4011,Phosphate rock,5910,Export quantity,2020,2020,t,828.19,A
100,'356,India,4011,Phosphate rock,5910,Export quantity,2021,2021,t,480.02,X
100,'356,India,4011,Phosphate rock,5910,Export quantity,2022,2022,t,719.49,X
100,'356,India,4011,Phosphate rock,5910,Export quantity,2023,2023,t,520.65,A
100,'356,India,4011,Phosphate rock,5910,Export quantity,2024,2024,t,776.56,A
100,'356,India,4011,Phosphate rock,5922,Export value,2002,2002,1000 USD,284.28,A
100,'356,India,4011,Phosphate rock,5922,Export value,2003,2003,1000 USD,228.53,A
100,'356,India,4011,Phosphate rock,5922,Export value,2004,2004,1000 USD,339.83,A
100,'356,India,4011,Phosphate rock,5922,Export value,2005,2005,1000 USD,247.18,A
100,'356,India,4011,Phosphate rock,5922,Export value,2006,2006,1000 USD,308.47,A
100,'356,India,4011,Phosphate rock,5922,Export value,2007,2007,1000 USD,214.91,A
100,'356,India,4011,Phosphate rock,5922,Export value,2008,2008,1000 USD,799.13,A
100,'356,India,4011,Phosphate rock,5922,Export value,2009,2009,1000 USD,176.45,A
100,'356,India,4011,Phosphate rock,5922,Export value,2010,2010,1000 USD,44.58,A
100,'356,India,4011,Phosphate rock,5922,Export value,2011,2011,1000 USD,122.09,A
100,'356,India,4011,Phosphate rock,5922,Export value,2012,2012,1000 USD,408.17,A
100,'356,India,4011,Phosphate rock,5922,Export value,2013,2013,1000 USD,185.9,A
100,'356,India,4011,Phosphate rock,5922,Export value,2014,2014,1000 USD,60.75,A
100,'356,India,4011,Phosphate rock,5922,Export value,2015,2015,1000 USD,1024.92,A
100,'356,India,4011,Phosphate rock,5922,Export value,2016,2016,1000 USD,148.16,A
100,'356,India,4011,Phosphate rock,5922,Export value,2017,2017,1000 USD,36.27,A
100,'356,India,4011,Phosphate rock,5922,Export value,2018,2018,1000 USD,686.33,A
100,'356,India,4011,Phosphate rock,5922,Export value,2019,2019,1000 USD,10.47,A
100,'356,India,4011,Phosphate rock,5922,Export value,2020,2020,1000 USD,80.95,A
100,'356,India,4011,Phosphate rock,5922,Export value,2021,2021,1000 USD,143.11,A
100,'356,India,4011,Phosphate rock,5922,Export value,2022,2022,1000 USD,262.41,A
100,'356,India,4011,Phosphate rock,5922,Export value,2023,2023,1000 USD,37.07,A
100,'356,India,4011,Phosphate rock,5922,Export value,2024,2024,1000 USD,159.23,A
100,'356,India,4011,Phosphate rock,5157,Agricultural Use,2002,2002,t,77790.0,A
100,'356,India,4011,Phosphate rock,5157,Agricultural Use,2003,2003,t,74820.0,A
100,'356,India,4011,Phosphate rock,5157,Agricultural Use,2004,2004,t,62650.0,A
100,'356,India,4011,Phosphate rock,5157,Agricultural Use,2005,2005,t,60370.0,A
100,'356,India,4011,Phosphate rock,5157,Agricultural Use,2006,2006,t,42980.0,A
100,'356,India,4011,Phosphate rock,5157,Agricultural Use,2012,2012,t,12380.0,A
100,'356,India,4011,Phosphate rock,5157,Agricultural Use,2013,2013,t,16390.0,A
100,'356,India,4011,Phosphate rock,5157,Agricultural Use,2014,2014,t,31750.0,A
100,'356,India,4011,Phosphate rock,5157,Agricultural Use,2015,2015,t,16720.0,A
100,'356,India,4011,Phosphate rock,5157,Agricultural Use,2016,2016,t,36200.0,A
100,'356,India,4011,Phosphate rock,5157,Agricultural Use,2017,2017,t,31000.0,A
100,'356,India,4011,Phosphate rock,5157,Agricultural Use,2018,2018,t,27300.0,A
100,'356,India,4011,Phosphate rock,5157,Agricultural Use,2019,2019,t,29700.0,A
100,'356,India,4011,Phosphate rock,5157,Agricultural Use,2020,2020,t,33100.0,P
100,'356,India,4011,Phosphate rock,5157,Agricultural Use,2021,2021,t,36090.0,A
100,'356,India,4011,Phosphate rock,5157,Agricultural Use,2022,2022,t,39150.0,A
100,'356,India,4011,Phosphate rock,5157,Agricultural Use,2023,2023,t,13150.0,A
100,'356,India,4011,Phosphate rock,5157,Agricultural Use,2024,2024,t,15370.0,A
100,'356,India,4027,PK compounds,5610,Import quantity,2002,2002,t,124.6,A
100,'356,India,4027,PK compounds,5610,Import quantity,2003,2003,t,344.11,A
100,'356,India,4027,PK compounds,5610,Import quantity,2004,2004,t,628.0,A
100,'356,India,4027,PK compounds,5610,Import quantity,2005,2005,t,1390.5,A
100,'356,India,4027,PK compounds,5610,Import quantity,2006,2006,t,1760.44,A
100,'356,India,4027,PK compounds,5610,Import quantity,2007,2007,t,1555.4,A
100,'356,India,4027,PK compounds,5610,Import quantity,2008,2008,t,1247.25,A
100,'356,India,4027,PK compounds,5610,Import quantity,2009,2009,t,1348.24,A
100,'356,India,4027,PK compounds,5610,Import quantity,2010,2010,t,3603.94,A
100,'356,India,4027,PK compounds,5610,Import quantity,2011,2011,t,6064.35,A
100,'356,India,4027,PK compounds,5610,Import quantity,2012,2012,t,9072.03,A
100,'356,India,4027,PK compounds,5610,Import quantity,2013,2013,t,12568.1,A
100,'356,India,4027,PK compounds,5610,Import quantity,2014,2014,t,18692.41,A
100,'356,India,4027,PK compounds,5610,Import quantity,2015,2015,t,18941.16,A
100,'356,India,4027,PK compounds,5610,Import quantity,2016,2016,t,26616.7,A
100,'356,India,4027,PK compounds,5610,Import quantity,2017,2017,t,24618.73,A
100,'356,India,4027,PK compounds,5610,Import quantity,2018,2018,t,31261.4,A
100,'356,India,4027,PK compounds,5610,Import quantity,2019,2019,t,26944.63,A
100,'356,India,4027,PK compounds,5610,Import quantity,2020,2020,t,43348.75,A
100,'356,India,4027,PK compounds,5610,Import quantity,2021,2021,t,40788.35,A
100,'356,India,4027,PK compounds,5610,Import quantity,2022,2022,t,33805.63,A
100,'356,India,4027,PK compounds,5610,Import quantity,2023,2023,t,28780.21,A
100,'356,India,4027,PK compounds,5610,Import quantity,2024,2024,t,51686.84,A
100,'356,India,4027,PK compounds,5622,Import value,2002,2002,1000 USD,74.45,A
100,'356,India,4027,PK compounds,5622,Import value,2003,2003,1000 USD,225.75,A
100,'356,India,4027,PK compounds,5622,Import value,2004,2004,1000 USD,447.14,A
100,'356,India,4027,PK compounds,5622,Import value,2005,2005,1000 USD,1140.56,A
100,'356,India,4027,PK compounds,5622,Import value,2006,2006,1000 USD,1360.8,A
100,'356,India,4027,PK compounds,5622,Import value,2007,2007,1000 USD,1235.85,A
100,'356,India,4027,PK compounds,5622,Import value,2008,2008,1000 USD,1778.26,A
100,'356,India,4027,PK compounds,5622,Import value,2009,2009,1000 USD,1421.77,A
100,'356,India,4027,PK compounds,5622,Import value,2010,2010,1000 USD,3859.64,A
100,'356,India,4027,PK compounds,5622,Import value,2011,2011,1000 USD,7823.94,A
100,'356,India,4027,PK compounds,5622,Import value,2012,2012,1000 USD,12177.84,A
100,'356,India,4027,PK compounds,5622,Import value,2013,2013,1000 USD,17025.56,A
100,'356,India,4027,PK compounds,5622,Import value,2014,2014,1000 USD,23791.77,A
100,'356,India,4027,PK compounds,5622,Import value,2015,2015,1000 USD,22298.85,A
100,'356,India,4027,PK compounds,5622,Import value,2016,2016,1000 USD,26234.94,A
100,'356,India,4027,PK compounds,5622,Import value,2017,2017,1000 USD,24544.3,A
100,'356,India,4027,PK compounds,5622,Import value,2018,2018,1000 USD,34844.48,A
100,'356,India,4027,PK compounds,5622,Import value,2019,2019,1000 USD,29771.68,A
100,'356,India,4027,PK compounds,5622,Import value,2020,2020,1000 USD,47400.16,A
100,'356,India,4027,PK compounds,5622,Import value,2021,2021,1000 USD,54775.19,A
100,'356,India,4027,PK compounds,5622,Import value,2022,2022,1000 USD,68478.75,A
100,'356,India,4027,PK compounds,5622,Import value,2023,2023,1000 USD,41796.08,A
100,'356,India,4027,PK compounds,5622,Import value,2024,2024,1000 USD,71104.06,A
100,'356,India,4027,PK compounds,5910,Export quantity,2002,2002,t,16.18,A
100,'356,India,4027,PK compounds,5910,Export quantity,2003,2003,t,15.0,A
100,'356,India,4027,PK compounds,5910,Export quantity,2005,2005,t,54.2,A
100,'356,India,4027,PK compounds,5910,Export quantity,2006,2006,t,30.0,A
100,'356,India,4027,PK compounds,5910,Export quantity,2007,2007,t,18.99,A
100,'356,India,4027,PK compounds,5910,Export quantity,2008,2008,t,4.2,A
100,'356,India,4027,PK compounds,5910,Export quantity,2010,2010,t,2.87,X
100,'356,India,4027,PK compounds,5910,Export quantity,2011,2011,t,4.5,A
100,'356,India,4027,PK compounds,5910,Export quantity,2012,2012,t,2.0,A
100,'356,India,4027,PK compounds,5910,Export quantity,2013,2013,t,5.2,A
100,'356,India,4027,PK compounds,5910,Export quantity,2017,2017,t,10.0,A
100,'356,India,4027,PK compounds,5910,Export quantity,2018,2018,t,68.53,A
100,'356,India,4027,PK compounds,5910,Export quantity,2019,2019,t,2.0,A
100,'356,India,4027,PK compounds,5910,Export quantity,2020,2020,t,0.0,X
100,'356,India,4027,PK compounds,5910,Export quantity,2021,2021,t,7.82,A
100,'356,India,4027,PK compounds,5910,Export quantity,2022,2022,t,13.76,X
100,'356,India,4027,PK compounds,5910,Export quantity,2023,2023,t,15.77,A
100,'356,India,4027,PK compounds,5910,Export quantity,2024,2024,t,207.59,A
100,'356,India,4027,PK compounds,5922,Export value,2002,2002,1000 USD,28.78,A
100,'356,India,4027,PK compounds,5922,Export value,2003,2003,1000 USD,10.28,A
100,'356,India,4027,PK compounds,5922,Export value,2005,2005,1000 USD,7.09,A
100,'356,India,4027,PK compounds,5922,Export value,2006,2006,1000 USD,9.67,A
100,'356,India,4027,PK compounds,5922,Export value,2007,2007,1000 USD,14.91,A
100,'356,India,4027,PK compounds,5922,Export value,2008,2008,1000 USD,0.82,A
100,'356,India,4027,PK compounds,5922,Export value,2010,2010,1000 USD,3.75,A
100,'356,India,4027,PK compounds,5922,Export value,2011,2011,1000 USD,3.36,A
100,'356,India,4027,PK compounds,5922,Export value,2012,2012,1000 USD,12.67,A
100,'356,India,4027,PK compounds,5922,Export value,2013,2013,1000 USD,11.5,A
100,'356,India,4027,PK compounds,5922,Export value,2017,2017,1000 USD,1.72,A
100,'356,India,4027,PK compounds,5922,Export value,2018,2018,1000 USD,95.4,A
100,'356,India,4027,PK compounds,5922,Export value,2019,2019,1000 USD,3.55,A
100,'356,India,4027,PK compounds,5922,Export value,2020,2020,1000 USD,0.01,A
100,'356,India,4027,PK compounds,5922,Export value,2021,2021,1000 USD,34.75,A
100,'356,India,4027,PK compounds,5922,Export value,2022,2022,1000 USD,78.64,A
100,'356,India,4027,PK compounds,5922,Export value,2023,2023,1000 USD,50.32,A
100,'356,India,4027,PK compounds,5922,Export value,2024,2024,1000 USD,330.55,A
100,'356,India,4016,Potassium chloride (muriate of potash) (MOP),5510,Production,2006,2006,t,0.0,I
100,'356,India,4016,Potassium chloride (muriate of potash) (MOP),5510,Production,2007,2007,t,0.0,I
100,'356,India,4016,Potassium chloride (muriate of potash) (MOP),5510,Production,2008,2008,t,0.0,I
100,'356,India,4016,Potassium chloride (muriate of potash) (MOP),5610,Import quantity,2002,2002,t,2064951.64,A
100,'356,India,4016,Potassium chloride (muriate of potash) (MOP),5610,Import quantity,2003,2003,t,2238472.08,X
100,'356,India,4016,Potassium chloride (muriate of potash) (MOP),5610,Import quantity,2004,2004,t,2279203.03,A
100,'356,India,4016,Potassium chloride (muriate of potash) (MOP),5610,Import quantity,2005,2005,t,4006096.18,A
100,'356,India,4016,Potassium chloride (muriate of potash) (MOP),5610,Import quantity,2006,2006,t,2962506.45,A
100,'356,India,4016,Potassium chloride (muriate of potash) (MOP),5610,Import quantity,2007,2007,t,2788145.47,A
100,'356,India,4016,Potassium chloride (muriate of potash) (MOP),5610,Import quantity,2008,2008,t,5014476.22,A
100,'356,India,4016,Potassium chloride (muriate of potash) (MOP),5610,Import quantity,2009,2009,t,4219908.87,A
100,'356,India,4016,Potassium chloride (muriate of potash) (MOP),5610,Import quantity,2010,2010,t,4386138.46,A
100,'356,India,4016,Potassium chloride (muriate of potash) (MOP),5610,Import quantity,2011,2011,t,2686825.09,A
100,'356,India,4016,Potassium chloride (muriate of potash) (MOP),5610,Import quantity,2012,2012,t,2333364.57,A
100,'356,India,4016,Potassium chloride (muriate of potash) (MOP),5610,Import quantity,2013,2013,t,2785039.57,A
100,'356,India,4016,Potassium chloride (muriate of potash) (MOP),5610,Import quantity,2014,2014,t,4072660.75,A
100,'356,India,4016,Potassium chloride (muriate of potash) (MOP),5610,Import quantity,2015,2015,t,3641575.66,A
100,'356,India,4016,Potassium chloride (muriate of potash) (MOP),5610,Import quantity,2016,2016,t,3753063.14,A
100,'356,India,4016,Potassium chloride (muriate of potash) (MOP),5610,Import quantity,2017,2017,t,4447397.38,X
100,'356,India,4016,Potassium chloride (muriate of potash) (MOP),5610,Import quantity,2018,2018,t,4433742.89,X
100,'356,India,4016,Potassium chloride (muriate of potash) (MOP),5610,Import quantity,2019,2019,t,4189276.87,X
100,'356,India,4016,Potassium chloride (muriate of potash) (MOP),5610,Import quantity,2020,2020,t,5082023.29,X
100,'356,India,4016,Potassium chloride (muriate of potash) (MOP),5610,Import quantity,2021,2021,t,3160199.71,X
100,'356,India,4016,Potassium chloride (muriate of potash) (MOP),5610,Import quantity,2022,2022,t,2694901.54,X
100,'356,India,4016,Potassium chloride (muriate of potash) (MOP),5610,Import quantity,2023,2023,t,3168802.51,X
100,'356,India,4016,Potassium chloride (muriate of potash) (MOP),5610,Import quantity,2024,2024,t,3733842.87,X
100,'356,India,4016,Potassium chloride (muriate of potash) (MOP),5622,Import value,2002,2002,1000 USD,255883.48,A
100,'356,India,4016,Potassium chloride (muriate of potash) (MOP),5622,Import value,2003,2003,1000 USD,278324.34,A
100,'356,India,4016,Potassium chloride (muriate of potash) (MOP),5622,Import value,2004,2004,1000 USD,393295.2,A
100,'356,India,4016,Potassium chloride (muriate of potash) (MOP),5622,Import value,2005,2005,1000 USD,853737.02,A
100,'356,India,4016,Potassium chloride (muriate of potash) (MOP),5622,Import value,2006,2006,1000 USD,664167.81,A
100,'356,India,4016,Potassium chloride (muriate of potash) (MOP),5622,Import value,2007,2007,1000 USD,683938.64,A
100,'356,India,4016,Potassium chloride (muriate of potash) (MOP),5622,Import value,2008,2008,1000 USD,2479700.77,A
100,'356,India,4016,Potassium chloride (muriate of potash) (MOP),5622,Import value,2009,2009,1000 USD,2183620.05,A
100,'356,India,4016,Potassium chloride (muriate of potash) (MOP),5622,Import value,2010,2010,1000 USD,1659933.36,A
100,'356,India,4016,Potassium chloride (muriate of potash) (MOP),5622,Import value,2011,2011,1000 USD,1205751.39,A
100,'356,India,4016,Potassium chloride (muriate of potash) (MOP),5622,Import value,2012,2012,1000 USD,1164798.34,A
100,'356,India,4016,Potassium chloride (muriate of potash) (MOP),5622,Import value,2013,2013,1000 USD,1163056.52,A
100,'356,India,4016,Potassium chloride (muriate of potash) (MOP),5622,Import value,2014,2014,1000 USD,1329787.69,A
100,'356,India,4016,Potassium chloride (muriate of potash) (MOP),5622,Import value,2015,2015,1000 USD,1186352.54,A
100,'356,India,4016,Potassium chloride (muriate of potash) (MOP),5622,Import value,2016,2016,1000 USD,983421.77,A
100,'356,India,4016,Potassium chloride (muriate of potash) (MOP),5622,Import value,2017,2017,1000 USD,1033547.44,A
100,'356,India,4016,Potassium chloride (muriate of potash) (MOP),5622,Import value,2018,2018,1000 USD,1132859.78,A
100,'356,India,4016,Potassium chloride (muriate of potash) (MOP),5622,Import value,2019,2019,1000 USD,1217180.44,A
100,'356,India,4016,Potassium chloride (muriate of potash) (MOP),5622,Import value,2020,2020,1000 USD,1259322.86,A
100,'356,India,4016,Potassium chloride (muriate of potash) (MOP),5622,Import value,2021,2021,1000 USD,892000.53,A
100,'356,India,4016,Potassium chloride (muriate of potash) (MOP),5622,Import value,2022,2022,1000 USD,1521641.6,A
100,'356,India,4016,Potassium chloride (muriate of potash) (MOP),5622,Import value,2023,2023,1000 USD,1259361.63,A
100,'356,India,4016,Potassium chloride (muriate of potash) (MOP),5622,Import value,2024,2024,1000 USD,1109478.59,A
100,'356,India,4016,Potassium chloride (muriate of potash) (MOP),5910,Export quantity,2002,2002,t,708.24,X
100,'356,India,4016,Potassium chloride (muriate of potash) (MOP),5910,Export quantity,2003,2003,t,1189.28,X
100,'356,India,4016,Potassium chloride (muriate of potash) (MOP),5910,Export quantity,2004,2004,t,6931.74,A
100,'356,India,4016,Potassium chloride (muriate of potash) (MOP),5910,Export quantity,2005,2005,t,7052.2,A
100,'356,India,4016,Potassium chloride (muriate of potash) (MOP),5910,Export quantity,2006,2006,t,5332.23,X
100,'356,India,4016,Potassium chloride (muriate of potash) (MOP),5910,Export quantity,2007,2007,t,9823.63,A
100,'356,India,4016,Potassium chloride (muriate of potash) (MOP),5910,Export quantity,2008,2008,t,51118.6,A
100,'356,India,4016,Potassium chloride (muriate of potash) (MOP),5910,Export quantity,2009,2009,t,5138.06,A
100,'356,India,4016,Potassium chloride (muriate of potash) (MOP),5910,Export quantity,2010,2010,t,12952.31,X
100,'356,India,4016,Potassium chloride (muriate of potash) (MOP),5910,Export quantity,2011,2011,t,29733.37,A
100,'356,India,4016,Potassium chloride (muriate of potash) (MOP),5910,Export quantity,2012,2012,t,6911.72,A
100,'356,India,4016,Potassium chloride (muriate of potash) (MOP),5910,Export quantity,2013,2013,t,11018.29,A
100,'356,India,4016,Potassium chloride (muriate of potash) (MOP),5910,Export quantity,2014,2014,t,4547.04,A
100,'356,India,4016,Potassium chloride (muriate of potash) (MOP),5910,Export quantity,2015,2015,t,23021.73,A
100,'356,India,4016,Potassium chloride (muriate of potash) (MOP),5910,Export quantity,2016,2016,t,1136.2,X
100,'356,India,4016,Potassium chloride (muriate of potash) (MOP),5910,Export quantity,2017,2017,t,3406.19,X
100,'356,India,4016,Potassium chloride (muriate of potash) (MOP),5910,Export quantity,2018,2018,t,8563.64,X
100,'356,India,4016,Potassium chloride (muriate of potash) (MOP),5910,Export quantity,2019,2019,t,540.16,X
100,'356,India,4016,Potassium chloride (muriate of potash) (MOP),5910,Export quantity,2020,2020,t,20959.03,X
100,'356,India,4016,Potassium chloride (muriate of potash) (MOP),5910,Export quantity,2021,2021,t,1977.55,X
100,'356,India,4016,Potassium chloride (muriate of potash) (MOP),5910,Export quantity,2022,2022,t,403.68,X
100,'356,India,4016,Potassium chloride (muriate of potash) (MOP),5910,Export quantity,2023,2023,t,8306.13,X
100,'356,India,4016,Potassium chloride (muriate of potash) (MOP),5910,Export quantity,2024,2024,t,18925.4,X
100,'356,India,4016,Potassium chloride (muriate of potash) (MOP),5922,Export value,2002,2002,1000 USD,188.95,A
100,'356,India,4016,Potassium chloride (muriate of potash) (MOP),5922,Export value,2003,2003,1000 USD,453.1,A
100,'356,India,4016,Potassium chloride (muriate of potash) (MOP),5922,Export value,2004,2004,1000 USD,1611.32,A
100,'356,India,4016,Potassium chloride (muriate of potash) (MOP),5922,Export value,2005,2005,1000 USD,1118.99,A
100,'356,India,4016,Potassium chloride (muriate of potash) (MOP),5922,Export value,2006,2006,1000 USD,927.79,A
100,'356,India,4016,Potassium chloride (muriate of potash) (MOP),5922,Export value,2007,2007,1000 USD,2582.92,A
100,'356,India,4016,Potassium chloride (muriate of potash) (MOP),5922,Export value,2008,2008,1000 USD,15327.98,A
100,'356,India,4016,Potassium chloride (muriate of potash) (MOP),5922,Export value,2009,2009,1000 USD,2045.26,A
100,'356,India,4016,Potassium chloride (muriate of potash) (MOP),5922,Export value,2010,2010,1000 USD,8661.03,A
100,'356,India,4016,Potassium chloride (muriate of potash) (MOP),5922,Export value,2011,2011,1000 USD,11682.67,A
100,'356,India,4016,Potassium chloride (muriate of potash) (MOP),5922,Export value,2012,2012,1000 USD,3805.62,A
100,'356,India,4016,Potassium chloride (muriate of potash) (MOP),5922,Export value,2013,2013,1000 USD,5550.59,A
100,'356,India,4016,Potassium chloride (muriate of potash) (MOP),5922,Export value,2014,2014,1000 USD,2252.64,A
100,'356,India,4016,Potassium chloride (muriate of potash) (MOP),5922,Export value,2015,2015,1000 USD,7856.13,A
100,'356,India,4016,Potassium chloride (muriate of potash) (MOP),5922,Export value,2016,2016,1000 USD,1022.25,A
100,'356,India,4016,Potassium chloride (muriate of potash) (MOP),5922,Export value,2017,2017,1000 USD,1248.76,A
100,'356,India,4016,Potassium chloride (muriate of potash) (MOP),5922,Export value,2018,2018,1000 USD,3313.91,A
100,'356,India,4016,Potassium chloride (muriate of potash) (MOP),5922,Export value,2019,2019,1000 USD,2233.34,A
100,'356,India,4016,Potassium chloride (muriate of potash) (MOP),5922,Export value,2020,2020,1000 USD,6731.44,A
100,'356,India,4016,Potassium chloride (muriate of potash) (MOP),5922,Export value,2021,2021,1000 USD,847.21,A
100,'356,India,4016,Potassium chloride (muriate of potash) (MOP),5922,Export value,2022,2022,1000 USD,426.22,A
100,'356,India,4016,Potassium chloride (muriate of potash) (MOP),5922,Export value,2023,2023,1000 USD,5009.84,A
100,'356,India,4016,Potassium chloride (muriate of potash) (MOP),5922,Export value,2024,2024,1000 USD,8155.02,A
100,'356,India,4016,Potassium chloride (muriate of potash) (MOP),5157,Agricultural Use,2004,2004,t,2406200.0,A
100,'356,India,4016,Potassium chloride (muriate of potash) (MOP),5157,Agricultural Use,2005,2005,t,2731260.0,A
100,'356,India,4016,Potassium chloride (muriate of potash) (MOP),5157,Agricultural Use,2006,2006,t,2585610.0,A
100,'356,India,4016,Potassium chloride (muriate of potash) (MOP),5157,Agricultural Use,2007,2007,t,2880690.0,A
100,'356,India,4016,Potassium chloride (muriate of potash) (MOP),5157,Agricultural Use,2008,2008,t,4077330.0,A
100,'356,India,4016,Potassium chloride (muriate of potash) (MOP),5157,Agricultural Use,2009,2009,t,4634060.0,A
100,'356,India,4016,Potassium chloride (muriate of potash) (MOP),5157,Agricultural Use,2010,2010,t,3931620.0,A
100,'356,India,4016,Potassium chloride (muriate of potash) (MOP),5157,Agricultural Use,2011,2011,t,3028930.0,A
100,'356,India,4016,Potassium chloride (muriate of potash) (MOP),5157,Agricultural Use,2012,2012,t,2211020.0,A
100,'356,India,4016,Potassium chloride (muriate of potash) (MOP),5157,Agricultural Use,2013,2013,t,2280410.0,A
100,'356,India,4016,Potassium chloride (muriate of potash) (MOP),5157,Agricultural Use,2014,2014,t,2853350.0,A
100,'356,India,4016,Potassium chloride (muriate of potash) (MOP),5157,Agricultural Use,2015,2015,t,2466930.0,A
100,'356,India,4016,Potassium chloride (muriate of potash) (MOP),5157,Agricultural Use,2016,2016,t,2863200.0,A
100,'356,India,4016,Potassium chloride (muriate of potash) (MOP),5157,Agricultural Use,2017,2017,t,3158200.0,A
100,'356,India,4016,Potassium chloride (muriate of potash) (MOP),5157,Agricultural Use,2018,2018,t,2956600.0,A
100,'356,India,4016,Potassium chloride (muriate of potash) (MOP),5157,Agricultural Use,2019,2019,t,2787500.0,A
100,'356,India,4016,Potassium chloride (muriate of potash) (MOP),5157,Agricultural Use,2020,2020,t,3424900.0,P
100,'356,India,4016,Potassium chloride (muriate of potash) (MOP),5157,Agricultural Use,2021,2021,t,2456460.0,A
100,'356,India,4016,Potassium chloride (muriate of potash) (MOP),5157,Agricultural Use,2022,2022,t,1631520.0,A
100,'356,India,4016,Potassium chloride (muriate of potash) (MOP),5157,Agricultural Use,2023,2023,t,1644760.0,A
100,'356,India,4016,Potassium chloride (muriate of potash) (MOP),5157,Agricultural Use,2024,2024,t,2202250.0,A
100,'356,India,4025,Potassium nitrate,5510,Production,2020,2020,t,5059600.0,A
100,'356,India,4025,Potassium nitrate,5510,Production,2021,2021,t,4926600.0,A
100,'356,India,4025,Potassium nitrate,5510,Production,2022,2022,t,6198100.0,A
100,'356,India,4025,Potassium nitrate,5510,Production,2023,2023,t,6244700.0,A
100,'356,India,4025,Potassium nitrate,5510,Production,2024,2024,t,7675300.0,A
100,'356,India,4025,Potassium nitrate,5610,Import quantity,2002,2002,t,928.76,A
100,'356,India,4025,Potassium nitrate,5610,Import quantity,2003,2003,t,2471.02,A
100,'356,India,4025,Potassium nitrate,5610,Import quantity,2004,2004,t,2810.03,A
100,'356,India,4025,Potassium nitrate,5610,Import quantity,2005,2005,t,2710.05,A
100,'356,India,4025,Potassium nitrate,5610,Import quantity,2006,2006,t,4028.61,A
100,'356,India,4025,Potassium nitrate,5610,Import quantity,2007,2007,t,2851.16,A
100,'356,India,4025,Potassium nitrate,5610,Import quantity,2008,2008,t,3061.96,A
100,'356,India,4025,Potassium nitrate,5610,Import quantity,2009,2009,t,207.78,A
100,'356,India,4025,Potassium nitrate,5610,Import quantity,2010,2010,t,481.76,A
100,'356,India,4025,Potassium nitrate,5610,Import quantity,2011,2011,t,363.2,A
100,'356,India,4025,Potassium nitrate,5610,Import quantity,2012,2012,t,111.66,A
100,'356,India,4025,Potassium nitrate,5610,Import quantity,2013,2013,t,65.47,A
100,'356,India,4025,Potassium nitrate,5610,Import quantity,2014,2014,t,158.2,A
100,'356,India,4025,Potassium nitrate,5610,Import quantity,2015,2015,t,286.32,X
100,'356,India,4025,Potassium nitrate,5610,Import quantity,2016,2016,t,190.88,X
100,'356,India,4025,Potassium nitrate,5610,Import quantity,2017,2017,t,265.77,X
100,'356,India,4025,Potassium nitrate,5610,Import quantity,2018,2018,t,99.55,X
100,'356,India,4025,Potassium nitrate,5610,Import quantity,2019,2019,t,195.25,X
100,'356,India,4025,Potassium nitrate,5610,Import quantity,2020,2020,t,96.13,X
100,'356,India,4025,Potassium nitrate,5610,Import quantity,2021,2021,t,103.82,X
100,'356,India,4025,Potassium nitrate,5610,Import quantity,2022,2022,t,371.86,X
100,'356,India,4025,Potassium nitrate,5610,Import quantity,2023,2023,t,1300.37,X
100,'356,India,4025,Potassium nitrate,5610,Import quantity,2024,2024,t,1595.18,X
100,'356,India,4025,Potassium nitrate,5622,Import value,2002,2002,1000 USD,375.02,A
100,'356,India,4025,Potassium nitrate,5622,Import value,2003,2003,1000 USD,915.04,A
100,'356,India,4025,Potassium nitrate,5622,Import value,2004,2004,1000 USD,1158.5,A
100,'356,India,4025,Potassium nitrate,5622,Import value,2005,2005,1000 USD,1348.51,A
100,'356,India,4025,Potassium nitrate,5622,Import value,2006,2006,1000 USD,2017.96,A
100,'356,India,4025,Potassium nitrate,5622,Import value,2007,2007,1000 USD,1738.0,A
100,'356,India,4025,Potassium nitrate,5622,Import value,2008,2008,1000 USD,2722.34,A
100,'356,India,4025,Potassium nitrate,5622,Import value,2009,2009,1000 USD,297.41,A
100,'356,India,4025,Potassium nitrate,5622,Import value,2010,2010,1000 USD,618.28,A
100,'356,India,4025,Potassium nitrate,5622,Import value,2011,2011,1000 USD,486.45,A
100,'356,India,4025,Potassium nitrate,5622,Import value,2012,2012,1000 USD,620.6,A
100,'356,India,4025,Potassium nitrate,5622,Import value,2013,2013,1000 USD,165.88,A
100,'356,India,4025,Potassium nitrate,5622,Import value,2014,2014,1000 USD,361.46,A
100,'356,India,4025,Potassium nitrate,5622,Import value,2015,2015,1000 USD,462.41,A
100,'356,India,4025,Potassium nitrate,5622,Import value,2016,2016,1000 USD,284.95,A
100,'356,India,4025,Potassium nitrate,5622,Import value,2017,2017,1000 USD,335.0,A
100,'356,India,4025,Potassium nitrate,5622,Import value,2018,2018,1000 USD,162.17,A
100,'356,India,4025,Potassium nitrate,5622,Import value,2019,2019,1000 USD,430.7,A
100,'356,India,4025,Potassium nitrate,5622,Import value,2020,2020,1000 USD,175.39,A
100,'356,India,4025,Potassium nitrate,5622,Import value,2021,2021,1000 USD,170.56,A
100,'356,India,4025,Potassium nitrate,5622,Import value,2022,2022,1000 USD,553.83,A
100,'356,India,4025,Potassium nitrate,5622,Import value,2023,2023,1000 USD,1504.07,A
100,'356,India,4025,Potassium nitrate,5622,Import value,2024,2024,1000 USD,1830.19,A
100,'356,India,4025,Potassium nitrate,5910,Export quantity,2002,2002,t,522.04,A
100,'356,India,4025,Potassium nitrate,5910,Export quantity,2003,2003,t,85.96,A
100,'356,India,4025,Potassium nitrate,5910,Export quantity,2004,2004,t,57.78,A
100,'356,India,4025,Potassium nitrate,5910,Export quantity,2005,2005,t,131.16,A
100,'356,India,4025,Potassium nitrate,5910,Export quantity,2006,2006,t,126.1,A
100,'356,India,4025,Potassium nitrate,5910,Export quantity,2007,2007,t,126.28,A
100,'356,India,4025,Potassium nitrate,5910,Export quantity,2008,2008,t,440.64,A
100,'356,India,4025,Potassium nitrate,5910,Export quantity,2009,2009,t,2323.75,A
100,'356,India,4025,Potassium nitrate,5910,Export quantity,2010,2010,t,1824.05,X
100,'356,India,4025,Potassium nitrate,5910,Export quantity,2011,2011,t,1763.49,A
100,'356,India,4025,Potassium nitrate,5910,Export quantity,2012,2012,t,1081.91,A
100,'356,India,4025,Potassium nitrate,5910,Export quantity,2013,2013,t,1362.07,A
100,'356,India,4025,Potassium nitrate,5910,Export quantity,2014,2014,t,1246.4,A
100,'356,India,4025,Potassium nitrate,5910,Export quantity,2015,2015,t,1063.13,X
100,'356,India,4025,Potassium nitrate,5910,Export quantity,2016,2016,t,1130.37,X
100,'356,India,4025,Potassium nitrate,5910,Export quantity,2017,2017,t,885.84,X
100,'356,India,4025,Potassium nitrate,5910,Export quantity,2018,2018,t,821.48,X
100,'356,India,4025,Potassium nitrate,5910,Export quantity,2019,2019,t,1008.14,X
100,'356,India,4025,Potassium nitrate,5910,Export quantity,2020,2020,t,830.8,X
100,'356,India,4025,Potassium nitrate,5910,Export quantity,2021,2021,t,917.36,X
100,'356,India,4025,Potassium nitrate,5910,Export quantity,2022,2022,t,924.68,X
100,'356,India,4025,Potassium nitrate,5910,Export quantity,2023,2023,t,1382.56,X
100,'356,India,4025,Potassium nitrate,5910,Export quantity,2024,2024,t,1849.19,A
100,'356,India,4025,Potassium nitrate,5922,Export value,2002,2002,1000 USD,338.94,A
100,'356,India,4025,Potassium nitrate,5922,Export value,2003,2003,1000 USD,118.52,A
100,'356,India,4025,Potassium nitrate,5922,Export value,2004,2004,1000 USD,102.19,A
100,'356,India,4025,Potassium nitrate,5922,Export value,2005,2005,1000 USD,213.91,A
100,'356,India,4025,Potassium nitrate,5922,Export value,2006,2006,1000 USD,353.09,A
100,'356,India,4025,Potassium nitrate,5922,Export value,2007,2007,1000 USD,228.72,A
100,'356,India,4025,Potassium nitrate,5922,Export value,2008,2008,1000 USD,683.98,A
100,'356,India,4025,Potassium nitrate,5922,Export value,2009,2009,1000 USD,2601.75,A
100,'356,India,4025,Potassium nitrate,5922,Export value,2010,2010,1000 USD,2011.96,A
100,'356,India,4025,Potassium nitrate,5922,Export value,2011,2011,1000 USD,2398.84,A
100,'356,India,4025,Potassium nitrate,5922,Export value,2012,2012,1000 USD,1454.15,A
100,'356,India,4025,Potassium nitrate,5922,Export value,2013,2013,1000 USD,1794.6,A
100,'356,India,4025,Potassium nitrate,5922,Export value,2014,2014,1000 USD,2589.26,A
100,'356,India,4025,Potassium nitrate,5922,Export value,2015,2015,1000 USD,2689.59,A
100,'356,India,4025,Potassium nitrate,5922,Export value,2016,2016,1000 USD,3155.59,A
100,'356,India,4025,Potassium nitrate,5922,Export value,2017,2017,1000 USD,2762.84,A
100,'356,India,4025,Potassium nitrate,5922,Export value,2018,2018,1000 USD,2107.88,A
100,'356,India,4025,Potassium nitrate,5922,Export value,2019,2019,1000 USD,2583.91,A
100,'356,India,4025,Potassium nitrate,5922,Export value,2020,2020,1000 USD,2170.37,A
100,'356,India,4025,Potassium nitrate,5922,Export value,2021,2021,1000 USD,2471.38,A
100,'356,India,4025,Potassium nitrate,5922,Export value,2022,2022,1000 USD,2990.51,A
100,'356,India,4025,Potassium nitrate,5922,Export value,2023,2023,1000 USD,3916.38,A
100,'356,India,4025,Potassium nitrate,5922,Export value,2024,2024,1000 USD,4063.19,A
100,'356,India,4025,Potassium nitrate,5157,Agricultural Use,2020,2020,t,6415560.0,A
100,'356,India,4025,Potassium nitrate,5157,Agricultural Use,2021,2021,t,6191810.0,A
100,'356,India,4025,Potassium nitrate,5157,Agricultural Use,2022,2022,t,6233180.0,A
100,'356,India,4025,Potassium nitrate,5157,Agricultural Use,2023,2023,t,6514800.0,A
100,'356,India,4025,Potassium nitrate,5157,Agricultural Use,2024,2024,t,8553900.0,A
100,'356,India,4017,Potassium sulphate (sulphate of potash) (SOP),5510,Production,2006,2006,t,0.0,I
100,'356,India,4017,Potassium sulphate (sulphate of potash) (SOP),5510,Production,2007,2007,t,0.0,I
100,'356,India,4017,Potassium sulphate (sulphate of potash) (SOP),5510,Production,2008,2008,t,0.0,I
100,'356,India,4017,Potassium sulphate (sulphate of potash) (SOP),5610,Import quantity,2002,2002,t,9845.4,A
100,'356,India,4017,Potassium sulphate (sulphate of potash) (SOP),5610,Import quantity,2003,2003,t,17825.88,A
100,'356,India,4017,Potassium sulphate (sulphate of potash) (SOP),5610,Import quantity,2004,2004,t,91011.51,A
100,'356,India,4017,Potassium sulphate (sulphate of potash) (SOP),5610,Import quantity,2005,2005,t,37700.87,A
100,'356,India,4017,Potassium sulphate (sulphate of potash) (SOP),5610,Import quantity,2006,2006,t,35213.3,A
100,'356,India,4017,Potassium sulphate (sulphate of potash) (SOP),5610,Import quantity,2007,2007,t,45606.36,A
100,'356,India,4017,Potassium sulphate (sulphate of potash) (SOP),5610,Import quantity,2008,2008,t,40258.91,A
100,'356,India,4017,Potassium sulphate (sulphate of potash) (SOP),5610,Import quantity,2009,2009,t,30496.58,A
100,'356,India,4017,Potassium sulphate (sulphate of potash) (SOP),5610,Import quantity,2010,2010,t,38294.28,A
100,'356,India,4017,Potassium sulphate (sulphate of potash) (SOP),5610,Import quantity,2011,2011,t,53151.91,A
100,'356,India,4017,Potassium sulphate (sulphate of potash) (SOP),5610,Import quantity,2012,2012,t,48772.02,A
100,'356,India,4017,Potassium sulphate (sulphate of potash) (SOP),5610,Import quantity,2013,2013,t,56030.86,A
100,'356,India,4017,Potassium sulphate (sulphate of potash) (SOP),5610,Import quantity,2014,2014,t,57779.1,A
100,'356,India,4017,Potassium sulphate (sulphate of potash) (SOP),5610,Import quantity,2015,2015,t,66895.34,A
100,'356,India,4017,Potassium sulphate (sulphate of potash) (SOP),5610,Import quantity,2016,2016,t,43281.02,X
100,'356,India,4017,Potassium sulphate (sulphate of potash) (SOP),5610,Import quantity,2017,2017,t,67364.57,A
100,'356,India,4017,Potassium sulphate (sulphate of potash) (SOP),5610,Import quantity,2018,2018,t,40299.57,X
100,'356,India,4017,Potassium sulphate (sulphate of potash) (SOP),5610,Import quantity,2019,2019,t,58184.15,A
100,'356,India,4017,Potassium sulphate (sulphate of potash) (SOP),5610,Import quantity,2020,2020,t,60436.59,A
100,'356,India,4017,Potassium sulphate (sulphate of potash) (SOP),5610,Import quantity,2021,2021,t,56207.97,A
100,'356,India,4017,Potassium sulphate (sulphate of potash) (SOP),5610,Import quantity,2022,2022,t,54779.16,A
100,'356,India,4017,Potassium sulphate (sulphate of potash) (SOP),5610,Import quantity,2023,2023,t,52700.9,A
100,'356,India,4017,Potassium sulphate (sulphate of potash) (SOP),5610,Import quantity,2024,2024,t,73362.48,A
100,'356,India,4017,Potassium sulphate (sulphate of potash) (SOP),5622,Import value,2002,2002,1000 USD,2141.91,A
100,'356,India,4017,Potassium sulphate (sulphate of potash) (SOP),5622,Import value,2003,2003,1000 USD,3864.79,A
100,'356,India,4017,Potassium sulphate (sulphate of potash) (SOP),5622,Import value,2004,2004,1000 USD,14410.32,A
100,'356,India,4017,Potassium sulphate (sulphate of potash) (SOP),5622,Import value,2005,2005,1000 USD,10778.27,A
100,'356,India,4017,Potassium sulphate (sulphate of potash) (SOP),5622,Import value,2006,2006,1000 USD,11282.86,A
100,'356,India,4017,Potassium sulphate (sulphate of potash) (SOP),5622,Import value,2007,2007,1000 USD,15873.2,A
100,'356,India,4017,Potassium sulphate (sulphate of potash) (SOP),5622,Import value,2008,2008,1000 USD,23971.11,A
100,'356,India,4017,Potassium sulphate (sulphate of potash) (SOP),5622,Import value,2009,2009,1000 USD,22673.82,A
100,'356,India,4017,Potassium sulphate (sulphate of potash) (SOP),5622,Import value,2010,2010,1000 USD,19436.81,A
100,'356,India,4017,Potassium sulphate (sulphate of potash) (SOP),5622,Import value,2011,2011,1000 USD,30251.9,A
100,'356,India,4017,Potassium sulphate (sulphate of potash) (SOP),5622,Import value,2012,2012,1000 USD,26451.0,A
100,'356,India,4017,Potassium sulphate (sulphate of potash) (SOP),5622,Import value,2013,2013,1000 USD,30473.76,A
100,'356,India,4017,Potassium sulphate (sulphate of potash) (SOP),5622,Import value,2014,2014,1000 USD,38285.65,A
100,'356,India,4017,Potassium sulphate (sulphate of potash) (SOP),5622,Import value,2015,2015,1000 USD,44236.96,A
100,'356,India,4017,Potassium sulphate (sulphate of potash) (SOP),5622,Import value,2016,2016,1000 USD,22127.81,A
100,'356,India,4017,Potassium sulphate (sulphate of potash) (SOP),5622,Import value,2017,2017,1000 USD,31906.79,A
100,'356,India,4017,Potassium sulphate (sulphate of potash) (SOP),5622,Import value,2018,2018,1000 USD,20660.68,A
100,'356,India,4017,Potassium sulphate (sulphate of potash) (SOP),5622,Import value,2019,2019,1000 USD,29078.09,A
100,'356,India,4017,Potassium sulphate (sulphate of potash) (SOP),5622,Import value,2020,2020,1000 USD,28185.0,A
100,'356,India,4017,Potassium sulphate (sulphate of potash) (SOP),5622,Import value,2021,2021,1000 USD,30717.98,A
100,'356,India,4017,Potassium sulphate (sulphate of potash) (SOP),5622,Import value,2022,2022,1000 USD,51511.33,A
100,'356,India,4017,Potassium sulphate (sulphate of potash) (SOP),5622,Import value,2023,2023,1000 USD,33151.76,A
100,'356,India,4017,Potassium sulphate (sulphate of potash) (SOP),5622,Import value,2024,2024,1000 USD,46740.2,A
100,'356,India,4017,Potassium sulphate (sulphate of potash) (SOP),5910,Export quantity,2002,2002,t,55.94,A
100,'356,India,4017,Potassium sulphate (sulphate of potash) (SOP),5910,Export quantity,2003,2003,t,215.12,A
100,'356,India,4017,Potassium sulphate (sulphate of potash) (SOP),5910,Export quantity,2004,2004,t,122.96,A
100,'356,India,4017,Potassium sulphate (sulphate of potash) (SOP),5910,Export quantity,2005,2005,t,19.23,A
100,'356,India,4017,Potassium sulphate (sulphate of potash) (SOP),5910,Export quantity,2006,2006,t,167.29,A
100,'356,India,4017,Potassium sulphate (sulphate of potash) (SOP),5910,Export quantity,2007,2007,t,317.93,A
100,'356,India,4017,Potassium sulphate (sulphate of potash) (SOP),5910,Export quantity,2008,2008,t,122.04,A
100,'356,India,4017,Potassium sulphate (sulphate of potash) (SOP),5910,Export quantity,2009,2009,t,620.54,X
100,'356,India,4017,Potassium sulphate (sulphate of potash) (SOP),5910,Export quantity,2010,2010,t,1808.6,X
100,'356,India,4017,Potassium sulphate (sulphate of potash) (SOP),5910,Export quantity,2011,2011,t,9836.6,A
100,'356,India,4017,Potassium sulphate (sulphate of potash) (SOP),5910,Export quantity,2012,2012,t,6473.68,A
100,'356,India,4017,Potassium sulphate (sulphate of potash) (SOP),5910,Export quantity,2013,2013,t,8334.23,A
100,'356,India,4017,Potassium sulphate (sulphate of potash) (SOP),5910,Export quantity,2014,2014,t,12359.75,X
100,'356,India,4017,Potassium sulphate (sulphate of potash) (SOP),5910,Export quantity,2015,2015,t,15335.6,A
100,'356,India,4017,Potassium sulphate (sulphate of potash) (SOP),5910,Export quantity,2016,2016,t,29649.24,X
100,'356,India,4017,Potassium sulphate (sulphate of potash) (SOP),5910,Export quantity,2017,2017,t,28141.19,X
100,'356,India,4017,Potassium sulphate (sulphate of potash) (SOP),5910,Export quantity,2018,2018,t,34532.66,X
100,'356,India,4017,Potassium sulphate (sulphate of potash) (SOP),5910,Export quantity,2019,2019,t,30422.23,X
100,'356,India,4017,Potassium sulphate (sulphate of potash) (SOP),5910,Export quantity,2020,2020,t,18023.98,X
100,'356,India,4017,Potassium sulphate (sulphate of potash) (SOP),5910,Export quantity,2021,2021,t,3775.47,X
100,'356,India,4017,Potassium sulphate (sulphate of potash) (SOP),5910,Export quantity,2022,2022,t,1456.55,X
100,'356,India,4017,Potassium sulphate (sulphate of potash) (SOP),5910,Export quantity,2023,2023,t,4801.0,X
100,'356,India,4017,Potassium sulphate (sulphate of potash) (SOP),5910,Export quantity,2024,2024,t,1394.11,A
100,'356,India,4017,Potassium sulphate (sulphate of potash) (SOP),5922,Export value,2002,2002,1000 USD,61.21,A
100,'356,India,4017,Potassium sulphate (sulphate of potash) (SOP),5922,Export value,2003,2003,1000 USD,289.44,A
100,'356,India,4017,Potassium sulphate (sulphate of potash) (SOP),5922,Export value,2004,2004,1000 USD,163.52,A
100,'356,India,4017,Potassium sulphate (sulphate of potash) (SOP),5922,Export value,2005,2005,1000 USD,145.0,A
100,'356,India,4017,Potassium sulphate (sulphate of potash) (SOP),5922,Export value,2006,2006,1000 USD,39.31,A
100,'356,India,4017,Potassium sulphate (sulphate of potash) (SOP),5922,Export value,2007,2007,1000 USD,112.3,A
100,'356,India,4017,Potassium sulphate (sulphate of potash) (SOP),5922,Export value,2008,2008,1000 USD,125.21,A
100,'356,India,4017,Potassium sulphate (sulphate of potash) (SOP),5922,Export value,2009,2009,1000 USD,465.21,A
100,'356,India,4017,Potassium sulphate (sulphate of potash) (SOP),5922,Export value,2010,2010,1000 USD,1259.14,A
100,'356,India,4017,Potassium sulphate (sulphate of potash) (SOP),5922,Export value,2011,2011,1000 USD,5735.85,A
100,'356,India,4017,Potassium sulphate (sulphate of potash) (SOP),5922,Export value,2012,2012,1000 USD,4032.48,A
100,'356,India,4017,Potassium sulphate (sulphate of potash) (SOP),5922,Export value,2013,2013,1000 USD,5028.58,A
100,'356,India,4017,Potassium sulphate (sulphate of potash) (SOP),5922,Export value,2014,2014,1000 USD,8282.27,A
100,'356,India,4017,Potassium sulphate (sulphate of potash) (SOP),5922,Export value,2015,2015,1000 USD,9345.49,A
100,'356,India,4017,Potassium sulphate (sulphate of potash) (SOP),5922,Export value,2016,2016,1000 USD,14059.91,A
100,'356,India,4017,Potassium sulphate (sulphate of potash) (SOP),5922,Export value,2017,2017,1000 USD,11562.31,A
100,'356,India,4017,Potassium sulphate (sulphate of potash) (SOP),5922,Export value,2018,2018,1000 USD,14740.12,A
100,'356,India,4017,Potassium sulphate (sulphate of potash) (SOP),5922,Export value,2019,2019,1000 USD,13214.01,A
100,'356,India,4017,Potassium sulphate (sulphate of potash) (SOP),5922,Export value,2020,2020,1000 USD,6982.98,A
100,'356,India,4017,Potassium sulphate (sulphate of potash) (SOP),5922,Export value,2021,2021,1000 USD,1644.5,A
100,'356,India,4017,Potassium sulphate (sulphate of potash) (SOP),5922,Export value,2022,2022,1000 USD,989.14,A
100,'356,India,4017,Potassium sulphate (sulphate of potash) (SOP),5922,Export value,2023,2023,1000 USD,2997.05,A
100,'356,India,4017,Potassium sulphate (sulphate of potash) (SOP),5922,Export value,2024,2024,1000 USD,1031.15,A
100,'356,India,4017,Potassium sulphate (sulphate of potash) (SOP),5157,Agricultural Use,2002,2002,t,1912020.0,A
100,'356,India,4017,Potassium sulphate (sulphate of potash) (SOP),5157,Agricultural Use,2003,2003,t,1841170.0,A
100,'356,India,4017,Potassium sulphate (sulphate of potash) (SOP),5157,Agricultural Use,2004,2004,t,25620.0,A
100,'356,India,4017,Potassium sulphate (sulphate of potash) (SOP),5157,Agricultural Use,2005,2005,t,27870.0,A
100,'356,India,4017,Potassium sulphate (sulphate of potash) (SOP),5157,Agricultural Use,2006,2006,t,27260.0,A
100,'356,India,4017,Potassium sulphate (sulphate of potash) (SOP),5157,Agricultural Use,2007,2007,t,30090.0,A
100,'356,India,4017,Potassium sulphate (sulphate of potash) (SOP),5157,Agricultural Use,2008,2008,t,30130.0,A
100,'356,India,4017,Potassium sulphate (sulphate of potash) (SOP),5157,Agricultural Use,2009,2009,t,29970.0,A
100,'356,India,4017,Potassium sulphate (sulphate of potash) (SOP),5157,Agricultural Use,2010,2010,t,19270.0,A
100,'356,India,4017,Potassium sulphate (sulphate of potash) (SOP),5157,Agricultural Use,2011,2011,t,30790.0,A
100,'356,India,4017,Potassium sulphate (sulphate of potash) (SOP),5157,Agricultural Use,2012,2012,t,34460.0,A
100,'356,India,4017,Potassium sulphate (sulphate of potash) (SOP),5157,Agricultural Use,2013,2013,t,30530.0,A
100,'356,India,4017,Potassium sulphate (sulphate of potash) (SOP),5157,Agricultural Use,2014,2014,t,18950.0,A
100,'356,India,4017,Potassium sulphate (sulphate of potash) (SOP),5157,Agricultural Use,2015,2015,t,16830.0,A
100,'356,India,4017,Potassium sulphate (sulphate of potash) (SOP),5157,Agricultural Use,2016,2016,t,5700.0,A
100,'356,India,4017,Potassium sulphate (sulphate of potash) (SOP),5157,Agricultural Use,2017,2017,t,5200.0,A
100,'356,India,4017,Potassium sulphate (sulphate of potash) (SOP),5157,Agricultural Use,2018,2018,t,0.0,A
100,'356,India,4017,Potassium sulphate (sulphate of potash) (SOP),5157,Agricultural Use,2019,2019,t,0.0,A
100,'356,India,4017,Potassium sulphate (sulphate of potash) (SOP),5157,Agricultural Use,2020,2020,t,0.0,A
100,'356,India,4017,Potassium sulphate (sulphate of potash) (SOP),5157,Agricultural Use,2021,2021,t,0.0,A
100,'356,India,4017,Potassium sulphate (sulphate of potash) (SOP),5157,Agricultural Use,2022,2022,t,0.0,A
100,'356,India,4017,Potassium sulphate (sulphate of potash) (SOP),5157,Agricultural Use,2023,2023,t,0.0,A
100,'356,India,4017,Potassium sulphate (sulphate of potash) (SOP),5157,Agricultural Use,2024,2024,t,0.0,A
100,'356,India,4005,Sodium nitrate,5610,Import quantity,2002,2002,t,3690.83,A
100,'356,India,4005,Sodium nitrate,5610,Import quantity,2003,2003,t,5151.66,A
100,'356,India,4005,Sodium nitrate,5610,Import quantity,2004,2004,t,4475.9,A
100,'356,India,4005,Sodium nitrate,5610,Import quantity,2005,2005,t,4387.0,A
100,'356,India,4005,Sodium nitrate,5610,Import quantity,2006,2006,t,5229.36,A
100,'356,India,4005,Sodium nitrate,5610,Import quantity,2007,2007,t,6356.29,A
100,'356,India,4005,Sodium nitrate,5610,Import quantity,2008,2008,t,7090.51,A
100,'356,India,4005,Sodium nitrate,5610,Import quantity,2009,2009,t,3908.29,A
100,'356,India,4005,Sodium nitrate,5610,Import quantity,2010,2010,t,2565.97,A
100,'356,India,4005,Sodium nitrate,5610,Import quantity,2011,2011,t,1554.24,A
100,'356,India,4005,Sodium nitrate,5610,Import quantity,2012,2012,t,2552.0,A
100,'356,India,4005,Sodium nitrate,5610,Import quantity,2013,2013,t,4178.5,A
100,'356,India,4005,Sodium nitrate,5610,Import quantity,2014,2014,t,1465.0,A
100,'356,India,4005,Sodium nitrate,5610,Import quantity,2015,2015,t,426.7,A
100,'356,India,4005,Sodium nitrate,5610,Import quantity,2016,2016,t,901.07,X
100,'356,India,4005,Sodium nitrate,5610,Import quantity,2017,2017,t,211.6,X
100,'356,India,4005,Sodium nitrate,5610,Import quantity,2018,2018,t,396.98,X
100,'356,India,4005,Sodium nitrate,5610,Import quantity,2019,2019,t,626.73,X
100,'356,India,4005,Sodium nitrate,5610,Import quantity,2020,2020,t,923.18,X
100,'356,India,4005,Sodium nitrate,5610,Import quantity,2021,2021,t,1514.46,A
100,'356,India,4005,Sodium nitrate,5610,Import quantity,2022,2022,t,2186.57,X
100,'356,India,4005,Sodium nitrate,5610,Import quantity,2023,2023,t,230.42,X
100,'356,India,4005,Sodium nitrate,5610,Import quantity,2024,2024,t,72.15,A
100,'356,India,4005,Sodium nitrate,5622,Import value,2002,2002,1000 USD,809.38,A
100,'356,India,4005,Sodium nitrate,5622,Import value,2003,2003,1000 USD,1196.03,A
100,'356,India,4005,Sodium nitrate,5622,Import value,2004,2004,1000 USD,1110.97,A
100,'356,India,4005,Sodium nitrate,5622,Import value,2005,2005,1000 USD,1339.0,A
100,'356,India,4005,Sodium nitrate,5622,Import value,2006,2006,1000 USD,1575.57,A
100,'356,India,4005,Sodium nitrate,5622,Import value,2007,2007,1000 USD,2149.66,A
100,'356,India,4005,Sodium nitrate,5622,Import value,2008,2008,1000 USD,3232.04,A
100,'356,India,4005,Sodium nitrate,5622,Import value,2009,2009,1000 USD,1804.36,A
100,'356,India,4005,Sodium nitrate,5622,Import value,2010,2010,1000 USD,1168.35,A
100,'356,India,4005,Sodium nitrate,5622,Import value,2011,2011,1000 USD,776.99,A
100,'356,India,4005,Sodium nitrate,5622,Import value,2012,2012,1000 USD,1269.93,A
100,'356,India,4005,Sodium nitrate,5622,Import value,2013,2013,1000 USD,1882.45,A
100,'356,India,4005,Sodium nitrate,5622,Import value,2014,2014,1000 USD,613.6,A
100,'356,India,4005,Sodium nitrate,5622,Import value,2015,2015,1000 USD,169.66,A
100,'356,India,4005,Sodium nitrate,5622,Import value,2016,2016,1000 USD,350.72,A
100,'356,India,4005,Sodium nitrate,5622,Import value,2017,2017,1000 USD,111.24,A
100,'356,India,4005,Sodium nitrate,5622,Import value,2018,2018,1000 USD,283.33,A
100,'356,India,4005,Sodium nitrate,5622,Import value,2019,2019,1000 USD,304.34,A
100,'356,India,4005,Sodium nitrate,5622,Import value,2020,2020,1000 USD,365.77,A
100,'356,India,4005,Sodium nitrate,5622,Import value,2021,2021,1000 USD,605.03,A
100,'356,India,4005,Sodium nitrate,5622,Import value,2022,2022,1000 USD,2071.95,A
100,'356,India,4005,Sodium nitrate,5622,Import value,2023,2023,1000 USD,151.8,A
100,'356,India,4005,Sodium nitrate,5622,Import value,2024,2024,1000 USD,41.8,A
100,'356,India,4005,Sodium nitrate,5910,Export quantity,2002,2002,t,28.48,A
100,'356,India,4005,Sodium nitrate,5910,Export quantity,2003,2003,t,10.45,A
100,'356,India,4005,Sodium nitrate,5910,Export quantity,2004,2004,t,79.43,A
100,'356,India,4005,Sodium nitrate,5910,Export quantity,2005,2005,t,27.15,A
100,'356,India,4005,Sodium nitrate,5910,Export quantity,2006,2006,t,42.95,A
100,'356,India,4005,Sodium nitrate,5910,Export quantity,2007,2007,t,177.98,A
100,'356,India,4005,Sodium nitrate,5910,Export quantity,2008,2008,t,284.21,A
100,'356,India,4005,Sodium nitrate,5910,Export quantity,2009,2009,t,190.99,A
100,'356,India,4005,Sodium nitrate,5910,Export quantity,2010,2010,t,139.3,X
100,'356,India,4005,Sodium nitrate,5910,Export quantity,2011,2011,t,84.45,A
100,'356,India,4005,Sodium nitrate,5910,Export quantity,2012,2012,t,53.45,A
100,'356,India,4005,Sodium nitrate,5910,Export quantity,2013,2013,t,107.78,A
100,'356,India,4005,Sodium nitrate,5910,Export quantity,2014,2014,t,100.41,A
100,'356,India,4005,Sodium nitrate,5910,Export quantity,2015,2015,t,44.1,A
100,'356,India,4005,Sodium nitrate,5910,Export quantity,2016,2016,t,93.91,A
100,'356,India,4005,Sodium nitrate,5910,Export quantity,2017,2017,t,32.13,A
100,'356,India,4005,Sodium nitrate,5910,Export quantity,2018,2018,t,8.14,X
100,'356,India,4005,Sodium nitrate,5910,Export quantity,2019,2019,t,101.04,X
100,'356,India,4005,Sodium nitrate,5910,Export quantity,2020,2020,t,213.98,X
100,'356,India,4005,Sodium nitrate,5910,Export quantity,2021,2021,t,326.16,X
100,'356,India,4005,Sodium nitrate,5910,Export quantity,2022,2022,t,497.29,X
100,'356,India,4005,Sodium nitrate,5910,Export quantity,2023,2023,t,163.86,X
100,'356,India,4005,Sodium nitrate,5910,Export quantity,2024,2024,t,141.43,X
100,'356,India,4005,Sodium nitrate,5922,Export value,2002,2002,1000 USD,17.92,A
100,'356,India,4005,Sodium nitrate,5922,Export value,2003,2003,1000 USD,13.71,A
100,'356,India,4005,Sodium nitrate,5922,Export value,2004,2004,1000 USD,37.11,A
100,'356,India,4005,Sodium nitrate,5922,Export value,2005,2005,1000 USD,23.55,A
100,'356,India,4005,Sodium nitrate,5922,Export value,2006,2006,1000 USD,29.84,A
100,'356,India,4005,Sodium nitrate,5922,Export value,2007,2007,1000 USD,61.96,A
100,'356,India,4005,Sodium nitrate,5922,Export value,2008,2008,1000 USD,181.15,A
100,'356,India,4005,Sodium nitrate,5922,Export value,2009,2009,1000 USD,112.79,A
100,'356,India,4005,Sodium nitrate,5922,Export value,2010,2010,1000 USD,67.66,A
100,'356,India,4005,Sodium nitrate,5922,Export value,2011,2011,1000 USD,93.22,A
100,'356,India,4005,Sodium nitrate,5922,Export value,2012,2012,1000 USD,37.79,A
100,'356,India,4005,Sodium nitrate,5922,Export value,2013,2013,1000 USD,78.64,A
100,'356,India,4005,Sodium nitrate,5922,Export value,2014,2014,1000 USD,69.94,A
100,'356,India,4005,Sodium nitrate,5922,Export value,2015,2015,1000 USD,30.86,A
100,'356,India,4005,Sodium nitrate,5922,Export value,2016,2016,1000 USD,78.03,A
100,'356,India,4005,Sodium nitrate,5922,Export value,2017,2017,1000 USD,41.06,A
100,'356,India,4005,Sodium nitrate,5922,Export value,2018,2018,1000 USD,14.28,A
100,'356,India,4005,Sodium nitrate,5922,Export value,2019,2019,1000 USD,73.15,A
100,'356,India,4005,Sodium nitrate,5922,Export value,2020,2020,1000 USD,129.08,A
100,'356,India,4005,Sodium nitrate,5922,Export value,2021,2021,1000 USD,179.64,A
100,'356,India,4005,Sodium nitrate,5922,Export value,2022,2022,1000 USD,605.04,A
100,'356,India,4005,Sodium nitrate,5922,Export value,2023,2023,1000 USD,153.38,A
100,'356,India,4005,Sodium nitrate,5922,Export value,2024,2024,1000 USD,128.99,A
100,'356,India,4005,Sodium nitrate,5157,Agricultural Use,2020,2020,t,2340.0,A
100,'356,India,4005,Sodium nitrate,5157,Agricultural Use,2021,2021,t,0.0,A
100,'356,India,4005,Sodium nitrate,5157,Agricultural Use,2022,2022,t,0.0,A
100,'356,India,4005,Sodium nitrate,5157,Agricultural Use,2023,2023,t,0.0,A
100,'356,India,4012,Superphosphates above 35%,5510,Production,2013,2013,t,0.0,A
100,'356,India,4012,Superphosphates above 35%,5510,Production,2014,2014,t,0.0,A
100,'356,India,4012,Superphosphates above 35%,5510,Production,2015,2015,t,0.0,A
100,'356,India,4012,Superphosphates above 35%,5510,Production,2016,2016,t,0.0,P
100,'356,India,4012,Superphosphates above 35%,5510,Production,2020,2020,t,0.0,A
100,'356,India,4012,Superphosphates above 35%,5510,Production,2021,2021,t,0.0,A
100,'356,India,4012,Superphosphates above 35%,5510,Production,2022,2022,t,4000.0,A
100,'356,India,4012,Superphosphates above 35%,5510,Production,2023,2023,t,3700.0,A
100,'356,India,4012,Superphosphates above 35%,5510,Production,2024,2024,t,2900.0,A
100,'356,India,4012,Superphosphates above 35%,5610,Import quantity,2008,2008,t,110582.0,A
100,'356,India,4012,Superphosphates above 35%,5610,Import quantity,2009,2009,t,106913.5,A
100,'356,India,4012,Superphosphates above 35%,5610,Import quantity,2010,2010,t,47796.85,A
100,'356,India,4012,Superphosphates above 35%,5610,Import quantity,2011,2011,t,109773.4,A
100,'356,India,4012,Superphosphates above 35%,5610,Import quantity,2013,2013,t,2.4,A
100,'356,India,4012,Superphosphates above 35%,5610,Import quantity,2016,2016,t,55.38,A
100,'356,India,4012,Superphosphates above 35%,5610,Import quantity,2023,2023,t,2100.31,A
100,'356,India,4012,Superphosphates above 35%,5610,Import quantity,2024,2024,t,362423.0,A
100,'356,India,4012,Superphosphates above 35%,5622,Import value,2008,2008,1000 USD,107151.12,A
100,'356,India,4012,Superphosphates above 35%,5622,Import value,2009,2009,1000 USD,32726.39,A
100,'356,India,4012,Superphosphates above 35%,5622,Import value,2010,2010,1000 USD,18449.45,A
100,'356,India,4012,Superphosphates above 35%,5622,Import value,2011,2011,1000 USD,61744.77,A
100,'356,India,4012,Superphosphates above 35%,5622,Import value,2013,2013,1000 USD,3.93,A
100,'356,India,4012,Superphosphates above 35%,5622,Import value,2016,2016,1000 USD,17.42,A
100,'356,India,4012,Superphosphates above 35%,5622,Import value,2023,2023,1000 USD,910.87,A
100,'356,India,4012,Superphosphates above 35%,5622,Import value,2024,2024,1000 USD,163680.36,A
100,'356,India,4012,Superphosphates above 35%,5910,Export quantity,2002,2002,t,200.0,A
100,'356,India,4012,Superphosphates above 35%,5910,Export quantity,2003,2003,t,1292.15,A
100,'356,India,4012,Superphosphates above 35%,5910,Export quantity,2004,2004,t,1030.7,A
100,'356,India,4012,Superphosphates above 35%,5910,Export quantity,2005,2005,t,562.0,A
100,'356,India,4012,Superphosphates above 35%,5910,Export quantity,2006,2006,t,7298.33,A
100,'356,India,4012,Superphosphates above 35%,5910,Export quantity,2007,2007,t,4172.79,A
100,'356,India,4012,Superphosphates above 35%,5910,Export quantity,2008,2008,t,19620.04,A
100,'356,India,4012,Superphosphates above 35%,5910,Export quantity,2009,2009,t,1890.04,A
100,'356,India,4012,Superphosphates above 35%,5910,Export quantity,2010,2010,t,254.93,X
100,'356,India,4012,Superphosphates above 35%,5910,Export quantity,2011,2011,t,804.01,A
100,'356,India,4012,Superphosphates above 35%,5910,Export quantity,2012,2012,t,430.01,A
100,'356,India,4012,Superphosphates above 35%,5910,Export quantity,2013,2013,t,654.0,A
100,'356,India,4012,Superphosphates above 35%,5910,Export quantity,2014,2014,t,2509.0,A
100,'356,India,4012,Superphosphates above 35%,5910,Export quantity,2015,2015,t,11723.0,A
100,'356,India,4012,Superphosphates above 35%,5910,Export quantity,2016,2016,t,13166.5,A
100,'356,India,4012,Superphosphates above 35%,5910,Export quantity,2017,2017,t,2751.0,A
100,'356,India,4012,Superphosphates above 35%,5910,Export quantity,2018,2018,t,2956.01,A
100,'356,India,4012,Superphosphates above 35%,5910,Export quantity,2019,2019,t,5047.0,A
100,'356,India,4012,Superphosphates above 35%,5910,Export quantity,2020,2020,t,0.04,A
100,'356,India,4012,Superphosphates above 35%,5910,Export quantity,2021,2021,t,0.0,A
100,'356,India,4012,Superphosphates above 35%,5910,Export quantity,2022,2022,t,796.0,A
100,'356,India,4012,Superphosphates above 35%,5910,Export quantity,2023,2023,t,41.5,A
100,'356,India,4012,Superphosphates above 35%,5910,Export quantity,2024,2024,t,166.29,A
100,'356,India,4012,Superphosphates above 35%,5922,Export value,2002,2002,1000 USD,15.52,A
100,'356,India,4012,Superphosphates above 35%,5922,Export value,2003,2003,1000 USD,245.65,A
100,'356,India,4012,Superphosphates above 35%,5922,Export value,2004,2004,1000 USD,69.85,A
100,'356,India,4012,Superphosphates above 35%,5922,Export value,2005,2005,1000 USD,89.13,A
100,'356,India,4012,Superphosphates above 35%,5922,Export value,2006,2006,1000 USD,1125.92,A
100,'356,India,4012,Superphosphates above 35%,5922,Export value,2007,2007,1000 USD,1026.78,A
100,'356,India,4012,Superphosphates above 35%,5922,Export value,2008,2008,1000 USD,5401.49,A
100,'356,India,4012,Superphosphates above 35%,5922,Export value,2009,2009,1000 USD,508.42,A
100,'356,India,4012,Superphosphates above 35%,5922,Export value,2010,2010,1000 USD,65.26,A
100,'356,India,4012,Superphosphates above 35%,5922,Export value,2011,2011,1000 USD,177.18,A
100,'356,India,4012,Superphosphates above 35%,5922,Export value,2012,2012,1000 USD,327.44,A
100,'356,India,4012,Superphosphates above 35%,5922,Export value,2013,2013,1000 USD,176.05,A
100,'356,India,4012,Superphosphates above 35%,5922,Export value,2014,2014,1000 USD,421.73,A
100,'356,India,4012,Superphosphates above 35%,5922,Export value,2015,2015,1000 USD,1594.21,A
100,'356,India,4012,Superphosphates above 35%,5922,Export value,2016,2016,1000 USD,882.88,A
100,'356,India,4012,Superphosphates above 35%,5922,Export value,2017,2017,1000 USD,270.54,A
100,'356,India,4012,Superphosphates above 35%,5922,Export value,2018,2018,1000 USD,452.09,A
100,'356,India,4012,Superphosphates above 35%,5922,Export value,2019,2019,1000 USD,798.8,A
100,'356,India,4012,Superphosphates above 35%,5922,Export value,2020,2020,1000 USD,0.03,A
100,'356,India,4012,Superphosphates above 35%,5922,Export value,2021,2021,1000 USD,0.01,A
100,'356,India,4012,Superphosphates above 35%,5922,Export value,2022,2022,1000 USD,75.96,A
100,'356,India,4012,Superphosphates above 35%,5922,Export value,2023,2023,1000 USD,3.77,A
100,'356,India,4012,Superphosphates above 35%,5922,Export value,2024,2024,1000 USD,16.89,A
100,'356,India,4012,Superphosphates above 35%,5157,Agricultural Use,2010,2010,t,86650.0,A
100,'356,India,4012,Superphosphates above 35%,5157,Agricultural Use,2011,2011,t,78130.0,A
100,'356,India,4012,Superphosphates above 35%,5157,Agricultural Use,2012,2012,t,39560.0,A
100,'356,India,4012,Superphosphates above 35%,5157,Agricultural Use,2013,2013,t,3590.0,A
100,'356,India,4012,Superphosphates above 35%,5157,Agricultural Use,2014,2014,t,1840.0,A
100,'356,India,4012,Superphosphates above 35%,5157,Agricultural Use,2015,2015,t,5860.0,A
100,'356,India,4012,Superphosphates above 35%,5157,Agricultural Use,2016,2016,t,4830.0,I
100,'356,India,4012,Superphosphates above 35%,5157,Agricultural Use,2017,2017,t,3800.0,A
100,'356,India,4012,Superphosphates above 35%,5157,Agricultural Use,2020,2020,t,0.0,A
100,'356,India,4012,Superphosphates above 35%,5157,Agricultural Use,2021,2021,t,0.0,A
100,'356,India,4012,Superphosphates above 35%,5157,Agricultural Use,2022,2022,t,3660.0,A
100,'356,India,4012,Superphosphates above 35%,5157,Agricultural Use,2023,2023,t,2360.0,A
100,'356,India,4012,Superphosphates above 35%,5157,Agricultural Use,2024,2024,t,327840.0,A
100,'356,India,4013,"Superphosphates, other",5510,Production,2006,2006,t,2972000.0,A
100,'356,India,4013,"Superphosphates, other",5510,Production,2007,2007,t,2246300.0,A
100,'356,India,4013,"Superphosphates, other",5510,Production,2008,2008,t,2533600.0,A
100,'356,India,4013,"Superphosphates, other",5510,Production,2009,2009,t,3093000.0,A
100,'356,India,4013,"Superphosphates, other",5510,Production,2010,2010,t,3712800.0,A
100,'356,India,4013,"Superphosphates, other",5510,Production,2011,2011,t,4324000.0,A
100,'356,India,4013,"Superphosphates, other",5510,Production,2012,2012,t,4434900.0,A
100,'356,India,4013,"Superphosphates, other",5510,Production,2013,2013,t,4211500.0,A
100,'356,India,4013,"Superphosphates, other",5510,Production,2014,2014,t,4229600.0,A
100,'356,India,4013,"Superphosphates, other",5510,Production,2015,2015,t,4329600.0,A
100,'356,India,4013,"Superphosphates, other",5510,Production,2016,2016,t,4296800.0,A
100,'356,India,4013,"Superphosphates, other",5510,Production,2017,2017,t,3910200.0,A
100,'356,India,4013,"Superphosphates, other",5510,Production,2018,2018,t,4076300.0,A
100,'356,India,4013,"Superphosphates, other",5510,Production,2019,2019,t,4246700.0,A
100,'356,India,4013,"Superphosphates, other",5510,Production,2020,2020,t,4916000.0,P
100,'356,India,4013,"Superphosphates, other",5510,Production,2021,2021,t,5351200.0,A
100,'356,India,4013,"Superphosphates, other",5510,Production,2022,2022,t,5646200.0,A
100,'356,India,4013,"Superphosphates, other",5510,Production,2023,2023,t,4433800.0,A
100,'356,India,4013,"Superphosphates, other",5510,Production,2024,2024,t,5183000.0,A
100,'356,India,4013,"Superphosphates, other",5610,Import quantity,2019,2019,t,733.94,A
100,'356,India,4013,"Superphosphates, other",5610,Import quantity,2020,2020,t,139.24,A
100,'356,India,4013,"Superphosphates, other",5610,Import quantity,2021,2021,t,261.36,A
100,'356,India,4013,"Superphosphates, other",5610,Import quantity,2022,2022,t,136.26,X
100,'356,India,4013,"Superphosphates, other",5610,Import quantity,2023,2023,t,751.63,A
100,'356,India,4013,"Superphosphates, other",5610,Import quantity,2024,2024,t,20054.12,A
100,'356,India,4013,"Superphosphates, other",5622,Import value,2019,2019,1000 USD,654.54,A
100,'356,India,4013,"Superphosphates, other",5622,Import value,2020,2020,1000 USD,175.74,A
100,'356,India,4013,"Superphosphates, other",5622,Import value,2021,2021,1000 USD,589.8,A
100,'356,India,4013,"Superphosphates, other",5622,Import value,2022,2022,1000 USD,347.64,A
100,'356,India,4013,"Superphosphates, other",5622,Import value,2023,2023,1000 USD,531.98,A
100,'356,India,4013,"Superphosphates, other",5622,Import value,2024,2024,1000 USD,9253.5,A
100,'356,India,4013,"Superphosphates, other",5910,Export quantity,2017,2017,t,4395.0,A
100,'356,India,4013,"Superphosphates, other",5910,Export quantity,2018,2018,t,35079.3,A
100,'356,India,4013,"Superphosphates, other",5910,Export quantity,2019,2019,t,15798.19,A
100,'356,India,4013,"Superphosphates, other",5910,Export quantity,2020,2020,t,32723.9,A
100,'356,India,4013,"Superphosphates, other",5910,Export quantity,2021,2021,t,11596.0,A
100,'356,India,4013,"Superphosphates, other",5910,Export quantity,2022,2022,t,48796.55,A
100,'356,India,4013,"Superphosphates, other",5910,Export quantity,2023,2023,t,77218.38,A
100,'356,India,4013,"Superphosphates, other",5910,Export quantity,2024,2024,t,194440.83,A
100,'356,India,4013,"Superphosphates, other",5922,Export value,2017,2017,1000 USD,691.94,A
100,'356,India,4013,"Superphosphates, other",5922,Export value,2018,2018,1000 USD,3414.96,A
100,'356,India,4013,"Superphosphates, other",5922,Export value,2019,2019,1000 USD,2683.16,A
100,'356,India,4013,"Superphosphates, other",5922,Export value,2020,2020,1000 USD,5464.93,A
100,'356,India,4013,"Superphosphates, other",5922,Export value,2021,2021,1000 USD,2213.44,A
100,'356,India,4013,"Superphosphates, other",5922,Export value,2022,2022,1000 USD,11910.08,A
100,'356,India,4013,"Superphosphates, other",5922,Export value,2023,2023,1000 USD,15236.35,A
100,'356,India,4013,"Superphosphates, other",5922,Export value,2024,2024,1000 USD,31577.0,A
100,'356,India,4013,"Superphosphates, other",5157,Agricultural Use,2004,2004,t,2549350.0,A
100,'356,India,4013,"Superphosphates, other",5157,Agricultural Use,2005,2005,t,2755950.0,A
100,'356,India,4013,"Superphosphates, other",5157,Agricultural Use,2006,2006,t,2910470.0,A
100,'356,India,4013,"Superphosphates, other",5157,Agricultural Use,2007,2007,t,2287760.0,A
100,'356,India,4013,"Superphosphates, other",5157,Agricultural Use,2008,2008,t,2616610.0,A
100,'356,India,4013,"Superphosphates, other",5157,Agricultural Use,2009,2009,t,2651100.0,A
100,'356,India,4013,"Superphosphates, other",5157,Agricultural Use,2010,2010,t,3825200.0,A
100,'356,India,4013,"Superphosphates, other",5157,Agricultural Use,2011,2011,t,4746010.0,A
100,'356,India,4013,"Superphosphates, other",5157,Agricultural Use,2012,2012,t,4030360.0,A
100,'356,India,4013,"Superphosphates, other",5157,Agricultural Use,2013,2013,t,3879320.0,A
100,'356,India,4013,"Superphosphates, other",5157,Agricultural Use,2014,2014,t,3989300.0,A
100,'356,India,4013,"Superphosphates, other",5157,Agricultural Use,2015,2015,t,4252740.0,A
100,'356,India,4013,"Superphosphates, other",5157,Agricultural Use,2016,2016,t,3756800.0,A
100,'356,India,4013,"Superphosphates, other",5157,Agricultural Use,2017,2017,t,3439400.0,A
100,'356,India,4013,"Superphosphates, other",5157,Agricultural Use,2018,2018,t,3578900.0,A
100,'356,India,4013,"Superphosphates, other",5157,Agricultural Use,2019,2019,t,4403100.0,A
100,'356,India,4013,"Superphosphates, other",5157,Agricultural Use,2020,2020,t,4488800.0,P
100,'356,India,4013,"Superphosphates, other",5157,Agricultural Use,2021,2021,t,5681390.0,A
100,'356,India,4013,"Superphosphates, other",5157,Agricultural Use,2022,2022,t,5017480.0,A
100,'356,India,4013,"Superphosphates, other",5157,Agricultural Use,2023,2023,t,4544120.0,A
100,'356,India,4013,"Superphosphates, other",5157,Agricultural Use,2024,2024,t,4928460.0,A
100,'356,India,4001,Urea,5510,Production,2002,2002,t,18621200.0,A
100,'356,India,4001,Urea,5510,Production,2003,2003,t,19038300.0,A
100,'356,India,4001,Urea,5510,Production,2004,2004,t,20239200.0,A
100,'356,India,4001,Urea,5510,Production,2005,2005,t,20085100.0,A
100,'356,India,4001,Urea,5510,Production,2006,2006,t,20271200.0,A
100,'356,India,4001,Urea,5510,Production,2007,2007,t,19838800.0,A
100,'356,India,4001,Urea,5510,Production,2008,2008,t,19923200.0,A
100,'356,India,4001,Urea,5510,Production,2009,2009,t,21120700.0,A
100,'356,India,4001,Urea,5510,Production,2010,2010,t,21872500.0,A
100,'356,India,4001,Urea,5510,Production,2011,2011,t,21992300.0,A
100,'356,India,4001,Urea,5510,Production,2012,2012,t,22586600.0,A
100,'356,India,4001,Urea,5510,Production,2013,2013,t,22718700.0,A
100,'356,India,4001,Urea,5510,Production,2014,2014,t,22592900.0,A
100,'356,India,4001,Urea,5510,Production,2015,2015,t,24461300.0,A
100,'356,India,4001,Urea,5510,Production,2016,2016,t,24200800.0,A
100,'356,India,4001,Urea,5510,Production,2017,2017,t,24026000.0,A
100,'356,India,4001,Urea,5510,Production,2018,2018,t,23899200.0,A
100,'356,India,4001,Urea,5510,Production,2019,2019,t,24455200.0,A
100,'356,India,4001,Urea,5510,Production,2020,2020,t,24603100.0,P
100,'356,India,4001,Urea,5510,Production,2021,2021,t,25075700.0,A
100,'356,India,4001,Urea,5510,Production,2022,2022,t,28495300.0,A
100,'356,India,4001,Urea,5510,Production,2023,2023,t,31408500.0,A
100,'356,India,4001,Urea,5510,Production,2024,2024,t,30640900.0,A
100,'356,India,4001,Urea,5610,Import quantity,2002,2002,t,227410.0,A
100,'356,India,4001,Urea,5610,Import quantity,2003,2003,t,110638.0,A
100,'356,India,4001,Urea,5610,Import quantity,2004,2004,t,458586.87,A
100,'356,India,4001,Urea,5610,Import quantity,2005,2005,t,1576639.33,A
100,'356,India,4001,Urea,5610,Import quantity,2006,2006,t,3918887.82,A
100,'356,India,4001,Urea,5610,Import quantity,2007,2007,t,5790046.53,A
100,'356,India,4001,Urea,5610,Import quantity,2008,2008,t,5343706.28,A
100,'356,India,4001,Urea,5610,Import quantity,2009,2009,t,4591120.44,A
100,'356,India,4001,Urea,5610,Import quantity,2010,2010,t,4520118.46,A
100,'356,India,4001,Urea,5610,Import quantity,2011,2011,t,4408214.47,A
100,'356,India,4001,Urea,5610,Import quantity,2012,2012,t,6686178.62,A
100,'356,India,4001,Urea,5610,Import quantity,2013,2013,t,8644240.17,A
100,'356,India,4001,Urea,5610,Import quantity,2014,2014,t,7277073.6,A
100,'356,India,4001,Urea,5610,Import quantity,2015,2015,t,9915149.74,A
100,'356,India,4001,Urea,5610,Import quantity,2016,2016,t,6991686.94,A
100,'356,India,4001,Urea,5610,Import quantity,2017,2017,t,5944113.04,X
100,'356,India,4001,Urea,5610,Import quantity,2018,2018,t,5465688.18,X
100,'356,India,4001,Urea,5610,Import quantity,2019,2019,t,11196391.4,X
100,'356,India,4001,Urea,5610,Import quantity,2020,2020,t,11152624.51,X
100,'356,India,4001,Urea,5610,Import quantity,2021,2021,t,8113297.39,A
100,'356,India,4001,Urea,5610,Import quantity,2022,2022,t,10101043.03,X
100,'356,India,4001,Urea,5610,Import quantity,2023,2023,t,8598257.52,X
100,'356,India,4001,Urea,5610,Import quantity,2024,2024,t,6519842.26,X
100,'356,India,4001,Urea,5622,Import value,2002,2002,1000 USD,27611.95,A
100,'356,India,4001,Urea,5622,Import value,2003,2003,1000 USD,17637.75,A
100,'356,India,4001,Urea,5622,Import value,2004,2004,1000 USD,104548.11,A
100,'356,India,4001,Urea,5622,Import value,2005,2005,1000 USD,327746.67,A
100,'356,India,4001,Urea,5622,Import value,2006,2006,1000 USD,891153.24,A
100,'356,India,4001,Urea,5622,Import value,2007,2007,1000 USD,1696345.24,A
100,'356,India,4001,Urea,5622,Import value,2008,2008,1000 USD,2385851.55,A
100,'356,India,4001,Urea,5622,Import value,2009,2009,1000 USD,1091363.44,A
100,'356,India,4001,Urea,5622,Import value,2010,2010,1000 USD,1183602.06,A
100,'356,India,4001,Urea,5622,Import value,2011,2011,1000 USD,1831427.2,A
100,'356,India,4001,Urea,5622,Import value,2012,2012,1000 USD,2644194.83,A
100,'356,India,4001,Urea,5622,Import value,2013,2013,1000 USD,2667357.86,A
100,'356,India,4001,Urea,5622,Import value,2014,2014,1000 USD,2103064.48,A
100,'356,India,4001,Urea,5622,Import value,2015,2015,1000 USD,2617926.89,A
100,'356,India,4001,Urea,5622,Import value,2016,2016,1000 USD,1455590.25,A
100,'356,India,4001,Urea,5622,Import value,2017,2017,1000 USD,1297545.69,A
100,'356,India,4001,Urea,5622,Import value,2018,2018,1000 USD,1453043.04,A
100,'356,India,4001,Urea,5622,Import value,2019,2019,1000 USD,3088373.49,A
100,'356,India,4001,Urea,5622,Import value,2020,2020,1000 USD,2936682.4,A
100,'356,India,4001,Urea,5622,Import value,2021,2021,1000 USD,4168319.79,A
100,'356,India,4001,Urea,5622,Import value,2022,2022,1000 USD,7065108.45,A
100,'356,India,4001,Urea,5622,Import value,2023,2023,1000 USD,3437298.51,A
100,'356,India,4001,Urea,5622,Import value,2024,2024,1000 USD,2163439.85,A
100,'356,India,4001,Urea,5910,Export quantity,2002,2002,t,75.53,A
100,'356,India,4001,Urea,5910,Export quantity,2003,2003,t,7345.67,A
100,'356,India,4001,Urea,5910,Export quantity,2004,2004,t,4747.15,A
100,'356,India,4001,Urea,5910,Export quantity,2005,2005,t,4225.62,A
100,'356,India,4001,Urea,5910,Export quantity,2006,2006,t,612.54,A
100,'356,India,4001,Urea,5910,Export quantity,2007,2007,t,162.84,A
100,'356,India,4001,Urea,5910,Export quantity,2008,2008,t,416.84,A
100,'356,India,4001,Urea,5910,Export quantity,2009,2009,t,23184.59,A
100,'356,India,4001,Urea,5910,Export quantity,2010,2010,t,16158.85,X
100,'356,India,4001,Urea,5910,Export quantity,2011,2011,t,12835.53,A
100,'356,India,4001,Urea,5910,Export quantity,2012,2012,t,42148.11,A
100,'356,India,4001,Urea,5910,Export quantity,2013,2013,t,12528.32,A
100,'356,India,4001,Urea,5910,Export quantity,2014,2014,t,1062.55,A
100,'356,India,4001,Urea,5910,Export quantity,2015,2015,t,45.36,A
100,'356,India,4001,Urea,5910,Export quantity,2016,2016,t,888.3,A
100,'356,India,4001,Urea,5910,Export quantity,2017,2017,t,58898.11,X
100,'356,India,4001,Urea,5910,Export quantity,2018,2018,t,86767.64,X
100,'356,India,4001,Urea,5910,Export quantity,2019,2019,t,72643.53,X
100,'356,India,4001,Urea,5910,Export quantity,2020,2020,t,96667.42,X
100,'356,India,4001,Urea,5910,Export quantity,2021,2021,t,28479.81,A
100,'356,India,4001,Urea,5910,Export quantity,2022,2022,t,64113.95,X
100,'356,India,4001,Urea,5910,Export quantity,2023,2023,t,74868.12,X
100,'356,India,4001,Urea,5910,Export quantity,2024,2024,t,52294.32,X
100,'356,India,4001,Urea,5922,Export value,2002,2002,1000 USD,36.88,A
100,'356,India,4001,Urea,5922,Export value,2003,2003,1000 USD,1413.85,A
100,'356,India,4001,Urea,5922,Export value,2004,2004,1000 USD,659.49,A
100,'356,India,4001,Urea,5922,Export value,2005,2005,1000 USD,1231.78,A
100,'356,India,4001,Urea,5922,Export value,2006,2006,1000 USD,174.82,A
100,'356,India,4001,Urea,5922,Export value,2007,2007,1000 USD,166.63,A
100,'356,India,4001,Urea,5922,Export value,2008,2008,1000 USD,205.91,A
100,'356,India,4001,Urea,5922,Export value,2009,2009,1000 USD,8882.08,A
100,'356,India,4001,Urea,5922,Export value,2010,2010,1000 USD,4588.23,A
100,'356,India,4001,Urea,5922,Export value,2011,2011,1000 USD,8330.63,A
100,'356,India,4001,Urea,5922,Export value,2012,2012,1000 USD,20323.36,A
100,'356,India,4001,Urea,5922,Export value,2013,2013,1000 USD,3063.74,A
100,'356,India,4001,Urea,5922,Export value,2014,2014,1000 USD,544.6,A
100,'356,India,4001,Urea,5922,Export value,2015,2015,1000 USD,78.22,A
100,'356,India,4001,Urea,5922,Export value,2016,2016,1000 USD,299.02,A
100,'356,India,4001,Urea,5922,Export value,2017,2017,1000 USD,18301.89,A
100,'356,India,4001,Urea,5922,Export value,2018,2018,1000 USD,28796.44,A
100,'356,India,4001,Urea,5922,Export value,2019,2019,1000 USD,23373.58,A
100,'356,India,4001,Urea,5922,Export value,2020,2020,1000 USD,27730.78,A
100,'356,India,4001,Urea,5922,Export value,2021,2021,1000 USD,13814.83,A
100,'356,India,4001,Urea,5922,Export value,2022,2022,1000 USD,48798.29,A
100,'356,India,4001,Urea,5922,Export value,2023,2023,1000 USD,40420.18,A
100,'356,India,4001,Urea,5922,Export value,2024,2024,1000 USD,20912.03,A
100,'356,India,4001,Urea,5157,Agricultural Use,2002,2002,t,18493090.0,A
100,'356,India,4001,Urea,5157,Agricultural Use,2003,2003,t,19767480.0,A
100,'356,India,4001,Urea,5157,Agricultural Use,2004,2004,t,20665190.0,A
100,'356,India,4001,Urea,5157,Agricultural Use,2005,2005,t,22297510.0,A
100,'356,India,4001,Urea,5157,Agricultural Use,2006,2006,t,24337660.0,A
100,'356,India,4001,Urea,5157,Agricultural Use,2007,2007,t,25963150.0,A
100,'356,India,4001,Urea,5157,Agricultural Use,2008,2008,t,26549210.0,A
100,'356,India,4001,Urea,5157,Agricultural Use,2009,2009,t,26673440.0,A
100,'356,India,4001,Urea,5157,Agricultural Use,2010,2010,t,28112530.0,A
100,'356,India,4001,Urea,5157,Agricultural Use,2011,2011,t,29565320.0,A
100,'356,India,4001,Urea,5157,Agricultural Use,2012,2012,t,30002200.0,A
100,'356,India,4001,Urea,5157,Agricultural Use,2013,2013,t,30600480.0,A
100,'356,India,4001,Urea,5157,Agricultural Use,2014,2014,t,30610000.0,A
100,'356,India,4001,Urea,5157,Agricultural Use,2015,2015,t,30634870.0,A
100,'356,India,4001,Urea,5157,Agricultural Use,2016,2016,t,29613580.0,A
100,'356,India,4001,Urea,5157,Agricultural Use,2017,2017,t,29894400.0,A
100,'356,India,4001,Urea,5157,Agricultural Use,2018,2018,t,31418100.0,A
100,'356,India,4001,Urea,5157,Agricultural Use,2019,2019,t,33695400.0,A
100,'356,India,4001,Urea,5157,Agricultural Use,2020,2020,t,35042500.0,P
100,'356,India,4001,Urea,5157,Agricultural Use,2021,2021,t,34180120.0,A
100,'356,India,4001,Urea,5157,Agricultural Use,2022,2022,t,35725112.0,A
100,'356,India,4001,Urea,5157,Agricultural Use,2023,2023,t,35780432.0,A
100,'356,India,4001,Urea,5157,Agricultural Use,2024,2024,t,38774360.0,A
100,'356,India,4006,Urea and ammonium nitrate solutions (UAN),5610,Import quantity,2005,2005,t,48.0,A
100,'356,India,4006,Urea and ammonium nitrate solutions (UAN),5610,Import quantity,2012,2012,t,1.21,A
100,'356,India,4006,Urea and ammonium nitrate solutions (UAN),5610,Import quantity,2015,2015,t,24.0,A
100,'356,India,4006,Urea and ammonium nitrate solutions (UAN),5610,Import quantity,2018,2018,t,1091.97,X
100,'356,India,4006,Urea and ammonium nitrate solutions (UAN),5610,Import quantity,2020,2020,t,5.37,A
100,'356,India,4006,Urea and ammonium nitrate solutions (UAN),5610,Import quantity,2021,2021,t,134.7,A
100,'356,India,4006,Urea and ammonium nitrate solutions (UAN),5610,Import quantity,2022,2022,t,156.78,A
100,'356,India,4006,Urea and ammonium nitrate solutions (UAN),5610,Import quantity,2023,2023,t,133.4,A
100,'356,India,4006,Urea and ammonium nitrate solutions (UAN),5610,Import quantity,2024,2024,t,201.9,A
100,'356,India,4006,Urea and ammonium nitrate solutions (UAN),5622,Import value,2005,2005,1000 USD,29.55,A
100,'356,India,4006,Urea and ammonium nitrate solutions (UAN),5622,Import value,2012,2012,1000 USD,2.68,A
100,'356,India,4006,Urea and ammonium nitrate solutions (UAN),5622,Import value,2015,2015,1000 USD,6.01,A
100,'356,India,4006,Urea and ammonium nitrate solutions (UAN),5622,Import value,2018,2018,1000 USD,198.62,A
100,'356,India,4006,Urea and ammonium nitrate solutions (UAN),5622,Import value,2020,2020,1000 USD,4.37,A
100,'356,India,4006,Urea and ammonium nitrate solutions (UAN),5622,Import value,2021,2021,1000 USD,100.32,A
100,'356,India,4006,Urea and ammonium nitrate solutions (UAN),5622,Import value,2022,2022,1000 USD,149.84,A
100,'356,India,4006,Urea and ammonium nitrate solutions (UAN),5622,Import value,2023,2023,1000 USD,94.95,A
100,'356,India,4006,Urea and ammonium nitrate solutions (UAN),5622,Import value,2024,2024,1000 USD,118.27,A
100,'356,India,4006,Urea and ammonium nitrate solutions (UAN),5910,Export quantity,2002,2002,t,25.0,A
100,'356,India,4006,Urea and ammonium nitrate solutions (UAN),5910,Export quantity,2003,2003,t,82.04,A
100,'356,India,4006,Urea and ammonium nitrate solutions (UAN),5910,Export quantity,2004,2004,t,601.3,A
100,'356,India,4006,Urea and ammonium nitrate solutions (UAN),5910,Export quantity,2005,2005,t,1.15,A
100,'356,India,4006,Urea and ammonium nitrate solutions (UAN),5910,Export quantity,2006,2006,t,24.7,X
100,'356,India,4006,Urea and ammonium nitrate solutions (UAN),5910,Export quantity,2007,2007,t,0.2,A
100,'356,India,4006,Urea and ammonium nitrate solutions (UAN),5910,Export quantity,2011,2011,t,0.36,A
100,'356,India,4006,Urea and ammonium nitrate solutions (UAN),5910,Export quantity,2013,2013,t,10.0,A
100,'356,India,4006,Urea and ammonium nitrate solutions (UAN),5910,Export quantity,2015,2015,t,0.02,A
100,'356,India,4006,Urea and ammonium nitrate solutions (UAN),5910,Export quantity,2017,2017,t,2500.0,A
100,'356,India,4006,Urea and ammonium nitrate solutions (UAN),5910,Export quantity,2022,2022,t,2.85,A
100,'356,India,4006,Urea and ammonium nitrate solutions (UAN),5910,Export quantity,2023,2023,t,10.28,X
100,'356,India,4006,Urea and ammonium nitrate solutions (UAN),5910,Export quantity,2024,2024,t,211.3,X
100,'356,India,4006,Urea and ammonium nitrate solutions (UAN),5922,Export value,2002,2002,1000 USD,11.62,A
100,'356,India,4006,Urea and ammonium nitrate solutions (UAN),5922,Export value,2003,2003,1000 USD,54.57,A
100,'356,India,4006,Urea and ammonium nitrate solutions (UAN),5922,Export value,2004,2004,1000 USD,169.37,A
100,'356,India,4006,Urea and ammonium nitrate solutions (UAN),5922,Export value,2005,2005,1000 USD,1.67,A
100,'356,India,4006,Urea and ammonium nitrate solutions (UAN),5922,Export value,2006,2006,1000 USD,18.16,A
100,'356,India,4006,Urea and ammonium nitrate solutions (UAN),5922,Export value,2007,2007,1000 USD,0.19,A
100,'356,India,4006,Urea and ammonium nitrate solutions (UAN),5922,Export value,2011,2011,1000 USD,0.03,A
100,'356,India,4006,Urea and ammonium nitrate solutions (UAN),5922,Export value,2013,2013,1000 USD,2.39,A
100,'356,India,4006,Urea and ammonium nitrate solutions (UAN),5922,Export value,2015,2015,1000 USD,0.0,A
100,'356,India,4006,Urea and ammonium nitrate solutions (UAN),5922,Export value,2017,2017,1000 USD,810.1,A
100,'356,India,4006,Urea and ammonium nitrate solutions (UAN),5922,Export value,2022,2022,1000 USD,12.34,A
100,'356,India,4006,Urea and ammonium nitrate solutions (UAN),5922,Export value,2023,2023,1000 USD,53.51,A
100,'356,India,4006,Urea and ammonium nitrate solutions (UAN),5922,Export value,2024,2024,1000 USD,93.99,A
