Area Code,Area Code (M49),Area,Item Code,Item Code (CPC),Item,Element Code,Element,Year Code,Year,Unit,Value,Flag
100,'356,India,711,'01654,"Anise, badian, coriander, cumin, caraway, fennel and juniper berries, raw",5530,Producer Price (LCU/tonne),1967,1967,LCU,1800.0,E
100,'356,India,711,'01654,"Anise, badian, coriander, cumin, caraway, fennel and juniper berries, raw",5530,Producer Price (LCU/tonne),1968,1968,LCU,1900.0,E
100,'356,India,711,'01654,"Anise, badian, coriander, cumin, caraway, fennel and juniper berries, raw",5530,Producer Price (LCU/tonne),1969,1969,LCU,2200.0,E
100,'356,India,711,'01654,"Anise, badian, coriander, cumin, caraway, fennel and juniper berries, raw",5530,Producer Price (LCU/tonne),1970,1970,LCU,2400.0,E
100,'356,India,711,'01654,"Anise, badian, coriander, cumin, caraway, fennel and juniper berries, raw",5530,Producer Price (LCU/tonne),1971,1971,LCU,2700.0,E
100,'356,India,711,'01654,"Anise, badian, coriander, cumin, caraway, fennel and juniper berries, raw",5530,Producer Price (LCU/tonne),1972,1972,LCU,3400.0,E
100,'356,India,711,'01654,"Anise, badian, coriander, cumin, caraway, fennel and juniper berries, raw",5530,Producer Price (LCU/tonne),1973,1973,LCU,4000.0,E
100,'356,India,711,'01654,"Anise, badian, coriander, cumin, caraway, fennel and juniper berries, raw",5530,Producer Price (LCU/tonne),1974,1974,LCU,5600.0,E
100,'356,India,711,'01654,"Anise, badian, coriander, cumin, caraway, fennel and juniper berries, raw",5530,Producer Price (LCU/tonne),1975,1975,LCU,6300.0,E
100,'356,India,711,'01654,"Anise, badian, coriander, cumin, caraway, fennel and juniper berries, raw",5530,Producer Price (LCU/tonne),1976,1976,LCU,8000.0,E
100,'356,India,711,'01654,"Anise, badian, coriander, cumin, caraway, fennel and juniper berries, raw",5530,Producer Price (LCU/tonne),1977,1977,LCU,9300.0,E
100,'356,India,711,'01654,"Anise, badian, coriander, cumin, caraway, fennel and juniper berries, raw",5530,Producer Price (LCU/tonne),1978,1978,LCU,9300.0,E
100,'356,India,711,'01654,"Anise, badian, coriander, cumin, caraway, fennel and juniper berries, raw",5530,Producer Price (LCU/tonne),1979,1979,LCU,9300.0,E
100,'356,India,711,'01654,"Anise, badian, coriander, cumin, caraway, fennel and juniper berries, raw",5530,Producer Price (LCU/tonne),1980,1980,LCU,9300.0,E
100,'356,India,711,'01654,"Anise, badian, coriander, cumin, caraway, fennel and juniper berries, raw",5530,Producer Price (LCU/tonne),1981,1981,LCU,9300.0,E
100,'356,India,711,'01654,"Anise, badian, coriander, cumin, caraway, fennel and juniper berries, raw",5530,Producer Price (LCU/tonne),1982,1982,LCU,9300.0,E
100,'356,India,711,'01654,"Anise, badian, coriander, cumin, caraway, fennel and juniper berries, raw",5530,Producer Price (LCU/tonne),1983,1983,LCU,9300.0,E
100,'356,India,711,'01654,"Anise, badian, coriander, cumin, caraway, fennel and juniper berries, raw",5530,Producer Price (LCU/tonne),1984,1984,LCU,9300.0,E
100,'356,India,711,'01654,"Anise, badian, coriander, cumin, caraway, fennel and juniper berries, raw",5530,Producer Price (LCU/tonne),1985,1985,LCU,15900.0,E
100,'356,India,711,'01654,"Anise, badian, coriander, cumin, caraway, fennel and juniper berries, raw",5530,Producer Price (LCU/tonne),1986,1986,LCU,19300.0,E
100,'356,India,711,'01654,"Anise, badian, coriander, cumin, caraway, fennel and juniper berries, raw",5530,Producer Price (LCU/tonne),1987,1987,LCU,26800.0,E
100,'356,India,711,'01654,"Anise, badian, coriander, cumin, caraway, fennel and juniper berries, raw",5530,Producer Price (LCU/tonne),1988,1988,LCU,28400.0,E
100,'356,India,711,'01654,"Anise, badian, coriander, cumin, caraway, fennel and juniper berries, raw",5530,Producer Price (LCU/tonne),1989,1989,LCU,30900.0,E
100,'356,India,711,'01654,"Anise, badian, coriander, cumin, caraway, fennel and juniper berries, raw",5530,Producer Price (LCU/tonne),1990,1990,LCU,31000.0,E
100,'356,India,515,'01341,Apples,5530,Producer Price (LCU/tonne),1967,1967,LCU,544.0,E
100,'356,India,515,'01341,Apples,5530,Producer Price (LCU/tonne),1968,1968,LCU,479.0,E
100,'356,India,515,'01341,Apples,5530,Producer Price (LCU/tonne),1969,1969,LCU,587.0,E
100,'356,India,515,'01341,Apples,5530,Producer Price (LCU/tonne),1970,1970,LCU,616.0,E
100,'356,India,515,'01341,Apples,5530,Producer Price (LCU/tonne),1971,1971,LCU,579.0,E
100,'356,India,515,'01341,Apples,5530,Producer Price (LCU/tonne),1972,1972,LCU,604.0,E
100,'356,India,515,'01341,Apples,5530,Producer Price (LCU/tonne),1973,1973,LCU,695.0,E
100,'356,India,515,'01341,Apples,5530,Producer Price (LCU/tonne),1974,1974,LCU,757.0,E
100,'356,India,515,'01341,Apples,5530,Producer Price (LCU/tonne),1975,1975,LCU,690.0,E
100,'356,India,515,'01341,Apples,5530,Producer Price (LCU/tonne),1976,1976,LCU,694.0,E
100,'356,India,515,'01341,Apples,5530,Producer Price (LCU/tonne),1977,1977,LCU,800.0,E
100,'356,India,515,'01341,Apples,5530,Producer Price (LCU/tonne),1978,1978,LCU,850.0,E
100,'356,India,515,'01341,Apples,5530,Producer Price (LCU/tonne),1979,1979,LCU,888.0,E
100,'356,India,515,'01341,Apples,5530,Producer Price (LCU/tonne),1980,1980,LCU,1040.0,E
100,'356,India,515,'01341,Apples,5530,Producer Price (LCU/tonne),1981,1981,LCU,1230.0,E
100,'356,India,515,'01341,Apples,5530,Producer Price (LCU/tonne),1982,1982,LCU,1350.0,E
100,'356,India,515,'01341,Apples,5530,Producer Price (LCU/tonne),1983,1983,LCU,1480.0,E
100,'356,India,515,'01341,Apples,5530,Producer Price (LCU/tonne),1984,1984,LCU,1630.0,E
100,'356,India,515,'01341,Apples,5530,Producer Price (LCU/tonne),1985,1985,LCU,1800.0,E
100,'356,India,515,'01341,Apples,5530,Producer Price (LCU/tonne),1986,1986,LCU,1980.0,E
100,'356,India,515,'01341,Apples,5530,Producer Price (LCU/tonne),1987,1987,LCU,2170.0,E
100,'356,India,515,'01341,Apples,5530,Producer Price (LCU/tonne),1988,1988,LCU,2300.0,E
100,'356,India,515,'01341,Apples,5530,Producer Price (LCU/tonne),1989,1989,LCU,2500.0,E
100,'356,India,515,'01341,Apples,5530,Producer Price (LCU/tonne),1990,1990,LCU,2700.0,E
100,'356,India,526,'01343,Apricots,5530,Producer Price (LCU/tonne),1967,1967,LCU,544.0,E
100,'356,India,526,'01343,Apricots,5530,Producer Price (LCU/tonne),1968,1968,LCU,479.0,E
100,'356,India,526,'01343,Apricots,5530,Producer Price (LCU/tonne),1969,1969,LCU,587.0,E
100,'356,India,526,'01343,Apricots,5530,Producer Price (LCU/tonne),1970,1970,LCU,616.0,E
100,'356,India,526,'01343,Apricots,5530,Producer Price (LCU/tonne),1971,1971,LCU,579.0,E
100,'356,India,526,'01343,Apricots,5530,Producer Price (LCU/tonne),1972,1972,LCU,604.0,E
100,'356,India,526,'01343,Apricots,5530,Producer Price (LCU/tonne),1973,1973,LCU,695.0,E
100,'356,India,526,'01343,Apricots,5530,Producer Price (LCU/tonne),1974,1974,LCU,757.0,E
100,'356,India,526,'01343,Apricots,5530,Producer Price (LCU/tonne),1975,1975,LCU,690.0,E
100,'356,India,526,'01343,Apricots,5530,Producer Price (LCU/tonne),1976,1976,LCU,694.0,E
100,'356,India,526,'01343,Apricots,5530,Producer Price (LCU/tonne),1977,1977,LCU,800.0,E
100,'356,India,526,'01343,Apricots,5530,Producer Price (LCU/tonne),1978,1978,LCU,850.0,E
100,'356,India,526,'01343,Apricots,5530,Producer Price (LCU/tonne),1979,1979,LCU,888.0,E
100,'356,India,526,'01343,Apricots,5530,Producer Price (LCU/tonne),1980,1980,LCU,1040.0,E
100,'356,India,526,'01343,Apricots,5530,Producer Price (LCU/tonne),1981,1981,LCU,1230.0,E
100,'356,India,526,'01343,Apricots,5530,Producer Price (LCU/tonne),1982,1982,LCU,1350.0,E
100,'356,India,526,'01343,Apricots,5530,Producer Price (LCU/tonne),1983,1983,LCU,1480.0,E
100,'356,India,526,'01343,Apricots,5530,Producer Price (LCU/tonne),1984,1984,LCU,1630.0,E
100,'356,India,526,'01343,Apricots,5530,Producer Price (LCU/tonne),1985,1985,LCU,1800.0,E
100,'356,India,526,'01343,Apricots,5530,Producer Price (LCU/tonne),1986,1986,LCU,1980.0,E
100,'356,India,526,'01343,Apricots,5530,Producer Price (LCU/tonne),1987,1987,LCU,2170.0,E
100,'356,India,526,'01343,Apricots,5530,Producer Price (LCU/tonne),1988,1988,LCU,2300.0,E
100,'356,India,526,'01343,Apricots,5530,Producer Price (LCU/tonne),1989,1989,LCU,2500.0,E
100,'356,India,526,'01343,Apricots,5530,Producer Price (LCU/tonne),1990,1990,LCU,2700.0,E
100,'356,India,486,'01312,Bananas,5530,Producer Price (LCU/tonne),1967,1967,LCU,381.0,A
100,'356,India,486,'01312,Bananas,5530,Producer Price (LCU/tonne),1968,1968,LCU,472.0,A
100,'356,India,486,'01312,Bananas,5530,Producer Price (LCU/tonne),1969,1969,LCU,460.0,A
100,'356,India,486,'01312,Bananas,5530,Producer Price (LCU/tonne),1970,1970,LCU,459.0,A
100,'356,India,486,'01312,Bananas,5530,Producer Price (LCU/tonne),1971,1971,LCU,600.0,A
100,'356,India,486,'01312,Bananas,5530,Producer Price (LCU/tonne),1972,1972,LCU,506.0,A
100,'356,India,486,'01312,Bananas,5530,Producer Price (LCU/tonne),1973,1973,LCU,592.0,A
100,'356,India,486,'01312,Bananas,5530,Producer Price (LCU/tonne),1974,1974,LCU,691.0,A
100,'356,India,486,'01312,Bananas,5530,Producer Price (LCU/tonne),1975,1975,LCU,629.0,E
100,'356,India,486,'01312,Bananas,5530,Producer Price (LCU/tonne),1976,1976,LCU,634.0,E
100,'356,India,486,'01312,Bananas,5530,Producer Price (LCU/tonne),1977,1977,LCU,700.0,E
100,'356,India,486,'01312,Bananas,5530,Producer Price (LCU/tonne),1978,1978,LCU,731.0,E
100,'356,India,486,'01312,Bananas,5530,Producer Price (LCU/tonne),1979,1979,LCU,759.0,E
100,'356,India,486,'01312,Bananas,5530,Producer Price (LCU/tonne),1980,1980,LCU,887.0,E
100,'356,India,486,'01312,Bananas,5530,Producer Price (LCU/tonne),1981,1981,LCU,1050.0,E
100,'356,India,486,'01312,Bananas,5530,Producer Price (LCU/tonne),1982,1982,LCU,1150.0,E
100,'356,India,486,'01312,Bananas,5530,Producer Price (LCU/tonne),1983,1983,LCU,1270.0,E
100,'356,India,486,'01312,Bananas,5530,Producer Price (LCU/tonne),1984,1984,LCU,1390.0,E
100,'356,India,486,'01312,Bananas,5530,Producer Price (LCU/tonne),1985,1985,LCU,1530.0,E
100,'356,India,486,'01312,Bananas,5530,Producer Price (LCU/tonne),1986,1986,LCU,1690.0,E
100,'356,India,486,'01312,Bananas,5530,Producer Price (LCU/tonne),1987,1987,LCU,1860.0,E
100,'356,India,486,'01312,Bananas,5530,Producer Price (LCU/tonne),1988,1988,LCU,2000.0,E
100,'356,India,486,'01312,Bananas,5530,Producer Price (LCU/tonne),1989,1989,LCU,2100.0,E
100,'356,India,486,'01312,Bananas,5530,Producer Price (LCU/tonne),1990,1990,LCU,2200.0,E
100,'356,India,44,'0115,Barley,5530,Producer Price (LCU/tonne),1966,1966,LCU,612.0,A
100,'356,India,44,'0115,Barley,5530,Producer Price (LCU/tonne),1967,1967,LCU,840.0,A
100,'356,India,44,'0115,Barley,5530,Producer Price (LCU/tonne),1968,1968,LCU,559.0,A
100,'356,India,44,'0115,Barley,5530,Producer Price (LCU/tonne),1969,1969,LCU,586.0,A
100,'356,India,44,'0115,Barley,5530,Producer Price (LCU/tonne),1970,1970,LCU,609.0,A
100,'356,India,44,'0115,Barley,5530,Producer Price (LCU/tonne),1971,1971,LCU,487.0,A
100,'356,India,44,'0115,Barley,5530,Producer Price (LCU/tonne),1972,1972,LCU,622.0,A
100,'356,India,44,'0115,Barley,5530,Producer Price (LCU/tonne),1973,1973,LCU,926.0,A
100,'356,India,44,'0115,Barley,5530,Producer Price (LCU/tonne),1974,1974,LCU,1400.0,E
100,'356,India,44,'0115,Barley,5530,Producer Price (LCU/tonne),1975,1975,LCU,1096.0,A
100,'356,India,44,'0115,Barley,5530,Producer Price (LCU/tonne),1976,1976,LCU,702.0,A
100,'356,India,44,'0115,Barley,5530,Producer Price (LCU/tonne),1977,1977,LCU,988.0,A
100,'356,India,44,'0115,Barley,5530,Producer Price (LCU/tonne),1978,1978,LCU,1025.0,A
100,'356,India,44,'0115,Barley,5530,Producer Price (LCU/tonne),1979,1979,LCU,937.0,A
100,'356,India,44,'0115,Barley,5530,Producer Price (LCU/tonne),1980,1980,LCU,1274.0,A
100,'356,India,44,'0115,Barley,5530,Producer Price (LCU/tonne),1981,1981,LCU,1396.0,A
100,'356,India,44,'0115,Barley,5530,Producer Price (LCU/tonne),1982,1982,LCU,1430.0,E
100,'356,India,44,'0115,Barley,5530,Producer Price (LCU/tonne),1983,1983,LCU,1468.0,A
100,'356,India,44,'0115,Barley,5530,Producer Price (LCU/tonne),1984,1984,LCU,1405.0,A
100,'356,India,44,'0115,Barley,5530,Producer Price (LCU/tonne),1985,1985,LCU,1574.0,A
100,'356,India,44,'0115,Barley,5530,Producer Price (LCU/tonne),1986,1986,LCU,1619.0,A
100,'356,India,44,'0115,Barley,5530,Producer Price (LCU/tonne),1987,1987,LCU,1651.0,A
100,'356,India,44,'0115,Barley,5530,Producer Price (LCU/tonne),1988,1988,LCU,1927.0,A
100,'356,India,44,'0115,Barley,5530,Producer Price (LCU/tonne),1989,1989,LCU,2099.0,A
100,'356,India,44,'0115,Barley,5530,Producer Price (LCU/tonne),1990,1990,LCU,2213.0,A
100,'356,India,176,'01701,"Beans, dry",5530,Producer Price (LCU/tonne),1966,1966,LCU,750.0,A
100,'356,India,176,'01701,"Beans, dry",5530,Producer Price (LCU/tonne),1967,1967,LCU,1070.0,A
100,'356,India,176,'01701,"Beans, dry",5530,Producer Price (LCU/tonne),1968,1968,LCU,1006.0,A
100,'356,India,176,'01701,"Beans, dry",5530,Producer Price (LCU/tonne),1969,1969,LCU,877.0,A
100,'356,India,176,'01701,"Beans, dry",5530,Producer Price (LCU/tonne),1970,1970,LCU,834.0,A
100,'356,India,176,'01701,"Beans, dry",5530,Producer Price (LCU/tonne),1971,1971,LCU,864.0,A
100,'356,India,176,'01701,"Beans, dry",5530,Producer Price (LCU/tonne),1972,1972,LCU,1132.0,A
100,'356,India,176,'01701,"Beans, dry",5530,Producer Price (LCU/tonne),1973,1973,LCU,1503.0,A
100,'356,India,176,'01701,"Beans, dry",5530,Producer Price (LCU/tonne),1974,1974,LCU,1654.0,A
100,'356,India,176,'01701,"Beans, dry",5530,Producer Price (LCU/tonne),1975,1975,LCU,1778.0,A
100,'356,India,176,'01701,"Beans, dry",5530,Producer Price (LCU/tonne),1976,1976,LCU,1220.0,E
100,'356,India,176,'01701,"Beans, dry",5530,Producer Price (LCU/tonne),1977,1977,LCU,1460.0,E
100,'356,India,176,'01701,"Beans, dry",5530,Producer Price (LCU/tonne),1978,1978,LCU,1900.0,E
100,'356,India,176,'01701,"Beans, dry",5530,Producer Price (LCU/tonne),1979,1979,LCU,1880.0,E
100,'356,India,176,'01701,"Beans, dry",5530,Producer Price (LCU/tonne),1980,1980,LCU,2690.0,E
100,'356,India,176,'01701,"Beans, dry",5530,Producer Price (LCU/tonne),1981,1981,LCU,3000.0,E
100,'356,India,176,'01701,"Beans, dry",5530,Producer Price (LCU/tonne),1982,1982,LCU,2100.0,E
100,'356,India,176,'01701,"Beans, dry",5530,Producer Price (LCU/tonne),1983,1983,LCU,2900.0,E
100,'356,India,176,'01701,"Beans, dry",5530,Producer Price (LCU/tonne),1984,1984,LCU,3500.0,E
100,'356,India,176,'01701,"Beans, dry",5530,Producer Price (LCU/tonne),1985,1985,LCU,4500.0,E
100,'356,India,176,'01701,"Beans, dry",5530,Producer Price (LCU/tonne),1986,1986,LCU,4500.0,E
100,'356,India,176,'01701,"Beans, dry",5530,Producer Price (LCU/tonne),1987,1987,LCU,4500.0,E
100,'356,India,176,'01701,"Beans, dry",5530,Producer Price (LCU/tonne),1988,1988,LCU,5000.0,E
100,'356,India,176,'01701,"Beans, dry",5530,Producer Price (LCU/tonne),1989,1989,LCU,6000.0,E
100,'356,India,176,'01701,"Beans, dry",5530,Producer Price (LCU/tonne),1990,1990,LCU,6500.0,E
100,'356,India,358,'01212,Cabbages,5530,Producer Price (LCU/tonne),1966,1966,LCU,480.0,E
100,'356,India,358,'01212,Cabbages,5530,Producer Price (LCU/tonne),1967,1967,LCU,544.0,E
100,'356,India,358,'01212,Cabbages,5530,Producer Price (LCU/tonne),1968,1968,LCU,479.0,E
100,'356,India,358,'01212,Cabbages,5530,Producer Price (LCU/tonne),1969,1969,LCU,587.0,E
100,'356,India,358,'01212,Cabbages,5530,Producer Price (LCU/tonne),1970,1970,LCU,616.0,E
100,'356,India,358,'01212,Cabbages,5530,Producer Price (LCU/tonne),1971,1971,LCU,579.0,E
100,'356,India,358,'01212,Cabbages,5530,Producer Price (LCU/tonne),1972,1972,LCU,604.0,E
100,'356,India,358,'01212,Cabbages,5530,Producer Price (LCU/tonne),1973,1973,LCU,695.0,E
100,'356,India,358,'01212,Cabbages,5530,Producer Price (LCU/tonne),1974,1974,LCU,757.0,E
100,'356,India,358,'01212,Cabbages,5530,Producer Price (LCU/tonne),1975,1975,LCU,690.0,E
100,'356,India,358,'01212,Cabbages,5530,Producer Price (LCU/tonne),1976,1976,LCU,694.0,E
100,'356,India,358,'01212,Cabbages,5530,Producer Price (LCU/tonne),1977,1977,LCU,700.0,E
100,'356,India,358,'01212,Cabbages,5530,Producer Price (LCU/tonne),1978,1978,LCU,750.0,E
100,'356,India,358,'01212,Cabbages,5530,Producer Price (LCU/tonne),1979,1979,LCU,781.0,E
100,'356,India,358,'01212,Cabbages,5530,Producer Price (LCU/tonne),1980,1980,LCU,913.0,E
100,'356,India,358,'01212,Cabbages,5530,Producer Price (LCU/tonne),1981,1981,LCU,1080.0,E
100,'356,India,358,'01212,Cabbages,5530,Producer Price (LCU/tonne),1982,1982,LCU,1180.0,E
100,'356,India,358,'01212,Cabbages,5530,Producer Price (LCU/tonne),1983,1983,LCU,1300.0,E
100,'356,India,358,'01212,Cabbages,5530,Producer Price (LCU/tonne),1984,1984,LCU,1430.0,E
100,'356,India,358,'01212,Cabbages,5530,Producer Price (LCU/tonne),1985,1985,LCU,1580.0,E
100,'356,India,358,'01212,Cabbages,5530,Producer Price (LCU/tonne),1986,1986,LCU,1740.0,E
100,'356,India,358,'01212,Cabbages,5530,Producer Price (LCU/tonne),1987,1987,LCU,1910.0,E
100,'356,India,358,'01212,Cabbages,5530,Producer Price (LCU/tonne),1988,1988,LCU,2000.0,E
100,'356,India,358,'01212,Cabbages,5530,Producer Price (LCU/tonne),1989,1989,LCU,2100.0,E
100,'356,India,358,'01212,Cabbages,5530,Producer Price (LCU/tonne),1990,1990,LCU,2200.0,E
100,'356,India,217,'01372,"Cashew nuts, in shell",5530,Producer Price (LCU/tonne),1966,1966,LCU,994.0,A
100,'356,India,217,'01372,"Cashew nuts, in shell",5530,Producer Price (LCU/tonne),1967,1967,LCU,1337.0,A
100,'356,India,217,'01372,"Cashew nuts, in shell",5530,Producer Price (LCU/tonne),1968,1968,LCU,1383.0,A
100,'356,India,217,'01372,"Cashew nuts, in shell",5530,Producer Price (LCU/tonne),1969,1969,LCU,1421.0,A
100,'356,India,217,'01372,"Cashew nuts, in shell",5530,Producer Price (LCU/tonne),1970,1970,LCU,1386.0,A
100,'356,India,217,'01372,"Cashew nuts, in shell",5530,Producer Price (LCU/tonne),1971,1971,LCU,1521.0,A
100,'356,India,217,'01372,"Cashew nuts, in shell",5530,Producer Price (LCU/tonne),1972,1972,LCU,2038.0,A
100,'356,India,217,'01372,"Cashew nuts, in shell",5530,Producer Price (LCU/tonne),1973,1973,LCU,2954.0,A
100,'356,India,217,'01372,"Cashew nuts, in shell",5530,Producer Price (LCU/tonne),1974,1974,LCU,2686.0,A
100,'356,India,217,'01372,"Cashew nuts, in shell",5530,Producer Price (LCU/tonne),1975,1975,LCU,2230.0,E
100,'356,India,217,'01372,"Cashew nuts, in shell",5530,Producer Price (LCU/tonne),1976,1976,LCU,1890.0,E
100,'356,India,217,'01372,"Cashew nuts, in shell",5530,Producer Price (LCU/tonne),1977,1977,LCU,2720.0,E
100,'356,India,217,'01372,"Cashew nuts, in shell",5530,Producer Price (LCU/tonne),1978,1978,LCU,2280.0,E
100,'356,India,217,'01372,"Cashew nuts, in shell",5530,Producer Price (LCU/tonne),1979,1979,LCU,2630.0,E
100,'356,India,217,'01372,"Cashew nuts, in shell",5530,Producer Price (LCU/tonne),1980,1980,LCU,3220.0,E
100,'356,India,217,'01372,"Cashew nuts, in shell",5530,Producer Price (LCU/tonne),1981,1981,LCU,3490.0,E
100,'356,India,217,'01372,"Cashew nuts, in shell",5530,Producer Price (LCU/tonne),1982,1982,LCU,3760.0,E
100,'356,India,217,'01372,"Cashew nuts, in shell",5530,Producer Price (LCU/tonne),1983,1983,LCU,4070.0,E
100,'356,India,217,'01372,"Cashew nuts, in shell",5530,Producer Price (LCU/tonne),1984,1984,LCU,4390.0,E
100,'356,India,217,'01372,"Cashew nuts, in shell",5530,Producer Price (LCU/tonne),1985,1985,LCU,4740.0,E
100,'356,India,217,'01372,"Cashew nuts, in shell",5530,Producer Price (LCU/tonne),1986,1986,LCU,5120.0,E
100,'356,India,217,'01372,"Cashew nuts, in shell",5530,Producer Price (LCU/tonne),1987,1987,LCU,5530.0,E
100,'356,India,217,'01372,"Cashew nuts, in shell",5530,Producer Price (LCU/tonne),1988,1988,LCU,5900.0,E
100,'356,India,217,'01372,"Cashew nuts, in shell",5530,Producer Price (LCU/tonne),1989,1989,LCU,6200.0,E
100,'356,India,217,'01372,"Cashew nuts, in shell",5530,Producer Price (LCU/tonne),1990,1990,LCU,6500.0,E
100,'356,India,125,'01520.01,"Cassava, fresh",5530,Producer Price (LCU/tonne),1966,1966,LCU,194.0,A
100,'356,India,125,'01520.01,"Cassava, fresh",5530,Producer Price (LCU/tonne),1967,1967,LCU,182.0,A
100,'356,India,125,'01520.01,"Cassava, fresh",5530,Producer Price (LCU/tonne),1968,1968,LCU,232.0,A
100,'356,India,125,'01520.01,"Cassava, fresh",5530,Producer Price (LCU/tonne),1969,1969,LCU,215.0,A
100,'356,India,125,'01520.01,"Cassava, fresh",5530,Producer Price (LCU/tonne),1970,1970,LCU,186.0,A
100,'356,India,125,'01520.01,"Cassava, fresh",5530,Producer Price (LCU/tonne),1971,1971,LCU,210.0,A
100,'356,India,125,'01520.01,"Cassava, fresh",5530,Producer Price (LCU/tonne),1972,1972,LCU,205.0,A
100,'356,India,125,'01520.01,"Cassava, fresh",5530,Producer Price (LCU/tonne),1973,1973,LCU,237.0,A
100,'356,India,125,'01520.01,"Cassava, fresh",5530,Producer Price (LCU/tonne),1974,1974,LCU,325.0,A
100,'356,India,125,'01520.01,"Cassava, fresh",5530,Producer Price (LCU/tonne),1975,1975,LCU,367.0,A
100,'356,India,125,'01520.01,"Cassava, fresh",5530,Producer Price (LCU/tonne),1976,1976,LCU,430.0,E
100,'356,India,125,'01520.01,"Cassava, fresh",5530,Producer Price (LCU/tonne),1977,1977,LCU,580.0,E
100,'356,India,125,'01520.01,"Cassava, fresh",5530,Producer Price (LCU/tonne),1978,1978,LCU,620.0,E
100,'356,India,125,'01520.01,"Cassava, fresh",5530,Producer Price (LCU/tonne),1979,1979,LCU,690.0,E
100,'356,India,125,'01520.01,"Cassava, fresh",5530,Producer Price (LCU/tonne),1980,1980,LCU,720.0,E
100,'356,India,125,'01520.01,"Cassava, fresh",5530,Producer Price (LCU/tonne),1981,1981,LCU,790.0,E
100,'356,India,125,'01520.01,"Cassava, fresh",5530,Producer Price (LCU/tonne),1982,1982,LCU,870.0,E
100,'356,India,125,'01520.01,"Cassava, fresh",5530,Producer Price (LCU/tonne),1983,1983,LCU,940.0,E
100,'356,India,125,'01520.01,"Cassava, fresh",5530,Producer Price (LCU/tonne),1984,1984,LCU,1030.0,E
100,'356,India,125,'01520.01,"Cassava, fresh",5530,Producer Price (LCU/tonne),1985,1985,LCU,1120.0,E
100,'356,India,125,'01520.01,"Cassava, fresh",5530,Producer Price (LCU/tonne),1986,1986,LCU,1220.0,E
100,'356,India,125,'01520.01,"Cassava, fresh",5530,Producer Price (LCU/tonne),1987,1987,LCU,1330.0,E
100,'356,India,125,'01520.01,"Cassava, fresh",5530,Producer Price (LCU/tonne),1988,1988,LCU,1400.0,E
100,'356,India,125,'01520.01,"Cassava, fresh",5530,Producer Price (LCU/tonne),1989,1989,LCU,1500.0,E
100,'356,India,125,'01520.01,"Cassava, fresh",5530,Producer Price (LCU/tonne),1990,1990,LCU,1550.0,E
100,'356,India,265,'01447,Castor oil seeds,5530,Producer Price (LCU/tonne),1966,1966,LCU,1122.0,A
100,'356,India,265,'01447,Castor oil seeds,5530,Producer Price (LCU/tonne),1967,1967,LCU,1364.0,A
100,'356,India,265,'01447,Castor oil seeds,5530,Producer Price (LCU/tonne),1968,1968,LCU,1002.0,A
100,'356,India,265,'01447,Castor oil seeds,5530,Producer Price (LCU/tonne),1969,1969,LCU,1056.0,A
100,'356,India,265,'01447,Castor oil seeds,5530,Producer Price (LCU/tonne),1970,1970,LCU,1250.0,A
100,'356,India,265,'01447,Castor oil seeds,5530,Producer Price (LCU/tonne),1971,1971,LCU,1332.0,A
100,'356,India,265,'01447,Castor oil seeds,5530,Producer Price (LCU/tonne),1972,1972,LCU,1254.0,A
100,'356,India,265,'01447,Castor oil seeds,5530,Producer Price (LCU/tonne),1973,1973,LCU,2137.0,A
100,'356,India,265,'01447,Castor oil seeds,5530,Producer Price (LCU/tonne),1974,1974,LCU,2397.0,A
100,'356,India,265,'01447,Castor oil seeds,5530,Producer Price (LCU/tonne),1975,1975,LCU,1865.0,A
100,'356,India,265,'01447,Castor oil seeds,5530,Producer Price (LCU/tonne),1976,1976,LCU,2000.0,E
100,'356,India,265,'01447,Castor oil seeds,5530,Producer Price (LCU/tonne),1977,1977,LCU,2250.0,E
100,'356,India,265,'01447,Castor oil seeds,5530,Producer Price (LCU/tonne),1978,1978,LCU,1700.0,E
100,'356,India,265,'01447,Castor oil seeds,5530,Producer Price (LCU/tonne),1979,1979,LCU,1800.0,E
100,'356,India,265,'01447,Castor oil seeds,5530,Producer Price (LCU/tonne),1980,1980,LCU,2200.0,E
100,'356,India,265,'01447,Castor oil seeds,5530,Producer Price (LCU/tonne),1981,1981,LCU,3000.0,E
100,'356,India,265,'01447,Castor oil seeds,5530,Producer Price (LCU/tonne),1982,1982,LCU,3010.0,A
100,'356,India,265,'01447,Castor oil seeds,5530,Producer Price (LCU/tonne),1983,1983,LCU,4159.0,A
100,'356,India,265,'01447,Castor oil seeds,5530,Producer Price (LCU/tonne),1984,1984,LCU,3366.0,A
100,'356,India,265,'01447,Castor oil seeds,5530,Producer Price (LCU/tonne),1985,1985,LCU,3043.0,A
100,'356,India,265,'01447,Castor oil seeds,5530,Producer Price (LCU/tonne),1986,1986,LCU,3959.0,A
100,'356,India,265,'01447,Castor oil seeds,5530,Producer Price (LCU/tonne),1987,1987,LCU,5683.0,A
100,'356,India,265,'01447,Castor oil seeds,5530,Producer Price (LCU/tonne),1988,1988,LCU,5096.0,A
100,'356,India,265,'01447,Castor oil seeds,5530,Producer Price (LCU/tonne),1989,1989,LCU,5126.0,A
100,'356,India,265,'01447,Castor oil seeds,5530,Producer Price (LCU/tonne),1990,1990,LCU,4520.0,A
100,'356,India,393,'01213,Cauliflowers and broccoli,5530,Producer Price (LCU/tonne),1966,1966,LCU,480.0,E
100,'356,India,393,'01213,Cauliflowers and broccoli,5530,Producer Price (LCU/tonne),1967,1967,LCU,544.0,E
100,'356,India,393,'01213,Cauliflowers and broccoli,5530,Producer Price (LCU/tonne),1968,1968,LCU,479.0,E
100,'356,India,393,'01213,Cauliflowers and broccoli,5530,Producer Price (LCU/tonne),1969,1969,LCU,587.0,E
100,'356,India,393,'01213,Cauliflowers and broccoli,5530,Producer Price (LCU/tonne),1970,1970,LCU,616.0,E
100,'356,India,393,'01213,Cauliflowers and broccoli,5530,Producer Price (LCU/tonne),1971,1971,LCU,579.0,E
100,'356,India,393,'01213,Cauliflowers and broccoli,5530,Producer Price (LCU/tonne),1972,1972,LCU,604.0,E
100,'356,India,393,'01213,Cauliflowers and broccoli,5530,Producer Price (LCU/tonne),1973,1973,LCU,695.0,E
100,'356,India,393,'01213,Cauliflowers and broccoli,5530,Producer Price (LCU/tonne),1974,1974,LCU,757.0,E
100,'356,India,393,'01213,Cauliflowers and broccoli,5530,Producer Price (LCU/tonne),1975,1975,LCU,690.0,E
100,'356,India,393,'01213,Cauliflowers and broccoli,5530,Producer Price (LCU/tonne),1976,1976,LCU,694.0,E
100,'356,India,393,'01213,Cauliflowers and broccoli,5530,Producer Price (LCU/tonne),1977,1977,LCU,730.0,E
100,'356,India,393,'01213,Cauliflowers and broccoli,5530,Producer Price (LCU/tonne),1978,1978,LCU,800.0,E
100,'356,India,393,'01213,Cauliflowers and broccoli,5530,Producer Price (LCU/tonne),1979,1979,LCU,900.0,E
100,'356,India,393,'01213,Cauliflowers and broccoli,5530,Producer Price (LCU/tonne),1980,1980,LCU,913.0,E
100,'356,India,393,'01213,Cauliflowers and broccoli,5530,Producer Price (LCU/tonne),1981,1981,LCU,1080.0,E
100,'356,India,393,'01213,Cauliflowers and broccoli,5530,Producer Price (LCU/tonne),1982,1982,LCU,1180.0,E
100,'356,India,393,'01213,Cauliflowers and broccoli,5530,Producer Price (LCU/tonne),1983,1983,LCU,1300.0,E
100,'356,India,393,'01213,Cauliflowers and broccoli,5530,Producer Price (LCU/tonne),1984,1984,LCU,1430.0,E
100,'356,India,393,'01213,Cauliflowers and broccoli,5530,Producer Price (LCU/tonne),1985,1985,LCU,1580.0,E
100,'356,India,393,'01213,Cauliflowers and broccoli,5530,Producer Price (LCU/tonne),1986,1986,LCU,1740.0,E
100,'356,India,393,'01213,Cauliflowers and broccoli,5530,Producer Price (LCU/tonne),1987,1987,LCU,1910.0,E
100,'356,India,393,'01213,Cauliflowers and broccoli,5530,Producer Price (LCU/tonne),1988,1988,LCU,2000.0,E
100,'356,India,393,'01213,Cauliflowers and broccoli,5530,Producer Price (LCU/tonne),1989,1989,LCU,2100.0,E
100,'356,India,393,'01213,Cauliflowers and broccoli,5530,Producer Price (LCU/tonne),1990,1990,LCU,2200.0,E
100,'356,India,531,'01344.02,Cherries,5530,Producer Price (LCU/tonne),1967,1967,LCU,544.0,E
100,'356,India,531,'01344.02,Cherries,5530,Producer Price (LCU/tonne),1968,1968,LCU,479.0,E
100,'356,India,531,'01344.02,Cherries,5530,Producer Price (LCU/tonne),1969,1969,LCU,587.0,E
100,'356,India,531,'01344.02,Cherries,5530,Producer Price (LCU/tonne),1970,1970,LCU,616.0,E
100,'356,India,531,'01344.02,Cherries,5530,Producer Price (LCU/tonne),1971,1971,LCU,579.0,E
100,'356,India,531,'01344.02,Cherries,5530,Producer Price (LCU/tonne),1972,1972,LCU,604.0,E
100,'356,India,531,'01344.02,Cherries,5530,Producer Price (LCU/tonne),1973,1973,LCU,695.0,E
100,'356,India,531,'01344.02,Cherries,5530,Producer Price (LCU/tonne),1974,1974,LCU,757.0,E
100,'356,India,531,'01344.02,Cherries,5530,Producer Price (LCU/tonne),1975,1975,LCU,690.0,E
100,'356,India,531,'01344.02,Cherries,5530,Producer Price (LCU/tonne),1976,1976,LCU,694.0,E
100,'356,India,531,'01344.02,Cherries,5530,Producer Price (LCU/tonne),1977,1977,LCU,800.0,E
100,'356,India,531,'01344.02,Cherries,5530,Producer Price (LCU/tonne),1978,1978,LCU,850.0,E
100,'356,India,531,'01344.02,Cherries,5530,Producer Price (LCU/tonne),1979,1979,LCU,888.0,E
100,'356,India,531,'01344.02,Cherries,5530,Producer Price (LCU/tonne),1980,1980,LCU,1040.0,E
100,'356,India,531,'01344.02,Cherries,5530,Producer Price (LCU/tonne),1981,1981,LCU,1230.0,E
100,'356,India,531,'01344.02,Cherries,5530,Producer Price (LCU/tonne),1982,1982,LCU,1350.0,E
100,'356,India,531,'01344.02,Cherries,5530,Producer Price (LCU/tonne),1983,1983,LCU,1480.0,E
100,'356,India,531,'01344.02,Cherries,5530,Producer Price (LCU/tonne),1984,1984,LCU,1630.0,E
100,'356,India,531,'01344.02,Cherries,5530,Producer Price (LCU/tonne),1985,1985,LCU,1800.0,E
100,'356,India,531,'01344.02,Cherries,5530,Producer Price (LCU/tonne),1986,1986,LCU,1980.0,E
100,'356,India,531,'01344.02,Cherries,5530,Producer Price (LCU/tonne),1987,1987,LCU,2170.0,E
100,'356,India,531,'01344.02,Cherries,5530,Producer Price (LCU/tonne),1988,1988,LCU,2300.0,E
100,'356,India,531,'01344.02,Cherries,5530,Producer Price (LCU/tonne),1989,1989,LCU,2500.0,E
100,'356,India,531,'01344.02,Cherries,5530,Producer Price (LCU/tonne),1990,1990,LCU,2700.0,E
100,'356,India,191,'01703,"Chick peas, dry",5530,Producer Price (LCU/tonne),1966,1966,LCU,695.0,A
100,'356,India,191,'01703,"Chick peas, dry",5530,Producer Price (LCU/tonne),1967,1967,LCU,1009.0,A
100,'356,India,191,'01703,"Chick peas, dry",5530,Producer Price (LCU/tonne),1968,1968,LCU,772.0,A
100,'356,India,191,'01703,"Chick peas, dry",5530,Producer Price (LCU/tonne),1969,1969,LCU,871.0,A
100,'356,India,191,'01703,"Chick peas, dry",5530,Producer Price (LCU/tonne),1970,1970,LCU,908.0,A
100,'356,India,191,'01703,"Chick peas, dry",5530,Producer Price (LCU/tonne),1971,1971,LCU,761.0,A
100,'356,India,191,'01703,"Chick peas, dry",5530,Producer Price (LCU/tonne),1972,1972,LCU,954.0,A
100,'356,India,191,'01703,"Chick peas, dry",5530,Producer Price (LCU/tonne),1973,1973,LCU,1335.0,A
100,'356,India,191,'01703,"Chick peas, dry",5530,Producer Price (LCU/tonne),1974,1974,LCU,2475.0,A
100,'356,India,191,'01703,"Chick peas, dry",5530,Producer Price (LCU/tonne),1975,1975,LCU,2160.0,A
100,'356,India,191,'01703,"Chick peas, dry",5530,Producer Price (LCU/tonne),1976,1976,LCU,1477.0,A
100,'356,India,191,'01703,"Chick peas, dry",5530,Producer Price (LCU/tonne),1977,1977,LCU,1778.0,A
100,'356,India,191,'01703,"Chick peas, dry",5530,Producer Price (LCU/tonne),1978,1978,LCU,2302.0,A
100,'356,India,191,'01703,"Chick peas, dry",5530,Producer Price (LCU/tonne),1979,1979,LCU,2288.0,A
100,'356,India,191,'01703,"Chick peas, dry",5530,Producer Price (LCU/tonne),1980,1980,LCU,3270.0,A
100,'356,India,191,'01703,"Chick peas, dry",5530,Producer Price (LCU/tonne),1981,1981,LCU,4061.0,A
100,'356,India,191,'01703,"Chick peas, dry",5530,Producer Price (LCU/tonne),1982,1982,LCU,3000.0,E
100,'356,India,191,'01703,"Chick peas, dry",5530,Producer Price (LCU/tonne),1983,1983,LCU,2836.0,A
100,'356,India,191,'01703,"Chick peas, dry",5530,Producer Price (LCU/tonne),1984,1984,LCU,3269.0,A
100,'356,India,191,'01703,"Chick peas, dry",5530,Producer Price (LCU/tonne),1985,1985,LCU,4335.0,A
100,'356,India,191,'01703,"Chick peas, dry",5530,Producer Price (LCU/tonne),1986,1986,LCU,4256.0,A
100,'356,India,191,'01703,"Chick peas, dry",5530,Producer Price (LCU/tonne),1987,1987,LCU,4070.0,A
100,'356,India,191,'01703,"Chick peas, dry",5530,Producer Price (LCU/tonne),1988,1988,LCU,4876.0,A
100,'356,India,191,'01703,"Chick peas, dry",5530,Producer Price (LCU/tonne),1989,1989,LCU,5977.0,A
100,'356,India,191,'01703,"Chick peas, dry",5530,Producer Price (LCU/tonne),1990,1990,LCU,6496.0,A
100,'356,India,689,'01652,"Chillies and peppers, dry (Capsicum spp., Pimenta spp.), raw",5530,Producer Price (LCU/tonne),1967,1967,LCU,1000.0,E
100,'356,India,689,'01652,"Chillies and peppers, dry (Capsicum spp., Pimenta spp.), raw",5530,Producer Price (LCU/tonne),1968,1968,LCU,1000.0,E
100,'356,India,689,'01652,"Chillies and peppers, dry (Capsicum spp., Pimenta spp.), raw",5530,Producer Price (LCU/tonne),1969,1969,LCU,1000.0,E
100,'356,India,689,'01652,"Chillies and peppers, dry (Capsicum spp., Pimenta spp.), raw",5530,Producer Price (LCU/tonne),1970,1970,LCU,1000.0,E
100,'356,India,689,'01652,"Chillies and peppers, dry (Capsicum spp., Pimenta spp.), raw",5530,Producer Price (LCU/tonne),1971,1971,LCU,2000.0,E
100,'356,India,689,'01652,"Chillies and peppers, dry (Capsicum spp., Pimenta spp.), raw",5530,Producer Price (LCU/tonne),1972,1972,LCU,2000.0,E
100,'356,India,689,'01652,"Chillies and peppers, dry (Capsicum spp., Pimenta spp.), raw",5530,Producer Price (LCU/tonne),1973,1973,LCU,3000.0,E
100,'356,India,689,'01652,"Chillies and peppers, dry (Capsicum spp., Pimenta spp.), raw",5530,Producer Price (LCU/tonne),1974,1974,LCU,3000.0,E
100,'356,India,689,'01652,"Chillies and peppers, dry (Capsicum spp., Pimenta spp.), raw",5530,Producer Price (LCU/tonne),1975,1975,LCU,3000.0,E
100,'356,India,689,'01652,"Chillies and peppers, dry (Capsicum spp., Pimenta spp.), raw",5530,Producer Price (LCU/tonne),1976,1976,LCU,5000.0,E
100,'356,India,689,'01652,"Chillies and peppers, dry (Capsicum spp., Pimenta spp.), raw",5530,Producer Price (LCU/tonne),1977,1977,LCU,6000.0,E
100,'356,India,689,'01652,"Chillies and peppers, dry (Capsicum spp., Pimenta spp.), raw",5530,Producer Price (LCU/tonne),1978,1978,LCU,6000.0,E
100,'356,India,689,'01652,"Chillies and peppers, dry (Capsicum spp., Pimenta spp.), raw",5530,Producer Price (LCU/tonne),1979,1979,LCU,7000.0,E
100,'356,India,689,'01652,"Chillies and peppers, dry (Capsicum spp., Pimenta spp.), raw",5530,Producer Price (LCU/tonne),1980,1980,LCU,7000.0,E
100,'356,India,689,'01652,"Chillies and peppers, dry (Capsicum spp., Pimenta spp.), raw",5530,Producer Price (LCU/tonne),1981,1981,LCU,7000.0,E
100,'356,India,689,'01652,"Chillies and peppers, dry (Capsicum spp., Pimenta spp.), raw",5530,Producer Price (LCU/tonne),1982,1982,LCU,8000.0,E
100,'356,India,689,'01652,"Chillies and peppers, dry (Capsicum spp., Pimenta spp.), raw",5530,Producer Price (LCU/tonne),1983,1983,LCU,9000.0,E
100,'356,India,689,'01652,"Chillies and peppers, dry (Capsicum spp., Pimenta spp.), raw",5530,Producer Price (LCU/tonne),1984,1984,LCU,10000.0,E
100,'356,India,689,'01652,"Chillies and peppers, dry (Capsicum spp., Pimenta spp.), raw",5530,Producer Price (LCU/tonne),1985,1985,LCU,11770.0,A
100,'356,India,689,'01652,"Chillies and peppers, dry (Capsicum spp., Pimenta spp.), raw",5530,Producer Price (LCU/tonne),1986,1986,LCU,10686.0,A
100,'356,India,689,'01652,"Chillies and peppers, dry (Capsicum spp., Pimenta spp.), raw",5530,Producer Price (LCU/tonne),1987,1987,LCU,11958.0,A
100,'356,India,689,'01652,"Chillies and peppers, dry (Capsicum spp., Pimenta spp.), raw",5530,Producer Price (LCU/tonne),1988,1988,LCU,20899.0,A
100,'356,India,689,'01652,"Chillies and peppers, dry (Capsicum spp., Pimenta spp.), raw",5530,Producer Price (LCU/tonne),1989,1989,LCU,16689.0,A
100,'356,India,689,'01652,"Chillies and peppers, dry (Capsicum spp., Pimenta spp.), raw",5530,Producer Price (LCU/tonne),1990,1990,LCU,25000.0,E
100,'356,India,249,'01460,"Coconuts, in shell",5530,Producer Price (LCU/tonne),1966,1966,LCU,517.0,A
100,'356,India,249,'01460,"Coconuts, in shell",5530,Producer Price (LCU/tonne),1967,1967,LCU,583.0,A
100,'356,India,249,'01460,"Coconuts, in shell",5530,Producer Price (LCU/tonne),1968,1968,LCU,518.0,A
100,'356,India,249,'01460,"Coconuts, in shell",5530,Producer Price (LCU/tonne),1969,1969,LCU,595.0,A
100,'356,India,249,'01460,"Coconuts, in shell",5530,Producer Price (LCU/tonne),1970,1970,LCU,715.0,A
100,'356,India,249,'01460,"Coconuts, in shell",5530,Producer Price (LCU/tonne),1971,1971,LCU,555.0,A
100,'356,India,249,'01460,"Coconuts, in shell",5530,Producer Price (LCU/tonne),1972,1972,LCU,755.0,A
100,'356,India,249,'01460,"Coconuts, in shell",5530,Producer Price (LCU/tonne),1973,1973,LCU,1244.0,A
100,'356,India,249,'01460,"Coconuts, in shell",5530,Producer Price (LCU/tonne),1974,1974,LCU,1238.0,A
100,'356,India,249,'01460,"Coconuts, in shell",5530,Producer Price (LCU/tonne),1975,1975,LCU,900.0,E
100,'356,India,249,'01460,"Coconuts, in shell",5530,Producer Price (LCU/tonne),1976,1976,LCU,1000.0,E
100,'356,India,249,'01460,"Coconuts, in shell",5530,Producer Price (LCU/tonne),1977,1977,LCU,1170.0,E
100,'356,India,249,'01460,"Coconuts, in shell",5530,Producer Price (LCU/tonne),1978,1978,LCU,1260.0,E
100,'356,India,249,'01460,"Coconuts, in shell",5530,Producer Price (LCU/tonne),1979,1979,LCU,1240.0,E
100,'356,India,249,'01460,"Coconuts, in shell",5530,Producer Price (LCU/tonne),1980,1980,LCU,1590.0,E
100,'356,India,249,'01460,"Coconuts, in shell",5530,Producer Price (LCU/tonne),1981,1981,LCU,1570.0,E
100,'356,India,249,'01460,"Coconuts, in shell",5530,Producer Price (LCU/tonne),1982,1982,LCU,1590.0,E
100,'356,India,249,'01460,"Coconuts, in shell",5530,Producer Price (LCU/tonne),1983,1983,LCU,1600.0,E
100,'356,India,249,'01460,"Coconuts, in shell",5530,Producer Price (LCU/tonne),1984,1984,LCU,1620.0,E
100,'356,India,249,'01460,"Coconuts, in shell",5530,Producer Price (LCU/tonne),1985,1985,LCU,1630.0,E
100,'356,India,249,'01460,"Coconuts, in shell",5530,Producer Price (LCU/tonne),1986,1986,LCU,2200.0,E
100,'356,India,249,'01460,"Coconuts, in shell",5530,Producer Price (LCU/tonne),1987,1987,LCU,2800.0,E
100,'356,India,249,'01460,"Coconuts, in shell",5530,Producer Price (LCU/tonne),1988,1988,LCU,2800.0,E
100,'356,India,249,'01460,"Coconuts, in shell",5530,Producer Price (LCU/tonne),1989,1989,LCU,3300.0,E
100,'356,India,249,'01460,"Coconuts, in shell",5530,Producer Price (LCU/tonne),1990,1990,LCU,3800.0,E
100,'356,India,656,'01610,"Coffee, green",5530,Producer Price (LCU/tonne),1967,1967,LCU,3946.0,A
100,'356,India,656,'01610,"Coffee, green",5530,Producer Price (LCU/tonne),1968,1968,LCU,4343.0,A
100,'356,India,656,'01610,"Coffee, green",5530,Producer Price (LCU/tonne),1969,1969,LCU,4872.0,A
100,'356,India,656,'01610,"Coffee, green",5530,Producer Price (LCU/tonne),1970,1970,LCU,4740.0,A
100,'356,India,656,'01610,"Coffee, green",5530,Producer Price (LCU/tonne),1971,1971,LCU,5512.0,A
100,'356,India,656,'01610,"Coffee, green",5530,Producer Price (LCU/tonne),1972,1972,LCU,4321.0,A
100,'356,India,656,'01610,"Coffee, green",5530,Producer Price (LCU/tonne),1973,1973,LCU,4696.0,A
100,'356,India,656,'01610,"Coffee, green",5530,Producer Price (LCU/tonne),1974,1974,LCU,5776.0,A
100,'356,India,656,'01610,"Coffee, green",5530,Producer Price (LCU/tonne),1975,1975,LCU,5027.0,A
100,'356,India,656,'01610,"Coffee, green",5530,Producer Price (LCU/tonne),1976,1976,LCU,5590.0,E
100,'356,India,656,'01610,"Coffee, green",5530,Producer Price (LCU/tonne),1977,1977,LCU,6300.0,E
100,'356,India,656,'01610,"Coffee, green",5530,Producer Price (LCU/tonne),1978,1978,LCU,7380.0,E
100,'356,India,656,'01610,"Coffee, green",5530,Producer Price (LCU/tonne),1979,1979,LCU,7700.0,E
100,'356,India,656,'01610,"Coffee, green",5530,Producer Price (LCU/tonne),1980,1980,LCU,7830.0,E
100,'356,India,656,'01610,"Coffee, green",5530,Producer Price (LCU/tonne),1981,1981,LCU,9240.0,E
100,'356,India,656,'01610,"Coffee, green",5530,Producer Price (LCU/tonne),1982,1982,LCU,10160.0,E
100,'356,India,656,'01610,"Coffee, green",5530,Producer Price (LCU/tonne),1983,1983,LCU,11180.0,E
100,'356,India,656,'01610,"Coffee, green",5530,Producer Price (LCU/tonne),1984,1984,LCU,12290.0,E
100,'356,India,656,'01610,"Coffee, green",5530,Producer Price (LCU/tonne),1985,1985,LCU,13520.0,E
100,'356,India,656,'01610,"Coffee, green",5530,Producer Price (LCU/tonne),1986,1986,LCU,14880.0,E
100,'356,India,656,'01610,"Coffee, green",5530,Producer Price (LCU/tonne),1987,1987,LCU,16370.0,E
100,'356,India,656,'01610,"Coffee, green",5530,Producer Price (LCU/tonne),1988,1988,LCU,17400.0,E
100,'356,India,656,'01610,"Coffee, green",5530,Producer Price (LCU/tonne),1989,1989,LCU,18500.0,E
100,'356,India,656,'01610,"Coffee, green",5530,Producer Price (LCU/tonne),1990,1990,LCU,19700.0,E
100,'356,India,767,'01921.02,"Cotton lint, ginned",5530,Producer Price (LCU/tonne),1967,1967,LCU,3877.0,E
100,'356,India,767,'01921.02,"Cotton lint, ginned",5530,Producer Price (LCU/tonne),1968,1968,LCU,3778.0,E
100,'356,India,767,'01921.02,"Cotton lint, ginned",5530,Producer Price (LCU/tonne),1969,1969,LCU,3767.0,E
100,'356,India,767,'01921.02,"Cotton lint, ginned",5530,Producer Price (LCU/tonne),1970,1970,LCU,4794.0,E
100,'356,India,767,'01921.02,"Cotton lint, ginned",5530,Producer Price (LCU/tonne),1971,1971,LCU,6307.0,E
100,'356,India,767,'01921.02,"Cotton lint, ginned",5530,Producer Price (LCU/tonne),1972,1972,LCU,5060.0,E
100,'356,India,767,'01921.02,"Cotton lint, ginned",5530,Producer Price (LCU/tonne),1973,1973,LCU,5503.0,E
100,'356,India,767,'01921.02,"Cotton lint, ginned",5530,Producer Price (LCU/tonne),1974,1974,LCU,8000.0,E
100,'356,India,767,'01921.02,"Cotton lint, ginned",5530,Producer Price (LCU/tonne),1975,1975,LCU,8200.0,E
100,'356,India,767,'01921.02,"Cotton lint, ginned",5530,Producer Price (LCU/tonne),1976,1976,LCU,8700.0,E
100,'356,India,767,'01921.02,"Cotton lint, ginned",5530,Producer Price (LCU/tonne),1977,1977,LCU,9200.0,E
100,'356,India,767,'01921.02,"Cotton lint, ginned",5530,Producer Price (LCU/tonne),1978,1978,LCU,10000.0,E
100,'356,India,767,'01921.02,"Cotton lint, ginned",5530,Producer Price (LCU/tonne),1979,1979,LCU,10100.0,E
100,'356,India,767,'01921.02,"Cotton lint, ginned",5530,Producer Price (LCU/tonne),1980,1980,LCU,10100.0,E
100,'356,India,767,'01921.02,"Cotton lint, ginned",5530,Producer Price (LCU/tonne),1981,1981,LCU,10700.0,E
100,'356,India,767,'01921.02,"Cotton lint, ginned",5530,Producer Price (LCU/tonne),1982,1982,LCU,11250.0,E
100,'356,India,767,'01921.02,"Cotton lint, ginned",5530,Producer Price (LCU/tonne),1983,1983,LCU,11250.0,E
100,'356,India,767,'01921.02,"Cotton lint, ginned",5530,Producer Price (LCU/tonne),1984,1984,LCU,11250.0,E
100,'356,India,767,'01921.02,"Cotton lint, ginned",5530,Producer Price (LCU/tonne),1985,1985,LCU,12160.0,E
100,'356,India,767,'01921.02,"Cotton lint, ginned",5530,Producer Price (LCU/tonne),1986,1986,LCU,13870.0,E
100,'356,India,767,'01921.02,"Cotton lint, ginned",5530,Producer Price (LCU/tonne),1987,1987,LCU,19900.0,E
100,'356,India,767,'01921.02,"Cotton lint, ginned",5530,Producer Price (LCU/tonne),1988,1988,LCU,19000.0,E
100,'356,India,767,'01921.02,"Cotton lint, ginned",5530,Producer Price (LCU/tonne),1989,1989,LCU,17800.0,E
100,'356,India,767,'01921.02,"Cotton lint, ginned",5530,Producer Price (LCU/tonne),1990,1990,LCU,18800.0,E
100,'356,India,329,'0143,Cotton seed,5530,Producer Price (LCU/tonne),1966,1966,LCU,525.0,E
100,'356,India,329,'0143,Cotton seed,5530,Producer Price (LCU/tonne),1967,1967,LCU,628.0,E
100,'356,India,329,'0143,Cotton seed,5530,Producer Price (LCU/tonne),1968,1968,LCU,612.0,E
100,'356,India,329,'0143,Cotton seed,5530,Producer Price (LCU/tonne),1969,1969,LCU,610.0,E
100,'356,India,329,'0143,Cotton seed,5530,Producer Price (LCU/tonne),1970,1970,LCU,777.0,E
100,'356,India,329,'0143,Cotton seed,5530,Producer Price (LCU/tonne),1971,1971,LCU,1022.0,E
100,'356,India,329,'0143,Cotton seed,5530,Producer Price (LCU/tonne),1972,1972,LCU,819.0,E
100,'356,India,329,'0143,Cotton seed,5530,Producer Price (LCU/tonne),1973,1973,LCU,891.0,E
100,'356,India,329,'0143,Cotton seed,5530,Producer Price (LCU/tonne),1974,1974,LCU,1640.0,A
100,'356,India,329,'0143,Cotton seed,5530,Producer Price (LCU/tonne),1975,1975,LCU,1414.0,A
100,'356,India,329,'0143,Cotton seed,5530,Producer Price (LCU/tonne),1976,1976,LCU,1425.0,A
100,'356,India,329,'0143,Cotton seed,5530,Producer Price (LCU/tonne),1977,1977,LCU,1805.0,A
100,'356,India,329,'0143,Cotton seed,5530,Producer Price (LCU/tonne),1978,1978,LCU,1465.0,A
100,'356,India,329,'0143,Cotton seed,5530,Producer Price (LCU/tonne),1979,1979,LCU,1620.0,A
100,'356,India,329,'0143,Cotton seed,5530,Producer Price (LCU/tonne),1980,1980,LCU,1780.0,A
100,'356,India,329,'0143,Cotton seed,5530,Producer Price (LCU/tonne),1981,1981,LCU,2390.0,E
100,'356,India,329,'0143,Cotton seed,5530,Producer Price (LCU/tonne),1982,1982,LCU,2400.0,E
100,'356,India,329,'0143,Cotton seed,5530,Producer Price (LCU/tonne),1983,1983,LCU,2400.0,E
100,'356,India,329,'0143,Cotton seed,5530,Producer Price (LCU/tonne),1984,1984,LCU,2400.0,E
100,'356,India,329,'0143,Cotton seed,5530,Producer Price (LCU/tonne),1985,1985,LCU,2600.0,E
100,'356,India,329,'0143,Cotton seed,5530,Producer Price (LCU/tonne),1986,1986,LCU,3000.0,E
100,'356,India,329,'0143,Cotton seed,5530,Producer Price (LCU/tonne),1987,1987,LCU,4300.0,E
100,'356,India,329,'0143,Cotton seed,5530,Producer Price (LCU/tonne),1988,1988,LCU,4100.0,E
100,'356,India,329,'0143,Cotton seed,5530,Producer Price (LCU/tonne),1989,1989,LCU,3800.0,E
100,'356,India,329,'0143,Cotton seed,5530,Producer Price (LCU/tonne),1990,1990,LCU,4000.0,E
100,'356,India,569,'01315,Figs,5530,Producer Price (LCU/tonne),1967,1967,LCU,544.0,E
100,'356,India,569,'01315,Figs,5530,Producer Price (LCU/tonne),1968,1968,LCU,479.0,E
100,'356,India,569,'01315,Figs,5530,Producer Price (LCU/tonne),1969,1969,LCU,587.0,E
100,'356,India,569,'01315,Figs,5530,Producer Price (LCU/tonne),1970,1970,LCU,616.0,E
100,'356,India,569,'01315,Figs,5530,Producer Price (LCU/tonne),1971,1971,LCU,579.0,E
100,'356,India,569,'01315,Figs,5530,Producer Price (LCU/tonne),1972,1972,LCU,604.0,E
100,'356,India,569,'01315,Figs,5530,Producer Price (LCU/tonne),1973,1973,LCU,695.0,E
100,'356,India,569,'01315,Figs,5530,Producer Price (LCU/tonne),1974,1974,LCU,757.0,E
100,'356,India,569,'01315,Figs,5530,Producer Price (LCU/tonne),1975,1975,LCU,690.0,E
100,'356,India,569,'01315,Figs,5530,Producer Price (LCU/tonne),1976,1976,LCU,694.0,E
100,'356,India,569,'01315,Figs,5530,Producer Price (LCU/tonne),1977,1977,LCU,800.0,E
100,'356,India,569,'01315,Figs,5530,Producer Price (LCU/tonne),1978,1978,LCU,850.0,E
100,'356,India,569,'01315,Figs,5530,Producer Price (LCU/tonne),1979,1979,LCU,885.0,E
100,'356,India,569,'01315,Figs,5530,Producer Price (LCU/tonne),1980,1980,LCU,1030.0,E
100,'356,India,569,'01315,Figs,5530,Producer Price (LCU/tonne),1981,1981,LCU,1210.0,E
100,'356,India,569,'01315,Figs,5530,Producer Price (LCU/tonne),1982,1982,LCU,1330.0,E
100,'356,India,569,'01315,Figs,5530,Producer Price (LCU/tonne),1983,1983,LCU,1460.0,E
100,'356,India,569,'01315,Figs,5530,Producer Price (LCU/tonne),1984,1984,LCU,1610.0,E
100,'356,India,569,'01315,Figs,5530,Producer Price (LCU/tonne),1985,1985,LCU,1770.0,E
100,'356,India,569,'01315,Figs,5530,Producer Price (LCU/tonne),1986,1986,LCU,1940.0,E
100,'356,India,569,'01315,Figs,5530,Producer Price (LCU/tonne),1987,1987,LCU,2140.0,E
100,'356,India,569,'01315,Figs,5530,Producer Price (LCU/tonne),1988,1988,LCU,2300.0,E
100,'356,India,569,'01315,Figs,5530,Producer Price (LCU/tonne),1989,1989,LCU,2500.0,E
100,'356,India,569,'01315,Figs,5530,Producer Price (LCU/tonne),1990,1990,LCU,2700.0,E
100,'356,India,720,'01657,"Ginger, raw",5530,Producer Price (LCU/tonne),1985,1985,LCU,4310.0,A
100,'356,India,720,'01657,"Ginger, raw",5530,Producer Price (LCU/tonne),1986,1986,LCU,4245.0,A
100,'356,India,720,'01657,"Ginger, raw",5530,Producer Price (LCU/tonne),1987,1987,LCU,7825.0,A
100,'356,India,720,'01657,"Ginger, raw",5530,Producer Price (LCU/tonne),1988,1988,LCU,8514.0,A
100,'356,India,720,'01657,"Ginger, raw",5530,Producer Price (LCU/tonne),1989,1989,LCU,8105.0,A
100,'356,India,720,'01657,"Ginger, raw",5530,Producer Price (LCU/tonne),1990,1990,LCU,8900.0,E
100,'356,India,560,'01330,Grapes,5530,Producer Price (LCU/tonne),1967,1967,LCU,2268.0,A
100,'356,India,560,'01330,Grapes,5530,Producer Price (LCU/tonne),1968,1968,LCU,2584.0,A
100,'356,India,560,'01330,Grapes,5530,Producer Price (LCU/tonne),1969,1969,LCU,2579.0,A
100,'356,India,560,'01330,Grapes,5530,Producer Price (LCU/tonne),1970,1970,LCU,2531.0,A
100,'356,India,560,'01330,Grapes,5530,Producer Price (LCU/tonne),1971,1971,LCU,2021.0,A
100,'356,India,560,'01330,Grapes,5530,Producer Price (LCU/tonne),1972,1972,LCU,2089.0,A
100,'356,India,560,'01330,Grapes,5530,Producer Price (LCU/tonne),1973,1973,LCU,2402.0,A
100,'356,India,560,'01330,Grapes,5530,Producer Price (LCU/tonne),1974,1974,LCU,2402.0,A
100,'356,India,560,'01330,Grapes,5530,Producer Price (LCU/tonne),1975,1975,LCU,2190.0,E
100,'356,India,560,'01330,Grapes,5530,Producer Price (LCU/tonne),1976,1976,LCU,2200.0,E
100,'356,India,560,'01330,Grapes,5530,Producer Price (LCU/tonne),1977,1977,LCU,2500.0,E
100,'356,India,560,'01330,Grapes,5530,Producer Price (LCU/tonne),1978,1978,LCU,2600.0,E
100,'356,India,560,'01330,Grapes,5530,Producer Price (LCU/tonne),1979,1979,LCU,2810.0,E
100,'356,India,560,'01330,Grapes,5530,Producer Price (LCU/tonne),1980,1980,LCU,3280.0,E
100,'356,India,560,'01330,Grapes,5530,Producer Price (LCU/tonne),1981,1981,LCU,3870.0,E
100,'356,India,560,'01330,Grapes,5530,Producer Price (LCU/tonne),1982,1982,LCU,4250.0,E
100,'356,India,560,'01330,Grapes,5530,Producer Price (LCU/tonne),1983,1983,LCU,4680.0,E
100,'356,India,560,'01330,Grapes,5530,Producer Price (LCU/tonne),1984,1984,LCU,5150.0,E
100,'356,India,560,'01330,Grapes,5530,Producer Price (LCU/tonne),1985,1985,LCU,5660.0,E
100,'356,India,560,'01330,Grapes,5530,Producer Price (LCU/tonne),1986,1986,LCU,6230.0,E
100,'356,India,560,'01330,Grapes,5530,Producer Price (LCU/tonne),1987,1987,LCU,6850.0,E
100,'356,India,560,'01330,Grapes,5530,Producer Price (LCU/tonne),1988,1988,LCU,7300.0,E
100,'356,India,560,'01330,Grapes,5530,Producer Price (LCU/tonne),1989,1989,LCU,7800.0,E
100,'356,India,560,'01330,Grapes,5530,Producer Price (LCU/tonne),1990,1990,LCU,8300.0,E
100,'356,India,406,'01252,Green garlic,5530,Producer Price (LCU/tonne),1966,1966,LCU,600.0,E
100,'356,India,406,'01252,Green garlic,5530,Producer Price (LCU/tonne),1967,1967,LCU,650.0,E
100,'356,India,406,'01252,Green garlic,5530,Producer Price (LCU/tonne),1968,1968,LCU,650.0,E
100,'356,India,406,'01252,Green garlic,5530,Producer Price (LCU/tonne),1969,1969,LCU,700.0,E
100,'356,India,406,'01252,Green garlic,5530,Producer Price (LCU/tonne),1970,1970,LCU,800.0,E
100,'356,India,406,'01252,Green garlic,5530,Producer Price (LCU/tonne),1971,1971,LCU,800.0,E
100,'356,India,406,'01252,Green garlic,5530,Producer Price (LCU/tonne),1972,1972,LCU,900.0,E
100,'356,India,406,'01252,Green garlic,5530,Producer Price (LCU/tonne),1973,1973,LCU,1000.0,E
100,'356,India,406,'01252,Green garlic,5530,Producer Price (LCU/tonne),1974,1974,LCU,1100.0,E
100,'356,India,406,'01252,Green garlic,5530,Producer Price (LCU/tonne),1975,1975,LCU,1100.0,E
100,'356,India,406,'01252,Green garlic,5530,Producer Price (LCU/tonne),1976,1976,LCU,1200.0,E
100,'356,India,406,'01252,Green garlic,5530,Producer Price (LCU/tonne),1977,1977,LCU,1300.0,E
100,'356,India,406,'01252,Green garlic,5530,Producer Price (LCU/tonne),1978,1978,LCU,1400.0,E
100,'356,India,406,'01252,Green garlic,5530,Producer Price (LCU/tonne),1979,1979,LCU,1600.0,E
100,'356,India,406,'01252,Green garlic,5530,Producer Price (LCU/tonne),1980,1980,LCU,1800.0,E
100,'356,India,406,'01252,Green garlic,5530,Producer Price (LCU/tonne),1981,1981,LCU,2100.0,E
100,'356,India,406,'01252,Green garlic,5530,Producer Price (LCU/tonne),1982,1982,LCU,2300.0,E
100,'356,India,406,'01252,Green garlic,5530,Producer Price (LCU/tonne),1983,1983,LCU,2500.0,E
100,'356,India,406,'01252,Green garlic,5530,Producer Price (LCU/tonne),1984,1984,LCU,2900.0,E
100,'356,India,406,'01252,Green garlic,5530,Producer Price (LCU/tonne),1985,1985,LCU,3300.0,E
100,'356,India,406,'01252,Green garlic,5530,Producer Price (LCU/tonne),1986,1986,LCU,3800.0,E
100,'356,India,406,'01252,Green garlic,5530,Producer Price (LCU/tonne),1987,1987,LCU,4500.0,E
100,'356,India,406,'01252,Green garlic,5530,Producer Price (LCU/tonne),1988,1988,LCU,5000.0,E
100,'356,India,406,'01252,Green garlic,5530,Producer Price (LCU/tonne),1989,1989,LCU,5500.0,E
100,'356,India,406,'01252,Green garlic,5530,Producer Price (LCU/tonne),1990,1990,LCU,6000.0,E
100,'356,India,242,'0142,"Groundnuts, excluding shelled",5530,Producer Price (LCU/tonne),1966,1966,LCU,1379.0,A
100,'356,India,242,'0142,"Groundnuts, excluding shelled",5530,Producer Price (LCU/tonne),1967,1967,LCU,1045.0,A
100,'356,India,242,'0142,"Groundnuts, excluding shelled",5530,Producer Price (LCU/tonne),1968,1968,LCU,1114.0,A
100,'356,India,242,'0142,"Groundnuts, excluding shelled",5530,Producer Price (LCU/tonne),1969,1969,LCU,1346.0,A
100,'356,India,242,'0142,"Groundnuts, excluding shelled",5530,Producer Price (LCU/tonne),1970,1970,LCU,1420.0,A
100,'356,India,242,'0142,"Groundnuts, excluding shelled",5530,Producer Price (LCU/tonne),1971,1971,LCU,1268.0,A
100,'356,India,242,'0142,"Groundnuts, excluding shelled",5530,Producer Price (LCU/tonne),1972,1972,LCU,1840.0,A
100,'356,India,242,'0142,"Groundnuts, excluding shelled",5530,Producer Price (LCU/tonne),1973,1973,LCU,2359.0,A
100,'356,India,242,'0142,"Groundnuts, excluding shelled",5530,Producer Price (LCU/tonne),1974,1974,LCU,3980.0,A
100,'356,India,242,'0142,"Groundnuts, excluding shelled",5530,Producer Price (LCU/tonne),1975,1975,LCU,3310.0,A
100,'356,India,242,'0142,"Groundnuts, excluding shelled",5530,Producer Price (LCU/tonne),1976,1976,LCU,2799.0,A
100,'356,India,242,'0142,"Groundnuts, excluding shelled",5530,Producer Price (LCU/tonne),1977,1977,LCU,4037.0,A
100,'356,India,242,'0142,"Groundnuts, excluding shelled",5530,Producer Price (LCU/tonne),1978,1978,LCU,3387.0,A
100,'356,India,242,'0142,"Groundnuts, excluding shelled",5530,Producer Price (LCU/tonne),1979,1979,LCU,3907.0,A
100,'356,India,242,'0142,"Groundnuts, excluding shelled",5530,Producer Price (LCU/tonne),1980,1980,LCU,4773.0,A
100,'356,India,242,'0142,"Groundnuts, excluding shelled",5530,Producer Price (LCU/tonne),1981,1981,LCU,6190.0,A
100,'356,India,242,'0142,"Groundnuts, excluding shelled",5530,Producer Price (LCU/tonne),1982,1982,LCU,5950.0,A
100,'356,India,242,'0142,"Groundnuts, excluding shelled",5530,Producer Price (LCU/tonne),1983,1983,LCU,4043.0,A
100,'356,India,242,'0142,"Groundnuts, excluding shelled",5530,Producer Price (LCU/tonne),1984,1984,LCU,4525.0,A
100,'356,India,242,'0142,"Groundnuts, excluding shelled",5530,Producer Price (LCU/tonne),1985,1985,LCU,4535.0,A
100,'356,India,242,'0142,"Groundnuts, excluding shelled",5530,Producer Price (LCU/tonne),1986,1986,LCU,5492.0,A
100,'356,India,242,'0142,"Groundnuts, excluding shelled",5530,Producer Price (LCU/tonne),1987,1987,LCU,6365.0,A
100,'356,India,242,'0142,"Groundnuts, excluding shelled",5530,Producer Price (LCU/tonne),1988,1988,LCU,6091.0,A
100,'356,India,242,'0142,"Groundnuts, excluding shelled",5530,Producer Price (LCU/tonne),1989,1989,LCU,7048.0,A
100,'356,India,242,'0142,"Groundnuts, excluding shelled",5530,Producer Price (LCU/tonne),1990,1990,LCU,8340.0,A
100,'356,India,1062,'0231,"Hen eggs in shell, fresh",5530,Producer Price (LCU/tonne),1967,1967,LCU,5465.0,A
100,'356,India,1062,'0231,"Hen eggs in shell, fresh",5530,Producer Price (LCU/tonne),1968,1968,LCU,5651.0,A
100,'356,India,1062,'0231,"Hen eggs in shell, fresh",5530,Producer Price (LCU/tonne),1969,1969,LCU,5628.0,A
100,'356,India,1062,'0231,"Hen eggs in shell, fresh",5530,Producer Price (LCU/tonne),1970,1970,LCU,5558.0,A
100,'356,India,1062,'0231,"Hen eggs in shell, fresh",5530,Producer Price (LCU/tonne),1971,1971,LCU,5651.0,A
100,'356,India,1062,'0231,"Hen eggs in shell, fresh",5530,Producer Price (LCU/tonne),1972,1972,LCU,5814.0,A
100,'356,India,1062,'0231,"Hen eggs in shell, fresh",5530,Producer Price (LCU/tonne),1973,1973,LCU,6698.0,A
100,'356,India,1062,'0231,"Hen eggs in shell, fresh",5530,Producer Price (LCU/tonne),1974,1974,LCU,7930.0,A
100,'356,India,1062,'0231,"Hen eggs in shell, fresh",5530,Producer Price (LCU/tonne),1975,1975,LCU,10230.0,A
100,'356,India,1062,'0231,"Hen eggs in shell, fresh",5530,Producer Price (LCU/tonne),1976,1976,LCU,10230.0,A
100,'356,India,1062,'0231,"Hen eggs in shell, fresh",5530,Producer Price (LCU/tonne),1977,1977,LCU,10230.0,A
100,'356,India,1062,'0231,"Hen eggs in shell, fresh",5530,Producer Price (LCU/tonne),1978,1978,LCU,10230.0,A
100,'356,India,1062,'0231,"Hen eggs in shell, fresh",5530,Producer Price (LCU/tonne),1979,1979,LCU,10230.0,A
100,'356,India,1062,'0231,"Hen eggs in shell, fresh",5530,Producer Price (LCU/tonne),1980,1980,LCU,10230.0,A
100,'356,India,1062,'0231,"Hen eggs in shell, fresh",5530,Producer Price (LCU/tonne),1981,1981,LCU,10230.0,A
100,'356,India,1062,'0231,"Hen eggs in shell, fresh",5530,Producer Price (LCU/tonne),1982,1982,LCU,10230.0,A
100,'356,India,1062,'0231,"Hen eggs in shell, fresh",5530,Producer Price (LCU/tonne),1983,1983,LCU,10230.0,A
100,'356,India,1062,'0231,"Hen eggs in shell, fresh",5530,Producer Price (LCU/tonne),1984,1984,LCU,10230.0,A
100,'356,India,1062,'0231,"Hen eggs in shell, fresh",5530,Producer Price (LCU/tonne),1985,1985,LCU,10230.0,A
100,'356,India,1062,'0231,"Hen eggs in shell, fresh",5530,Producer Price (LCU/tonne),1986,1986,LCU,10230.0,A
100,'356,India,1062,'0231,"Hen eggs in shell, fresh",5530,Producer Price (LCU/tonne),1987,1987,LCU,10230.0,A
100,'356,India,1062,'0231,"Hen eggs in shell, fresh",5530,Producer Price (LCU/tonne),1988,1988,LCU,10230.0,A
100,'356,India,1062,'0231,"Hen eggs in shell, fresh",5530,Producer Price (LCU/tonne),1989,1989,LCU,10230.0,A
100,'356,India,1062,'0231,"Hen eggs in shell, fresh",5530,Producer Price (LCU/tonne),1990,1990,LCU,10230.0,A
100,'356,India,780,'01922.01,"Jute, raw or retted",5530,Producer Price (LCU/tonne),1967,1967,LCU,950.0,A
100,'356,India,780,'01922.01,"Jute, raw or retted",5530,Producer Price (LCU/tonne),1968,1968,LCU,1283.0,A
100,'356,India,780,'01922.01,"Jute, raw or retted",5530,Producer Price (LCU/tonne),1969,1969,LCU,1272.0,A
100,'356,India,780,'01922.01,"Jute, raw or retted",5530,Producer Price (LCU/tonne),1970,1970,LCU,1405.0,A
100,'356,India,780,'01922.01,"Jute, raw or retted",5530,Producer Price (LCU/tonne),1971,1971,LCU,1389.0,A
100,'356,India,780,'01922.01,"Jute, raw or retted",5530,Producer Price (LCU/tonne),1972,1972,LCU,1394.0,A
100,'356,India,780,'01922.01,"Jute, raw or retted",5530,Producer Price (LCU/tonne),1973,1973,LCU,1305.0,A
100,'356,India,780,'01922.01,"Jute, raw or retted",5530,Producer Price (LCU/tonne),1974,1974,LCU,2170.0,A
100,'356,India,780,'01922.01,"Jute, raw or retted",5530,Producer Price (LCU/tonne),1975,1975,LCU,2438.0,A
100,'356,India,780,'01922.01,"Jute, raw or retted",5530,Producer Price (LCU/tonne),1976,1976,LCU,2735.0,A
100,'356,India,780,'01922.01,"Jute, raw or retted",5530,Producer Price (LCU/tonne),1977,1977,LCU,3202.0,A
100,'356,India,780,'01922.01,"Jute, raw or retted",5530,Producer Price (LCU/tonne),1978,1978,LCU,3284.0,A
100,'356,India,780,'01922.01,"Jute, raw or retted",5530,Producer Price (LCU/tonne),1979,1979,LCU,3057.0,A
100,'356,India,780,'01922.01,"Jute, raw or retted",5530,Producer Price (LCU/tonne),1980,1980,LCU,2860.0,A
100,'356,India,780,'01922.01,"Jute, raw or retted",5530,Producer Price (LCU/tonne),1981,1981,LCU,2956.0,A
100,'356,India,780,'01922.01,"Jute, raw or retted",5530,Producer Price (LCU/tonne),1982,1982,LCU,3327.0,A
100,'356,India,780,'01922.01,"Jute, raw or retted",5530,Producer Price (LCU/tonne),1983,1983,LCU,1806.0,A
100,'356,India,780,'01922.01,"Jute, raw or retted",5530,Producer Price (LCU/tonne),1984,1984,LCU,2652.0,A
100,'356,India,780,'01922.01,"Jute, raw or retted",5530,Producer Price (LCU/tonne),1985,1985,LCU,2642.0,A
100,'356,India,780,'01922.01,"Jute, raw or retted",5530,Producer Price (LCU/tonne),1986,1986,LCU,2232.0,A
100,'356,India,780,'01922.01,"Jute, raw or retted",5530,Producer Price (LCU/tonne),1987,1987,LCU,2390.0,A
100,'356,India,780,'01922.01,"Jute, raw or retted",5530,Producer Price (LCU/tonne),1988,1988,LCU,3006.0,A
100,'356,India,780,'01922.01,"Jute, raw or retted",5530,Producer Price (LCU/tonne),1989,1989,LCU,4320.0,A
100,'356,India,780,'01922.01,"Jute, raw or retted",5530,Producer Price (LCU/tonne),1990,1990,LCU,5800.0,A
100,'356,India,782,'01922.02,"Kenaf, and other textile bast fibres, raw or retted",5530,Producer Price (LCU/tonne),1967,1967,LCU,894.0,A
100,'356,India,782,'01922.02,"Kenaf, and other textile bast fibres, raw or retted",5530,Producer Price (LCU/tonne),1968,1968,LCU,933.0,A
100,'356,India,782,'01922.02,"Kenaf, and other textile bast fibres, raw or retted",5530,Producer Price (LCU/tonne),1969,1969,LCU,994.0,A
100,'356,India,782,'01922.02,"Kenaf, and other textile bast fibres, raw or retted",5530,Producer Price (LCU/tonne),1970,1970,LCU,933.0,A
100,'356,India,782,'01922.02,"Kenaf, and other textile bast fibres, raw or retted",5530,Producer Price (LCU/tonne),1971,1971,LCU,1139.0,A
100,'356,India,782,'01922.02,"Kenaf, and other textile bast fibres, raw or retted",5530,Producer Price (LCU/tonne),1972,1972,LCU,1105.0,A
100,'356,India,782,'01922.02,"Kenaf, and other textile bast fibres, raw or retted",5530,Producer Price (LCU/tonne),1973,1973,LCU,1105.0,A
100,'356,India,782,'01922.02,"Kenaf, and other textile bast fibres, raw or retted",5530,Producer Price (LCU/tonne),1974,1974,LCU,1194.0,A
100,'356,India,782,'01922.02,"Kenaf, and other textile bast fibres, raw or retted",5530,Producer Price (LCU/tonne),1975,1975,LCU,1340.0,E
100,'356,India,782,'01922.02,"Kenaf, and other textile bast fibres, raw or retted",5530,Producer Price (LCU/tonne),1976,1976,LCU,1500.0,E
100,'356,India,782,'01922.02,"Kenaf, and other textile bast fibres, raw or retted",5530,Producer Price (LCU/tonne),1977,1977,LCU,1760.0,E
100,'356,India,782,'01922.02,"Kenaf, and other textile bast fibres, raw or retted",5530,Producer Price (LCU/tonne),1978,1978,LCU,1810.0,E
100,'356,India,782,'01922.02,"Kenaf, and other textile bast fibres, raw or retted",5530,Producer Price (LCU/tonne),1979,1979,LCU,1680.0,E
100,'356,India,782,'01922.02,"Kenaf, and other textile bast fibres, raw or retted",5530,Producer Price (LCU/tonne),1980,1980,LCU,1570.0,E
100,'356,India,782,'01922.02,"Kenaf, and other textile bast fibres, raw or retted",5530,Producer Price (LCU/tonne),1981,1981,LCU,1630.0,E
100,'356,India,782,'01922.02,"Kenaf, and other textile bast fibres, raw or retted",5530,Producer Price (LCU/tonne),1982,1982,LCU,1690.0,A
100,'356,India,782,'01922.02,"Kenaf, and other textile bast fibres, raw or retted",5530,Producer Price (LCU/tonne),1983,1983,LCU,1600.0,E
100,'356,India,782,'01922.02,"Kenaf, and other textile bast fibres, raw or retted",5530,Producer Price (LCU/tonne),1984,1984,LCU,1600.0,E
100,'356,India,782,'01922.02,"Kenaf, and other textile bast fibres, raw or retted",5530,Producer Price (LCU/tonne),1985,1985,LCU,1730.0,A
100,'356,India,782,'01922.02,"Kenaf, and other textile bast fibres, raw or retted",5530,Producer Price (LCU/tonne),1986,1986,LCU,2153.0,A
100,'356,India,782,'01922.02,"Kenaf, and other textile bast fibres, raw or retted",5530,Producer Price (LCU/tonne),1987,1987,LCU,2252.0,A
100,'356,India,782,'01922.02,"Kenaf, and other textile bast fibres, raw or retted",5530,Producer Price (LCU/tonne),1988,1988,LCU,2787.0,A
100,'356,India,782,'01922.02,"Kenaf, and other textile bast fibres, raw or retted",5530,Producer Price (LCU/tonne),1989,1989,LCU,3194.0,A
100,'356,India,782,'01922.02,"Kenaf, and other textile bast fibres, raw or retted",5530,Producer Price (LCU/tonne),1990,1990,LCU,4000.0,E
100,'356,India,497,'01322,Lemons and limes,5530,Producer Price (LCU/tonne),1967,1967,LCU,972.0,A
100,'356,India,497,'01322,Lemons and limes,5530,Producer Price (LCU/tonne),1968,1968,LCU,723.0,A
100,'356,India,497,'01322,Lemons and limes,5530,Producer Price (LCU/tonne),1969,1969,LCU,817.0,A
100,'356,India,497,'01322,Lemons and limes,5530,Producer Price (LCU/tonne),1970,1970,LCU,792.0,A
100,'356,India,497,'01322,Lemons and limes,5530,Producer Price (LCU/tonne),1971,1971,LCU,823.0,A
100,'356,India,497,'01322,Lemons and limes,5530,Producer Price (LCU/tonne),1972,1972,LCU,852.0,A
100,'356,India,497,'01322,Lemons and limes,5530,Producer Price (LCU/tonne),1973,1973,LCU,979.0,A
100,'356,India,497,'01322,Lemons and limes,5530,Producer Price (LCU/tonne),1974,1974,LCU,979.0,A
100,'356,India,497,'01322,Lemons and limes,5530,Producer Price (LCU/tonne),1975,1975,LCU,891.0,E
100,'356,India,497,'01322,Lemons and limes,5530,Producer Price (LCU/tonne),1976,1976,LCU,899.0,E
100,'356,India,497,'01322,Lemons and limes,5530,Producer Price (LCU/tonne),1977,1977,LCU,1000.0,E
100,'356,India,497,'01322,Lemons and limes,5530,Producer Price (LCU/tonne),1978,1978,LCU,1035.0,E
100,'356,India,497,'01322,Lemons and limes,5530,Producer Price (LCU/tonne),1979,1979,LCU,1140.0,E
100,'356,India,497,'01322,Lemons and limes,5530,Producer Price (LCU/tonne),1980,1980,LCU,1330.0,E
100,'356,India,497,'01322,Lemons and limes,5530,Producer Price (LCU/tonne),1981,1981,LCU,1570.0,E
100,'356,India,497,'01322,Lemons and limes,5530,Producer Price (LCU/tonne),1982,1982,LCU,1720.0,E
100,'356,India,497,'01322,Lemons and limes,5530,Producer Price (LCU/tonne),1983,1983,LCU,1900.0,E
100,'356,India,497,'01322,Lemons and limes,5530,Producer Price (LCU/tonne),1984,1984,LCU,2090.0,E
100,'356,India,497,'01322,Lemons and limes,5530,Producer Price (LCU/tonne),1985,1985,LCU,2290.0,E
100,'356,India,497,'01322,Lemons and limes,5530,Producer Price (LCU/tonne),1986,1986,LCU,2520.0,E
100,'356,India,497,'01322,Lemons and limes,5530,Producer Price (LCU/tonne),1987,1987,LCU,2780.0,E
100,'356,India,497,'01322,Lemons and limes,5530,Producer Price (LCU/tonne),1988,1988,LCU,3000.0,E
100,'356,India,497,'01322,Lemons and limes,5530,Producer Price (LCU/tonne),1989,1989,LCU,3200.0,E
100,'356,India,497,'01322,Lemons and limes,5530,Producer Price (LCU/tonne),1990,1990,LCU,3400.0,E
100,'356,India,201,'01704,"Lentils, dry",5530,Producer Price (LCU/tonne),1966,1966,LCU,834.0,A
100,'356,India,201,'01704,"Lentils, dry",5530,Producer Price (LCU/tonne),1967,1967,LCU,1069.0,A
100,'356,India,201,'01704,"Lentils, dry",5530,Producer Price (LCU/tonne),1968,1968,LCU,1077.0,A
100,'356,India,201,'01704,"Lentils, dry",5530,Producer Price (LCU/tonne),1969,1969,LCU,857.0,A
100,'356,India,201,'01704,"Lentils, dry",5530,Producer Price (LCU/tonne),1970,1970,LCU,832.0,A
100,'356,India,201,'01704,"Lentils, dry",5530,Producer Price (LCU/tonne),1971,1971,LCU,920.0,A
100,'356,India,201,'01704,"Lentils, dry",5530,Producer Price (LCU/tonne),1972,1972,LCU,1324.0,A
100,'356,India,201,'01704,"Lentils, dry",5530,Producer Price (LCU/tonne),1973,1973,LCU,1365.0,A
100,'356,India,201,'01704,"Lentils, dry",5530,Producer Price (LCU/tonne),1974,1974,LCU,1915.0,A
100,'356,India,201,'01704,"Lentils, dry",5530,Producer Price (LCU/tonne),1975,1975,LCU,1769.0,A
100,'356,India,201,'01704,"Lentils, dry",5530,Producer Price (LCU/tonne),1976,1976,LCU,1520.0,E
100,'356,India,201,'01704,"Lentils, dry",5530,Producer Price (LCU/tonne),1977,1977,LCU,2400.0,E
100,'356,India,201,'01704,"Lentils, dry",5530,Producer Price (LCU/tonne),1978,1978,LCU,2840.0,E
100,'356,India,201,'01704,"Lentils, dry",5530,Producer Price (LCU/tonne),1979,1979,LCU,2200.0,E
100,'356,India,201,'01704,"Lentils, dry",5530,Producer Price (LCU/tonne),1980,1980,LCU,2930.0,E
100,'356,India,201,'01704,"Lentils, dry",5530,Producer Price (LCU/tonne),1981,1981,LCU,2600.0,E
100,'356,India,201,'01704,"Lentils, dry",5530,Producer Price (LCU/tonne),1982,1982,LCU,3000.0,E
100,'356,India,201,'01704,"Lentils, dry",5530,Producer Price (LCU/tonne),1983,1983,LCU,3700.0,E
100,'356,India,201,'01704,"Lentils, dry",5530,Producer Price (LCU/tonne),1984,1984,LCU,5000.0,E
100,'356,India,201,'01704,"Lentils, dry",5530,Producer Price (LCU/tonne),1985,1985,LCU,5000.0,E
100,'356,India,201,'01704,"Lentils, dry",5530,Producer Price (LCU/tonne),1986,1986,LCU,5000.0,E
100,'356,India,201,'01704,"Lentils, dry",5530,Producer Price (LCU/tonne),1987,1987,LCU,5000.0,E
100,'356,India,201,'01704,"Lentils, dry",5530,Producer Price (LCU/tonne),1988,1988,LCU,5500.0,E
100,'356,India,201,'01704,"Lentils, dry",5530,Producer Price (LCU/tonne),1989,1989,LCU,6500.0,E
100,'356,India,201,'01704,"Lentils, dry",5530,Producer Price (LCU/tonne),1990,1990,LCU,6800.0,E
100,'356,India,333,'01441,Linseed,5530,Producer Price (LCU/tonne),1966,1966,LCU,1344.0,A
100,'356,India,333,'01441,Linseed,5530,Producer Price (LCU/tonne),1967,1967,LCU,1785.0,A
100,'356,India,333,'01441,Linseed,5530,Producer Price (LCU/tonne),1968,1968,LCU,1070.0,A
100,'356,India,333,'01441,Linseed,5530,Producer Price (LCU/tonne),1969,1969,LCU,1269.0,A
100,'356,India,333,'01441,Linseed,5530,Producer Price (LCU/tonne),1970,1970,LCU,1563.0,A
100,'356,India,333,'01441,Linseed,5530,Producer Price (LCU/tonne),1971,1971,LCU,1555.0,A
100,'356,India,333,'01441,Linseed,5530,Producer Price (LCU/tonne),1972,1972,LCU,1538.0,A
100,'356,India,333,'01441,Linseed,5530,Producer Price (LCU/tonne),1973,1973,LCU,1987.0,A
100,'356,India,333,'01441,Linseed,5530,Producer Price (LCU/tonne),1974,1974,LCU,3101.0,A
100,'356,India,333,'01441,Linseed,5530,Producer Price (LCU/tonne),1975,1975,LCU,2427.0,A
100,'356,India,333,'01441,Linseed,5530,Producer Price (LCU/tonne),1976,1976,LCU,2800.0,E
100,'356,India,333,'01441,Linseed,5530,Producer Price (LCU/tonne),1977,1977,LCU,3200.0,E
100,'356,India,333,'01441,Linseed,5530,Producer Price (LCU/tonne),1978,1978,LCU,3800.0,E
100,'356,India,333,'01441,Linseed,5530,Producer Price (LCU/tonne),1979,1979,LCU,4100.0,E
100,'356,India,333,'01441,Linseed,5530,Producer Price (LCU/tonne),1980,1980,LCU,4950.0,E
100,'356,India,333,'01441,Linseed,5530,Producer Price (LCU/tonne),1981,1981,LCU,5400.0,E
100,'356,India,333,'01441,Linseed,5530,Producer Price (LCU/tonne),1982,1982,LCU,5500.0,E
100,'356,India,333,'01441,Linseed,5530,Producer Price (LCU/tonne),1983,1983,LCU,4186.0,A
100,'356,India,333,'01441,Linseed,5530,Producer Price (LCU/tonne),1984,1984,LCU,4521.0,A
100,'356,India,333,'01441,Linseed,5530,Producer Price (LCU/tonne),1985,1985,LCU,4776.0,A
100,'356,India,333,'01441,Linseed,5530,Producer Price (LCU/tonne),1986,1986,LCU,4977.0,A
100,'356,India,333,'01441,Linseed,5530,Producer Price (LCU/tonne),1987,1987,LCU,6320.0,A
100,'356,India,333,'01441,Linseed,5530,Producer Price (LCU/tonne),1988,1988,LCU,7128.0,A
100,'356,India,333,'01441,Linseed,5530,Producer Price (LCU/tonne),1989,1989,LCU,6593.0,A
100,'356,India,333,'01441,Linseed,5530,Producer Price (LCU/tonne),1990,1990,LCU,7257.0,A
100,'356,India,56,'0112,Maize (corn),5530,Producer Price (LCU/tonne),1966,1966,LCU,771.0,A
100,'356,India,56,'0112,Maize (corn),5530,Producer Price (LCU/tonne),1967,1967,LCU,705.0,A
100,'356,India,56,'0112,Maize (corn),5530,Producer Price (LCU/tonne),1968,1968,LCU,597.0,A
100,'356,India,56,'0112,Maize (corn),5530,Producer Price (LCU/tonne),1969,1969,LCU,643.0,A
100,'356,India,56,'0112,Maize (corn),5530,Producer Price (LCU/tonne),1970,1970,LCU,572.0,A
100,'356,India,56,'0112,Maize (corn),5530,Producer Price (LCU/tonne),1971,1971,LCU,619.0,A
100,'356,India,56,'0112,Maize (corn),5530,Producer Price (LCU/tonne),1972,1972,LCU,774.0,A
100,'356,India,56,'0112,Maize (corn),5530,Producer Price (LCU/tonne),1973,1973,LCU,989.0,A
100,'356,India,56,'0112,Maize (corn),5530,Producer Price (LCU/tonne),1974,1974,LCU,1450.0,A
100,'356,India,56,'0112,Maize (corn),5530,Producer Price (LCU/tonne),1975,1975,LCU,1241.0,A
100,'356,India,56,'0112,Maize (corn),5530,Producer Price (LCU/tonne),1976,1976,LCU,839.0,A
100,'356,India,56,'0112,Maize (corn),5530,Producer Price (LCU/tonne),1977,1977,LCU,1078.0,A
100,'356,India,56,'0112,Maize (corn),5530,Producer Price (LCU/tonne),1978,1978,LCU,1096.0,A
100,'356,India,56,'0112,Maize (corn),5530,Producer Price (LCU/tonne),1979,1979,LCU,1100.0,A
100,'356,India,56,'0112,Maize (corn),5530,Producer Price (LCU/tonne),1980,1980,LCU,1238.0,A
100,'356,India,56,'0112,Maize (corn),5530,Producer Price (LCU/tonne),1981,1981,LCU,1423.0,A
100,'356,India,56,'0112,Maize (corn),5530,Producer Price (LCU/tonne),1982,1982,LCU,1450.0,E
100,'356,India,56,'0112,Maize (corn),5530,Producer Price (LCU/tonne),1983,1983,LCU,1490.0,A
100,'356,India,56,'0112,Maize (corn),5530,Producer Price (LCU/tonne),1984,1984,LCU,1528.0,A
100,'356,India,56,'0112,Maize (corn),5530,Producer Price (LCU/tonne),1985,1985,LCU,1703.0,A
100,'356,India,56,'0112,Maize (corn),5530,Producer Price (LCU/tonne),1986,1986,LCU,1772.0,A
100,'356,India,56,'0112,Maize (corn),5530,Producer Price (LCU/tonne),1987,1987,LCU,1919.0,A
100,'356,India,56,'0112,Maize (corn),5530,Producer Price (LCU/tonne),1988,1988,LCU,1997.0,A
100,'356,India,56,'0112,Maize (corn),5530,Producer Price (LCU/tonne),1989,1989,LCU,1992.0,A
100,'356,India,56,'0112,Maize (corn),5530,Producer Price (LCU/tonne),1990,1990,LCU,1860.0,A
100,'356,India,571,'01316,"Mangoes, guavas and mangosteens",5530,Producer Price (LCU/tonne),1967,1967,LCU,709.0,A
100,'356,India,571,'01316,"Mangoes, guavas and mangosteens",5530,Producer Price (LCU/tonne),1968,1968,LCU,623.0,A
100,'356,India,571,'01316,"Mangoes, guavas and mangosteens",5530,Producer Price (LCU/tonne),1969,1969,LCU,756.0,A
100,'356,India,571,'01316,"Mangoes, guavas and mangosteens",5530,Producer Price (LCU/tonne),1970,1970,LCU,485.0,A
100,'356,India,571,'01316,"Mangoes, guavas and mangosteens",5530,Producer Price (LCU/tonne),1971,1971,LCU,548.0,A
100,'356,India,571,'01316,"Mangoes, guavas and mangosteens",5530,Producer Price (LCU/tonne),1972,1972,LCU,611.0,A
100,'356,India,571,'01316,"Mangoes, guavas and mangosteens",5530,Producer Price (LCU/tonne),1973,1973,LCU,858.0,A
100,'356,India,571,'01316,"Mangoes, guavas and mangosteens",5530,Producer Price (LCU/tonne),1974,1974,LCU,880.0,A
100,'356,India,571,'01316,"Mangoes, guavas and mangosteens",5530,Producer Price (LCU/tonne),1975,1975,LCU,800.0,E
100,'356,India,571,'01316,"Mangoes, guavas and mangosteens",5530,Producer Price (LCU/tonne),1976,1976,LCU,810.0,E
100,'356,India,571,'01316,"Mangoes, guavas and mangosteens",5530,Producer Price (LCU/tonne),1977,1977,LCU,900.0,E
100,'356,India,571,'01316,"Mangoes, guavas and mangosteens",5530,Producer Price (LCU/tonne),1978,1978,LCU,930.0,E
100,'356,India,571,'01316,"Mangoes, guavas and mangosteens",5530,Producer Price (LCU/tonne),1979,1979,LCU,1030.0,E
100,'356,India,571,'01316,"Mangoes, guavas and mangosteens",5530,Producer Price (LCU/tonne),1980,1980,LCU,1200.0,E
100,'356,India,571,'01316,"Mangoes, guavas and mangosteens",5530,Producer Price (LCU/tonne),1981,1981,LCU,1420.0,E
100,'356,India,571,'01316,"Mangoes, guavas and mangosteens",5530,Producer Price (LCU/tonne),1982,1982,LCU,1560.0,E
100,'356,India,571,'01316,"Mangoes, guavas and mangosteens",5530,Producer Price (LCU/tonne),1983,1983,LCU,1710.0,E
100,'356,India,571,'01316,"Mangoes, guavas and mangosteens",5530,Producer Price (LCU/tonne),1984,1984,LCU,1890.0,E
100,'356,India,571,'01316,"Mangoes, guavas and mangosteens",5530,Producer Price (LCU/tonne),1985,1985,LCU,2080.0,E
100,'356,India,571,'01316,"Mangoes, guavas and mangosteens",5530,Producer Price (LCU/tonne),1986,1986,LCU,2280.0,E
100,'356,India,571,'01316,"Mangoes, guavas and mangosteens",5530,Producer Price (LCU/tonne),1987,1987,LCU,2510.0,E
100,'356,India,571,'01316,"Mangoes, guavas and mangosteens",5530,Producer Price (LCU/tonne),1988,1988,LCU,2700.0,E
100,'356,India,571,'01316,"Mangoes, guavas and mangosteens",5530,Producer Price (LCU/tonne),1989,1989,LCU,2900.0,E
100,'356,India,571,'01316,"Mangoes, guavas and mangosteens",5530,Producer Price (LCU/tonne),1990,1990,LCU,3100.0,E
100,'356,India,973,'21112b,"Meat of buffalo, fresh or chilled (biological)",5530,Producer Price (LCU/tonne),1967,1967,LCU,760.0,A
100,'356,India,973,'21112b,"Meat of buffalo, fresh or chilled (biological)",5530,Producer Price (LCU/tonne),1968,1968,LCU,830.0,A
100,'356,India,973,'21112b,"Meat of buffalo, fresh or chilled (biological)",5530,Producer Price (LCU/tonne),1969,1969,LCU,800.0,A
100,'356,India,973,'21112b,"Meat of buffalo, fresh or chilled (biological)",5530,Producer Price (LCU/tonne),1970,1970,LCU,890.0,A
100,'356,India,973,'21112b,"Meat of buffalo, fresh or chilled (biological)",5530,Producer Price (LCU/tonne),1971,1971,LCU,890.0,A
100,'356,India,973,'21112b,"Meat of buffalo, fresh or chilled (biological)",5530,Producer Price (LCU/tonne),1972,1972,LCU,950.0,A
100,'356,India,973,'21112b,"Meat of buffalo, fresh or chilled (biological)",5530,Producer Price (LCU/tonne),1973,1973,LCU,1170.0,A
100,'356,India,973,'21112b,"Meat of buffalo, fresh or chilled (biological)",5530,Producer Price (LCU/tonne),1974,1974,LCU,1370.0,A
100,'356,India,973,'21112b,"Meat of buffalo, fresh or chilled (biological)",5530,Producer Price (LCU/tonne),1975,1975,LCU,1440.0,E
100,'356,India,973,'21112b,"Meat of buffalo, fresh or chilled (biological)",5530,Producer Price (LCU/tonne),1976,1976,LCU,1440.0,A
100,'356,India,973,'21112b,"Meat of buffalo, fresh or chilled (biological)",5530,Producer Price (LCU/tonne),1977,1977,LCU,1580.0,A
100,'356,India,973,'21112b,"Meat of buffalo, fresh or chilled (biological)",5530,Producer Price (LCU/tonne),1978,1978,LCU,1770.0,A
100,'356,India,973,'21112b,"Meat of buffalo, fresh or chilled (biological)",5530,Producer Price (LCU/tonne),1979,1979,LCU,1880.0,E
100,'356,India,973,'21112b,"Meat of buffalo, fresh or chilled (biological)",5530,Producer Price (LCU/tonne),1980,1980,LCU,2200.0,E
100,'356,India,973,'21112b,"Meat of buffalo, fresh or chilled (biological)",5530,Producer Price (LCU/tonne),1981,1981,LCU,2600.0,E
100,'356,India,973,'21112b,"Meat of buffalo, fresh or chilled (biological)",5530,Producer Price (LCU/tonne),1982,1982,LCU,2850.0,E
100,'356,India,973,'21112b,"Meat of buffalo, fresh or chilled (biological)",5530,Producer Price (LCU/tonne),1983,1983,LCU,3140.0,E
100,'356,India,973,'21112b,"Meat of buffalo, fresh or chilled (biological)",5530,Producer Price (LCU/tonne),1984,1984,LCU,3450.0,E
100,'356,India,973,'21112b,"Meat of buffalo, fresh or chilled (biological)",5530,Producer Price (LCU/tonne),1985,1985,LCU,3800.0,E
100,'356,India,973,'21112b,"Meat of buffalo, fresh or chilled (biological)",5530,Producer Price (LCU/tonne),1986,1986,LCU,4180.0,E
100,'356,India,973,'21112b,"Meat of buffalo, fresh or chilled (biological)",5530,Producer Price (LCU/tonne),1987,1987,LCU,4590.0,E
100,'356,India,973,'21112b,"Meat of buffalo, fresh or chilled (biological)",5530,Producer Price (LCU/tonne),1988,1988,LCU,4900.0,E
100,'356,India,973,'21112b,"Meat of buffalo, fresh or chilled (biological)",5530,Producer Price (LCU/tonne),1989,1989,LCU,5210.0,E
100,'356,India,973,'21112b,"Meat of buffalo, fresh or chilled (biological)",5530,Producer Price (LCU/tonne),1990,1990,LCU,5570.0,E
100,'356,India,945,'21111.01b,"Meat of cattle with the bone, fresh or chilled (biological)",5530,Producer Price (LCU/tonne),1967,1967,LCU,840.0,A
100,'356,India,945,'21111.01b,"Meat of cattle with the bone, fresh or chilled (biological)",5530,Producer Price (LCU/tonne),1968,1968,LCU,920.0,A
100,'356,India,945,'21111.01b,"Meat of cattle with the bone, fresh or chilled (biological)",5530,Producer Price (LCU/tonne),1969,1969,LCU,890.0,A
100,'356,India,945,'21111.01b,"Meat of cattle with the bone, fresh or chilled (biological)",5530,Producer Price (LCU/tonne),1970,1970,LCU,990.0,A
100,'356,India,945,'21111.01b,"Meat of cattle with the bone, fresh or chilled (biological)",5530,Producer Price (LCU/tonne),1971,1971,LCU,980.0,A
100,'356,India,945,'21111.01b,"Meat of cattle with the bone, fresh or chilled (biological)",5530,Producer Price (LCU/tonne),1972,1972,LCU,1040.0,A
100,'356,India,945,'21111.01b,"Meat of cattle with the bone, fresh or chilled (biological)",5530,Producer Price (LCU/tonne),1973,1973,LCU,1280.0,A
100,'356,India,945,'21111.01b,"Meat of cattle with the bone, fresh or chilled (biological)",5530,Producer Price (LCU/tonne),1974,1974,LCU,1500.0,A
100,'356,India,945,'21111.01b,"Meat of cattle with the bone, fresh or chilled (biological)",5530,Producer Price (LCU/tonne),1975,1975,LCU,1550.0,E
100,'356,India,945,'21111.01b,"Meat of cattle with the bone, fresh or chilled (biological)",5530,Producer Price (LCU/tonne),1976,1976,LCU,1600.0,E
100,'356,India,945,'21111.01b,"Meat of cattle with the bone, fresh or chilled (biological)",5530,Producer Price (LCU/tonne),1977,1977,LCU,1740.0,E
100,'356,India,945,'21111.01b,"Meat of cattle with the bone, fresh or chilled (biological)",5530,Producer Price (LCU/tonne),1978,1978,LCU,1950.0,E
100,'356,India,945,'21111.01b,"Meat of cattle with the bone, fresh or chilled (biological)",5530,Producer Price (LCU/tonne),1979,1979,LCU,2120.0,E
100,'356,India,945,'21111.01b,"Meat of cattle with the bone, fresh or chilled (biological)",5530,Producer Price (LCU/tonne),1980,1980,LCU,2470.0,E
100,'356,India,945,'21111.01b,"Meat of cattle with the bone, fresh or chilled (biological)",5530,Producer Price (LCU/tonne),1981,1981,LCU,2920.0,E
100,'356,India,945,'21111.01b,"Meat of cattle with the bone, fresh or chilled (biological)",5530,Producer Price (LCU/tonne),1982,1982,LCU,3210.0,E
100,'356,India,945,'21111.01b,"Meat of cattle with the bone, fresh or chilled (biological)",5530,Producer Price (LCU/tonne),1983,1983,LCU,3530.0,E
100,'356,India,945,'21111.01b,"Meat of cattle with the bone, fresh or chilled (biological)",5530,Producer Price (LCU/tonne),1984,1984,LCU,3880.0,E
100,'356,India,945,'21111.01b,"Meat of cattle with the bone, fresh or chilled (biological)",5530,Producer Price (LCU/tonne),1985,1985,LCU,4270.0,E
100,'356,India,945,'21111.01b,"Meat of cattle with the bone, fresh or chilled (biological)",5530,Producer Price (LCU/tonne),1986,1986,LCU,4700.0,E
100,'356,India,945,'21111.01b,"Meat of cattle with the bone, fresh or chilled (biological)",5530,Producer Price (LCU/tonne),1987,1987,LCU,5160.0,E
100,'356,India,945,'21111.01b,"Meat of cattle with the bone, fresh or chilled (biological)",5530,Producer Price (LCU/tonne),1988,1988,LCU,5500.0,E
100,'356,India,945,'21111.01b,"Meat of cattle with the bone, fresh or chilled (biological)",5530,Producer Price (LCU/tonne),1989,1989,LCU,5850.0,E
100,'356,India,945,'21111.01b,"Meat of cattle with the bone, fresh or chilled (biological)",5530,Producer Price (LCU/tonne),1990,1990,LCU,6260.0,E
100,'356,India,1095,'21121b,"Meat of chickens, fresh or chilled (biological)",5530,Producer Price (LCU/tonne),1967,1967,LCU,3160.0,E
100,'356,India,1095,'21121b,"Meat of chickens, fresh or chilled (biological)",5530,Producer Price (LCU/tonne),1968,1968,LCU,3290.0,E
100,'356,India,1095,'21121b,"Meat of chickens, fresh or chilled (biological)",5530,Producer Price (LCU/tonne),1969,1969,LCU,3310.0,E
100,'356,India,1095,'21121b,"Meat of chickens, fresh or chilled (biological)",5530,Producer Price (LCU/tonne),1970,1970,LCU,3500.0,E
100,'356,India,1095,'21121b,"Meat of chickens, fresh or chilled (biological)",5530,Producer Price (LCU/tonne),1971,1971,LCU,3680.0,E
100,'356,India,1095,'21121b,"Meat of chickens, fresh or chilled (biological)",5530,Producer Price (LCU/tonne),1972,1972,LCU,3980.0,E
100,'356,India,1095,'21121b,"Meat of chickens, fresh or chilled (biological)",5530,Producer Price (LCU/tonne),1973,1973,LCU,5000.0,E
100,'356,India,1095,'21121b,"Meat of chickens, fresh or chilled (biological)",5530,Producer Price (LCU/tonne),1974,1974,LCU,6150.0,E
100,'356,India,1095,'21121b,"Meat of chickens, fresh or chilled (biological)",5530,Producer Price (LCU/tonne),1975,1975,LCU,6500.0,E
100,'356,India,1095,'21121b,"Meat of chickens, fresh or chilled (biological)",5530,Producer Price (LCU/tonne),1976,1976,LCU,6500.0,E
100,'356,India,1095,'21121b,"Meat of chickens, fresh or chilled (biological)",5530,Producer Price (LCU/tonne),1977,1977,LCU,7100.0,E
100,'356,India,1095,'21121b,"Meat of chickens, fresh or chilled (biological)",5530,Producer Price (LCU/tonne),1978,1978,LCU,8000.0,E
100,'356,India,1095,'21121b,"Meat of chickens, fresh or chilled (biological)",5530,Producer Price (LCU/tonne),1979,1979,LCU,8630.0,E
100,'356,India,1095,'21121b,"Meat of chickens, fresh or chilled (biological)",5530,Producer Price (LCU/tonne),1980,1980,LCU,10080.0,E
100,'356,India,1095,'21121b,"Meat of chickens, fresh or chilled (biological)",5530,Producer Price (LCU/tonne),1981,1981,LCU,11900.0,E
100,'356,India,1095,'21121b,"Meat of chickens, fresh or chilled (biological)",5530,Producer Price (LCU/tonne),1982,1982,LCU,13080.0,E
100,'356,India,1095,'21121b,"Meat of chickens, fresh or chilled (biological)",5530,Producer Price (LCU/tonne),1983,1983,LCU,14390.0,E
100,'356,India,1095,'21121b,"Meat of chickens, fresh or chilled (biological)",5530,Producer Price (LCU/tonne),1984,1984,LCU,15750.0,E
100,'356,India,1095,'21121b,"Meat of chickens, fresh or chilled (biological)",5530,Producer Price (LCU/tonne),1985,1985,LCU,17420.0,E
100,'356,India,1095,'21121b,"Meat of chickens, fresh or chilled (biological)",5530,Producer Price (LCU/tonne),1986,1986,LCU,19160.0,E
100,'356,India,1095,'21121b,"Meat of chickens, fresh or chilled (biological)",5530,Producer Price (LCU/tonne),1987,1987,LCU,21070.0,E
100,'356,India,1095,'21121b,"Meat of chickens, fresh or chilled (biological)",5530,Producer Price (LCU/tonne),1988,1988,LCU,22500.0,E
100,'356,India,1095,'21121b,"Meat of chickens, fresh or chilled (biological)",5530,Producer Price (LCU/tonne),1989,1989,LCU,24000.0,E
100,'356,India,1095,'21121b,"Meat of chickens, fresh or chilled (biological)",5530,Producer Price (LCU/tonne),1990,1990,LCU,25580.0,E
100,'356,India,1033,'21116b,"Meat of goat, fresh or chilled (biological)",5530,Producer Price (LCU/tonne),1967,1967,LCU,2350.0,A
100,'356,India,1033,'21116b,"Meat of goat, fresh or chilled (biological)",5530,Producer Price (LCU/tonne),1968,1968,LCU,2450.0,A
100,'356,India,1033,'21116b,"Meat of goat, fresh or chilled (biological)",5530,Producer Price (LCU/tonne),1969,1969,LCU,2460.0,A
100,'356,India,1033,'21116b,"Meat of goat, fresh or chilled (biological)",5530,Producer Price (LCU/tonne),1970,1970,LCU,2600.0,A
100,'356,India,1033,'21116b,"Meat of goat, fresh or chilled (biological)",5530,Producer Price (LCU/tonne),1971,1971,LCU,2740.0,A
100,'356,India,1033,'21116b,"Meat of goat, fresh or chilled (biological)",5530,Producer Price (LCU/tonne),1972,1972,LCU,2970.0,A
100,'356,India,1033,'21116b,"Meat of goat, fresh or chilled (biological)",5530,Producer Price (LCU/tonne),1973,1973,LCU,3700.0,A
100,'356,India,1033,'21116b,"Meat of goat, fresh or chilled (biological)",5530,Producer Price (LCU/tonne),1974,1974,LCU,4570.0,A
100,'356,India,1033,'21116b,"Meat of goat, fresh or chilled (biological)",5530,Producer Price (LCU/tonne),1975,1975,LCU,4830.0,A
100,'356,India,1033,'21116b,"Meat of goat, fresh or chilled (biological)",5530,Producer Price (LCU/tonne),1976,1976,LCU,4800.0,E
100,'356,India,1033,'21116b,"Meat of goat, fresh or chilled (biological)",5530,Producer Price (LCU/tonne),1977,1977,LCU,5280.0,E
100,'356,India,1033,'21116b,"Meat of goat, fresh or chilled (biological)",5530,Producer Price (LCU/tonne),1978,1978,LCU,5920.0,E
100,'356,India,1033,'21116b,"Meat of goat, fresh or chilled (biological)",5530,Producer Price (LCU/tonne),1979,1979,LCU,6390.0,E
100,'356,India,1033,'21116b,"Meat of goat, fresh or chilled (biological)",5530,Producer Price (LCU/tonne),1980,1980,LCU,7470.0,E
100,'356,India,1033,'21116b,"Meat of goat, fresh or chilled (biological)",5530,Producer Price (LCU/tonne),1981,1981,LCU,8810.0,E
100,'356,India,1033,'21116b,"Meat of goat, fresh or chilled (biological)",5530,Producer Price (LCU/tonne),1982,1982,LCU,9670.0,E
100,'356,India,1033,'21116b,"Meat of goat, fresh or chilled (biological)",5530,Producer Price (LCU/tonne),1983,1983,LCU,10660.0,E
100,'356,India,1033,'21116b,"Meat of goat, fresh or chilled (biological)",5530,Producer Price (LCU/tonne),1984,1984,LCU,11670.0,E
100,'356,India,1033,'21116b,"Meat of goat, fresh or chilled (biological)",5530,Producer Price (LCU/tonne),1985,1985,LCU,12900.0,E
100,'356,India,1033,'21116b,"Meat of goat, fresh or chilled (biological)",5530,Producer Price (LCU/tonne),1986,1986,LCU,14190.0,E
100,'356,India,1033,'21116b,"Meat of goat, fresh or chilled (biological)",5530,Producer Price (LCU/tonne),1987,1987,LCU,15600.0,E
100,'356,India,1033,'21116b,"Meat of goat, fresh or chilled (biological)",5530,Producer Price (LCU/tonne),1988,1988,LCU,16670.0,E
100,'356,India,1033,'21116b,"Meat of goat, fresh or chilled (biological)",5530,Producer Price (LCU/tonne),1989,1989,LCU,17780.0,E
100,'356,India,1033,'21116b,"Meat of goat, fresh or chilled (biological)",5530,Producer Price (LCU/tonne),1990,1990,LCU,18940.0,E
100,'356,India,1056,'21113.01b,"Meat of pig with the bone, fresh or chilled (biological)",5530,Producer Price (LCU/tonne),1967,1967,LCU,2300.0,A
100,'356,India,1056,'21113.01b,"Meat of pig with the bone, fresh or chilled (biological)",5530,Producer Price (LCU/tonne),1968,1968,LCU,2470.0,A
100,'356,India,1056,'21113.01b,"Meat of pig with the bone, fresh or chilled (biological)",5530,Producer Price (LCU/tonne),1969,1969,LCU,2450.0,A
100,'356,India,1056,'21113.01b,"Meat of pig with the bone, fresh or chilled (biological)",5530,Producer Price (LCU/tonne),1970,1970,LCU,2560.0,A
100,'356,India,1056,'21113.01b,"Meat of pig with the bone, fresh or chilled (biological)",5530,Producer Price (LCU/tonne),1971,1971,LCU,2790.0,A
100,'356,India,1056,'21113.01b,"Meat of pig with the bone, fresh or chilled (biological)",5530,Producer Price (LCU/tonne),1972,1972,LCU,2950.0,A
100,'356,India,1056,'21113.01b,"Meat of pig with the bone, fresh or chilled (biological)",5530,Producer Price (LCU/tonne),1973,1973,LCU,3320.0,A
100,'356,India,1056,'21113.01b,"Meat of pig with the bone, fresh or chilled (biological)",5530,Producer Price (LCU/tonne),1974,1974,LCU,3950.0,A
100,'356,India,1056,'21113.01b,"Meat of pig with the bone, fresh or chilled (biological)",5530,Producer Price (LCU/tonne),1975,1975,LCU,4170.0,E
100,'356,India,1056,'21113.01b,"Meat of pig with the bone, fresh or chilled (biological)",5530,Producer Price (LCU/tonne),1976,1976,LCU,4140.0,E
100,'356,India,1056,'21113.01b,"Meat of pig with the bone, fresh or chilled (biological)",5530,Producer Price (LCU/tonne),1977,1977,LCU,4560.0,E
100,'356,India,1056,'21113.01b,"Meat of pig with the bone, fresh or chilled (biological)",5530,Producer Price (LCU/tonne),1978,1978,LCU,5110.0,E
100,'356,India,1056,'21113.01b,"Meat of pig with the bone, fresh or chilled (biological)",5530,Producer Price (LCU/tonne),1979,1979,LCU,5440.0,E
100,'356,India,1056,'21113.01b,"Meat of pig with the bone, fresh or chilled (biological)",5530,Producer Price (LCU/tonne),1980,1980,LCU,6360.0,E
100,'356,India,1056,'21113.01b,"Meat of pig with the bone, fresh or chilled (biological)",5530,Producer Price (LCU/tonne),1981,1981,LCU,7500.0,E
100,'356,India,1056,'21113.01b,"Meat of pig with the bone, fresh or chilled (biological)",5530,Producer Price (LCU/tonne),1982,1982,LCU,8250.0,E
100,'356,India,1056,'21113.01b,"Meat of pig with the bone, fresh or chilled (biological)",5530,Producer Price (LCU/tonne),1983,1983,LCU,9080.0,E
100,'356,India,1056,'21113.01b,"Meat of pig with the bone, fresh or chilled (biological)",5530,Producer Price (LCU/tonne),1984,1984,LCU,9980.0,E
100,'356,India,1056,'21113.01b,"Meat of pig with the bone, fresh or chilled (biological)",5530,Producer Price (LCU/tonne),1985,1985,LCU,10980.0,E
100,'356,India,1056,'21113.01b,"Meat of pig with the bone, fresh or chilled (biological)",5530,Producer Price (LCU/tonne),1986,1986,LCU,12080.0,E
100,'356,India,1056,'21113.01b,"Meat of pig with the bone, fresh or chilled (biological)",5530,Producer Price (LCU/tonne),1987,1987,LCU,13290.0,E
100,'356,India,1056,'21113.01b,"Meat of pig with the bone, fresh or chilled (biological)",5530,Producer Price (LCU/tonne),1988,1988,LCU,14210.0,E
100,'356,India,1056,'21113.01b,"Meat of pig with the bone, fresh or chilled (biological)",5530,Producer Price (LCU/tonne),1989,1989,LCU,15190.0,E
100,'356,India,1056,'21113.01b,"Meat of pig with the bone, fresh or chilled (biological)",5530,Producer Price (LCU/tonne),1990,1990,LCU,16170.0,E
100,'356,India,1013,'21115b,"Meat of sheep, fresh or chilled (biological)",5530,Producer Price (LCU/tonne),1967,1967,LCU,2300.0,A
100,'356,India,1013,'21115b,"Meat of sheep, fresh or chilled (biological)",5530,Producer Price (LCU/tonne),1968,1968,LCU,2390.0,A
100,'356,India,1013,'21115b,"Meat of sheep, fresh or chilled (biological)",5530,Producer Price (LCU/tonne),1969,1969,LCU,2410.0,A
100,'356,India,1013,'21115b,"Meat of sheep, fresh or chilled (biological)",5530,Producer Price (LCU/tonne),1970,1970,LCU,2540.0,A
100,'356,India,1013,'21115b,"Meat of sheep, fresh or chilled (biological)",5530,Producer Price (LCU/tonne),1971,1971,LCU,2680.0,A
100,'356,India,1013,'21115b,"Meat of sheep, fresh or chilled (biological)",5530,Producer Price (LCU/tonne),1972,1972,LCU,2900.0,A
100,'356,India,1013,'21115b,"Meat of sheep, fresh or chilled (biological)",5530,Producer Price (LCU/tonne),1973,1973,LCU,3620.0,A
100,'356,India,1013,'21115b,"Meat of sheep, fresh or chilled (biological)",5530,Producer Price (LCU/tonne),1974,1974,LCU,4470.0,A
100,'356,India,1013,'21115b,"Meat of sheep, fresh or chilled (biological)",5530,Producer Price (LCU/tonne),1975,1975,LCU,4730.0,E
100,'356,India,1013,'21115b,"Meat of sheep, fresh or chilled (biological)",5530,Producer Price (LCU/tonne),1976,1976,LCU,4690.0,A
100,'356,India,1013,'21115b,"Meat of sheep, fresh or chilled (biological)",5530,Producer Price (LCU/tonne),1977,1977,LCU,5170.0,A
100,'356,India,1013,'21115b,"Meat of sheep, fresh or chilled (biological)",5530,Producer Price (LCU/tonne),1978,1978,LCU,5790.0,E
100,'356,India,1013,'21115b,"Meat of sheep, fresh or chilled (biological)",5530,Producer Price (LCU/tonne),1979,1979,LCU,6270.0,E
100,'356,India,1013,'21115b,"Meat of sheep, fresh or chilled (biological)",5530,Producer Price (LCU/tonne),1980,1980,LCU,7330.0,E
100,'356,India,1013,'21115b,"Meat of sheep, fresh or chilled (biological)",5530,Producer Price (LCU/tonne),1981,1981,LCU,8650.0,E
100,'356,India,1013,'21115b,"Meat of sheep, fresh or chilled (biological)",5530,Producer Price (LCU/tonne),1982,1982,LCU,9510.0,E
100,'356,India,1013,'21115b,"Meat of sheep, fresh or chilled (biological)",5530,Producer Price (LCU/tonne),1983,1983,LCU,10470.0,E
100,'356,India,1013,'21115b,"Meat of sheep, fresh or chilled (biological)",5530,Producer Price (LCU/tonne),1984,1984,LCU,11460.0,E
100,'356,India,1013,'21115b,"Meat of sheep, fresh or chilled (biological)",5530,Producer Price (LCU/tonne),1985,1985,LCU,12670.0,E
100,'356,India,1013,'21115b,"Meat of sheep, fresh or chilled (biological)",5530,Producer Price (LCU/tonne),1986,1986,LCU,13930.0,E
100,'356,India,1013,'21115b,"Meat of sheep, fresh or chilled (biological)",5530,Producer Price (LCU/tonne),1987,1987,LCU,15350.0,E
100,'356,India,1013,'21115b,"Meat of sheep, fresh or chilled (biological)",5530,Producer Price (LCU/tonne),1988,1988,LCU,16400.0,E
100,'356,India,1013,'21115b,"Meat of sheep, fresh or chilled (biological)",5530,Producer Price (LCU/tonne),1989,1989,LCU,17500.0,E
100,'356,India,1013,'21115b,"Meat of sheep, fresh or chilled (biological)",5530,Producer Price (LCU/tonne),1990,1990,LCU,18600.0,E
100,'356,India,79,'0118,Millet,5530,Producer Price (LCU/tonne),1966,1966,LCU,634.0,A
100,'356,India,79,'0118,Millet,5530,Producer Price (LCU/tonne),1967,1967,LCU,650.0,A
100,'356,India,79,'0118,Millet,5530,Producer Price (LCU/tonne),1968,1968,LCU,630.0,A
100,'356,India,79,'0118,Millet,5530,Producer Price (LCU/tonne),1969,1969,LCU,669.0,A
100,'356,India,79,'0118,Millet,5530,Producer Price (LCU/tonne),1970,1970,LCU,614.0,A
100,'356,India,79,'0118,Millet,5530,Producer Price (LCU/tonne),1971,1971,LCU,676.0,A
100,'356,India,79,'0118,Millet,5530,Producer Price (LCU/tonne),1972,1972,LCU,887.0,A
100,'356,India,79,'0118,Millet,5530,Producer Price (LCU/tonne),1973,1973,LCU,1037.0,A
100,'356,India,79,'0118,Millet,5530,Producer Price (LCU/tonne),1974,1974,LCU,700.0,A
100,'356,India,79,'0118,Millet,5530,Producer Price (LCU/tonne),1975,1975,LCU,798.0,A
100,'356,India,79,'0118,Millet,5530,Producer Price (LCU/tonne),1976,1976,LCU,466.0,A
100,'356,India,79,'0118,Millet,5530,Producer Price (LCU/tonne),1977,1977,LCU,554.0,A
100,'356,India,79,'0118,Millet,5530,Producer Price (LCU/tonne),1978,1978,LCU,522.0,A
100,'356,India,79,'0118,Millet,5530,Producer Price (LCU/tonne),1979,1979,LCU,510.0,A
100,'356,India,79,'0118,Millet,5530,Producer Price (LCU/tonne),1980,1980,LCU,643.0,A
100,'356,India,79,'0118,Millet,5530,Producer Price (LCU/tonne),1981,1981,LCU,752.0,A
100,'356,India,79,'0118,Millet,5530,Producer Price (LCU/tonne),1982,1982,LCU,1120.0,E
100,'356,India,79,'0118,Millet,5530,Producer Price (LCU/tonne),1983,1983,LCU,1498.0,A
100,'356,India,79,'0118,Millet,5530,Producer Price (LCU/tonne),1984,1984,LCU,1460.0,A
100,'356,India,79,'0118,Millet,5530,Producer Price (LCU/tonne),1985,1985,LCU,1664.0,A
100,'356,India,79,'0118,Millet,5530,Producer Price (LCU/tonne),1986,1986,LCU,1764.0,A
100,'356,India,79,'0118,Millet,5530,Producer Price (LCU/tonne),1987,1987,LCU,1910.0,A
100,'356,India,79,'0118,Millet,5530,Producer Price (LCU/tonne),1988,1988,LCU,1859.0,A
100,'356,India,79,'0118,Millet,5530,Producer Price (LCU/tonne),1989,1989,LCU,1879.0,A
100,'356,India,79,'0118,Millet,5530,Producer Price (LCU/tonne),1990,1990,LCU,1790.0,A
100,'356,India,292,'01442,Mustard seed,5530,Producer Price (LCU/tonne),1974,1974,LCU,3800.0,A
100,'356,India,292,'01442,Mustard seed,5530,Producer Price (LCU/tonne),1975,1975,LCU,2472.0,A
100,'356,India,292,'01442,Mustard seed,5530,Producer Price (LCU/tonne),1976,1976,LCU,2580.0,A
100,'356,India,292,'01442,Mustard seed,5530,Producer Price (LCU/tonne),1977,1977,LCU,4436.0,A
100,'356,India,292,'01442,Mustard seed,5530,Producer Price (LCU/tonne),1978,1978,LCU,3890.0,A
100,'356,India,292,'01442,Mustard seed,5530,Producer Price (LCU/tonne),1979,1979,LCU,3714.0,A
100,'356,India,292,'01442,Mustard seed,5530,Producer Price (LCU/tonne),1980,1980,LCU,3994.0,A
100,'356,India,292,'01442,Mustard seed,5530,Producer Price (LCU/tonne),1981,1981,LCU,4120.0,E
100,'356,India,292,'01442,Mustard seed,5530,Producer Price (LCU/tonne),1982,1982,LCU,4200.0,E
100,'356,India,292,'01442,Mustard seed,5530,Producer Price (LCU/tonne),1983,1983,LCU,4300.0,A
100,'356,India,292,'01442,Mustard seed,5530,Producer Price (LCU/tonne),1984,1984,LCU,4829.0,A
100,'356,India,292,'01442,Mustard seed,5530,Producer Price (LCU/tonne),1985,1985,LCU,4831.0,A
100,'356,India,292,'01442,Mustard seed,5530,Producer Price (LCU/tonne),1986,1986,LCU,4845.0,A
100,'356,India,292,'01442,Mustard seed,5530,Producer Price (LCU/tonne),1987,1987,LCU,6124.0,A
100,'356,India,292,'01442,Mustard seed,5530,Producer Price (LCU/tonne),1988,1988,LCU,6745.0,A
100,'356,India,292,'01442,Mustard seed,5530,Producer Price (LCU/tonne),1989,1989,LCU,5882.0,A
100,'356,India,292,'01442,Mustard seed,5530,Producer Price (LCU/tonne),1990,1990,LCU,6337.0,A
100,'356,India,836,'01950.01,Natural rubber in primary forms,5530,Producer Price (LCU/tonne),1967,1967,LCU,2624.0,A
100,'356,India,836,'01950.01,Natural rubber in primary forms,5530,Producer Price (LCU/tonne),1968,1968,LCU,3682.0,A
100,'356,India,836,'01950.01,Natural rubber in primary forms,5530,Producer Price (LCU/tonne),1969,1969,LCU,3417.0,A
100,'356,India,836,'01950.01,Natural rubber in primary forms,5530,Producer Price (LCU/tonne),1970,1970,LCU,3329.0,A
100,'356,India,836,'01950.01,Natural rubber in primary forms,5530,Producer Price (LCU/tonne),1971,1971,LCU,3153.0,A
100,'356,India,836,'01950.01,Natural rubber in primary forms,5530,Producer Price (LCU/tonne),1972,1972,LCU,3285.0,A
100,'356,India,836,'01950.01,Natural rubber in primary forms,5530,Producer Price (LCU/tonne),1973,1973,LCU,4277.0,A
100,'356,India,836,'01950.01,Natural rubber in primary forms,5530,Producer Price (LCU/tonne),1974,1974,LCU,4409.0,A
100,'356,India,836,'01950.01,Natural rubber in primary forms,5530,Producer Price (LCU/tonne),1975,1975,LCU,4600.0,E
100,'356,India,836,'01950.01,Natural rubber in primary forms,5530,Producer Price (LCU/tonne),1976,1976,LCU,4800.0,E
100,'356,India,836,'01950.01,Natural rubber in primary forms,5530,Producer Price (LCU/tonne),1977,1977,LCU,5000.0,E
100,'356,India,836,'01950.01,Natural rubber in primary forms,5530,Producer Price (LCU/tonne),1978,1978,LCU,5300.0,E
100,'356,India,836,'01950.01,Natural rubber in primary forms,5530,Producer Price (LCU/tonne),1979,1979,LCU,5500.0,E
100,'356,India,836,'01950.01,Natural rubber in primary forms,5530,Producer Price (LCU/tonne),1980,1980,LCU,5800.0,E
100,'356,India,836,'01950.01,Natural rubber in primary forms,5530,Producer Price (LCU/tonne),1981,1981,LCU,6000.0,E
100,'356,India,836,'01950.01,Natural rubber in primary forms,5530,Producer Price (LCU/tonne),1982,1982,LCU,6300.0,E
100,'356,India,836,'01950.01,Natural rubber in primary forms,5530,Producer Price (LCU/tonne),1983,1983,LCU,6500.0,E
100,'356,India,836,'01950.01,Natural rubber in primary forms,5530,Producer Price (LCU/tonne),1984,1984,LCU,7000.0,E
100,'356,India,836,'01950.01,Natural rubber in primary forms,5530,Producer Price (LCU/tonne),1985,1985,LCU,7300.0,E
100,'356,India,836,'01950.01,Natural rubber in primary forms,5530,Producer Price (LCU/tonne),1986,1986,LCU,7500.0,E
100,'356,India,836,'01950.01,Natural rubber in primary forms,5530,Producer Price (LCU/tonne),1987,1987,LCU,7800.0,E
100,'356,India,836,'01950.01,Natural rubber in primary forms,5530,Producer Price (LCU/tonne),1988,1988,LCU,8200.0,E
100,'356,India,836,'01950.01,Natural rubber in primary forms,5530,Producer Price (LCU/tonne),1989,1989,LCU,8500.0,E
100,'356,India,836,'01950.01,Natural rubber in primary forms,5530,Producer Price (LCU/tonne),1990,1990,LCU,8800.0,E
100,'356,India,702,'01653,"Nutmeg, mace, cardamoms, raw",5530,Producer Price (LCU/tonne),1967,1967,LCU,4000.0,E
100,'356,India,702,'01653,"Nutmeg, mace, cardamoms, raw",5530,Producer Price (LCU/tonne),1968,1968,LCU,4240.0,E
100,'356,India,702,'01653,"Nutmeg, mace, cardamoms, raw",5530,Producer Price (LCU/tonne),1969,1969,LCU,4920.0,E
100,'356,India,702,'01653,"Nutmeg, mace, cardamoms, raw",5530,Producer Price (LCU/tonne),1970,1970,LCU,5200.0,E
100,'356,India,702,'01653,"Nutmeg, mace, cardamoms, raw",5530,Producer Price (LCU/tonne),1971,1971,LCU,5500.0,E
100,'356,India,702,'01653,"Nutmeg, mace, cardamoms, raw",5530,Producer Price (LCU/tonne),1972,1972,LCU,7000.0,E
100,'356,India,702,'01653,"Nutmeg, mace, cardamoms, raw",5530,Producer Price (LCU/tonne),1973,1973,LCU,9000.0,E
100,'356,India,702,'01653,"Nutmeg, mace, cardamoms, raw",5530,Producer Price (LCU/tonne),1974,1974,LCU,11500.0,E
100,'356,India,702,'01653,"Nutmeg, mace, cardamoms, raw",5530,Producer Price (LCU/tonne),1975,1975,LCU,13000.0,E
100,'356,India,702,'01653,"Nutmeg, mace, cardamoms, raw",5530,Producer Price (LCU/tonne),1976,1976,LCU,16000.0,E
100,'356,India,702,'01653,"Nutmeg, mace, cardamoms, raw",5530,Producer Price (LCU/tonne),1977,1977,LCU,19000.0,E
100,'356,India,702,'01653,"Nutmeg, mace, cardamoms, raw",5530,Producer Price (LCU/tonne),1978,1978,LCU,19000.0,E
100,'356,India,702,'01653,"Nutmeg, mace, cardamoms, raw",5530,Producer Price (LCU/tonne),1979,1979,LCU,17400.0,E
100,'356,India,702,'01653,"Nutmeg, mace, cardamoms, raw",5530,Producer Price (LCU/tonne),1980,1980,LCU,17400.0,E
100,'356,India,702,'01653,"Nutmeg, mace, cardamoms, raw",5530,Producer Price (LCU/tonne),1981,1981,LCU,17400.0,E
100,'356,India,702,'01653,"Nutmeg, mace, cardamoms, raw",5530,Producer Price (LCU/tonne),1982,1982,LCU,17400.0,E
100,'356,India,702,'01653,"Nutmeg, mace, cardamoms, raw",5530,Producer Price (LCU/tonne),1983,1983,LCU,17400.0,E
100,'356,India,702,'01653,"Nutmeg, mace, cardamoms, raw",5530,Producer Price (LCU/tonne),1984,1984,LCU,20000.0,E
100,'356,India,702,'01653,"Nutmeg, mace, cardamoms, raw",5530,Producer Price (LCU/tonne),1985,1985,LCU,32000.0,E
100,'356,India,702,'01653,"Nutmeg, mace, cardamoms, raw",5530,Producer Price (LCU/tonne),1986,1986,LCU,40000.0,E
100,'356,India,702,'01653,"Nutmeg, mace, cardamoms, raw",5530,Producer Price (LCU/tonne),1987,1987,LCU,54000.0,E
100,'356,India,702,'01653,"Nutmeg, mace, cardamoms, raw",5530,Producer Price (LCU/tonne),1988,1988,LCU,58000.0,E
100,'356,India,702,'01653,"Nutmeg, mace, cardamoms, raw",5530,Producer Price (LCU/tonne),1989,1989,LCU,63000.0,E
100,'356,India,702,'01653,"Nutmeg, mace, cardamoms, raw",5530,Producer Price (LCU/tonne),1990,1990,LCU,64000.0,E
100,'356,India,403,'01253.02,"Onions and shallots, dry (excluding dehydrated)",5530,Producer Price (LCU/tonne),1966,1966,LCU,480.0,E
100,'356,India,403,'01253.02,"Onions and shallots, dry (excluding dehydrated)",5530,Producer Price (LCU/tonne),1967,1967,LCU,544.0,E
100,'356,India,403,'01253.02,"Onions and shallots, dry (excluding dehydrated)",5530,Producer Price (LCU/tonne),1968,1968,LCU,479.0,E
100,'356,India,403,'01253.02,"Onions and shallots, dry (excluding dehydrated)",5530,Producer Price (LCU/tonne),1969,1969,LCU,587.0,E
100,'356,India,403,'01253.02,"Onions and shallots, dry (excluding dehydrated)",5530,Producer Price (LCU/tonne),1970,1970,LCU,616.0,E
100,'356,India,403,'01253.02,"Onions and shallots, dry (excluding dehydrated)",5530,Producer Price (LCU/tonne),1971,1971,LCU,579.0,E
100,'356,India,403,'01253.02,"Onions and shallots, dry (excluding dehydrated)",5530,Producer Price (LCU/tonne),1972,1972,LCU,604.0,E
100,'356,India,403,'01253.02,"Onions and shallots, dry (excluding dehydrated)",5530,Producer Price (LCU/tonne),1973,1973,LCU,695.0,E
100,'356,India,403,'01253.02,"Onions and shallots, dry (excluding dehydrated)",5530,Producer Price (LCU/tonne),1974,1974,LCU,757.0,E
100,'356,India,403,'01253.02,"Onions and shallots, dry (excluding dehydrated)",5530,Producer Price (LCU/tonne),1975,1975,LCU,690.0,E
100,'356,India,403,'01253.02,"Onions and shallots, dry (excluding dehydrated)",5530,Producer Price (LCU/tonne),1976,1976,LCU,694.0,E
100,'356,India,403,'01253.02,"Onions and shallots, dry (excluding dehydrated)",5530,Producer Price (LCU/tonne),1977,1977,LCU,833.0,E
100,'356,India,403,'01253.02,"Onions and shallots, dry (excluding dehydrated)",5530,Producer Price (LCU/tonne),1978,1978,LCU,800.0,E
100,'356,India,403,'01253.02,"Onions and shallots, dry (excluding dehydrated)",5530,Producer Price (LCU/tonne),1979,1979,LCU,1387.0,E
100,'356,India,403,'01253.02,"Onions and shallots, dry (excluding dehydrated)",5530,Producer Price (LCU/tonne),1980,1980,LCU,1620.0,E
100,'356,India,403,'01253.02,"Onions and shallots, dry (excluding dehydrated)",5530,Producer Price (LCU/tonne),1981,1981,LCU,1910.0,E
100,'356,India,403,'01253.02,"Onions and shallots, dry (excluding dehydrated)",5530,Producer Price (LCU/tonne),1982,1982,LCU,2100.0,E
100,'356,India,403,'01253.02,"Onions and shallots, dry (excluding dehydrated)",5530,Producer Price (LCU/tonne),1983,1983,LCU,2310.0,E
100,'356,India,403,'01253.02,"Onions and shallots, dry (excluding dehydrated)",5530,Producer Price (LCU/tonne),1984,1984,LCU,2540.0,E
100,'356,India,403,'01253.02,"Onions and shallots, dry (excluding dehydrated)",5530,Producer Price (LCU/tonne),1985,1985,LCU,2790.0,E
100,'356,India,403,'01253.02,"Onions and shallots, dry (excluding dehydrated)",5530,Producer Price (LCU/tonne),1986,1986,LCU,3070.0,E
100,'356,India,403,'01253.02,"Onions and shallots, dry (excluding dehydrated)",5530,Producer Price (LCU/tonne),1987,1987,LCU,3380.0,E
100,'356,India,403,'01253.02,"Onions and shallots, dry (excluding dehydrated)",5530,Producer Price (LCU/tonne),1988,1988,LCU,3600.0,E
100,'356,India,403,'01253.02,"Onions and shallots, dry (excluding dehydrated)",5530,Producer Price (LCU/tonne),1989,1989,LCU,3800.0,E
100,'356,India,403,'01253.02,"Onions and shallots, dry (excluding dehydrated)",5530,Producer Price (LCU/tonne),1990,1990,LCU,4000.0,E
100,'356,India,490,'01323,Oranges,5530,Producer Price (LCU/tonne),1967,1967,LCU,972.0,A
100,'356,India,490,'01323,Oranges,5530,Producer Price (LCU/tonne),1968,1968,LCU,723.0,A
100,'356,India,490,'01323,Oranges,5530,Producer Price (LCU/tonne),1969,1969,LCU,817.0,A
100,'356,India,490,'01323,Oranges,5530,Producer Price (LCU/tonne),1970,1970,LCU,792.0,A
100,'356,India,490,'01323,Oranges,5530,Producer Price (LCU/tonne),1971,1971,LCU,823.0,A
100,'356,India,490,'01323,Oranges,5530,Producer Price (LCU/tonne),1972,1972,LCU,852.0,A
100,'356,India,490,'01323,Oranges,5530,Producer Price (LCU/tonne),1973,1973,LCU,979.0,A
100,'356,India,490,'01323,Oranges,5530,Producer Price (LCU/tonne),1974,1974,LCU,979.0,A
100,'356,India,490,'01323,Oranges,5530,Producer Price (LCU/tonne),1975,1975,LCU,891.0,E
100,'356,India,490,'01323,Oranges,5530,Producer Price (LCU/tonne),1976,1976,LCU,899.0,E
100,'356,India,490,'01323,Oranges,5530,Producer Price (LCU/tonne),1977,1977,LCU,1000.0,E
100,'356,India,490,'01323,Oranges,5530,Producer Price (LCU/tonne),1978,1978,LCU,1035.0,E
100,'356,India,490,'01323,Oranges,5530,Producer Price (LCU/tonne),1979,1979,LCU,1140.0,E
100,'356,India,490,'01323,Oranges,5530,Producer Price (LCU/tonne),1980,1980,LCU,1330.0,E
100,'356,India,490,'01323,Oranges,5530,Producer Price (LCU/tonne),1981,1981,LCU,1570.0,E
100,'356,India,490,'01323,Oranges,5530,Producer Price (LCU/tonne),1982,1982,LCU,1720.0,E
100,'356,India,490,'01323,Oranges,5530,Producer Price (LCU/tonne),1983,1983,LCU,1900.0,E
100,'356,India,490,'01323,Oranges,5530,Producer Price (LCU/tonne),1984,1984,LCU,2090.0,E
100,'356,India,490,'01323,Oranges,5530,Producer Price (LCU/tonne),1985,1985,LCU,2290.0,E
100,'356,India,490,'01323,Oranges,5530,Producer Price (LCU/tonne),1986,1986,LCU,2520.0,E
100,'356,India,490,'01323,Oranges,5530,Producer Price (LCU/tonne),1987,1987,LCU,2780.0,E
100,'356,India,490,'01323,Oranges,5530,Producer Price (LCU/tonne),1988,1988,LCU,3000.0,E
100,'356,India,490,'01323,Oranges,5530,Producer Price (LCU/tonne),1989,1989,LCU,3200.0,E
100,'356,India,490,'01323,Oranges,5530,Producer Price (LCU/tonne),1990,1990,LCU,3400.0,E
100,'356,India,414,'01241.90,"Other beans, green",5530,Producer Price (LCU/tonne),1966,1966,LCU,480.0,E
100,'356,India,414,'01241.90,"Other beans, green",5530,Producer Price (LCU/tonne),1967,1967,LCU,544.0,E
100,'356,India,414,'01241.90,"Other beans, green",5530,Producer Price (LCU/tonne),1968,1968,LCU,479.0,E
100,'356,India,414,'01241.90,"Other beans, green",5530,Producer Price (LCU/tonne),1969,1969,LCU,587.0,E
100,'356,India,414,'01241.90,"Other beans, green",5530,Producer Price (LCU/tonne),1970,1970,LCU,616.0,E
100,'356,India,414,'01241.90,"Other beans, green",5530,Producer Price (LCU/tonne),1971,1971,LCU,579.0,E
100,'356,India,414,'01241.90,"Other beans, green",5530,Producer Price (LCU/tonne),1972,1972,LCU,604.0,E
100,'356,India,414,'01241.90,"Other beans, green",5530,Producer Price (LCU/tonne),1973,1973,LCU,695.0,E
100,'356,India,414,'01241.90,"Other beans, green",5530,Producer Price (LCU/tonne),1974,1974,LCU,757.0,E
100,'356,India,414,'01241.90,"Other beans, green",5530,Producer Price (LCU/tonne),1975,1975,LCU,690.0,E
100,'356,India,414,'01241.90,"Other beans, green",5530,Producer Price (LCU/tonne),1976,1976,LCU,694.0,E
100,'356,India,414,'01241.90,"Other beans, green",5530,Producer Price (LCU/tonne),1977,1977,LCU,700.0,E
100,'356,India,414,'01241.90,"Other beans, green",5530,Producer Price (LCU/tonne),1978,1978,LCU,800.0,E
100,'356,India,414,'01241.90,"Other beans, green",5530,Producer Price (LCU/tonne),1979,1979,LCU,850.0,E
100,'356,India,414,'01241.90,"Other beans, green",5530,Producer Price (LCU/tonne),1980,1980,LCU,930.0,E
100,'356,India,414,'01241.90,"Other beans, green",5530,Producer Price (LCU/tonne),1981,1981,LCU,1100.0,E
100,'356,India,414,'01241.90,"Other beans, green",5530,Producer Price (LCU/tonne),1982,1982,LCU,1210.0,E
100,'356,India,414,'01241.90,"Other beans, green",5530,Producer Price (LCU/tonne),1983,1983,LCU,1330.0,E
100,'356,India,414,'01241.90,"Other beans, green",5530,Producer Price (LCU/tonne),1984,1984,LCU,1460.0,E
100,'356,India,414,'01241.90,"Other beans, green",5530,Producer Price (LCU/tonne),1985,1985,LCU,1610.0,E
100,'356,India,414,'01241.90,"Other beans, green",5530,Producer Price (LCU/tonne),1986,1986,LCU,1770.0,E
100,'356,India,414,'01241.90,"Other beans, green",5530,Producer Price (LCU/tonne),1987,1987,LCU,1940.0,E
100,'356,India,414,'01241.90,"Other beans, green",5530,Producer Price (LCU/tonne),1988,1988,LCU,2100.0,E
100,'356,India,414,'01241.90,"Other beans, green",5530,Producer Price (LCU/tonne),1989,1989,LCU,2200.0,E
100,'356,India,414,'01241.90,"Other beans, green",5530,Producer Price (LCU/tonne),1990,1990,LCU,2300.0,E
100,'356,India,512,'01329,"Other citrus fruit, n.e.c.",5530,Producer Price (LCU/tonne),1967,1967,LCU,972.0,A
100,'356,India,512,'01329,"Other citrus fruit, n.e.c.",5530,Producer Price (LCU/tonne),1968,1968,LCU,723.0,A
100,'356,India,512,'01329,"Other citrus fruit, n.e.c.",5530,Producer Price (LCU/tonne),1969,1969,LCU,817.0,A
100,'356,India,512,'01329,"Other citrus fruit, n.e.c.",5530,Producer Price (LCU/tonne),1970,1970,LCU,792.0,A
100,'356,India,512,'01329,"Other citrus fruit, n.e.c.",5530,Producer Price (LCU/tonne),1971,1971,LCU,823.0,A
100,'356,India,512,'01329,"Other citrus fruit, n.e.c.",5530,Producer Price (LCU/tonne),1972,1972,LCU,852.0,A
100,'356,India,512,'01329,"Other citrus fruit, n.e.c.",5530,Producer Price (LCU/tonne),1973,1973,LCU,979.0,A
100,'356,India,512,'01329,"Other citrus fruit, n.e.c.",5530,Producer Price (LCU/tonne),1974,1974,LCU,979.0,A
100,'356,India,512,'01329,"Other citrus fruit, n.e.c.",5530,Producer Price (LCU/tonne),1975,1975,LCU,891.0,E
100,'356,India,512,'01329,"Other citrus fruit, n.e.c.",5530,Producer Price (LCU/tonne),1976,1976,LCU,899.0,E
100,'356,India,512,'01329,"Other citrus fruit, n.e.c.",5530,Producer Price (LCU/tonne),1977,1977,LCU,1077.0,E
100,'356,India,512,'01329,"Other citrus fruit, n.e.c.",5530,Producer Price (LCU/tonne),1978,1978,LCU,1035.0,E
100,'356,India,512,'01329,"Other citrus fruit, n.e.c.",5530,Producer Price (LCU/tonne),1979,1979,LCU,1140.0,E
100,'356,India,512,'01329,"Other citrus fruit, n.e.c.",5530,Producer Price (LCU/tonne),1980,1980,LCU,1330.0,E
100,'356,India,512,'01329,"Other citrus fruit, n.e.c.",5530,Producer Price (LCU/tonne),1981,1981,LCU,1570.0,E
100,'356,India,512,'01329,"Other citrus fruit, n.e.c.",5530,Producer Price (LCU/tonne),1982,1982,LCU,1720.0,E
100,'356,India,512,'01329,"Other citrus fruit, n.e.c.",5530,Producer Price (LCU/tonne),1983,1983,LCU,1900.0,E
100,'356,India,512,'01329,"Other citrus fruit, n.e.c.",5530,Producer Price (LCU/tonne),1984,1984,LCU,2090.0,E
100,'356,India,512,'01329,"Other citrus fruit, n.e.c.",5530,Producer Price (LCU/tonne),1985,1985,LCU,2290.0,E
100,'356,India,512,'01329,"Other citrus fruit, n.e.c.",5530,Producer Price (LCU/tonne),1986,1986,LCU,2520.0,E
100,'356,India,512,'01329,"Other citrus fruit, n.e.c.",5530,Producer Price (LCU/tonne),1987,1987,LCU,2780.0,E
100,'356,India,512,'01329,"Other citrus fruit, n.e.c.",5530,Producer Price (LCU/tonne),1988,1988,LCU,3000.0,E
100,'356,India,512,'01329,"Other citrus fruit, n.e.c.",5530,Producer Price (LCU/tonne),1989,1989,LCU,3200.0,E
100,'356,India,512,'01329,"Other citrus fruit, n.e.c.",5530,Producer Price (LCU/tonne),1990,1990,LCU,3400.0,E
100,'356,India,619,'01359.90,"Other fruits, n.e.c.",5530,Producer Price (LCU/tonne),1967,1967,LCU,544.0,E
100,'356,India,619,'01359.90,"Other fruits, n.e.c.",5530,Producer Price (LCU/tonne),1968,1968,LCU,479.0,E
100,'356,India,619,'01359.90,"Other fruits, n.e.c.",5530,Producer Price (LCU/tonne),1969,1969,LCU,587.0,E
100,'356,India,619,'01359.90,"Other fruits, n.e.c.",5530,Producer Price (LCU/tonne),1970,1970,LCU,616.0,E
100,'356,India,619,'01359.90,"Other fruits, n.e.c.",5530,Producer Price (LCU/tonne),1971,1971,LCU,579.0,E
100,'356,India,619,'01359.90,"Other fruits, n.e.c.",5530,Producer Price (LCU/tonne),1972,1972,LCU,604.0,E
100,'356,India,619,'01359.90,"Other fruits, n.e.c.",5530,Producer Price (LCU/tonne),1973,1973,LCU,695.0,E
100,'356,India,619,'01359.90,"Other fruits, n.e.c.",5530,Producer Price (LCU/tonne),1974,1974,LCU,690.0,E
100,'356,India,619,'01359.90,"Other fruits, n.e.c.",5530,Producer Price (LCU/tonne),1976,1976,LCU,694.0,E
100,'356,India,619,'01359.90,"Other fruits, n.e.c.",5530,Producer Price (LCU/tonne),1977,1977,LCU,800.0,E
100,'356,India,619,'01359.90,"Other fruits, n.e.c.",5530,Producer Price (LCU/tonne),1978,1978,LCU,850.0,E
100,'356,India,619,'01359.90,"Other fruits, n.e.c.",5530,Producer Price (LCU/tonne),1979,1979,LCU,885.0,E
100,'356,India,619,'01359.90,"Other fruits, n.e.c.",5530,Producer Price (LCU/tonne),1980,1980,LCU,1030.0,E
100,'356,India,619,'01359.90,"Other fruits, n.e.c.",5530,Producer Price (LCU/tonne),1981,1981,LCU,1210.0,E
100,'356,India,619,'01359.90,"Other fruits, n.e.c.",5530,Producer Price (LCU/tonne),1982,1982,LCU,1330.0,E
100,'356,India,619,'01359.90,"Other fruits, n.e.c.",5530,Producer Price (LCU/tonne),1983,1983,LCU,1460.0,E
100,'356,India,619,'01359.90,"Other fruits, n.e.c.",5530,Producer Price (LCU/tonne),1984,1984,LCU,1610.0,E
100,'356,India,619,'01359.90,"Other fruits, n.e.c.",5530,Producer Price (LCU/tonne),1985,1985,LCU,1770.0,E
100,'356,India,619,'01359.90,"Other fruits, n.e.c.",5530,Producer Price (LCU/tonne),1986,1986,LCU,1940.0,E
100,'356,India,619,'01359.90,"Other fruits, n.e.c.",5530,Producer Price (LCU/tonne),1987,1987,LCU,2140.0,E
100,'356,India,619,'01359.90,"Other fruits, n.e.c.",5530,Producer Price (LCU/tonne),1988,1988,LCU,2300.0,E
100,'356,India,619,'01359.90,"Other fruits, n.e.c.",5530,Producer Price (LCU/tonne),1989,1989,LCU,2500.0,E
100,'356,India,619,'01359.90,"Other fruits, n.e.c.",5530,Producer Price (LCU/tonne),1990,1990,LCU,2700.0,E
100,'356,India,1166,'21119.90,"Other meat of mammals, fresh or chilled",5530,Producer Price (LCU/tonne),1967,1967,LCU,1670.0,E
100,'356,India,1166,'21119.90,"Other meat of mammals, fresh or chilled",5530,Producer Price (LCU/tonne),1968,1968,LCU,1840.0,E
100,'356,India,1166,'21119.90,"Other meat of mammals, fresh or chilled",5530,Producer Price (LCU/tonne),1969,1969,LCU,1770.0,E
100,'356,India,1166,'21119.90,"Other meat of mammals, fresh or chilled",5530,Producer Price (LCU/tonne),1970,1970,LCU,1980.0,E
100,'356,India,1166,'21119.90,"Other meat of mammals, fresh or chilled",5530,Producer Price (LCU/tonne),1971,1971,LCU,1960.0,E
100,'356,India,1166,'21119.90,"Other meat of mammals, fresh or chilled",5530,Producer Price (LCU/tonne),1972,1972,LCU,2085.0,E
100,'356,India,1166,'21119.90,"Other meat of mammals, fresh or chilled",5530,Producer Price (LCU/tonne),1973,1973,LCU,2570.0,E
100,'356,India,1166,'21119.90,"Other meat of mammals, fresh or chilled",5530,Producer Price (LCU/tonne),1974,1974,LCU,3010.0,E
100,'356,India,1166,'21119.90,"Other meat of mammals, fresh or chilled",5530,Producer Price (LCU/tonne),1975,1975,LCU,3180.0,E
100,'356,India,1166,'21119.90,"Other meat of mammals, fresh or chilled",5530,Producer Price (LCU/tonne),1976,1976,LCU,3160.0,E
100,'356,India,1166,'21119.90,"Other meat of mammals, fresh or chilled",5530,Producer Price (LCU/tonne),1977,1977,LCU,3480.0,E
100,'356,India,1166,'21119.90,"Other meat of mammals, fresh or chilled",5530,Producer Price (LCU/tonne),1978,1978,LCU,3900.0,E
100,'356,India,1166,'21119.90,"Other meat of mammals, fresh or chilled",5530,Producer Price (LCU/tonne),1979,1979,LCU,4230.0,E
100,'356,India,1166,'21119.90,"Other meat of mammals, fresh or chilled",5530,Producer Price (LCU/tonne),1980,1980,LCU,4940.0,E
100,'356,India,1166,'21119.90,"Other meat of mammals, fresh or chilled",5530,Producer Price (LCU/tonne),1981,1981,LCU,5830.0,E
100,'356,India,1166,'21119.90,"Other meat of mammals, fresh or chilled",5530,Producer Price (LCU/tonne),1982,1982,LCU,6410.0,E
100,'356,India,1166,'21119.90,"Other meat of mammals, fresh or chilled",5530,Producer Price (LCU/tonne),1983,1983,LCU,7050.0,E
100,'356,India,1166,'21119.90,"Other meat of mammals, fresh or chilled",5530,Producer Price (LCU/tonne),1984,1984,LCU,7760.0,E
100,'356,India,1166,'21119.90,"Other meat of mammals, fresh or chilled",5530,Producer Price (LCU/tonne),1985,1985,LCU,8530.0,E
100,'356,India,1166,'21119.90,"Other meat of mammals, fresh or chilled",5530,Producer Price (LCU/tonne),1986,1986,LCU,9390.0,E
100,'356,India,1166,'21119.90,"Other meat of mammals, fresh or chilled",5530,Producer Price (LCU/tonne),1987,1987,LCU,10320.0,E
100,'356,India,1166,'21119.90,"Other meat of mammals, fresh or chilled",5530,Producer Price (LCU/tonne),1988,1988,LCU,11000.0,E
100,'356,India,1166,'21119.90,"Other meat of mammals, fresh or chilled",5530,Producer Price (LCU/tonne),1989,1989,LCU,11700.0,E
100,'356,India,1166,'21119.90,"Other meat of mammals, fresh or chilled",5530,Producer Price (LCU/tonne),1990,1990,LCU,12500.0,E
100,'356,India,339,'01449.90,"Other oil seeds, n.e.c.",5530,Producer Price (LCU/tonne),1966,1966,LCU,1850.0,E
100,'356,India,339,'01449.90,"Other oil seeds, n.e.c.",5530,Producer Price (LCU/tonne),1967,1967,LCU,1665.0,E
100,'356,India,339,'01449.90,"Other oil seeds, n.e.c.",5530,Producer Price (LCU/tonne),1968,1968,LCU,1820.0,E
100,'356,India,339,'01449.90,"Other oil seeds, n.e.c.",5530,Producer Price (LCU/tonne),1969,1969,LCU,1969.0,E
100,'356,India,339,'01449.90,"Other oil seeds, n.e.c.",5530,Producer Price (LCU/tonne),1970,1970,LCU,1878.0,E
100,'356,India,339,'01449.90,"Other oil seeds, n.e.c.",5530,Producer Price (LCU/tonne),1971,1971,LCU,1441.0,E
100,'356,India,339,'01449.90,"Other oil seeds, n.e.c.",5530,Producer Price (LCU/tonne),1972,1972,LCU,2045.0,E
100,'356,India,339,'01449.90,"Other oil seeds, n.e.c.",5530,Producer Price (LCU/tonne),1973,1973,LCU,4563.0,E
100,'356,India,339,'01449.90,"Other oil seeds, n.e.c.",5530,Producer Price (LCU/tonne),1974,1974,LCU,2848.0,E
100,'356,India,339,'01449.90,"Other oil seeds, n.e.c.",5530,Producer Price (LCU/tonne),1975,1975,LCU,2210.0,E
100,'356,India,339,'01449.90,"Other oil seeds, n.e.c.",5530,Producer Price (LCU/tonne),1976,1976,LCU,2260.0,E
100,'356,India,339,'01449.90,"Other oil seeds, n.e.c.",5530,Producer Price (LCU/tonne),1977,1977,LCU,2280.0,E
100,'356,India,339,'01449.90,"Other oil seeds, n.e.c.",5530,Producer Price (LCU/tonne),1978,1978,LCU,2340.0,E
100,'356,India,339,'01449.90,"Other oil seeds, n.e.c.",5530,Producer Price (LCU/tonne),1979,1979,LCU,2940.0,E
100,'356,India,339,'01449.90,"Other oil seeds, n.e.c.",5530,Producer Price (LCU/tonne),1980,1980,LCU,3590.0,E
100,'356,India,339,'01449.90,"Other oil seeds, n.e.c.",5530,Producer Price (LCU/tonne),1981,1981,LCU,4240.0,E
100,'356,India,339,'01449.90,"Other oil seeds, n.e.c.",5530,Producer Price (LCU/tonne),1982,1982,LCU,4660.0,E
100,'356,India,339,'01449.90,"Other oil seeds, n.e.c.",5530,Producer Price (LCU/tonne),1983,1983,LCU,5130.0,E
100,'356,India,339,'01449.90,"Other oil seeds, n.e.c.",5530,Producer Price (LCU/tonne),1984,1984,LCU,5640.0,E
100,'356,India,339,'01449.90,"Other oil seeds, n.e.c.",5530,Producer Price (LCU/tonne),1985,1985,LCU,6200.0,E
100,'356,India,339,'01449.90,"Other oil seeds, n.e.c.",5530,Producer Price (LCU/tonne),1986,1986,LCU,6830.0,E
100,'356,India,339,'01449.90,"Other oil seeds, n.e.c.",5530,Producer Price (LCU/tonne),1987,1987,LCU,7510.0,E
100,'356,India,339,'01449.90,"Other oil seeds, n.e.c.",5530,Producer Price (LCU/tonne),1988,1988,LCU,8100.0,E
100,'356,India,339,'01449.90,"Other oil seeds, n.e.c.",5530,Producer Price (LCU/tonne),1989,1989,LCU,8600.0,E
100,'356,India,339,'01449.90,"Other oil seeds, n.e.c.",5530,Producer Price (LCU/tonne),1990,1990,LCU,9200.0,E
100,'356,India,211,'01709.90,Other pulses n.e.c.,5530,Producer Price (LCU/tonne),1966,1966,LCU,750.0,A
100,'356,India,211,'01709.90,Other pulses n.e.c.,5530,Producer Price (LCU/tonne),1967,1967,LCU,1070.0,A
100,'356,India,211,'01709.90,Other pulses n.e.c.,5530,Producer Price (LCU/tonne),1968,1968,LCU,1006.0,A
100,'356,India,211,'01709.90,Other pulses n.e.c.,5530,Producer Price (LCU/tonne),1969,1969,LCU,877.0,A
100,'356,India,211,'01709.90,Other pulses n.e.c.,5530,Producer Price (LCU/tonne),1970,1970,LCU,834.0,A
100,'356,India,211,'01709.90,Other pulses n.e.c.,5530,Producer Price (LCU/tonne),1971,1971,LCU,864.0,A
100,'356,India,211,'01709.90,Other pulses n.e.c.,5530,Producer Price (LCU/tonne),1972,1972,LCU,1132.0,A
100,'356,India,211,'01709.90,Other pulses n.e.c.,5530,Producer Price (LCU/tonne),1973,1973,LCU,1503.0,A
100,'356,India,211,'01709.90,Other pulses n.e.c.,5530,Producer Price (LCU/tonne),1974,1974,LCU,2600.0,A
100,'356,India,211,'01709.90,Other pulses n.e.c.,5530,Producer Price (LCU/tonne),1975,1975,LCU,2690.0,E
100,'356,India,211,'01709.90,Other pulses n.e.c.,5530,Producer Price (LCU/tonne),1976,1976,LCU,2700.0,E
100,'356,India,211,'01709.90,Other pulses n.e.c.,5530,Producer Price (LCU/tonne),1977,1977,LCU,3009.0,A
100,'356,India,211,'01709.90,Other pulses n.e.c.,5530,Producer Price (LCU/tonne),1978,1978,LCU,2800.0,E
100,'356,India,211,'01709.90,Other pulses n.e.c.,5530,Producer Price (LCU/tonne),1979,1979,LCU,3000.0,E
100,'356,India,211,'01709.90,Other pulses n.e.c.,5530,Producer Price (LCU/tonne),1980,1980,LCU,3474.0,A
100,'356,India,211,'01709.90,Other pulses n.e.c.,5530,Producer Price (LCU/tonne),1981,1981,LCU,3932.0,A
100,'356,India,211,'01709.90,Other pulses n.e.c.,5530,Producer Price (LCU/tonne),1982,1982,LCU,4000.0,E
100,'356,India,211,'01709.90,Other pulses n.e.c.,5530,Producer Price (LCU/tonne),1983,1983,LCU,3600.0,E
100,'356,India,211,'01709.90,Other pulses n.e.c.,5530,Producer Price (LCU/tonne),1984,1984,LCU,4900.0,E
100,'356,India,211,'01709.90,Other pulses n.e.c.,5530,Producer Price (LCU/tonne),1985,1985,LCU,4900.0,E
100,'356,India,211,'01709.90,Other pulses n.e.c.,5530,Producer Price (LCU/tonne),1986,1986,LCU,4900.0,E
100,'356,India,211,'01709.90,Other pulses n.e.c.,5530,Producer Price (LCU/tonne),1987,1987,LCU,4900.0,E
100,'356,India,211,'01709.90,Other pulses n.e.c.,5530,Producer Price (LCU/tonne),1988,1988,LCU,5600.0,E
100,'356,India,211,'01709.90,Other pulses n.e.c.,5530,Producer Price (LCU/tonne),1989,1989,LCU,6600.0,E
100,'356,India,211,'01709.90,Other pulses n.e.c.,5530,Producer Price (LCU/tonne),1990,1990,LCU,6900.0,E
100,'356,India,723,'01699,"Other stimulant, spice and aromatic crops, n.e.c.",5530,Producer Price (LCU/tonne),1967,1967,LCU,1800.0,E
100,'356,India,723,'01699,"Other stimulant, spice and aromatic crops, n.e.c.",5530,Producer Price (LCU/tonne),1968,1968,LCU,1900.0,E
100,'356,India,723,'01699,"Other stimulant, spice and aromatic crops, n.e.c.",5530,Producer Price (LCU/tonne),1969,1969,LCU,2200.0,E
100,'356,India,723,'01699,"Other stimulant, spice and aromatic crops, n.e.c.",5530,Producer Price (LCU/tonne),1970,1970,LCU,2400.0,E
100,'356,India,723,'01699,"Other stimulant, spice and aromatic crops, n.e.c.",5530,Producer Price (LCU/tonne),1971,1971,LCU,2700.0,E
100,'356,India,723,'01699,"Other stimulant, spice and aromatic crops, n.e.c.",5530,Producer Price (LCU/tonne),1972,1972,LCU,3400.0,E
100,'356,India,723,'01699,"Other stimulant, spice and aromatic crops, n.e.c.",5530,Producer Price (LCU/tonne),1973,1973,LCU,4000.0,E
100,'356,India,723,'01699,"Other stimulant, spice and aromatic crops, n.e.c.",5530,Producer Price (LCU/tonne),1974,1974,LCU,5600.0,E
100,'356,India,723,'01699,"Other stimulant, spice and aromatic crops, n.e.c.",5530,Producer Price (LCU/tonne),1975,1975,LCU,6300.0,E
100,'356,India,723,'01699,"Other stimulant, spice and aromatic crops, n.e.c.",5530,Producer Price (LCU/tonne),1976,1976,LCU,8000.0,E
100,'356,India,723,'01699,"Other stimulant, spice and aromatic crops, n.e.c.",5530,Producer Price (LCU/tonne),1977,1977,LCU,9300.0,E
100,'356,India,723,'01699,"Other stimulant, spice and aromatic crops, n.e.c.",5530,Producer Price (LCU/tonne),1978,1978,LCU,9300.0,E
100,'356,India,723,'01699,"Other stimulant, spice and aromatic crops, n.e.c.",5530,Producer Price (LCU/tonne),1979,1979,LCU,9300.0,E
100,'356,India,723,'01699,"Other stimulant, spice and aromatic crops, n.e.c.",5530,Producer Price (LCU/tonne),1980,1980,LCU,9300.0,E
100,'356,India,723,'01699,"Other stimulant, spice and aromatic crops, n.e.c.",5530,Producer Price (LCU/tonne),1981,1981,LCU,9300.0,E
100,'356,India,723,'01699,"Other stimulant, spice and aromatic crops, n.e.c.",5530,Producer Price (LCU/tonne),1982,1982,LCU,9300.0,E
100,'356,India,723,'01699,"Other stimulant, spice and aromatic crops, n.e.c.",5530,Producer Price (LCU/tonne),1983,1983,LCU,9300.0,E
100,'356,India,723,'01699,"Other stimulant, spice and aromatic crops, n.e.c.",5530,Producer Price (LCU/tonne),1984,1984,LCU,9300.0,E
100,'356,India,723,'01699,"Other stimulant, spice and aromatic crops, n.e.c.",5530,Producer Price (LCU/tonne),1985,1985,LCU,10235.0,A
100,'356,India,723,'01699,"Other stimulant, spice and aromatic crops, n.e.c.",5530,Producer Price (LCU/tonne),1986,1986,LCU,8908.0,A
100,'356,India,723,'01699,"Other stimulant, spice and aromatic crops, n.e.c.",5530,Producer Price (LCU/tonne),1987,1987,LCU,9305.0,A
100,'356,India,723,'01699,"Other stimulant, spice and aromatic crops, n.e.c.",5530,Producer Price (LCU/tonne),1988,1988,LCU,9985.0,A
100,'356,India,723,'01699,"Other stimulant, spice and aromatic crops, n.e.c.",5530,Producer Price (LCU/tonne),1989,1989,LCU,9490.0,A
100,'356,India,723,'01699,"Other stimulant, spice and aromatic crops, n.e.c.",5530,Producer Price (LCU/tonne),1990,1990,LCU,14000.0,E
100,'356,India,603,'01319,"Other tropical fruits, n.e.c.",5530,Producer Price (LCU/tonne),1967,1967,LCU,544.0,E
100,'356,India,603,'01319,"Other tropical fruits, n.e.c.",5530,Producer Price (LCU/tonne),1968,1968,LCU,479.0,E
100,'356,India,603,'01319,"Other tropical fruits, n.e.c.",5530,Producer Price (LCU/tonne),1969,1969,LCU,587.0,E
100,'356,India,603,'01319,"Other tropical fruits, n.e.c.",5530,Producer Price (LCU/tonne),1970,1970,LCU,616.0,E
100,'356,India,603,'01319,"Other tropical fruits, n.e.c.",5530,Producer Price (LCU/tonne),1971,1971,LCU,579.0,E
100,'356,India,603,'01319,"Other tropical fruits, n.e.c.",5530,Producer Price (LCU/tonne),1972,1972,LCU,604.0,E
100,'356,India,603,'01319,"Other tropical fruits, n.e.c.",5530,Producer Price (LCU/tonne),1973,1973,LCU,695.0,E
100,'356,India,603,'01319,"Other tropical fruits, n.e.c.",5530,Producer Price (LCU/tonne),1974,1974,LCU,757.0,E
100,'356,India,603,'01319,"Other tropical fruits, n.e.c.",5530,Producer Price (LCU/tonne),1975,1975,LCU,690.0,E
100,'356,India,603,'01319,"Other tropical fruits, n.e.c.",5530,Producer Price (LCU/tonne),1976,1976,LCU,694.0,E
100,'356,India,603,'01319,"Other tropical fruits, n.e.c.",5530,Producer Price (LCU/tonne),1977,1977,LCU,800.0,E
100,'356,India,603,'01319,"Other tropical fruits, n.e.c.",5530,Producer Price (LCU/tonne),1978,1978,LCU,850.0,E
100,'356,India,603,'01319,"Other tropical fruits, n.e.c.",5530,Producer Price (LCU/tonne),1979,1979,LCU,885.0,E
100,'356,India,603,'01319,"Other tropical fruits, n.e.c.",5530,Producer Price (LCU/tonne),1980,1980,LCU,1030.0,E
100,'356,India,603,'01319,"Other tropical fruits, n.e.c.",5530,Producer Price (LCU/tonne),1981,1981,LCU,1210.0,E
100,'356,India,603,'01319,"Other tropical fruits, n.e.c.",5530,Producer Price (LCU/tonne),1982,1982,LCU,1330.0,E
100,'356,India,603,'01319,"Other tropical fruits, n.e.c.",5530,Producer Price (LCU/tonne),1983,1983,LCU,1460.0,E
100,'356,India,603,'01319,"Other tropical fruits, n.e.c.",5530,Producer Price (LCU/tonne),1984,1984,LCU,1610.0,E
100,'356,India,603,'01319,"Other tropical fruits, n.e.c.",5530,Producer Price (LCU/tonne),1985,1985,LCU,1770.0,E
100,'356,India,603,'01319,"Other tropical fruits, n.e.c.",5530,Producer Price (LCU/tonne),1986,1986,LCU,1940.0,E
100,'356,India,603,'01319,"Other tropical fruits, n.e.c.",5530,Producer Price (LCU/tonne),1987,1987,LCU,2140.0,E
100,'356,India,603,'01319,"Other tropical fruits, n.e.c.",5530,Producer Price (LCU/tonne),1988,1988,LCU,2300.0,E
100,'356,India,603,'01319,"Other tropical fruits, n.e.c.",5530,Producer Price (LCU/tonne),1989,1989,LCU,2500.0,E
100,'356,India,603,'01319,"Other tropical fruits, n.e.c.",5530,Producer Price (LCU/tonne),1990,1990,LCU,2700.0,E
100,'356,India,463,'01290.90,"Other vegetables, fresh n.e.c.",5530,Producer Price (LCU/tonne),1966,1966,LCU,101.0,E
100,'356,India,463,'01290.90,"Other vegetables, fresh n.e.c.",5530,Producer Price (LCU/tonne),1967,1967,LCU,112.0,E
100,'356,India,463,'01290.90,"Other vegetables, fresh n.e.c.",5530,Producer Price (LCU/tonne),1968,1968,LCU,101.0,E
100,'356,India,463,'01290.90,"Other vegetables, fresh n.e.c.",5530,Producer Price (LCU/tonne),1969,1969,LCU,124.0,E
100,'356,India,463,'01290.90,"Other vegetables, fresh n.e.c.",5530,Producer Price (LCU/tonne),1970,1970,LCU,130.0,E
100,'356,India,463,'01290.90,"Other vegetables, fresh n.e.c.",5530,Producer Price (LCU/tonne),1971,1971,LCU,128.0,E
100,'356,India,463,'01290.90,"Other vegetables, fresh n.e.c.",5530,Producer Price (LCU/tonne),1972,1972,LCU,129.0,E
100,'356,India,463,'01290.90,"Other vegetables, fresh n.e.c.",5530,Producer Price (LCU/tonne),1973,1973,LCU,150.0,E
100,'356,India,463,'01290.90,"Other vegetables, fresh n.e.c.",5530,Producer Price (LCU/tonne),1974,1974,LCU,163.0,E
100,'356,India,463,'01290.90,"Other vegetables, fresh n.e.c.",5530,Producer Price (LCU/tonne),1975,1975,LCU,690.0,E
100,'356,India,463,'01290.90,"Other vegetables, fresh n.e.c.",5530,Producer Price (LCU/tonne),1976,1976,LCU,694.0,E
100,'356,India,463,'01290.90,"Other vegetables, fresh n.e.c.",5530,Producer Price (LCU/tonne),1977,1977,LCU,833.0,E
100,'356,India,463,'01290.90,"Other vegetables, fresh n.e.c.",5530,Producer Price (LCU/tonne),1978,1978,LCU,800.0,E
100,'356,India,463,'01290.90,"Other vegetables, fresh n.e.c.",5530,Producer Price (LCU/tonne),1979,1979,LCU,794.0,E
100,'356,India,463,'01290.90,"Other vegetables, fresh n.e.c.",5530,Producer Price (LCU/tonne),1980,1980,LCU,930.0,E
100,'356,India,463,'01290.90,"Other vegetables, fresh n.e.c.",5530,Producer Price (LCU/tonne),1981,1981,LCU,1100.0,E
100,'356,India,463,'01290.90,"Other vegetables, fresh n.e.c.",5530,Producer Price (LCU/tonne),1982,1982,LCU,1210.0,E
100,'356,India,463,'01290.90,"Other vegetables, fresh n.e.c.",5530,Producer Price (LCU/tonne),1983,1983,LCU,1330.0,E
100,'356,India,463,'01290.90,"Other vegetables, fresh n.e.c.",5530,Producer Price (LCU/tonne),1984,1984,LCU,1460.0,E
100,'356,India,463,'01290.90,"Other vegetables, fresh n.e.c.",5530,Producer Price (LCU/tonne),1985,1985,LCU,1610.0,E
100,'356,India,463,'01290.90,"Other vegetables, fresh n.e.c.",5530,Producer Price (LCU/tonne),1986,1986,LCU,1770.0,E
100,'356,India,463,'01290.90,"Other vegetables, fresh n.e.c.",5530,Producer Price (LCU/tonne),1987,1987,LCU,1940.0,E
100,'356,India,463,'01290.90,"Other vegetables, fresh n.e.c.",5530,Producer Price (LCU/tonne),1988,1988,LCU,2100.0,E
100,'356,India,463,'01290.90,"Other vegetables, fresh n.e.c.",5530,Producer Price (LCU/tonne),1989,1989,LCU,2200.0,E
100,'356,India,463,'01290.90,"Other vegetables, fresh n.e.c.",5530,Producer Price (LCU/tonne),1990,1990,LCU,2300.0,E
100,'356,India,600,'01317,Papayas,5530,Producer Price (LCU/tonne),1967,1967,LCU,544.0,E
100,'356,India,600,'01317,Papayas,5530,Producer Price (LCU/tonne),1968,1968,LCU,479.0,E
100,'356,India,600,'01317,Papayas,5530,Producer Price (LCU/tonne),1969,1969,LCU,587.0,E
100,'356,India,600,'01317,Papayas,5530,Producer Price (LCU/tonne),1970,1970,LCU,616.0,E
100,'356,India,600,'01317,Papayas,5530,Producer Price (LCU/tonne),1971,1971,LCU,579.0,E
100,'356,India,600,'01317,Papayas,5530,Producer Price (LCU/tonne),1972,1972,LCU,604.0,E
100,'356,India,600,'01317,Papayas,5530,Producer Price (LCU/tonne),1973,1973,LCU,695.0,E
100,'356,India,600,'01317,Papayas,5530,Producer Price (LCU/tonne),1974,1974,LCU,757.0,E
100,'356,India,600,'01317,Papayas,5530,Producer Price (LCU/tonne),1975,1975,LCU,690.0,E
100,'356,India,600,'01317,Papayas,5530,Producer Price (LCU/tonne),1976,1976,LCU,694.0,E
100,'356,India,600,'01317,Papayas,5530,Producer Price (LCU/tonne),1977,1977,LCU,800.0,E
100,'356,India,600,'01317,Papayas,5530,Producer Price (LCU/tonne),1978,1978,LCU,850.0,E
100,'356,India,600,'01317,Papayas,5530,Producer Price (LCU/tonne),1979,1979,LCU,885.0,E
100,'356,India,600,'01317,Papayas,5530,Producer Price (LCU/tonne),1980,1980,LCU,1030.0,E
100,'356,India,600,'01317,Papayas,5530,Producer Price (LCU/tonne),1981,1981,LCU,1210.0,E
100,'356,India,600,'01317,Papayas,5530,Producer Price (LCU/tonne),1982,1982,LCU,1330.0,E
100,'356,India,600,'01317,Papayas,5530,Producer Price (LCU/tonne),1983,1983,LCU,1460.0,E
100,'356,India,600,'01317,Papayas,5530,Producer Price (LCU/tonne),1984,1984,LCU,1610.0,E
100,'356,India,600,'01317,Papayas,5530,Producer Price (LCU/tonne),1985,1985,LCU,1770.0,E
100,'356,India,600,'01317,Papayas,5530,Producer Price (LCU/tonne),1986,1986,LCU,1940.0,E
100,'356,India,600,'01317,Papayas,5530,Producer Price (LCU/tonne),1987,1987,LCU,2140.0,E
100,'356,India,600,'01317,Papayas,5530,Producer Price (LCU/tonne),1988,1988,LCU,2300.0,E
100,'356,India,600,'01317,Papayas,5530,Producer Price (LCU/tonne),1989,1989,LCU,2500.0,E
100,'356,India,600,'01317,Papayas,5530,Producer Price (LCU/tonne),1990,1990,LCU,2700.0,E
100,'356,India,534,'01345,Peaches and nectarines,5530,Producer Price (LCU/tonne),1967,1967,LCU,544.0,E
100,'356,India,534,'01345,Peaches and nectarines,5530,Producer Price (LCU/tonne),1968,1968,LCU,479.0,E
100,'356,India,534,'01345,Peaches and nectarines,5530,Producer Price (LCU/tonne),1969,1969,LCU,587.0,E
100,'356,India,534,'01345,Peaches and nectarines,5530,Producer Price (LCU/tonne),1970,1970,LCU,616.0,E
100,'356,India,534,'01345,Peaches and nectarines,5530,Producer Price (LCU/tonne),1971,1971,LCU,579.0,E
100,'356,India,534,'01345,Peaches and nectarines,5530,Producer Price (LCU/tonne),1972,1972,LCU,604.0,E
100,'356,India,534,'01345,Peaches and nectarines,5530,Producer Price (LCU/tonne),1973,1973,LCU,695.0,E
100,'356,India,534,'01345,Peaches and nectarines,5530,Producer Price (LCU/tonne),1974,1974,LCU,757.0,E
100,'356,India,534,'01345,Peaches and nectarines,5530,Producer Price (LCU/tonne),1975,1975,LCU,690.0,E
100,'356,India,534,'01345,Peaches and nectarines,5530,Producer Price (LCU/tonne),1976,1976,LCU,694.0,E
100,'356,India,534,'01345,Peaches and nectarines,5530,Producer Price (LCU/tonne),1977,1977,LCU,800.0,E
100,'356,India,534,'01345,Peaches and nectarines,5530,Producer Price (LCU/tonne),1978,1978,LCU,850.0,E
100,'356,India,534,'01345,Peaches and nectarines,5530,Producer Price (LCU/tonne),1979,1979,LCU,888.0,E
100,'356,India,534,'01345,Peaches and nectarines,5530,Producer Price (LCU/tonne),1980,1980,LCU,1040.0,E
100,'356,India,534,'01345,Peaches and nectarines,5530,Producer Price (LCU/tonne),1981,1981,LCU,1230.0,E
100,'356,India,534,'01345,Peaches and nectarines,5530,Producer Price (LCU/tonne),1982,1982,LCU,1350.0,E
100,'356,India,534,'01345,Peaches and nectarines,5530,Producer Price (LCU/tonne),1983,1983,LCU,1480.0,E
100,'356,India,534,'01345,Peaches and nectarines,5530,Producer Price (LCU/tonne),1984,1984,LCU,1630.0,E
100,'356,India,534,'01345,Peaches and nectarines,5530,Producer Price (LCU/tonne),1985,1985,LCU,1800.0,E
100,'356,India,534,'01345,Peaches and nectarines,5530,Producer Price (LCU/tonne),1986,1986,LCU,1980.0,E
100,'356,India,534,'01345,Peaches and nectarines,5530,Producer Price (LCU/tonne),1987,1987,LCU,2170.0,E
100,'356,India,534,'01345,Peaches and nectarines,5530,Producer Price (LCU/tonne),1988,1988,LCU,2300.0,E
100,'356,India,534,'01345,Peaches and nectarines,5530,Producer Price (LCU/tonne),1989,1989,LCU,2500.0,E
100,'356,India,534,'01345,Peaches and nectarines,5530,Producer Price (LCU/tonne),1990,1990,LCU,2700.0,E
100,'356,India,521,'01342.01,Pears,5530,Producer Price (LCU/tonne),1967,1967,LCU,544.0,E
100,'356,India,521,'01342.01,Pears,5530,Producer Price (LCU/tonne),1968,1968,LCU,479.0,E
100,'356,India,521,'01342.01,Pears,5530,Producer Price (LCU/tonne),1969,1969,LCU,587.0,E
100,'356,India,521,'01342.01,Pears,5530,Producer Price (LCU/tonne),1970,1970,LCU,616.0,E
100,'356,India,521,'01342.01,Pears,5530,Producer Price (LCU/tonne),1971,1971,LCU,579.0,E
100,'356,India,521,'01342.01,Pears,5530,Producer Price (LCU/tonne),1972,1972,LCU,604.0,E
100,'356,India,521,'01342.01,Pears,5530,Producer Price (LCU/tonne),1973,1973,LCU,695.0,E
100,'356,India,521,'01342.01,Pears,5530,Producer Price (LCU/tonne),1974,1974,LCU,757.0,E
100,'356,India,521,'01342.01,Pears,5530,Producer Price (LCU/tonne),1975,1975,LCU,690.0,E
100,'356,India,521,'01342.01,Pears,5530,Producer Price (LCU/tonne),1976,1976,LCU,694.0,E
100,'356,India,521,'01342.01,Pears,5530,Producer Price (LCU/tonne),1977,1977,LCU,800.0,E
100,'356,India,521,'01342.01,Pears,5530,Producer Price (LCU/tonne),1978,1978,LCU,850.0,E
100,'356,India,521,'01342.01,Pears,5530,Producer Price (LCU/tonne),1979,1979,LCU,888.0,E
100,'356,India,521,'01342.01,Pears,5530,Producer Price (LCU/tonne),1980,1980,LCU,1040.0,E
100,'356,India,521,'01342.01,Pears,5530,Producer Price (LCU/tonne),1981,1981,LCU,1230.0,E
100,'356,India,521,'01342.01,Pears,5530,Producer Price (LCU/tonne),1982,1982,LCU,1350.0,E
100,'356,India,521,'01342.01,Pears,5530,Producer Price (LCU/tonne),1983,1983,LCU,1480.0,E
100,'356,India,521,'01342.01,Pears,5530,Producer Price (LCU/tonne),1984,1984,LCU,1630.0,E
100,'356,India,521,'01342.01,Pears,5530,Producer Price (LCU/tonne),1985,1985,LCU,1800.0,E
100,'356,India,521,'01342.01,Pears,5530,Producer Price (LCU/tonne),1986,1986,LCU,1980.0,E
100,'356,India,521,'01342.01,Pears,5530,Producer Price (LCU/tonne),1987,1987,LCU,2170.0,E
100,'356,India,521,'01342.01,Pears,5530,Producer Price (LCU/tonne),1988,1988,LCU,2300.0,E
100,'356,India,521,'01342.01,Pears,5530,Producer Price (LCU/tonne),1989,1989,LCU,2500.0,E
100,'356,India,521,'01342.01,Pears,5530,Producer Price (LCU/tonne),1990,1990,LCU,2700.0,E
100,'356,India,187,'01705,"Peas, dry",5530,Producer Price (LCU/tonne),1966,1966,LCU,750.0,A
100,'356,India,187,'01705,"Peas, dry",5530,Producer Price (LCU/tonne),1967,1967,LCU,1070.0,A
100,'356,India,187,'01705,"Peas, dry",5530,Producer Price (LCU/tonne),1968,1968,LCU,1006.0,A
100,'356,India,187,'01705,"Peas, dry",5530,Producer Price (LCU/tonne),1969,1969,LCU,877.0,A
100,'356,India,187,'01705,"Peas, dry",5530,Producer Price (LCU/tonne),1970,1970,LCU,834.0,A
100,'356,India,187,'01705,"Peas, dry",5530,Producer Price (LCU/tonne),1971,1971,LCU,864.0,A
100,'356,India,187,'01705,"Peas, dry",5530,Producer Price (LCU/tonne),1972,1972,LCU,1132.0,A
100,'356,India,187,'01705,"Peas, dry",5530,Producer Price (LCU/tonne),1973,1973,LCU,1503.0,A
100,'356,India,187,'01705,"Peas, dry",5530,Producer Price (LCU/tonne),1974,1974,LCU,1654.0,A
100,'356,India,187,'01705,"Peas, dry",5530,Producer Price (LCU/tonne),1975,1975,LCU,1778.0,A
100,'356,India,187,'01705,"Peas, dry",5530,Producer Price (LCU/tonne),1976,1976,LCU,1200.0,E
100,'356,India,187,'01705,"Peas, dry",5530,Producer Price (LCU/tonne),1977,1977,LCU,1460.0,E
100,'356,India,187,'01705,"Peas, dry",5530,Producer Price (LCU/tonne),1978,1978,LCU,1900.0,E
100,'356,India,187,'01705,"Peas, dry",5530,Producer Price (LCU/tonne),1979,1979,LCU,1900.0,E
100,'356,India,187,'01705,"Peas, dry",5530,Producer Price (LCU/tonne),1980,1980,LCU,2690.0,E
100,'356,India,187,'01705,"Peas, dry",5530,Producer Price (LCU/tonne),1981,1981,LCU,3000.0,E
100,'356,India,187,'01705,"Peas, dry",5530,Producer Price (LCU/tonne),1982,1982,LCU,2100.0,E
100,'356,India,187,'01705,"Peas, dry",5530,Producer Price (LCU/tonne),1983,1983,LCU,2900.0,E
100,'356,India,187,'01705,"Peas, dry",5530,Producer Price (LCU/tonne),1984,1984,LCU,3500.0,E
100,'356,India,187,'01705,"Peas, dry",5530,Producer Price (LCU/tonne),1985,1985,LCU,4500.0,E
100,'356,India,187,'01705,"Peas, dry",5530,Producer Price (LCU/tonne),1986,1986,LCU,4500.0,E
100,'356,India,187,'01705,"Peas, dry",5530,Producer Price (LCU/tonne),1987,1987,LCU,4500.0,E
100,'356,India,187,'01705,"Peas, dry",5530,Producer Price (LCU/tonne),1988,1988,LCU,5000.0,E
100,'356,India,187,'01705,"Peas, dry",5530,Producer Price (LCU/tonne),1989,1989,LCU,6000.0,E
100,'356,India,187,'01705,"Peas, dry",5530,Producer Price (LCU/tonne),1990,1990,LCU,6500.0,E
100,'356,India,417,'01242,"Peas, green",5530,Producer Price (LCU/tonne),1966,1966,LCU,480.0,E
100,'356,India,417,'01242,"Peas, green",5530,Producer Price (LCU/tonne),1967,1967,LCU,544.0,E
100,'356,India,417,'01242,"Peas, green",5530,Producer Price (LCU/tonne),1968,1968,LCU,479.0,E
100,'356,India,417,'01242,"Peas, green",5530,Producer Price (LCU/tonne),1969,1969,LCU,587.0,E
100,'356,India,417,'01242,"Peas, green",5530,Producer Price (LCU/tonne),1970,1970,LCU,616.0,E
100,'356,India,417,'01242,"Peas, green",5530,Producer Price (LCU/tonne),1971,1971,LCU,579.0,E
100,'356,India,417,'01242,"Peas, green",5530,Producer Price (LCU/tonne),1972,1972,LCU,604.0,E
100,'356,India,417,'01242,"Peas, green",5530,Producer Price (LCU/tonne),1973,1973,LCU,695.0,E
100,'356,India,417,'01242,"Peas, green",5530,Producer Price (LCU/tonne),1974,1974,LCU,757.0,E
100,'356,India,417,'01242,"Peas, green",5530,Producer Price (LCU/tonne),1975,1975,LCU,690.0,E
100,'356,India,417,'01242,"Peas, green",5530,Producer Price (LCU/tonne),1976,1976,LCU,704.0,E
100,'356,India,417,'01242,"Peas, green",5530,Producer Price (LCU/tonne),1977,1977,LCU,800.0,E
100,'356,India,417,'01242,"Peas, green",5530,Producer Price (LCU/tonne),1978,1978,LCU,850.0,E
100,'356,India,417,'01242,"Peas, green",5530,Producer Price (LCU/tonne),1979,1979,LCU,890.0,E
100,'356,India,417,'01242,"Peas, green",5530,Producer Price (LCU/tonne),1980,1980,LCU,930.0,E
100,'356,India,417,'01242,"Peas, green",5530,Producer Price (LCU/tonne),1981,1981,LCU,1100.0,E
100,'356,India,417,'01242,"Peas, green",5530,Producer Price (LCU/tonne),1982,1982,LCU,1210.0,E
100,'356,India,417,'01242,"Peas, green",5530,Producer Price (LCU/tonne),1983,1983,LCU,1330.0,E
100,'356,India,417,'01242,"Peas, green",5530,Producer Price (LCU/tonne),1984,1984,LCU,1460.0,E
100,'356,India,417,'01242,"Peas, green",5530,Producer Price (LCU/tonne),1985,1985,LCU,1610.0,E
100,'356,India,417,'01242,"Peas, green",5530,Producer Price (LCU/tonne),1986,1986,LCU,1770.0,E
100,'356,India,417,'01242,"Peas, green",5530,Producer Price (LCU/tonne),1987,1987,LCU,1940.0,E
100,'356,India,417,'01242,"Peas, green",5530,Producer Price (LCU/tonne),1988,1988,LCU,2100.0,E
100,'356,India,417,'01242,"Peas, green",5530,Producer Price (LCU/tonne),1989,1989,LCU,2200.0,E
100,'356,India,417,'01242,"Peas, green",5530,Producer Price (LCU/tonne),1990,1990,LCU,2300.0,E
100,'356,India,687,'01651,"Pepper (Piper spp.), raw",5530,Producer Price (LCU/tonne),1967,1967,LCU,3600.0,E
100,'356,India,687,'01651,"Pepper (Piper spp.), raw",5530,Producer Price (LCU/tonne),1968,1968,LCU,3820.0,E
100,'356,India,687,'01651,"Pepper (Piper spp.), raw",5530,Producer Price (LCU/tonne),1969,1969,LCU,4430.0,E
100,'356,India,687,'01651,"Pepper (Piper spp.), raw",5530,Producer Price (LCU/tonne),1970,1970,LCU,4800.0,E
100,'356,India,687,'01651,"Pepper (Piper spp.), raw",5530,Producer Price (LCU/tonne),1971,1971,LCU,5300.0,E
100,'356,India,687,'01651,"Pepper (Piper spp.), raw",5530,Producer Price (LCU/tonne),1972,1972,LCU,6800.0,E
100,'356,India,687,'01651,"Pepper (Piper spp.), raw",5530,Producer Price (LCU/tonne),1973,1973,LCU,8000.0,E
100,'356,India,687,'01651,"Pepper (Piper spp.), raw",5530,Producer Price (LCU/tonne),1974,1974,LCU,11220.0,A
100,'356,India,687,'01651,"Pepper (Piper spp.), raw",5530,Producer Price (LCU/tonne),1975,1975,LCU,12568.0,A
100,'356,India,687,'01651,"Pepper (Piper spp.), raw",5530,Producer Price (LCU/tonne),1976,1976,LCU,15666.0,A
100,'356,India,687,'01651,"Pepper (Piper spp.), raw",5530,Producer Price (LCU/tonne),1977,1977,LCU,18556.0,A
100,'356,India,687,'01651,"Pepper (Piper spp.), raw",5530,Producer Price (LCU/tonne),1978,1978,LCU,18520.0,A
100,'356,India,687,'01651,"Pepper (Piper spp.), raw",5530,Producer Price (LCU/tonne),1979,1979,LCU,16877.0,A
100,'356,India,687,'01651,"Pepper (Piper spp.), raw",5530,Producer Price (LCU/tonne),1980,1980,LCU,14744.0,A
100,'356,India,687,'01651,"Pepper (Piper spp.), raw",5530,Producer Price (LCU/tonne),1981,1981,LCU,15306.0,A
100,'356,India,687,'01651,"Pepper (Piper spp.), raw",5530,Producer Price (LCU/tonne),1982,1982,LCU,14079.0,A
100,'356,India,687,'01651,"Pepper (Piper spp.), raw",5530,Producer Price (LCU/tonne),1983,1983,LCU,12095.0,A
100,'356,India,687,'01651,"Pepper (Piper spp.), raw",5530,Producer Price (LCU/tonne),1984,1984,LCU,18650.0,A
100,'356,India,687,'01651,"Pepper (Piper spp.), raw",5530,Producer Price (LCU/tonne),1985,1985,LCU,31748.0,A
100,'356,India,687,'01651,"Pepper (Piper spp.), raw",5530,Producer Price (LCU/tonne),1986,1986,LCU,27613.0,A
100,'356,India,687,'01651,"Pepper (Piper spp.), raw",5530,Producer Price (LCU/tonne),1987,1987,LCU,39507.0,A
100,'356,India,687,'01651,"Pepper (Piper spp.), raw",5530,Producer Price (LCU/tonne),1988,1988,LCU,34167.0,A
100,'356,India,687,'01651,"Pepper (Piper spp.), raw",5530,Producer Price (LCU/tonne),1989,1989,LCU,35073.0,A
100,'356,India,687,'01651,"Pepper (Piper spp.), raw",5530,Producer Price (LCU/tonne),1990,1990,LCU,27595.0,A
100,'356,India,197,'01707,"Pigeon peas, dry",5530,Producer Price (LCU/tonne),1966,1966,LCU,748.0,A
100,'356,India,197,'01707,"Pigeon peas, dry",5530,Producer Price (LCU/tonne),1967,1967,LCU,1053.0,A
100,'356,India,197,'01707,"Pigeon peas, dry",5530,Producer Price (LCU/tonne),1968,1968,LCU,948.0,A
100,'356,India,197,'01707,"Pigeon peas, dry",5530,Producer Price (LCU/tonne),1969,1969,LCU,841.0,A
100,'356,India,197,'01707,"Pigeon peas, dry",5530,Producer Price (LCU/tonne),1970,1970,LCU,1021.0,A
100,'356,India,197,'01707,"Pigeon peas, dry",5530,Producer Price (LCU/tonne),1971,1971,LCU,950.0,A
100,'356,India,197,'01707,"Pigeon peas, dry",5530,Producer Price (LCU/tonne),1972,1972,LCU,1131.0,A
100,'356,India,197,'01707,"Pigeon peas, dry",5530,Producer Price (LCU/tonne),1973,1973,LCU,1445.0,A
100,'356,India,197,'01707,"Pigeon peas, dry",5530,Producer Price (LCU/tonne),1974,1974,LCU,1724.0,A
100,'356,India,197,'01707,"Pigeon peas, dry",5530,Producer Price (LCU/tonne),1975,1975,LCU,1795.0,A
100,'356,India,197,'01707,"Pigeon peas, dry",5530,Producer Price (LCU/tonne),1976,1976,LCU,1230.0,E
100,'356,India,197,'01707,"Pigeon peas, dry",5530,Producer Price (LCU/tonne),1977,1977,LCU,1480.0,E
100,'356,India,197,'01707,"Pigeon peas, dry",5530,Producer Price (LCU/tonne),1978,1978,LCU,1910.0,E
100,'356,India,197,'01707,"Pigeon peas, dry",5530,Producer Price (LCU/tonne),1979,1979,LCU,1900.0,E
100,'356,India,197,'01707,"Pigeon peas, dry",5530,Producer Price (LCU/tonne),1980,1980,LCU,2720.0,E
100,'356,India,197,'01707,"Pigeon peas, dry",5530,Producer Price (LCU/tonne),1981,1981,LCU,3380.0,E
100,'356,India,197,'01707,"Pigeon peas, dry",5530,Producer Price (LCU/tonne),1982,1982,LCU,3400.0,E
100,'356,India,197,'01707,"Pigeon peas, dry",5530,Producer Price (LCU/tonne),1983,1983,LCU,3694.0,A
100,'356,India,197,'01707,"Pigeon peas, dry",5530,Producer Price (LCU/tonne),1984,1984,LCU,4053.0,A
100,'356,India,197,'01707,"Pigeon peas, dry",5530,Producer Price (LCU/tonne),1985,1985,LCU,3865.0,A
100,'356,India,197,'01707,"Pigeon peas, dry",5530,Producer Price (LCU/tonne),1986,1986,LCU,4014.0,A
100,'356,India,197,'01707,"Pigeon peas, dry",5530,Producer Price (LCU/tonne),1987,1987,LCU,5085.0,A
100,'356,India,197,'01707,"Pigeon peas, dry",5530,Producer Price (LCU/tonne),1988,1988,LCU,6233.0,A
100,'356,India,197,'01707,"Pigeon peas, dry",5530,Producer Price (LCU/tonne),1989,1989,LCU,5832.0,A
100,'356,India,197,'01707,"Pigeon peas, dry",5530,Producer Price (LCU/tonne),1990,1990,LCU,6469.0,A
100,'356,India,574,'01318,Pineapples,5530,Producer Price (LCU/tonne),1967,1967,LCU,544.0,E
100,'356,India,574,'01318,Pineapples,5530,Producer Price (LCU/tonne),1968,1968,LCU,479.0,E
100,'356,India,574,'01318,Pineapples,5530,Producer Price (LCU/tonne),1969,1969,LCU,587.0,E
100,'356,India,574,'01318,Pineapples,5530,Producer Price (LCU/tonne),1970,1970,LCU,616.0,E
100,'356,India,574,'01318,Pineapples,5530,Producer Price (LCU/tonne),1971,1971,LCU,579.0,E
100,'356,India,574,'01318,Pineapples,5530,Producer Price (LCU/tonne),1972,1972,LCU,604.0,E
100,'356,India,574,'01318,Pineapples,5530,Producer Price (LCU/tonne),1973,1973,LCU,695.0,E
100,'356,India,574,'01318,Pineapples,5530,Producer Price (LCU/tonne),1974,1974,LCU,757.0,E
100,'356,India,574,'01318,Pineapples,5530,Producer Price (LCU/tonne),1975,1975,LCU,690.0,E
100,'356,India,574,'01318,Pineapples,5530,Producer Price (LCU/tonne),1976,1976,LCU,694.0,E
100,'356,India,574,'01318,Pineapples,5530,Producer Price (LCU/tonne),1977,1977,LCU,833.0,E
100,'356,India,574,'01318,Pineapples,5530,Producer Price (LCU/tonne),1978,1978,LCU,800.0,E
100,'356,India,574,'01318,Pineapples,5530,Producer Price (LCU/tonne),1979,1979,LCU,885.0,E
100,'356,India,574,'01318,Pineapples,5530,Producer Price (LCU/tonne),1980,1980,LCU,1030.0,E
100,'356,India,574,'01318,Pineapples,5530,Producer Price (LCU/tonne),1981,1981,LCU,1210.0,E
100,'356,India,574,'01318,Pineapples,5530,Producer Price (LCU/tonne),1982,1982,LCU,1330.0,E
100,'356,India,574,'01318,Pineapples,5530,Producer Price (LCU/tonne),1983,1983,LCU,1460.0,E
100,'356,India,574,'01318,Pineapples,5530,Producer Price (LCU/tonne),1984,1984,LCU,1610.0,E
100,'356,India,574,'01318,Pineapples,5530,Producer Price (LCU/tonne),1985,1985,LCU,1770.0,E
100,'356,India,574,'01318,Pineapples,5530,Producer Price (LCU/tonne),1986,1986,LCU,1940.0,E
100,'356,India,574,'01318,Pineapples,5530,Producer Price (LCU/tonne),1987,1987,LCU,2140.0,E
100,'356,India,574,'01318,Pineapples,5530,Producer Price (LCU/tonne),1988,1988,LCU,2300.0,E
100,'356,India,574,'01318,Pineapples,5530,Producer Price (LCU/tonne),1989,1989,LCU,2500.0,E
100,'356,India,574,'01318,Pineapples,5530,Producer Price (LCU/tonne),1990,1990,LCU,2700.0,E
100,'356,India,536,'01346,Plums and sloes,5530,Producer Price (LCU/tonne),1967,1967,LCU,544.0,E
100,'356,India,536,'01346,Plums and sloes,5530,Producer Price (LCU/tonne),1968,1968,LCU,479.0,E
100,'356,India,536,'01346,Plums and sloes,5530,Producer Price (LCU/tonne),1969,1969,LCU,587.0,E
100,'356,India,536,'01346,Plums and sloes,5530,Producer Price (LCU/tonne),1970,1970,LCU,616.0,E
100,'356,India,536,'01346,Plums and sloes,5530,Producer Price (LCU/tonne),1971,1971,LCU,579.0,E
100,'356,India,536,'01346,Plums and sloes,5530,Producer Price (LCU/tonne),1972,1972,LCU,604.0,E
100,'356,India,536,'01346,Plums and sloes,5530,Producer Price (LCU/tonne),1973,1973,LCU,695.0,E
100,'356,India,536,'01346,Plums and sloes,5530,Producer Price (LCU/tonne),1974,1974,LCU,757.0,E
100,'356,India,536,'01346,Plums and sloes,5530,Producer Price (LCU/tonne),1975,1975,LCU,690.0,E
100,'356,India,536,'01346,Plums and sloes,5530,Producer Price (LCU/tonne),1976,1976,LCU,694.0,E
100,'356,India,536,'01346,Plums and sloes,5530,Producer Price (LCU/tonne),1977,1977,LCU,800.0,E
100,'356,India,536,'01346,Plums and sloes,5530,Producer Price (LCU/tonne),1978,1978,LCU,850.0,E
100,'356,India,536,'01346,Plums and sloes,5530,Producer Price (LCU/tonne),1979,1979,LCU,888.0,E
100,'356,India,536,'01346,Plums and sloes,5530,Producer Price (LCU/tonne),1980,1980,LCU,1040.0,E
100,'356,India,536,'01346,Plums and sloes,5530,Producer Price (LCU/tonne),1981,1981,LCU,1230.0,E
100,'356,India,536,'01346,Plums and sloes,5530,Producer Price (LCU/tonne),1982,1982,LCU,1350.0,E
100,'356,India,536,'01346,Plums and sloes,5530,Producer Price (LCU/tonne),1983,1983,LCU,1480.0,E
100,'356,India,536,'01346,Plums and sloes,5530,Producer Price (LCU/tonne),1984,1984,LCU,1630.0,E
100,'356,India,536,'01346,Plums and sloes,5530,Producer Price (LCU/tonne),1985,1985,LCU,1800.0,E
100,'356,India,536,'01346,Plums and sloes,5530,Producer Price (LCU/tonne),1986,1986,LCU,1980.0,E
100,'356,India,536,'01346,Plums and sloes,5530,Producer Price (LCU/tonne),1987,1987,LCU,2170.0,E
100,'356,India,536,'01346,Plums and sloes,5530,Producer Price (LCU/tonne),1988,1988,LCU,2300.0,E
100,'356,India,536,'01346,Plums and sloes,5530,Producer Price (LCU/tonne),1989,1989,LCU,2500.0,E
100,'356,India,536,'01346,Plums and sloes,5530,Producer Price (LCU/tonne),1990,1990,LCU,2700.0,E
100,'356,India,507,'01321,Pomelos and grapefruits,5530,Producer Price (LCU/tonne),1967,1967,LCU,972.0,A
100,'356,India,507,'01321,Pomelos and grapefruits,5530,Producer Price (LCU/tonne),1968,1968,LCU,723.0,A
100,'356,India,507,'01321,Pomelos and grapefruits,5530,Producer Price (LCU/tonne),1969,1969,LCU,817.0,A
100,'356,India,507,'01321,Pomelos and grapefruits,5530,Producer Price (LCU/tonne),1970,1970,LCU,792.0,A
100,'356,India,507,'01321,Pomelos and grapefruits,5530,Producer Price (LCU/tonne),1971,1971,LCU,823.0,A
100,'356,India,507,'01321,Pomelos and grapefruits,5530,Producer Price (LCU/tonne),1972,1972,LCU,852.0,A
100,'356,India,507,'01321,Pomelos and grapefruits,5530,Producer Price (LCU/tonne),1973,1973,LCU,979.0,A
100,'356,India,507,'01321,Pomelos and grapefruits,5530,Producer Price (LCU/tonne),1974,1974,LCU,979.0,A
100,'356,India,507,'01321,Pomelos and grapefruits,5530,Producer Price (LCU/tonne),1975,1975,LCU,891.0,E
100,'356,India,507,'01321,Pomelos and grapefruits,5530,Producer Price (LCU/tonne),1976,1976,LCU,899.0,E
100,'356,India,507,'01321,Pomelos and grapefruits,5530,Producer Price (LCU/tonne),1977,1977,LCU,1000.0,E
100,'356,India,507,'01321,Pomelos and grapefruits,5530,Producer Price (LCU/tonne),1978,1978,LCU,1035.0,E
100,'356,India,507,'01321,Pomelos and grapefruits,5530,Producer Price (LCU/tonne),1979,1979,LCU,1140.0,E
100,'356,India,507,'01321,Pomelos and grapefruits,5530,Producer Price (LCU/tonne),1980,1980,LCU,1330.0,E
100,'356,India,507,'01321,Pomelos and grapefruits,5530,Producer Price (LCU/tonne),1981,1981,LCU,1570.0,E
100,'356,India,507,'01321,Pomelos and grapefruits,5530,Producer Price (LCU/tonne),1982,1982,LCU,1720.0,E
100,'356,India,507,'01321,Pomelos and grapefruits,5530,Producer Price (LCU/tonne),1983,1983,LCU,1900.0,E
100,'356,India,507,'01321,Pomelos and grapefruits,5530,Producer Price (LCU/tonne),1984,1984,LCU,2090.0,E
100,'356,India,507,'01321,Pomelos and grapefruits,5530,Producer Price (LCU/tonne),1985,1985,LCU,2290.0,E
100,'356,India,507,'01321,Pomelos and grapefruits,5530,Producer Price (LCU/tonne),1986,1986,LCU,2520.0,E
100,'356,India,507,'01321,Pomelos and grapefruits,5530,Producer Price (LCU/tonne),1987,1987,LCU,2780.0,E
100,'356,India,507,'01321,Pomelos and grapefruits,5530,Producer Price (LCU/tonne),1988,1988,LCU,3000.0,E
100,'356,India,507,'01321,Pomelos and grapefruits,5530,Producer Price (LCU/tonne),1989,1989,LCU,3200.0,E
100,'356,India,507,'01321,Pomelos and grapefruits,5530,Producer Price (LCU/tonne),1990,1990,LCU,3400.0,E
100,'356,India,116,'01510,Potatoes,5530,Producer Price (LCU/tonne),1966,1966,LCU,350.0,A
100,'356,India,116,'01510,Potatoes,5530,Producer Price (LCU/tonne),1967,1967,LCU,540.0,A
100,'356,India,116,'01510,Potatoes,5530,Producer Price (LCU/tonne),1968,1968,LCU,493.0,A
100,'356,India,116,'01510,Potatoes,5530,Producer Price (LCU/tonne),1969,1969,LCU,306.0,A
100,'356,India,116,'01510,Potatoes,5530,Producer Price (LCU/tonne),1970,1970,LCU,454.0,A
100,'356,India,116,'01510,Potatoes,5530,Producer Price (LCU/tonne),1971,1971,LCU,505.0,A
100,'356,India,116,'01510,Potatoes,5530,Producer Price (LCU/tonne),1972,1972,LCU,480.0,A
100,'356,India,116,'01510,Potatoes,5530,Producer Price (LCU/tonne),1973,1973,LCU,521.0,A
100,'356,India,116,'01510,Potatoes,5530,Producer Price (LCU/tonne),1974,1974,LCU,1150.0,A
100,'356,India,116,'01510,Potatoes,5530,Producer Price (LCU/tonne),1975,1975,LCU,936.0,A
100,'356,India,116,'01510,Potatoes,5530,Producer Price (LCU/tonne),1976,1976,LCU,1102.0,A
100,'356,India,116,'01510,Potatoes,5530,Producer Price (LCU/tonne),1977,1977,LCU,1477.0,A
100,'356,India,116,'01510,Potatoes,5530,Producer Price (LCU/tonne),1978,1978,LCU,1326.0,A
100,'356,India,116,'01510,Potatoes,5530,Producer Price (LCU/tonne),1979,1979,LCU,940.0,A
100,'356,India,116,'01510,Potatoes,5530,Producer Price (LCU/tonne),1980,1980,LCU,1848.0,A
100,'356,India,116,'01510,Potatoes,5530,Producer Price (LCU/tonne),1981,1981,LCU,2020.0,E
100,'356,India,116,'01510,Potatoes,5530,Producer Price (LCU/tonne),1982,1982,LCU,1500.0,E
100,'356,India,116,'01510,Potatoes,5530,Producer Price (LCU/tonne),1983,1983,LCU,1332.0,A
100,'356,India,116,'01510,Potatoes,5530,Producer Price (LCU/tonne),1984,1984,LCU,1321.0,A
100,'356,India,116,'01510,Potatoes,5530,Producer Price (LCU/tonne),1985,1985,LCU,1273.0,A
100,'356,India,116,'01510,Potatoes,5530,Producer Price (LCU/tonne),1986,1986,LCU,1771.0,A
100,'356,India,116,'01510,Potatoes,5530,Producer Price (LCU/tonne),1987,1987,LCU,1845.0,A
100,'356,India,116,'01510,Potatoes,5530,Producer Price (LCU/tonne),1988,1988,LCU,1819.0,A
100,'356,India,116,'01510,Potatoes,5530,Producer Price (LCU/tonne),1989,1989,LCU,1888.0,A
100,'356,India,116,'01510,Potatoes,5530,Producer Price (LCU/tonne),1990,1990,LCU,1973.0,A
100,'356,India,270,'01443,Rape or colza seed,5530,Producer Price (LCU/tonne),1966,1966,LCU,1397.0,A
100,'356,India,270,'01443,Rape or colza seed,5530,Producer Price (LCU/tonne),1967,1967,LCU,1718.0,A
100,'356,India,270,'01443,Rape or colza seed,5530,Producer Price (LCU/tonne),1968,1968,LCU,1326.0,A
100,'356,India,270,'01443,Rape or colza seed,5530,Producer Price (LCU/tonne),1969,1969,LCU,1433.0,A
100,'356,India,270,'01443,Rape or colza seed,5530,Producer Price (LCU/tonne),1970,1970,LCU,1584.0,A
100,'356,India,270,'01443,Rape or colza seed,5530,Producer Price (LCU/tonne),1971,1971,LCU,1638.0,A
100,'356,India,270,'01443,Rape or colza seed,5530,Producer Price (LCU/tonne),1972,1972,LCU,1823.0,A
100,'356,India,270,'01443,Rape or colza seed,5530,Producer Price (LCU/tonne),1973,1973,LCU,2292.0,A
100,'356,India,270,'01443,Rape or colza seed,5530,Producer Price (LCU/tonne),1974,1974,LCU,3240.0,A
100,'356,India,270,'01443,Rape or colza seed,5530,Producer Price (LCU/tonne),1975,1975,LCU,2512.0,A
100,'356,India,270,'01443,Rape or colza seed,5530,Producer Price (LCU/tonne),1976,1976,LCU,2620.0,E
100,'356,India,270,'01443,Rape or colza seed,5530,Producer Price (LCU/tonne),1977,1977,LCU,2800.0,E
100,'356,India,270,'01443,Rape or colza seed,5530,Producer Price (LCU/tonne),1978,1978,LCU,3500.0,E
100,'356,India,270,'01443,Rape or colza seed,5530,Producer Price (LCU/tonne),1979,1979,LCU,3770.0,E
100,'356,India,270,'01443,Rape or colza seed,5530,Producer Price (LCU/tonne),1980,1980,LCU,4060.0,E
100,'356,India,270,'01443,Rape or colza seed,5530,Producer Price (LCU/tonne),1981,1981,LCU,4100.0,E
100,'356,India,270,'01443,Rape or colza seed,5530,Producer Price (LCU/tonne),1982,1982,LCU,4200.0,E
100,'356,India,270,'01443,Rape or colza seed,5530,Producer Price (LCU/tonne),1983,1983,LCU,4300.0,A
100,'356,India,270,'01443,Rape or colza seed,5530,Producer Price (LCU/tonne),1984,1984,LCU,4829.0,A
100,'356,India,270,'01443,Rape or colza seed,5530,Producer Price (LCU/tonne),1985,1985,LCU,4831.0,A
100,'356,India,270,'01443,Rape or colza seed,5530,Producer Price (LCU/tonne),1986,1986,LCU,4834.0,A
100,'356,India,270,'01443,Rape or colza seed,5530,Producer Price (LCU/tonne),1987,1987,LCU,6140.0,A
100,'356,India,270,'01443,Rape or colza seed,5530,Producer Price (LCU/tonne),1988,1988,LCU,6540.0,A
100,'356,India,270,'01443,Rape or colza seed,5530,Producer Price (LCU/tonne),1989,1989,LCU,6083.0,A
100,'356,India,270,'01443,Rape or colza seed,5530,Producer Price (LCU/tonne),1990,1990,LCU,6762.0,A
100,'356,India,951,'02212,Raw milk of buffalo,5530,Producer Price (LCU/tonne),1967,1967,LCU,954.0,A
100,'356,India,951,'02212,Raw milk of buffalo,5530,Producer Price (LCU/tonne),1968,1968,LCU,1024.0,A
100,'356,India,951,'02212,Raw milk of buffalo,5530,Producer Price (LCU/tonne),1969,1969,LCU,1043.0,A
100,'356,India,951,'02212,Raw milk of buffalo,5530,Producer Price (LCU/tonne),1970,1970,LCU,1076.0,A
100,'356,India,951,'02212,Raw milk of buffalo,5530,Producer Price (LCU/tonne),1971,1971,LCU,1119.0,A
100,'356,India,951,'02212,Raw milk of buffalo,5530,Producer Price (LCU/tonne),1972,1972,LCU,1189.0,A
100,'356,India,951,'02212,Raw milk of buffalo,5530,Producer Price (LCU/tonne),1973,1973,LCU,1342.0,A
100,'356,India,951,'02212,Raw milk of buffalo,5530,Producer Price (LCU/tonne),1974,1974,LCU,1614.0,A
100,'356,India,951,'02212,Raw milk of buffalo,5530,Producer Price (LCU/tonne),1975,1975,LCU,1780.0,E
100,'356,India,951,'02212,Raw milk of buffalo,5530,Producer Price (LCU/tonne),1976,1976,LCU,1670.0,E
100,'356,India,951,'02212,Raw milk of buffalo,5530,Producer Price (LCU/tonne),1977,1977,LCU,1690.0,E
100,'356,India,951,'02212,Raw milk of buffalo,5530,Producer Price (LCU/tonne),1978,1978,LCU,1780.0,E
100,'356,India,951,'02212,Raw milk of buffalo,5530,Producer Price (LCU/tonne),1979,1979,LCU,1850.0,E
100,'356,India,951,'02212,Raw milk of buffalo,5530,Producer Price (LCU/tonne),1980,1980,LCU,2160.0,E
100,'356,India,951,'02212,Raw milk of buffalo,5530,Producer Price (LCU/tonne),1981,1981,LCU,2550.0,E
100,'356,India,951,'02212,Raw milk of buffalo,5530,Producer Price (LCU/tonne),1982,1982,LCU,2800.0,E
100,'356,India,951,'02212,Raw milk of buffalo,5530,Producer Price (LCU/tonne),1983,1983,LCU,3080.0,E
100,'356,India,951,'02212,Raw milk of buffalo,5530,Producer Price (LCU/tonne),1984,1984,LCU,3390.0,E
100,'356,India,951,'02212,Raw milk of buffalo,5530,Producer Price (LCU/tonne),1985,1985,LCU,3730.0,E
100,'356,India,951,'02212,Raw milk of buffalo,5530,Producer Price (LCU/tonne),1986,1986,LCU,4100.0,E
100,'356,India,951,'02212,Raw milk of buffalo,5530,Producer Price (LCU/tonne),1987,1987,LCU,4150.0,A
100,'356,India,951,'02212,Raw milk of buffalo,5530,Producer Price (LCU/tonne),1988,1988,LCU,4700.0,A
100,'356,India,951,'02212,Raw milk of buffalo,5530,Producer Price (LCU/tonne),1989,1989,LCU,4880.0,A
100,'356,India,951,'02212,Raw milk of buffalo,5530,Producer Price (LCU/tonne),1990,1990,LCU,4690.0,A
100,'356,India,882,'02211,Raw milk of cattle,5530,Producer Price (LCU/tonne),1967,1967,LCU,954.0,A
100,'356,India,882,'02211,Raw milk of cattle,5530,Producer Price (LCU/tonne),1968,1968,LCU,1024.0,A
100,'356,India,882,'02211,Raw milk of cattle,5530,Producer Price (LCU/tonne),1969,1969,LCU,1043.0,A
100,'356,India,882,'02211,Raw milk of cattle,5530,Producer Price (LCU/tonne),1970,1970,LCU,1076.0,A
100,'356,India,882,'02211,Raw milk of cattle,5530,Producer Price (LCU/tonne),1971,1971,LCU,1119.0,A
100,'356,India,882,'02211,Raw milk of cattle,5530,Producer Price (LCU/tonne),1972,1972,LCU,1189.0,A
100,'356,India,882,'02211,Raw milk of cattle,5530,Producer Price (LCU/tonne),1973,1973,LCU,1342.0,A
100,'356,India,882,'02211,Raw milk of cattle,5530,Producer Price (LCU/tonne),1974,1974,LCU,1614.0,A
100,'356,India,882,'02211,Raw milk of cattle,5530,Producer Price (LCU/tonne),1975,1975,LCU,1780.0,E
100,'356,India,882,'02211,Raw milk of cattle,5530,Producer Price (LCU/tonne),1976,1976,LCU,1670.0,E
100,'356,India,882,'02211,Raw milk of cattle,5530,Producer Price (LCU/tonne),1977,1977,LCU,1690.0,E
100,'356,India,882,'02211,Raw milk of cattle,5530,Producer Price (LCU/tonne),1978,1978,LCU,1780.0,E
100,'356,India,882,'02211,Raw milk of cattle,5530,Producer Price (LCU/tonne),1979,1979,LCU,1850.0,E
100,'356,India,882,'02211,Raw milk of cattle,5530,Producer Price (LCU/tonne),1980,1980,LCU,2160.0,E
100,'356,India,882,'02211,Raw milk of cattle,5530,Producer Price (LCU/tonne),1981,1981,LCU,2550.0,E
100,'356,India,882,'02211,Raw milk of cattle,5530,Producer Price (LCU/tonne),1982,1982,LCU,2800.0,E
100,'356,India,882,'02211,Raw milk of cattle,5530,Producer Price (LCU/tonne),1983,1983,LCU,2800.0,E
100,'356,India,882,'02211,Raw milk of cattle,5530,Producer Price (LCU/tonne),1984,1984,LCU,2800.0,E
100,'356,India,882,'02211,Raw milk of cattle,5530,Producer Price (LCU/tonne),1985,1985,LCU,3000.0,E
100,'356,India,882,'02211,Raw milk of cattle,5530,Producer Price (LCU/tonne),1986,1986,LCU,3000.0,E
100,'356,India,882,'02211,Raw milk of cattle,5530,Producer Price (LCU/tonne),1987,1987,LCU,3130.0,A
100,'356,India,882,'02211,Raw milk of cattle,5530,Producer Price (LCU/tonne),1988,1988,LCU,3540.0,A
100,'356,India,882,'02211,Raw milk of cattle,5530,Producer Price (LCU/tonne),1989,1989,LCU,3660.0,A
100,'356,India,882,'02211,Raw milk of cattle,5530,Producer Price (LCU/tonne),1990,1990,LCU,3680.0,A
100,'356,India,1020,'02292,Raw milk of goats,5530,Producer Price (LCU/tonne),1967,1967,LCU,954.0,A
100,'356,India,1020,'02292,Raw milk of goats,5530,Producer Price (LCU/tonne),1968,1968,LCU,1024.0,A
100,'356,India,1020,'02292,Raw milk of goats,5530,Producer Price (LCU/tonne),1969,1969,LCU,1043.0,A
100,'356,India,1020,'02292,Raw milk of goats,5530,Producer Price (LCU/tonne),1970,1970,LCU,1076.0,A
100,'356,India,1020,'02292,Raw milk of goats,5530,Producer Price (LCU/tonne),1971,1971,LCU,1119.0,A
100,'356,India,1020,'02292,Raw milk of goats,5530,Producer Price (LCU/tonne),1972,1972,LCU,1189.0,A
100,'356,India,1020,'02292,Raw milk of goats,5530,Producer Price (LCU/tonne),1973,1973,LCU,1342.0,A
100,'356,India,1020,'02292,Raw milk of goats,5530,Producer Price (LCU/tonne),1974,1974,LCU,1614.0,A
100,'356,India,1020,'02292,Raw milk of goats,5530,Producer Price (LCU/tonne),1975,1975,LCU,1780.0,E
100,'356,India,1020,'02292,Raw milk of goats,5530,Producer Price (LCU/tonne),1976,1976,LCU,1670.0,E
100,'356,India,1020,'02292,Raw milk of goats,5530,Producer Price (LCU/tonne),1977,1977,LCU,1690.0,E
100,'356,India,1020,'02292,Raw milk of goats,5530,Producer Price (LCU/tonne),1978,1978,LCU,1780.0,E
100,'356,India,1020,'02292,Raw milk of goats,5530,Producer Price (LCU/tonne),1979,1979,LCU,1850.0,E
100,'356,India,1020,'02292,Raw milk of goats,5530,Producer Price (LCU/tonne),1980,1980,LCU,2160.0,E
100,'356,India,1020,'02292,Raw milk of goats,5530,Producer Price (LCU/tonne),1981,1981,LCU,2550.0,E
100,'356,India,1020,'02292,Raw milk of goats,5530,Producer Price (LCU/tonne),1982,1982,LCU,2800.0,E
100,'356,India,1020,'02292,Raw milk of goats,5530,Producer Price (LCU/tonne),1983,1983,LCU,2800.0,E
100,'356,India,1020,'02292,Raw milk of goats,5530,Producer Price (LCU/tonne),1984,1984,LCU,2800.0,E
100,'356,India,1020,'02292,Raw milk of goats,5530,Producer Price (LCU/tonne),1985,1985,LCU,3000.0,E
100,'356,India,1020,'02292,Raw milk of goats,5530,Producer Price (LCU/tonne),1986,1986,LCU,3000.0,E
100,'356,India,1020,'02292,Raw milk of goats,5530,Producer Price (LCU/tonne),1987,1987,LCU,3100.0,E
100,'356,India,1020,'02292,Raw milk of goats,5530,Producer Price (LCU/tonne),1988,1988,LCU,3500.0,E
100,'356,India,1020,'02292,Raw milk of goats,5530,Producer Price (LCU/tonne),1989,1989,LCU,3600.0,E
100,'356,India,1020,'02292,Raw milk of goats,5530,Producer Price (LCU/tonne),1990,1990,LCU,3700.0,E
100,'356,India,27,'0113,Rice,5530,Producer Price (LCU/tonne),1966,1966,LCU,591.0,A
100,'356,India,27,'0113,Rice,5530,Producer Price (LCU/tonne),1967,1967,LCU,722.0,A
100,'356,India,27,'0113,Rice,5530,Producer Price (LCU/tonne),1968,1968,LCU,702.0,A
100,'356,India,27,'0113,Rice,5530,Producer Price (LCU/tonne),1969,1969,LCU,709.0,A
100,'356,India,27,'0113,Rice,5530,Producer Price (LCU/tonne),1970,1970,LCU,728.0,A
100,'356,India,27,'0113,Rice,5530,Producer Price (LCU/tonne),1971,1971,LCU,769.0,A
100,'356,India,27,'0113,Rice,5530,Producer Price (LCU/tonne),1972,1972,LCU,884.0,A
100,'356,India,27,'0113,Rice,5530,Producer Price (LCU/tonne),1973,1973,LCU,1058.0,A
100,'356,India,27,'0113,Rice,5530,Producer Price (LCU/tonne),1974,1974,LCU,1400.0,E
100,'356,India,27,'0113,Rice,5530,Producer Price (LCU/tonne),1975,1975,LCU,1508.0,A
100,'356,India,27,'0113,Rice,5530,Producer Price (LCU/tonne),1976,1976,LCU,1241.0,A
100,'356,India,27,'0113,Rice,5530,Producer Price (LCU/tonne),1977,1977,LCU,1310.0,A
100,'356,India,27,'0113,Rice,5530,Producer Price (LCU/tonne),1978,1978,LCU,1274.0,A
100,'356,India,27,'0113,Rice,5530,Producer Price (LCU/tonne),1979,1979,LCU,1404.0,A
100,'356,India,27,'0113,Rice,5530,Producer Price (LCU/tonne),1980,1980,LCU,1615.0,A
100,'356,India,27,'0113,Rice,5530,Producer Price (LCU/tonne),1981,1981,LCU,1765.0,A
100,'356,India,27,'0113,Rice,5530,Producer Price (LCU/tonne),1982,1982,LCU,1860.0,E
100,'356,India,27,'0113,Rice,5530,Producer Price (LCU/tonne),1983,1983,LCU,1950.0,A
100,'356,India,27,'0113,Rice,5530,Producer Price (LCU/tonne),1984,1984,LCU,2104.0,A
100,'356,India,27,'0113,Rice,5530,Producer Price (LCU/tonne),1985,1985,LCU,1735.0,A
100,'356,India,27,'0113,Rice,5530,Producer Price (LCU/tonne),1986,1986,LCU,1941.0,A
100,'356,India,27,'0113,Rice,5530,Producer Price (LCU/tonne),1987,1987,LCU,2068.0,A
100,'356,India,27,'0113,Rice,5530,Producer Price (LCU/tonne),1988,1988,LCU,2183.0,A
100,'356,India,27,'0113,Rice,5530,Producer Price (LCU/tonne),1989,1989,LCU,2275.0,A
100,'356,India,27,'0113,Rice,5530,Producer Price (LCU/tonne),1990,1990,LCU,2165.0,A
100,'356,India,280,'01446,Safflower seed,5530,Producer Price (LCU/tonne),1966,1966,LCU,1850.0,E
100,'356,India,280,'01446,Safflower seed,5530,Producer Price (LCU/tonne),1967,1967,LCU,1665.0,E
100,'356,India,280,'01446,Safflower seed,5530,Producer Price (LCU/tonne),1968,1968,LCU,1820.0,E
100,'356,India,280,'01446,Safflower seed,5530,Producer Price (LCU/tonne),1969,1969,LCU,1969.0,E
100,'356,India,280,'01446,Safflower seed,5530,Producer Price (LCU/tonne),1970,1970,LCU,1878.0,E
100,'356,India,280,'01446,Safflower seed,5530,Producer Price (LCU/tonne),1971,1971,LCU,1441.0,E
100,'356,India,280,'01446,Safflower seed,5530,Producer Price (LCU/tonne),1972,1972,LCU,2045.0,E
100,'356,India,280,'01446,Safflower seed,5530,Producer Price (LCU/tonne),1973,1973,LCU,4563.0,E
100,'356,India,280,'01446,Safflower seed,5530,Producer Price (LCU/tonne),1974,1974,LCU,2848.0,E
100,'356,India,280,'01446,Safflower seed,5530,Producer Price (LCU/tonne),1975,1975,LCU,2210.0,E
100,'356,India,280,'01446,Safflower seed,5530,Producer Price (LCU/tonne),1976,1976,LCU,2400.0,E
100,'356,India,280,'01446,Safflower seed,5530,Producer Price (LCU/tonne),1977,1977,LCU,2400.0,E
100,'356,India,280,'01446,Safflower seed,5530,Producer Price (LCU/tonne),1978,1978,LCU,3300.0,E
100,'356,India,280,'01446,Safflower seed,5530,Producer Price (LCU/tonne),1979,1979,LCU,3500.0,E
100,'356,India,280,'01446,Safflower seed,5530,Producer Price (LCU/tonne),1980,1980,LCU,3590.0,E
100,'356,India,280,'01446,Safflower seed,5530,Producer Price (LCU/tonne),1981,1981,LCU,4240.0,E
100,'356,India,280,'01446,Safflower seed,5530,Producer Price (LCU/tonne),1982,1982,LCU,4660.0,E
100,'356,India,280,'01446,Safflower seed,5530,Producer Price (LCU/tonne),1983,1983,LCU,5130.0,E
100,'356,India,280,'01446,Safflower seed,5530,Producer Price (LCU/tonne),1984,1984,LCU,5640.0,E
100,'356,India,280,'01446,Safflower seed,5530,Producer Price (LCU/tonne),1985,1985,LCU,6200.0,E
100,'356,India,280,'01446,Safflower seed,5530,Producer Price (LCU/tonne),1986,1986,LCU,6830.0,E
100,'356,India,280,'01446,Safflower seed,5530,Producer Price (LCU/tonne),1987,1987,LCU,7510.0,E
100,'356,India,280,'01446,Safflower seed,5530,Producer Price (LCU/tonne),1988,1988,LCU,8000.0,E
100,'356,India,280,'01446,Safflower seed,5530,Producer Price (LCU/tonne),1989,1989,LCU,8500.0,E
100,'356,India,280,'01446,Safflower seed,5530,Producer Price (LCU/tonne),1990,1990,LCU,9100.0,E
100,'356,India,328,'01921.01,"Seed cotton, unginned",5530,Producer Price (LCU/tonne),1967,1967,LCU,1602.0,A
100,'356,India,328,'01921.01,"Seed cotton, unginned",5530,Producer Price (LCU/tonne),1968,1968,LCU,1561.0,A
100,'356,India,328,'01921.01,"Seed cotton, unginned",5530,Producer Price (LCU/tonne),1969,1969,LCU,1556.0,A
100,'356,India,328,'01921.01,"Seed cotton, unginned",5530,Producer Price (LCU/tonne),1970,1970,LCU,1981.0,A
100,'356,India,328,'01921.01,"Seed cotton, unginned",5530,Producer Price (LCU/tonne),1971,1971,LCU,2606.0,A
100,'356,India,328,'01921.01,"Seed cotton, unginned",5530,Producer Price (LCU/tonne),1972,1972,LCU,2091.0,A
100,'356,India,328,'01921.01,"Seed cotton, unginned",5530,Producer Price (LCU/tonne),1973,1973,LCU,2274.0,A
100,'356,India,328,'01921.01,"Seed cotton, unginned",5530,Producer Price (LCU/tonne),1974,1974,LCU,3307.0,A
100,'356,India,328,'01921.01,"Seed cotton, unginned",5530,Producer Price (LCU/tonne),1975,1975,LCU,3386.0,A
100,'356,India,328,'01921.01,"Seed cotton, unginned",5530,Producer Price (LCU/tonne),1976,1976,LCU,3600.0,E
100,'356,India,328,'01921.01,"Seed cotton, unginned",5530,Producer Price (LCU/tonne),1977,1977,LCU,3800.0,E
100,'356,India,328,'01921.01,"Seed cotton, unginned",5530,Producer Price (LCU/tonne),1978,1978,LCU,4100.0,E
100,'356,India,328,'01921.01,"Seed cotton, unginned",5530,Producer Price (LCU/tonne),1979,1979,LCU,4160.0,E
100,'356,India,328,'01921.01,"Seed cotton, unginned",5530,Producer Price (LCU/tonne),1980,1980,LCU,4170.0,E
100,'356,India,328,'01921.01,"Seed cotton, unginned",5530,Producer Price (LCU/tonne),1981,1981,LCU,4400.0,E
100,'356,India,328,'01921.01,"Seed cotton, unginned",5530,Producer Price (LCU/tonne),1982,1982,LCU,4500.0,E
100,'356,India,328,'01921.01,"Seed cotton, unginned",5530,Producer Price (LCU/tonne),1983,1983,LCU,4500.0,E
100,'356,India,328,'01921.01,"Seed cotton, unginned",5530,Producer Price (LCU/tonne),1984,1984,LCU,4500.0,E
100,'356,India,328,'01921.01,"Seed cotton, unginned",5530,Producer Price (LCU/tonne),1985,1985,LCU,4864.0,A
100,'356,India,328,'01921.01,"Seed cotton, unginned",5530,Producer Price (LCU/tonne),1986,1986,LCU,5549.0,A
100,'356,India,328,'01921.01,"Seed cotton, unginned",5530,Producer Price (LCU/tonne),1987,1987,LCU,7969.0,A
100,'356,India,328,'01921.01,"Seed cotton, unginned",5530,Producer Price (LCU/tonne),1988,1988,LCU,7601.0,A
100,'356,India,328,'01921.01,"Seed cotton, unginned",5530,Producer Price (LCU/tonne),1989,1989,LCU,7132.0,A
100,'356,India,328,'01921.01,"Seed cotton, unginned",5530,Producer Price (LCU/tonne),1990,1990,LCU,7500.0,A
100,'356,India,289,'01444,Sesame seed,5530,Producer Price (LCU/tonne),1966,1966,LCU,1956.0,A
100,'356,India,289,'01444,Sesame seed,5530,Producer Price (LCU/tonne),1967,1967,LCU,1714.0,A
100,'356,India,289,'01444,Sesame seed,5530,Producer Price (LCU/tonne),1968,1968,LCU,1623.0,A
100,'356,India,289,'01444,Sesame seed,5530,Producer Price (LCU/tonne),1969,1969,LCU,1994.0,A
100,'356,India,289,'01444,Sesame seed,5530,Producer Price (LCU/tonne),1970,1970,LCU,2273.0,A
100,'356,India,289,'01444,Sesame seed,5530,Producer Price (LCU/tonne),1971,1971,LCU,2126.0,A
100,'356,India,289,'01444,Sesame seed,5530,Producer Price (LCU/tonne),1972,1972,LCU,2612.0,A
100,'356,India,289,'01444,Sesame seed,5530,Producer Price (LCU/tonne),1973,1973,LCU,3419.0,A
100,'356,India,289,'01444,Sesame seed,5530,Producer Price (LCU/tonne),1974,1974,LCU,3867.0,A
100,'356,India,289,'01444,Sesame seed,5530,Producer Price (LCU/tonne),1975,1975,LCU,3513.0,A
100,'356,India,289,'01444,Sesame seed,5530,Producer Price (LCU/tonne),1976,1976,LCU,3341.0,A
100,'356,India,289,'01444,Sesame seed,5530,Producer Price (LCU/tonne),1977,1977,LCU,4216.0,A
100,'356,India,289,'01444,Sesame seed,5530,Producer Price (LCU/tonne),1978,1978,LCU,3720.0,A
100,'356,India,289,'01444,Sesame seed,5530,Producer Price (LCU/tonne),1979,1979,LCU,3782.0,A
100,'356,India,289,'01444,Sesame seed,5530,Producer Price (LCU/tonne),1980,1980,LCU,5439.0,A
100,'356,India,289,'01444,Sesame seed,5530,Producer Price (LCU/tonne),1981,1981,LCU,5616.0,A
100,'356,India,289,'01444,Sesame seed,5530,Producer Price (LCU/tonne),1982,1982,LCU,5607.0,A
100,'356,India,289,'01444,Sesame seed,5530,Producer Price (LCU/tonne),1983,1983,LCU,5609.0,A
100,'356,India,289,'01444,Sesame seed,5530,Producer Price (LCU/tonne),1984,1984,LCU,6265.0,A
100,'356,India,289,'01444,Sesame seed,5530,Producer Price (LCU/tonne),1985,1985,LCU,6335.0,A
100,'356,India,289,'01444,Sesame seed,5530,Producer Price (LCU/tonne),1986,1986,LCU,7920.0,A
100,'356,India,289,'01444,Sesame seed,5530,Producer Price (LCU/tonne),1987,1987,LCU,8981.0,A
100,'356,India,289,'01444,Sesame seed,5530,Producer Price (LCU/tonne),1988,1988,LCU,8524.0,A
100,'356,India,289,'01444,Sesame seed,5530,Producer Price (LCU/tonne),1989,1989,LCU,9324.0,A
100,'356,India,289,'01444,Sesame seed,5530,Producer Price (LCU/tonne),1990,1990,LCU,11930.0,A
100,'356,India,987,'02941,"Shorn wool, greasy, including fleece-washed shorn wool",5530,Producer Price (LCU/tonne),1967,1967,LCU,4433.0,A
100,'356,India,987,'02941,"Shorn wool, greasy, including fleece-washed shorn wool",5530,Producer Price (LCU/tonne),1968,1968,LCU,4567.0,A
100,'356,India,987,'02941,"Shorn wool, greasy, including fleece-washed shorn wool",5530,Producer Price (LCU/tonne),1969,1969,LCU,4700.0,A
100,'356,India,987,'02941,"Shorn wool, greasy, including fleece-washed shorn wool",5530,Producer Price (LCU/tonne),1970,1970,LCU,4793.0,A
100,'356,India,987,'02941,"Shorn wool, greasy, including fleece-washed shorn wool",5530,Producer Price (LCU/tonne),1971,1971,LCU,4862.0,A
100,'356,India,987,'02941,"Shorn wool, greasy, including fleece-washed shorn wool",5530,Producer Price (LCU/tonne),1972,1972,LCU,5345.0,A
100,'356,India,987,'02941,"Shorn wool, greasy, including fleece-washed shorn wool",5530,Producer Price (LCU/tonne),1973,1973,LCU,6893.0,A
100,'356,India,987,'02941,"Shorn wool, greasy, including fleece-washed shorn wool",5530,Producer Price (LCU/tonne),1974,1974,LCU,9571.0,A
100,'356,India,987,'02941,"Shorn wool, greasy, including fleece-washed shorn wool",5530,Producer Price (LCU/tonne),1975,1975,LCU,8220.0,E
100,'356,India,987,'02941,"Shorn wool, greasy, including fleece-washed shorn wool",5530,Producer Price (LCU/tonne),1976,1976,LCU,10140.0,E
100,'356,India,987,'02941,"Shorn wool, greasy, including fleece-washed shorn wool",5530,Producer Price (LCU/tonne),1977,1977,LCU,11180.0,E
100,'356,India,987,'02941,"Shorn wool, greasy, including fleece-washed shorn wool",5530,Producer Price (LCU/tonne),1978,1978,LCU,10150.0,E
100,'356,India,987,'02941,"Shorn wool, greasy, including fleece-washed shorn wool",5530,Producer Price (LCU/tonne),1979,1979,LCU,11540.0,E
100,'356,India,987,'02941,"Shorn wool, greasy, including fleece-washed shorn wool",5530,Producer Price (LCU/tonne),1980,1980,LCU,13490.0,E
100,'356,India,987,'02941,"Shorn wool, greasy, including fleece-washed shorn wool",5530,Producer Price (LCU/tonne),1981,1981,LCU,15920.0,E
100,'356,India,987,'02941,"Shorn wool, greasy, including fleece-washed shorn wool",5530,Producer Price (LCU/tonne),1982,1982,LCU,17510.0,E
100,'356,India,987,'02941,"Shorn wool, greasy, including fleece-washed shorn wool",5530,Producer Price (LCU/tonne),1983,1983,LCU,19260.0,E
100,'356,India,987,'02941,"Shorn wool, greasy, including fleece-washed shorn wool",5530,Producer Price (LCU/tonne),1984,1984,LCU,21200.0,E
100,'356,India,987,'02941,"Shorn wool, greasy, including fleece-washed shorn wool",5530,Producer Price (LCU/tonne),1985,1985,LCU,23300.0,E
100,'356,India,987,'02941,"Shorn wool, greasy, including fleece-washed shorn wool",5530,Producer Price (LCU/tonne),1986,1986,LCU,25630.0,E
100,'356,India,987,'02941,"Shorn wool, greasy, including fleece-washed shorn wool",5530,Producer Price (LCU/tonne),1987,1987,LCU,28200.0,E
100,'356,India,987,'02941,"Shorn wool, greasy, including fleece-washed shorn wool",5530,Producer Price (LCU/tonne),1988,1988,LCU,30200.0,E
100,'356,India,987,'02941,"Shorn wool, greasy, including fleece-washed shorn wool",5530,Producer Price (LCU/tonne),1989,1989,LCU,32200.0,E
100,'356,India,987,'02941,"Shorn wool, greasy, including fleece-washed shorn wool",5530,Producer Price (LCU/tonne),1990,1990,LCU,34300.0,E
100,'356,India,1185,'02944,Silk-worm cocoons suitable for reeling,5530,Producer Price (LCU/tonne),1967,1967,LCU,8310.0,A
100,'356,India,1185,'02944,Silk-worm cocoons suitable for reeling,5530,Producer Price (LCU/tonne),1968,1968,LCU,8740.0,A
100,'356,India,1185,'02944,Silk-worm cocoons suitable for reeling,5530,Producer Price (LCU/tonne),1969,1969,LCU,10170.0,A
100,'356,India,1185,'02944,Silk-worm cocoons suitable for reeling,5530,Producer Price (LCU/tonne),1970,1970,LCU,11875.0,A
100,'356,India,1185,'02944,Silk-worm cocoons suitable for reeling,5530,Producer Price (LCU/tonne),1971,1971,LCU,9075.0,A
100,'356,India,1185,'02944,Silk-worm cocoons suitable for reeling,5530,Producer Price (LCU/tonne),1972,1972,LCU,14240.0,A
100,'356,India,1185,'02944,Silk-worm cocoons suitable for reeling,5530,Producer Price (LCU/tonne),1973,1973,LCU,20030.0,A
100,'356,India,1185,'02944,Silk-worm cocoons suitable for reeling,5530,Producer Price (LCU/tonne),1974,1974,LCU,21840.0,A
100,'356,India,1185,'02944,Silk-worm cocoons suitable for reeling,5530,Producer Price (LCU/tonne),1975,1975,LCU,18750.0,E
100,'356,India,1185,'02944,Silk-worm cocoons suitable for reeling,5530,Producer Price (LCU/tonne),1976,1976,LCU,23130.0,E
100,'356,India,1185,'02944,Silk-worm cocoons suitable for reeling,5530,Producer Price (LCU/tonne),1977,1977,LCU,25520.0,E
100,'356,India,1185,'02944,Silk-worm cocoons suitable for reeling,5530,Producer Price (LCU/tonne),1978,1978,LCU,23150.0,E
100,'356,India,1185,'02944,Silk-worm cocoons suitable for reeling,5530,Producer Price (LCU/tonne),1979,1979,LCU,26050.0,E
100,'356,India,1185,'02944,Silk-worm cocoons suitable for reeling,5530,Producer Price (LCU/tonne),1980,1980,LCU,30450.0,E
100,'356,India,1185,'02944,Silk-worm cocoons suitable for reeling,5530,Producer Price (LCU/tonne),1981,1981,LCU,35930.0,E
100,'356,India,1185,'02944,Silk-worm cocoons suitable for reeling,5530,Producer Price (LCU/tonne),1982,1982,LCU,39520.0,E
100,'356,India,1185,'02944,Silk-worm cocoons suitable for reeling,5530,Producer Price (LCU/tonne),1983,1983,LCU,43470.0,E
100,'356,India,1185,'02944,Silk-worm cocoons suitable for reeling,5530,Producer Price (LCU/tonne),1984,1984,LCU,47820.0,E
100,'356,India,1185,'02944,Silk-worm cocoons suitable for reeling,5530,Producer Price (LCU/tonne),1985,1985,LCU,52600.0,E
100,'356,India,1185,'02944,Silk-worm cocoons suitable for reeling,5530,Producer Price (LCU/tonne),1986,1986,LCU,57860.0,E
100,'356,India,1185,'02944,Silk-worm cocoons suitable for reeling,5530,Producer Price (LCU/tonne),1987,1987,LCU,63650.0,E
100,'356,India,1185,'02944,Silk-worm cocoons suitable for reeling,5530,Producer Price (LCU/tonne),1988,1988,LCU,68100.0,E
100,'356,India,1185,'02944,Silk-worm cocoons suitable for reeling,5530,Producer Price (LCU/tonne),1989,1989,LCU,72700.0,E
100,'356,India,1185,'02944,Silk-worm cocoons suitable for reeling,5530,Producer Price (LCU/tonne),1990,1990,LCU,77400.0,E
100,'356,India,83,'0114,Sorghum,5530,Producer Price (LCU/tonne),1966,1966,LCU,634.0,A
100,'356,India,83,'0114,Sorghum,5530,Producer Price (LCU/tonne),1967,1967,LCU,650.0,A
100,'356,India,83,'0114,Sorghum,5530,Producer Price (LCU/tonne),1968,1968,LCU,630.0,A
100,'356,India,83,'0114,Sorghum,5530,Producer Price (LCU/tonne),1969,1969,LCU,669.0,A
100,'356,India,83,'0114,Sorghum,5530,Producer Price (LCU/tonne),1970,1970,LCU,614.0,A
100,'356,India,83,'0114,Sorghum,5530,Producer Price (LCU/tonne),1971,1971,LCU,676.0,A
100,'356,India,83,'0114,Sorghum,5530,Producer Price (LCU/tonne),1972,1972,LCU,887.0,A
100,'356,India,83,'0114,Sorghum,5530,Producer Price (LCU/tonne),1973,1973,LCU,1037.0,A
100,'356,India,83,'0114,Sorghum,5530,Producer Price (LCU/tonne),1974,1974,LCU,700.0,A
100,'356,India,83,'0114,Sorghum,5530,Producer Price (LCU/tonne),1975,1975,LCU,714.0,A
100,'356,India,83,'0114,Sorghum,5530,Producer Price (LCU/tonne),1976,1976,LCU,600.0,A
100,'356,India,83,'0114,Sorghum,5530,Producer Price (LCU/tonne),1977,1977,LCU,579.0,A
100,'356,India,83,'0114,Sorghum,5530,Producer Price (LCU/tonne),1978,1978,LCU,583.0,A
100,'356,India,83,'0114,Sorghum,5530,Producer Price (LCU/tonne),1979,1979,LCU,600.0,A
100,'356,India,83,'0114,Sorghum,5530,Producer Price (LCU/tonne),1980,1980,LCU,683.0,A
100,'356,India,83,'0114,Sorghum,5530,Producer Price (LCU/tonne),1981,1981,LCU,876.0,A
100,'356,India,83,'0114,Sorghum,5530,Producer Price (LCU/tonne),1982,1982,LCU,1160.0,E
100,'356,India,83,'0114,Sorghum,5530,Producer Price (LCU/tonne),1983,1983,LCU,1444.0,A
100,'356,India,83,'0114,Sorghum,5530,Producer Price (LCU/tonne),1984,1984,LCU,1540.0,A
100,'356,India,83,'0114,Sorghum,5530,Producer Price (LCU/tonne),1985,1985,LCU,1796.0,A
100,'356,India,83,'0114,Sorghum,5530,Producer Price (LCU/tonne),1986,1986,LCU,1843.0,A
100,'356,India,83,'0114,Sorghum,5530,Producer Price (LCU/tonne),1987,1987,LCU,2007.0,A
100,'356,India,83,'0114,Sorghum,5530,Producer Price (LCU/tonne),1988,1988,LCU,2218.0,A
100,'356,India,83,'0114,Sorghum,5530,Producer Price (LCU/tonne),1989,1989,LCU,2193.0,A
100,'356,India,83,'0114,Sorghum,5530,Producer Price (LCU/tonne),1990,1990,LCU,3095.0,A
100,'356,India,236,'0141,Soya beans,5530,Producer Price (LCU/tonne),1966,1966,LCU,896.0,E
100,'356,India,236,'0141,Soya beans,5530,Producer Price (LCU/tonne),1967,1967,LCU,679.0,E
100,'356,India,236,'0141,Soya beans,5530,Producer Price (LCU/tonne),1968,1968,LCU,724.0,E
100,'356,India,236,'0141,Soya beans,5530,Producer Price (LCU/tonne),1969,1969,LCU,875.0,E
100,'356,India,236,'0141,Soya beans,5530,Producer Price (LCU/tonne),1970,1970,LCU,923.0,E
100,'356,India,236,'0141,Soya beans,5530,Producer Price (LCU/tonne),1971,1971,LCU,824.0,E
100,'356,India,236,'0141,Soya beans,5530,Producer Price (LCU/tonne),1972,1972,LCU,1196.0,E
100,'356,India,236,'0141,Soya beans,5530,Producer Price (LCU/tonne),1973,1973,LCU,1533.0,E
100,'356,India,236,'0141,Soya beans,5530,Producer Price (LCU/tonne),1974,1974,LCU,1598.0,E
100,'356,India,236,'0141,Soya beans,5530,Producer Price (LCU/tonne),1975,1975,LCU,1600.0,E
100,'356,India,236,'0141,Soya beans,5530,Producer Price (LCU/tonne),1976,1976,LCU,1700.0,E
100,'356,India,236,'0141,Soya beans,5530,Producer Price (LCU/tonne),1977,1977,LCU,1700.0,E
100,'356,India,236,'0141,Soya beans,5530,Producer Price (LCU/tonne),1978,1978,LCU,1720.0,E
100,'356,India,236,'0141,Soya beans,5530,Producer Price (LCU/tonne),1979,1979,LCU,1730.0,E
100,'356,India,236,'0141,Soya beans,5530,Producer Price (LCU/tonne),1980,1980,LCU,1760.0,E
100,'356,India,236,'0141,Soya beans,5530,Producer Price (LCU/tonne),1981,1981,LCU,1840.0,E
100,'356,India,236,'0141,Soya beans,5530,Producer Price (LCU/tonne),1982,1982,LCU,1920.0,E
100,'356,India,236,'0141,Soya beans,5530,Producer Price (LCU/tonne),1983,1983,LCU,2000.0,E
100,'356,India,236,'0141,Soya beans,5530,Producer Price (LCU/tonne),1984,1984,LCU,2080.0,E
100,'356,India,236,'0141,Soya beans,5530,Producer Price (LCU/tonne),1985,1985,LCU,2160.0,E
100,'356,India,236,'0141,Soya beans,5530,Producer Price (LCU/tonne),1986,1986,LCU,2250.0,E
100,'356,India,236,'0141,Soya beans,5530,Producer Price (LCU/tonne),1987,1987,LCU,2340.0,E
100,'356,India,236,'0141,Soya beans,5530,Producer Price (LCU/tonne),1988,1988,LCU,2400.0,E
100,'356,India,236,'0141,Soya beans,5530,Producer Price (LCU/tonne),1989,1989,LCU,2500.0,E
100,'356,India,236,'0141,Soya beans,5530,Producer Price (LCU/tonne),1990,1990,LCU,2600.0,E
100,'356,India,156,'01802,Sugar cane,5530,Producer Price (LCU/tonne),1966,1966,LCU,56.0,A
100,'356,India,156,'01802,Sugar cane,5530,Producer Price (LCU/tonne),1967,1967,LCU,88.0,A
100,'356,India,156,'01802,Sugar cane,5530,Producer Price (LCU/tonne),1968,1968,LCU,149.0,A
100,'356,India,156,'01802,Sugar cane,5530,Producer Price (LCU/tonne),1969,1969,LCU,96.0,A
100,'356,India,156,'01802,Sugar cane,5530,Producer Price (LCU/tonne),1970,1970,LCU,73.0,A
100,'356,India,156,'01802,Sugar cane,5530,Producer Price (LCU/tonne),1971,1971,LCU,81.0,A
100,'356,India,156,'01802,Sugar cane,5530,Producer Price (LCU/tonne),1972,1972,LCU,85.0,E
100,'356,India,156,'01802,Sugar cane,5530,Producer Price (LCU/tonne),1973,1973,LCU,85.0,E
100,'356,India,156,'01802,Sugar cane,5530,Producer Price (LCU/tonne),1974,1974,LCU,85.0,E
100,'356,India,156,'01802,Sugar cane,5530,Producer Price (LCU/tonne),1975,1975,LCU,85.0,E
100,'356,India,156,'01802,Sugar cane,5530,Producer Price (LCU/tonne),1976,1976,LCU,85.0,A
100,'356,India,156,'01802,Sugar cane,5530,Producer Price (LCU/tonne),1977,1977,LCU,85.0,A
100,'356,India,156,'01802,Sugar cane,5530,Producer Price (LCU/tonne),1978,1978,LCU,85.0,A
100,'356,India,156,'01802,Sugar cane,5530,Producer Price (LCU/tonne),1979,1979,LCU,100.0,A
100,'356,India,156,'01802,Sugar cane,5530,Producer Price (LCU/tonne),1980,1980,LCU,130.0,A
100,'356,India,156,'01802,Sugar cane,5530,Producer Price (LCU/tonne),1981,1981,LCU,130.0,A
100,'356,India,156,'01802,Sugar cane,5530,Producer Price (LCU/tonne),1982,1982,LCU,130.0,A
100,'356,India,156,'01802,Sugar cane,5530,Producer Price (LCU/tonne),1983,1983,LCU,130.0,A
100,'356,India,156,'01802,Sugar cane,5530,Producer Price (LCU/tonne),1984,1984,LCU,135.0,A
100,'356,India,156,'01802,Sugar cane,5530,Producer Price (LCU/tonne),1985,1985,LCU,140.0,A
100,'356,India,156,'01802,Sugar cane,5530,Producer Price (LCU/tonne),1986,1986,LCU,225.0,A
100,'356,India,156,'01802,Sugar cane,5530,Producer Price (LCU/tonne),1987,1987,LCU,250.0,A
100,'356,India,156,'01802,Sugar cane,5530,Producer Price (LCU/tonne),1988,1988,LCU,260.0,A
100,'356,India,156,'01802,Sugar cane,5530,Producer Price (LCU/tonne),1989,1989,LCU,268.0,A
100,'356,India,156,'01802,Sugar cane,5530,Producer Price (LCU/tonne),1990,1990,LCU,322.0,A
100,'356,India,267,'01445,Sunflower seed,5530,Producer Price (LCU/tonne),1979,1979,LCU,3907.0,E
100,'356,India,267,'01445,Sunflower seed,5530,Producer Price (LCU/tonne),1980,1980,LCU,4773.0,E
100,'356,India,267,'01445,Sunflower seed,5530,Producer Price (LCU/tonne),1981,1981,LCU,5170.0,E
100,'356,India,267,'01445,Sunflower seed,5530,Producer Price (LCU/tonne),1982,1982,LCU,5600.0,E
100,'356,India,267,'01445,Sunflower seed,5530,Producer Price (LCU/tonne),1983,1983,LCU,6040.0,E
100,'356,India,267,'01445,Sunflower seed,5530,Producer Price (LCU/tonne),1984,1984,LCU,6530.0,E
100,'356,India,267,'01445,Sunflower seed,5530,Producer Price (LCU/tonne),1985,1985,LCU,7050.0,E
100,'356,India,267,'01445,Sunflower seed,5530,Producer Price (LCU/tonne),1986,1986,LCU,7610.0,E
100,'356,India,267,'01445,Sunflower seed,5530,Producer Price (LCU/tonne),1987,1987,LCU,8220.0,E
100,'356,India,267,'01445,Sunflower seed,5530,Producer Price (LCU/tonne),1988,1988,LCU,8500.0,E
100,'356,India,267,'01445,Sunflower seed,5530,Producer Price (LCU/tonne),1989,1989,LCU,8700.0,E
100,'356,India,267,'01445,Sunflower seed,5530,Producer Price (LCU/tonne),1990,1990,LCU,8900.0,E
100,'356,India,122,'01530,Sweet potatoes,5530,Producer Price (LCU/tonne),1966,1966,LCU,262.0,A
100,'356,India,122,'01530,Sweet potatoes,5530,Producer Price (LCU/tonne),1967,1967,LCU,370.0,A
100,'356,India,122,'01530,Sweet potatoes,5530,Producer Price (LCU/tonne),1968,1968,LCU,332.0,A
100,'356,India,122,'01530,Sweet potatoes,5530,Producer Price (LCU/tonne),1969,1969,LCU,274.0,A
100,'356,India,122,'01530,Sweet potatoes,5530,Producer Price (LCU/tonne),1970,1970,LCU,293.0,A
100,'356,India,122,'01530,Sweet potatoes,5530,Producer Price (LCU/tonne),1971,1971,LCU,270.0,A
100,'356,India,122,'01530,Sweet potatoes,5530,Producer Price (LCU/tonne),1972,1972,LCU,332.0,A
100,'356,India,122,'01530,Sweet potatoes,5530,Producer Price (LCU/tonne),1973,1973,LCU,370.0,A
100,'356,India,122,'01530,Sweet potatoes,5530,Producer Price (LCU/tonne),1974,1974,LCU,448.0,A
100,'356,India,122,'01530,Sweet potatoes,5530,Producer Price (LCU/tonne),1975,1975,LCU,493.0,A
100,'356,India,122,'01530,Sweet potatoes,5530,Producer Price (LCU/tonne),1976,1976,LCU,580.0,E
100,'356,India,122,'01530,Sweet potatoes,5530,Producer Price (LCU/tonne),1977,1977,LCU,680.0,E
100,'356,India,122,'01530,Sweet potatoes,5530,Producer Price (LCU/tonne),1978,1978,LCU,720.0,E
100,'356,India,122,'01530,Sweet potatoes,5530,Producer Price (LCU/tonne),1979,1979,LCU,880.0,E
100,'356,India,122,'01530,Sweet potatoes,5530,Producer Price (LCU/tonne),1980,1980,LCU,970.0,E
100,'356,India,122,'01530,Sweet potatoes,5530,Producer Price (LCU/tonne),1981,1981,LCU,1060.0,E
100,'356,India,122,'01530,Sweet potatoes,5530,Producer Price (LCU/tonne),1982,1982,LCU,1160.0,E
100,'356,India,122,'01530,Sweet potatoes,5530,Producer Price (LCU/tonne),1983,1983,LCU,1260.0,E
100,'356,India,122,'01530,Sweet potatoes,5530,Producer Price (LCU/tonne),1984,1984,LCU,1370.0,E
100,'356,India,122,'01530,Sweet potatoes,5530,Producer Price (LCU/tonne),1985,1985,LCU,1500.0,E
100,'356,India,122,'01530,Sweet potatoes,5530,Producer Price (LCU/tonne),1986,1986,LCU,2100.0,E
100,'356,India,122,'01530,Sweet potatoes,5530,Producer Price (LCU/tonne),1987,1987,LCU,2190.0,E
100,'356,India,122,'01530,Sweet potatoes,5530,Producer Price (LCU/tonne),1988,1988,LCU,2160.0,E
100,'356,India,122,'01530,Sweet potatoes,5530,Producer Price (LCU/tonne),1989,1989,LCU,2240.0,E
100,'356,India,122,'01530,Sweet potatoes,5530,Producer Price (LCU/tonne),1990,1990,LCU,2340.0,E
100,'356,India,667,'01620,Tea leaves,5530,Producer Price (LCU/tonne),1967,1967,LCU,3006.0,A
100,'356,India,667,'01620,Tea leaves,5530,Producer Price (LCU/tonne),1968,1968,LCU,3206.0,A
100,'356,India,667,'01620,Tea leaves,5530,Producer Price (LCU/tonne),1969,1969,LCU,3106.0,A
100,'356,India,667,'01620,Tea leaves,5530,Producer Price (LCU/tonne),1970,1970,LCU,3006.0,A
100,'356,India,667,'01620,Tea leaves,5530,Producer Price (LCU/tonne),1971,1971,LCU,3206.0,A
100,'356,India,667,'01620,Tea leaves,5530,Producer Price (LCU/tonne),1972,1972,LCU,3307.0,A
100,'356,India,667,'01620,Tea leaves,5530,Producer Price (LCU/tonne),1973,1973,LCU,3507.0,A
100,'356,India,667,'01620,Tea leaves,5530,Producer Price (LCU/tonne),1974,1974,LCU,3507.0,A
100,'356,India,667,'01620,Tea leaves,5530,Producer Price (LCU/tonne),1975,1975,LCU,5210.0,A
100,'356,India,667,'01620,Tea leaves,5530,Producer Price (LCU/tonne),1976,1976,LCU,5790.0,E
100,'356,India,667,'01620,Tea leaves,5530,Producer Price (LCU/tonne),1977,1977,LCU,7580.0,E
100,'356,India,667,'01620,Tea leaves,5530,Producer Price (LCU/tonne),1978,1978,LCU,8440.0,E
100,'356,India,667,'01620,Tea leaves,5530,Producer Price (LCU/tonne),1979,1979,LCU,8230.0,E
100,'356,India,667,'01620,Tea leaves,5530,Producer Price (LCU/tonne),1980,1980,LCU,8600.0,E
100,'356,India,667,'01620,Tea leaves,5530,Producer Price (LCU/tonne),1981,1981,LCU,9800.0,E
100,'356,India,667,'01620,Tea leaves,5530,Producer Price (LCU/tonne),1982,1982,LCU,10500.0,E
100,'356,India,667,'01620,Tea leaves,5530,Producer Price (LCU/tonne),1983,1983,LCU,11500.0,E
100,'356,India,667,'01620,Tea leaves,5530,Producer Price (LCU/tonne),1984,1984,LCU,12500.0,E
100,'356,India,667,'01620,Tea leaves,5530,Producer Price (LCU/tonne),1985,1985,LCU,14000.0,E
100,'356,India,667,'01620,Tea leaves,5530,Producer Price (LCU/tonne),1986,1986,LCU,16000.0,E
100,'356,India,667,'01620,Tea leaves,5530,Producer Price (LCU/tonne),1987,1987,LCU,17000.0,E
100,'356,India,667,'01620,Tea leaves,5530,Producer Price (LCU/tonne),1988,1988,LCU,18000.0,E
100,'356,India,667,'01620,Tea leaves,5530,Producer Price (LCU/tonne),1989,1989,LCU,20000.0,E
100,'356,India,667,'01620,Tea leaves,5530,Producer Price (LCU/tonne),1990,1990,LCU,21000.0,E
100,'356,India,388,'01234,Tomatoes,5530,Producer Price (LCU/tonne),1966,1966,LCU,480.0,E
100,'356,India,388,'01234,Tomatoes,5530,Producer Price (LCU/tonne),1967,1967,LCU,544.0,E
100,'356,India,388,'01234,Tomatoes,5530,Producer Price (LCU/tonne),1968,1968,LCU,479.0,E
100,'356,India,388,'01234,Tomatoes,5530,Producer Price (LCU/tonne),1969,1969,LCU,587.0,E
100,'356,India,388,'01234,Tomatoes,5530,Producer Price (LCU/tonne),1970,1970,LCU,616.0,E
100,'356,India,388,'01234,Tomatoes,5530,Producer Price (LCU/tonne),1971,1971,LCU,579.0,E
100,'356,India,388,'01234,Tomatoes,5530,Producer Price (LCU/tonne),1972,1972,LCU,604.0,E
100,'356,India,388,'01234,Tomatoes,5530,Producer Price (LCU/tonne),1973,1973,LCU,695.0,E
100,'356,India,388,'01234,Tomatoes,5530,Producer Price (LCU/tonne),1974,1974,LCU,757.0,E
100,'356,India,388,'01234,Tomatoes,5530,Producer Price (LCU/tonne),1975,1975,LCU,690.0,E
100,'356,India,388,'01234,Tomatoes,5530,Producer Price (LCU/tonne),1976,1976,LCU,694.0,E
100,'356,India,388,'01234,Tomatoes,5530,Producer Price (LCU/tonne),1977,1977,LCU,700.0,E
100,'356,India,388,'01234,Tomatoes,5530,Producer Price (LCU/tonne),1978,1978,LCU,750.0,E
100,'356,India,388,'01234,Tomatoes,5530,Producer Price (LCU/tonne),1979,1979,LCU,943.0,E
100,'356,India,388,'01234,Tomatoes,5530,Producer Price (LCU/tonne),1980,1980,LCU,1100.0,E
100,'356,India,388,'01234,Tomatoes,5530,Producer Price (LCU/tonne),1981,1981,LCU,1300.0,E
100,'356,India,388,'01234,Tomatoes,5530,Producer Price (LCU/tonne),1982,1982,LCU,1430.0,E
100,'356,India,388,'01234,Tomatoes,5530,Producer Price (LCU/tonne),1983,1983,LCU,1570.0,E
100,'356,India,388,'01234,Tomatoes,5530,Producer Price (LCU/tonne),1984,1984,LCU,1730.0,E
100,'356,India,388,'01234,Tomatoes,5530,Producer Price (LCU/tonne),1985,1985,LCU,1900.0,E
100,'356,India,388,'01234,Tomatoes,5530,Producer Price (LCU/tonne),1986,1986,LCU,2090.0,E
100,'356,India,388,'01234,Tomatoes,5530,Producer Price (LCU/tonne),1987,1987,LCU,2300.0,E
100,'356,India,388,'01234,Tomatoes,5530,Producer Price (LCU/tonne),1988,1988,LCU,2500.0,E
100,'356,India,388,'01234,Tomatoes,5530,Producer Price (LCU/tonne),1989,1989,LCU,2700.0,E
100,'356,India,388,'01234,Tomatoes,5530,Producer Price (LCU/tonne),1990,1990,LCU,2900.0,E
100,'356,India,777,'01929.02,"True hemp, raw or retted",5530,Producer Price (LCU/tonne),1967,1967,LCU,781.0,A
100,'356,India,777,'01929.02,"True hemp, raw or retted",5530,Producer Price (LCU/tonne),1968,1968,LCU,1176.0,A
100,'356,India,777,'01929.02,"True hemp, raw or retted",5530,Producer Price (LCU/tonne),1969,1969,LCU,1369.0,A
100,'356,India,777,'01929.02,"True hemp, raw or retted",5530,Producer Price (LCU/tonne),1970,1970,LCU,1380.0,A
100,'356,India,777,'01929.02,"True hemp, raw or retted",5530,Producer Price (LCU/tonne),1971,1971,LCU,1479.0,A
100,'356,India,777,'01929.02,"True hemp, raw or retted",5530,Producer Price (LCU/tonne),1972,1972,LCU,1412.0,A
100,'356,India,777,'01929.02,"True hemp, raw or retted",5530,Producer Price (LCU/tonne),1973,1973,LCU,1450.0,E
100,'356,India,777,'01929.02,"True hemp, raw or retted",5530,Producer Price (LCU/tonne),1974,1974,LCU,1580.0,E
100,'356,India,777,'01929.02,"True hemp, raw or retted",5530,Producer Price (LCU/tonne),1975,1975,LCU,1650.0,E
100,'356,India,777,'01929.02,"True hemp, raw or retted",5530,Producer Price (LCU/tonne),1976,1976,LCU,1650.0,E
100,'356,India,777,'01929.02,"True hemp, raw or retted",5530,Producer Price (LCU/tonne),1977,1977,LCU,1970.0,E
100,'356,India,777,'01929.02,"True hemp, raw or retted",5530,Producer Price (LCU/tonne),1978,1978,LCU,1790.0,E
100,'356,India,777,'01929.02,"True hemp, raw or retted",5530,Producer Price (LCU/tonne),1979,1979,LCU,1700.0,E
100,'356,India,777,'01929.02,"True hemp, raw or retted",5530,Producer Price (LCU/tonne),1980,1980,LCU,2000.0,E
100,'356,India,777,'01929.02,"True hemp, raw or retted",5530,Producer Price (LCU/tonne),1981,1981,LCU,4000.0,E
100,'356,India,777,'01929.02,"True hemp, raw or retted",5530,Producer Price (LCU/tonne),1982,1982,LCU,6000.0,E
100,'356,India,777,'01929.02,"True hemp, raw or retted",5530,Producer Price (LCU/tonne),1983,1983,LCU,8000.0,E
100,'356,India,777,'01929.02,"True hemp, raw or retted",5530,Producer Price (LCU/tonne),1984,1984,LCU,10000.0,E
100,'356,India,777,'01929.02,"True hemp, raw or retted",5530,Producer Price (LCU/tonne),1985,1985,LCU,12148.0,A
100,'356,India,777,'01929.02,"True hemp, raw or retted",5530,Producer Price (LCU/tonne),1986,1986,LCU,15076.0,A
100,'356,India,777,'01929.02,"True hemp, raw or retted",5530,Producer Price (LCU/tonne),1987,1987,LCU,16978.0,A
100,'356,India,777,'01929.02,"True hemp, raw or retted",5530,Producer Price (LCU/tonne),1988,1988,LCU,15212.0,A
100,'356,India,777,'01929.02,"True hemp, raw or retted",5530,Producer Price (LCU/tonne),1989,1989,LCU,13870.0,A
100,'356,India,777,'01929.02,"True hemp, raw or retted",5530,Producer Price (LCU/tonne),1990,1990,LCU,5370.0,A
100,'356,India,826,'01970,Unmanufactured tobacco,5530,Producer Price (LCU/tonne),1967,1967,LCU,3271.0,A
100,'356,India,826,'01970,Unmanufactured tobacco,5530,Producer Price (LCU/tonne),1968,1968,LCU,3835.0,A
100,'356,India,826,'01970,Unmanufactured tobacco,5530,Producer Price (LCU/tonne),1969,1969,LCU,3855.0,A
100,'356,India,826,'01970,Unmanufactured tobacco,5530,Producer Price (LCU/tonne),1970,1970,LCU,4376.0,A
100,'356,India,826,'01970,Unmanufactured tobacco,5530,Producer Price (LCU/tonne),1971,1971,LCU,4419.0,A
100,'356,India,826,'01970,Unmanufactured tobacco,5530,Producer Price (LCU/tonne),1972,1972,LCU,4049.0,A
100,'356,India,826,'01970,Unmanufactured tobacco,5530,Producer Price (LCU/tonne),1973,1973,LCU,4525.0,A
100,'356,India,826,'01970,Unmanufactured tobacco,5530,Producer Price (LCU/tonne),1974,1974,LCU,8250.0,A
100,'356,India,826,'01970,Unmanufactured tobacco,5530,Producer Price (LCU/tonne),1975,1975,LCU,8562.0,A
100,'356,India,826,'01970,Unmanufactured tobacco,5530,Producer Price (LCU/tonne),1976,1976,LCU,9781.0,A
100,'356,India,826,'01970,Unmanufactured tobacco,5530,Producer Price (LCU/tonne),1977,1977,LCU,8275.0,A
100,'356,India,826,'01970,Unmanufactured tobacco,5530,Producer Price (LCU/tonne),1978,1978,LCU,7021.0,A
100,'356,India,826,'01970,Unmanufactured tobacco,5530,Producer Price (LCU/tonne),1979,1979,LCU,7777.0,A
100,'356,India,826,'01970,Unmanufactured tobacco,5530,Producer Price (LCU/tonne),1980,1980,LCU,7741.0,A
100,'356,India,826,'01970,Unmanufactured tobacco,5530,Producer Price (LCU/tonne),1981,1981,LCU,6815.0,A
100,'356,India,826,'01970,Unmanufactured tobacco,5530,Producer Price (LCU/tonne),1982,1982,LCU,8643.0,A
100,'356,India,826,'01970,Unmanufactured tobacco,5530,Producer Price (LCU/tonne),1983,1983,LCU,6593.0,A
100,'356,India,826,'01970,Unmanufactured tobacco,5530,Producer Price (LCU/tonne),1984,1984,LCU,7816.0,A
100,'356,India,826,'01970,Unmanufactured tobacco,5530,Producer Price (LCU/tonne),1985,1985,LCU,7889.0,A
100,'356,India,826,'01970,Unmanufactured tobacco,5530,Producer Price (LCU/tonne),1986,1986,LCU,8046.0,A
100,'356,India,826,'01970,Unmanufactured tobacco,5530,Producer Price (LCU/tonne),1987,1987,LCU,8769.0,A
100,'356,India,826,'01970,Unmanufactured tobacco,5530,Producer Price (LCU/tonne),1988,1988,LCU,10445.0,A
100,'356,India,826,'01970,Unmanufactured tobacco,5530,Producer Price (LCU/tonne),1989,1989,LCU,11359.0,A
100,'356,India,826,'01970,Unmanufactured tobacco,5530,Producer Price (LCU/tonne),1990,1990,LCU,15822.0,A
100,'356,India,222,'01376,"Walnuts, in shell",5530,Producer Price (LCU/tonne),1966,1966,LCU,1988.0,E
100,'356,India,222,'01376,"Walnuts, in shell",5530,Producer Price (LCU/tonne),1967,1967,LCU,2674.0,E
100,'356,India,222,'01376,"Walnuts, in shell",5530,Producer Price (LCU/tonne),1968,1968,LCU,2766.0,E
100,'356,India,222,'01376,"Walnuts, in shell",5530,Producer Price (LCU/tonne),1969,1969,LCU,2842.0,E
100,'356,India,222,'01376,"Walnuts, in shell",5530,Producer Price (LCU/tonne),1970,1970,LCU,2772.0,E
100,'356,India,222,'01376,"Walnuts, in shell",5530,Producer Price (LCU/tonne),1971,1971,LCU,3042.0,E
100,'356,India,222,'01376,"Walnuts, in shell",5530,Producer Price (LCU/tonne),1972,1972,LCU,4076.0,E
100,'356,India,222,'01376,"Walnuts, in shell",5530,Producer Price (LCU/tonne),1973,1973,LCU,5908.0,E
100,'356,India,222,'01376,"Walnuts, in shell",5530,Producer Price (LCU/tonne),1974,1974,LCU,5372.0,E
100,'356,India,222,'01376,"Walnuts, in shell",5530,Producer Price (LCU/tonne),1975,1975,LCU,4460.0,E
100,'356,India,222,'01376,"Walnuts, in shell",5530,Producer Price (LCU/tonne),1976,1976,LCU,3780.0,E
100,'356,India,222,'01376,"Walnuts, in shell",5530,Producer Price (LCU/tonne),1977,1977,LCU,4400.0,E
100,'356,India,222,'01376,"Walnuts, in shell",5530,Producer Price (LCU/tonne),1978,1978,LCU,4560.0,E
100,'356,India,222,'01376,"Walnuts, in shell",5530,Producer Price (LCU/tonne),1979,1979,LCU,5260.0,E
100,'356,India,222,'01376,"Walnuts, in shell",5530,Producer Price (LCU/tonne),1980,1980,LCU,6440.0,E
100,'356,India,222,'01376,"Walnuts, in shell",5530,Producer Price (LCU/tonne),1981,1981,LCU,6980.0,E
100,'356,India,222,'01376,"Walnuts, in shell",5530,Producer Price (LCU/tonne),1982,1982,LCU,7560.0,E
100,'356,India,222,'01376,"Walnuts, in shell",5530,Producer Price (LCU/tonne),1983,1983,LCU,8170.0,E
100,'356,India,222,'01376,"Walnuts, in shell",5530,Producer Price (LCU/tonne),1984,1984,LCU,8820.0,E
100,'356,India,222,'01376,"Walnuts, in shell",5530,Producer Price (LCU/tonne),1985,1985,LCU,9530.0,E
100,'356,India,222,'01376,"Walnuts, in shell",5530,Producer Price (LCU/tonne),1986,1986,LCU,10290.0,E
100,'356,India,222,'01376,"Walnuts, in shell",5530,Producer Price (LCU/tonne),1987,1987,LCU,11110.0,E
100,'356,India,222,'01376,"Walnuts, in shell",5530,Producer Price (LCU/tonne),1988,1988,LCU,11800.0,E
100,'356,India,222,'01376,"Walnuts, in shell",5530,Producer Price (LCU/tonne),1989,1989,LCU,12500.0,E
100,'356,India,222,'01376,"Walnuts, in shell",5530,Producer Price (LCU/tonne),1990,1990,LCU,13200.0,E
100,'356,India,15,'0111,Wheat,5530,Producer Price (LCU/tonne),1966,1966,LCU,706.0,A
100,'356,India,15,'0111,Wheat,5530,Producer Price (LCU/tonne),1967,1967,LCU,1042.0,A
100,'356,India,15,'0111,Wheat,5530,Producer Price (LCU/tonne),1968,1968,LCU,797.0,A
100,'356,India,15,'0111,Wheat,5530,Producer Price (LCU/tonne),1969,1969,LCU,831.0,A
100,'356,India,15,'0111,Wheat,5530,Producer Price (LCU/tonne),1970,1970,LCU,842.0,A
100,'356,India,15,'0111,Wheat,5530,Producer Price (LCU/tonne),1971,1971,LCU,781.0,A
100,'356,India,15,'0111,Wheat,5530,Producer Price (LCU/tonne),1972,1972,LCU,805.0,A
100,'356,India,15,'0111,Wheat,5530,Producer Price (LCU/tonne),1973,1973,LCU,872.0,A
100,'356,India,15,'0111,Wheat,5530,Producer Price (LCU/tonne),1974,1974,LCU,1300.0,A
100,'356,India,15,'0111,Wheat,5530,Producer Price (LCU/tonne),1975,1975,LCU,1344.0,A
100,'356,India,15,'0111,Wheat,5530,Producer Price (LCU/tonne),1976,1976,LCU,1194.0,A
100,'356,India,15,'0111,Wheat,5530,Producer Price (LCU/tonne),1977,1977,LCU,1236.0,A
100,'356,India,15,'0111,Wheat,5530,Producer Price (LCU/tonne),1978,1978,LCU,1228.0,A
100,'356,India,15,'0111,Wheat,5530,Producer Price (LCU/tonne),1979,1979,LCU,1259.0,A
100,'356,India,15,'0111,Wheat,5530,Producer Price (LCU/tonne),1980,1980,LCU,1347.0,A
100,'356,India,15,'0111,Wheat,5530,Producer Price (LCU/tonne),1981,1981,LCU,1506.0,A
100,'356,India,15,'0111,Wheat,5530,Producer Price (LCU/tonne),1982,1982,LCU,1740.0,E
100,'356,India,15,'0111,Wheat,5530,Producer Price (LCU/tonne),1983,1983,LCU,1969.0,A
100,'356,India,15,'0111,Wheat,5530,Producer Price (LCU/tonne),1984,1984,LCU,1904.0,A
100,'356,India,15,'0111,Wheat,5530,Producer Price (LCU/tonne),1985,1985,LCU,1879.0,A
100,'356,India,15,'0111,Wheat,5530,Producer Price (LCU/tonne),1986,1986,LCU,1987.0,A
100,'356,India,15,'0111,Wheat,5530,Producer Price (LCU/tonne),1987,1987,LCU,2162.0,A
100,'356,India,15,'0111,Wheat,5530,Producer Price (LCU/tonne),1988,1988,LCU,2292.0,A
100,'356,India,15,'0111,Wheat,5530,Producer Price (LCU/tonne),1989,1989,LCU,2527.0,A
100,'356,India,15,'0111,Wheat,5530,Producer Price (LCU/tonne),1990,1990,LCU,2550.0,A
