Area Code,Area Code (M49),Area,Item Code,Item Code (CPC),Item,Element Code,Element,Year Code,Year,Months Code,Months,Unit,Value,Flag
100,'356,India,711,'01654,"Anise, badian, coriander, cumin, caraway, fennel and juniper berries, raw",5530,Producer Price (LCU/tonne),2001,2001,7021,Annual value,LCU,29485.0,A
100,'356,India,711,'01654,"Anise, badian, coriander, cumin, caraway, fennel and juniper berries, raw",5531,Producer Price (SLC/tonne),2001,2001,7021,Annual value,SLC,29485.0,A
100,'356,India,711,'01654,"Anise, badian, coriander, cumin, caraway, fennel and juniper berries, raw",5532,Producer Price (USD/tonne),2001,2001,7021,Annual value,USD,624.9,A
100,'356,India,711,'01654,"Anise, badian, coriander, cumin, caraway, fennel and juniper berries, raw",5539,Producer Price Index (2014-2016 = 100),1991,1991,7021,Annual value,,19.06,E
100,'356,India,711,'01654,"Anise, badian, coriander, cumin, caraway, fennel and juniper berries, raw",5539,Producer Price Index (2014-2016 = 100),1992,1992,7021,Annual value,,17.96,E
100,'356,India,711,'01654,"Anise, badian, coriander, cumin, caraway, fennel and juniper berries, raw",5539,Producer Price Index (2014-2016 = 100),1993,1993,7021,Annual value,,31.23,E
100,'356,India,711,'01654,"Anise, badian, coriander, cumin, caraway, fennel and juniper berries, raw",5539,Producer Price Index (2014-2016 = 100),1994,1994,7021,Annual value,,28.72,E
100,'356,India,711,'01654,"Anise, badian, coriander, cumin, caraway, fennel and juniper berries, raw",5539,Producer Price Index (2014-2016 = 100),1995,1995,7021,Annual value,,18.7,E
100,'356,India,711,'01654,"Anise, badian, coriander, cumin, caraway, fennel and juniper berries, raw",5539,Producer Price Index (2014-2016 = 100),1996,1996,7021,Annual value,,15.79,E
100,'356,India,711,'01654,"Anise, badian, coriander, cumin, caraway, fennel and juniper berries, raw",5539,Producer Price Index (2014-2016 = 100),1997,1997,7021,Annual value,,24.74,E
100,'356,India,711,'01654,"Anise, badian, coriander, cumin, caraway, fennel and juniper berries, raw",5539,Producer Price Index (2014-2016 = 100),1998,1998,7021,Annual value,,19.36,E
100,'356,India,711,'01654,"Anise, badian, coriander, cumin, caraway, fennel and juniper berries, raw",5539,Producer Price Index (2014-2016 = 100),1999,1999,7021,Annual value,,28.15,E
100,'356,India,711,'01654,"Anise, badian, coriander, cumin, caraway, fennel and juniper berries, raw",5539,Producer Price Index (2014-2016 = 100),2000,2000,7021,Annual value,,33.9,E
100,'356,India,711,'01654,"Anise, badian, coriander, cumin, caraway, fennel and juniper berries, raw",5539,Producer Price Index (2014-2016 = 100),2001,2001,7021,Annual value,,38.92,E
100,'356,India,711,'01654,"Anise, badian, coriander, cumin, caraway, fennel and juniper berries, raw",5539,Producer Price Index (2014-2016 = 100),2002,2002,7021,Annual value,,37.34,E
100,'356,India,711,'01654,"Anise, badian, coriander, cumin, caraway, fennel and juniper berries, raw",5539,Producer Price Index (2014-2016 = 100),2003,2003,7021,Annual value,,39.83,E
100,'356,India,711,'01654,"Anise, badian, coriander, cumin, caraway, fennel and juniper berries, raw",5539,Producer Price Index (2014-2016 = 100),2004,2004,7021,Annual value,,42.21,E
100,'356,India,711,'01654,"Anise, badian, coriander, cumin, caraway, fennel and juniper berries, raw",5539,Producer Price Index (2014-2016 = 100),2005,2005,7021,Annual value,,45.95,E
100,'356,India,711,'01654,"Anise, badian, coriander, cumin, caraway, fennel and juniper berries, raw",5539,Producer Price Index (2014-2016 = 100),2006,2006,7021,Annual value,,48.94,E
100,'356,India,711,'01654,"Anise, badian, coriander, cumin, caraway, fennel and juniper berries, raw",5539,Producer Price Index (2014-2016 = 100),2007,2007,7021,Annual value,,60.15,E
100,'356,India,711,'01654,"Anise, badian, coriander, cumin, caraway, fennel and juniper berries, raw",5539,Producer Price Index (2014-2016 = 100),2008,2008,7021,Annual value,,59.31,E
100,'356,India,711,'01654,"Anise, badian, coriander, cumin, caraway, fennel and juniper berries, raw",5539,Producer Price Index (2014-2016 = 100),2009,2009,7021,Annual value,,65.52,E
100,'356,India,711,'01654,"Anise, badian, coriander, cumin, caraway, fennel and juniper berries, raw",5539,Producer Price Index (2014-2016 = 100),2010,2010,7021,Annual value,,77.14,E
100,'356,India,711,'01654,"Anise, badian, coriander, cumin, caraway, fennel and juniper berries, raw",5539,Producer Price Index (2014-2016 = 100),2011,2011,7021,Annual value,,84.12,E
100,'356,India,711,'01654,"Anise, badian, coriander, cumin, caraway, fennel and juniper berries, raw",5539,Producer Price Index (2014-2016 = 100),2012,2012,7021,Annual value,,91.28,E
100,'356,India,711,'01654,"Anise, badian, coriander, cumin, caraway, fennel and juniper berries, raw",5539,Producer Price Index (2014-2016 = 100),2013,2013,7021,Annual value,,87.32,E
100,'356,India,711,'01654,"Anise, badian, coriander, cumin, caraway, fennel and juniper berries, raw",5539,Producer Price Index (2014-2016 = 100),2014,2014,7021,Annual value,,94.65,E
100,'356,India,711,'01654,"Anise, badian, coriander, cumin, caraway, fennel and juniper berries, raw",5539,Producer Price Index (2014-2016 = 100),2015,2015,7021,Annual value,,100.36,E
100,'356,India,711,'01654,"Anise, badian, coriander, cumin, caraway, fennel and juniper berries, raw",5539,Producer Price Index (2014-2016 = 100),2016,2016,7021,Annual value,,104.99,E
100,'356,India,711,'01654,"Anise, badian, coriander, cumin, caraway, fennel and juniper berries, raw",5539,Producer Price Index (2014-2016 = 100),2017,2017,7021,Annual value,,110.08,E
100,'356,India,711,'01654,"Anise, badian, coriander, cumin, caraway, fennel and juniper berries, raw",5539,Producer Price Index (2014-2016 = 100),2018,2018,7021,Annual value,,109.77,E
100,'356,India,711,'01654,"Anise, badian, coriander, cumin, caraway, fennel and juniper berries, raw",5539,Producer Price Index (2014-2016 = 100),2019,2019,7021,Annual value,,107.1,E
100,'356,India,711,'01654,"Anise, badian, coriander, cumin, caraway, fennel and juniper berries, raw",5539,Producer Price Index (2014-2016 = 100),2020,2020,7021,Annual value,,105.78,E
100,'356,India,711,'01654,"Anise, badian, coriander, cumin, caraway, fennel and juniper berries, raw",5539,Producer Price Index (2014-2016 = 100),2021,2021,7021,Annual value,,128.44,E
100,'356,India,711,'01654,"Anise, badian, coriander, cumin, caraway, fennel and juniper berries, raw",5539,Producer Price Index (2014-2016 = 100),2022,2022,7021,Annual value,,138.17,E
100,'356,India,711,'01654,"Anise, badian, coriander, cumin, caraway, fennel and juniper berries, raw",5539,Producer Price Index (2014-2016 = 100),2023,2023,7021,Annual value,,141.32,E
100,'356,India,711,'01654,"Anise, badian, coriander, cumin, caraway, fennel and juniper berries, raw",5539,Producer Price Index (2014-2016 = 100),2024,2024,7021,Annual value,,147.18,E
100,'356,India,711,'01654,"Anise, badian, coriander, cumin, caraway, fennel and juniper berries, raw",5539,Producer Price Index (2014-2016 = 100),2025,2025,7021,Annual value,,153.04,E
100,'356,India,515,'01341,Apples,5530,Producer Price (LCU/tonne),2001,2001,7021,Annual value,LCU,21327.0,A
100,'356,India,515,'01341,Apples,5531,Producer Price (SLC/tonne),2001,2001,7021,Annual value,SLC,21327.0,A
100,'356,India,515,'01341,Apples,5532,Producer Price (USD/tonne),2001,2001,7021,Annual value,USD,452.0,A
100,'356,India,515,'01341,Apples,5539,Producer Price Index (2014-2016 = 100),1991,1991,7021,Annual value,,15.02,E
100,'356,India,515,'01341,Apples,5539,Producer Price Index (2014-2016 = 100),1992,1992,7021,Annual value,,16.73,E
100,'356,India,515,'01341,Apples,5539,Producer Price Index (2014-2016 = 100),1993,1993,7021,Annual value,,22.05,E
100,'356,India,515,'01341,Apples,5539,Producer Price Index (2014-2016 = 100),1994,1994,7021,Annual value,,23.12,E
100,'356,India,515,'01341,Apples,5539,Producer Price Index (2014-2016 = 100),1995,1995,7021,Annual value,,23.71,E
100,'356,India,515,'01341,Apples,5539,Producer Price Index (2014-2016 = 100),1996,1996,7021,Annual value,,29.6,E
100,'356,India,515,'01341,Apples,5539,Producer Price Index (2014-2016 = 100),1997,1997,7021,Annual value,,32.87,E
100,'356,India,515,'01341,Apples,5539,Producer Price Index (2014-2016 = 100),1998,1998,7021,Annual value,,34.13,E
100,'356,India,515,'01341,Apples,5539,Producer Price Index (2014-2016 = 100),1999,1999,7021,Annual value,,33.03,E
100,'356,India,515,'01341,Apples,5539,Producer Price Index (2014-2016 = 100),2000,2000,7021,Annual value,,31.48,E
100,'356,India,515,'01341,Apples,5539,Producer Price Index (2014-2016 = 100),2001,2001,7021,Annual value,,33.46,E
100,'356,India,515,'01341,Apples,5539,Producer Price Index (2014-2016 = 100),2002,2002,7021,Annual value,,38.26,E
100,'356,India,515,'01341,Apples,5539,Producer Price Index (2014-2016 = 100),2003,2003,7021,Annual value,,39.83,E
100,'356,India,515,'01341,Apples,5539,Producer Price Index (2014-2016 = 100),2004,2004,7021,Annual value,,42.21,E
100,'356,India,515,'01341,Apples,5539,Producer Price Index (2014-2016 = 100),2005,2005,7021,Annual value,,45.95,E
100,'356,India,515,'01341,Apples,5539,Producer Price Index (2014-2016 = 100),2006,2006,7021,Annual value,,48.94,E
100,'356,India,515,'01341,Apples,5539,Producer Price Index (2014-2016 = 100),2007,2007,7021,Annual value,,60.15,E
100,'356,India,515,'01341,Apples,5539,Producer Price Index (2014-2016 = 100),2008,2008,7021,Annual value,,59.31,E
100,'356,India,515,'01341,Apples,5539,Producer Price Index (2014-2016 = 100),2009,2009,7021,Annual value,,65.52,E
100,'356,India,515,'01341,Apples,5539,Producer Price Index (2014-2016 = 100),2010,2010,7021,Annual value,,77.14,E
100,'356,India,515,'01341,Apples,5539,Producer Price Index (2014-2016 = 100),2011,2011,7021,Annual value,,84.12,E
100,'356,India,515,'01341,Apples,5539,Producer Price Index (2014-2016 = 100),2012,2012,7021,Annual value,,91.28,E
100,'356,India,515,'01341,Apples,5539,Producer Price Index (2014-2016 = 100),2013,2013,7021,Annual value,,87.32,E
100,'356,India,515,'01341,Apples,5539,Producer Price Index (2014-2016 = 100),2014,2014,7021,Annual value,,94.65,E
100,'356,India,515,'01341,Apples,5539,Producer Price Index (2014-2016 = 100),2015,2015,7021,Annual value,,100.36,E
100,'356,India,515,'01341,Apples,5539,Producer Price Index (2014-2016 = 100),2016,2016,7021,Annual value,,104.99,E
100,'356,India,515,'01341,Apples,5539,Producer Price Index (2014-2016 = 100),2017,2017,7021,Annual value,,110.08,E
100,'356,India,515,'01341,Apples,5539,Producer Price Index (2014-2016 = 100),2018,2018,7021,Annual value,,109.77,E
100,'356,India,515,'01341,Apples,5539,Producer Price Index (2014-2016 = 100),2019,2019,7021,Annual value,,118.07,E
100,'356,India,515,'01341,Apples,5539,Producer Price Index (2014-2016 = 100),2020,2020,7021,Annual value,,109.5,E
100,'356,India,515,'01341,Apples,5539,Producer Price Index (2014-2016 = 100),2021,2021,7021,Annual value,,127.86,E
100,'356,India,515,'01341,Apples,5539,Producer Price Index (2014-2016 = 100),2022,2022,7021,Annual value,,137.09,E
100,'356,India,515,'01341,Apples,5539,Producer Price Index (2014-2016 = 100),2023,2023,7021,Annual value,,141.04,E
100,'356,India,515,'01341,Apples,5539,Producer Price Index (2014-2016 = 100),2024,2024,7021,Annual value,,149.59,E
100,'356,India,515,'01341,Apples,5539,Producer Price Index (2014-2016 = 100),2025,2025,7021,Annual value,,158.13,E
100,'356,India,526,'01343,Apricots,5539,Producer Price Index (2014-2016 = 100),1991,1991,7021,Annual value,,14.1,E
100,'356,India,526,'01343,Apricots,5539,Producer Price Index (2014-2016 = 100),1992,1992,7021,Annual value,,18.59,E
100,'356,India,526,'01343,Apricots,5539,Producer Price Index (2014-2016 = 100),1993,1993,7021,Annual value,,19.48,E
100,'356,India,526,'01343,Apricots,5539,Producer Price Index (2014-2016 = 100),1994,1994,7021,Annual value,,19.99,E
100,'356,India,526,'01343,Apricots,5539,Producer Price Index (2014-2016 = 100),1995,1995,7021,Annual value,,24.95,E
100,'356,India,526,'01343,Apricots,5539,Producer Price Index (2014-2016 = 100),1996,1996,7021,Annual value,,27.7,E
100,'356,India,526,'01343,Apricots,5539,Producer Price Index (2014-2016 = 100),1997,1997,7021,Annual value,,28.77,E
100,'356,India,526,'01343,Apricots,5539,Producer Price Index (2014-2016 = 100),1998,1998,7021,Annual value,,27.84,E
100,'356,India,526,'01343,Apricots,5539,Producer Price Index (2014-2016 = 100),1999,1999,7021,Annual value,,26.53,E
100,'356,India,526,'01343,Apricots,5539,Producer Price Index (2014-2016 = 100),2000,2000,7021,Annual value,,28.37,E
100,'356,India,526,'01343,Apricots,5539,Producer Price Index (2014-2016 = 100),2001,2001,7021,Annual value,,32.43,E
100,'356,India,526,'01343,Apricots,5539,Producer Price Index (2014-2016 = 100),2002,2002,7021,Annual value,,37.09,E
100,'356,India,526,'01343,Apricots,5539,Producer Price Index (2014-2016 = 100),2003,2003,7021,Annual value,,39.83,E
100,'356,India,526,'01343,Apricots,5539,Producer Price Index (2014-2016 = 100),2004,2004,7021,Annual value,,42.21,E
100,'356,India,526,'01343,Apricots,5539,Producer Price Index (2014-2016 = 100),2005,2005,7021,Annual value,,45.95,E
100,'356,India,526,'01343,Apricots,5539,Producer Price Index (2014-2016 = 100),2006,2006,7021,Annual value,,48.94,E
100,'356,India,526,'01343,Apricots,5539,Producer Price Index (2014-2016 = 100),2007,2007,7021,Annual value,,60.15,E
100,'356,India,526,'01343,Apricots,5539,Producer Price Index (2014-2016 = 100),2008,2008,7021,Annual value,,59.31,E
100,'356,India,526,'01343,Apricots,5539,Producer Price Index (2014-2016 = 100),2009,2009,7021,Annual value,,65.52,E
100,'356,India,526,'01343,Apricots,5539,Producer Price Index (2014-2016 = 100),2010,2010,7021,Annual value,,77.14,E
100,'356,India,526,'01343,Apricots,5539,Producer Price Index (2014-2016 = 100),2011,2011,7021,Annual value,,84.12,E
100,'356,India,526,'01343,Apricots,5539,Producer Price Index (2014-2016 = 100),2012,2012,7021,Annual value,,91.28,E
100,'356,India,526,'01343,Apricots,5539,Producer Price Index (2014-2016 = 100),2013,2013,7021,Annual value,,87.32,E
100,'356,India,526,'01343,Apricots,5539,Producer Price Index (2014-2016 = 100),2014,2014,7021,Annual value,,94.65,E
100,'356,India,526,'01343,Apricots,5539,Producer Price Index (2014-2016 = 100),2015,2015,7021,Annual value,,100.36,E
100,'356,India,526,'01343,Apricots,5539,Producer Price Index (2014-2016 = 100),2016,2016,7021,Annual value,,104.99,E
100,'356,India,526,'01343,Apricots,5539,Producer Price Index (2014-2016 = 100),2017,2017,7021,Annual value,,110.08,E
100,'356,India,526,'01343,Apricots,5539,Producer Price Index (2014-2016 = 100),2018,2018,7021,Annual value,,109.77,E
100,'356,India,526,'01343,Apricots,5539,Producer Price Index (2014-2016 = 100),2019,2019,7021,Annual value,,117.5,E
100,'356,India,526,'01343,Apricots,5539,Producer Price Index (2014-2016 = 100),2020,2020,7021,Annual value,,110.62,E
100,'356,India,526,'01343,Apricots,5539,Producer Price Index (2014-2016 = 100),2021,2021,7021,Annual value,,134.95,E
100,'356,India,526,'01343,Apricots,5539,Producer Price Index (2014-2016 = 100),2022,2022,7021,Annual value,,139.88,E
100,'356,India,526,'01343,Apricots,5539,Producer Price Index (2014-2016 = 100),2023,2023,7021,Annual value,,143.7,E
100,'356,India,526,'01343,Apricots,5539,Producer Price Index (2014-2016 = 100),2024,2024,7021,Annual value,,152.88,E
100,'356,India,526,'01343,Apricots,5539,Producer Price Index (2014-2016 = 100),2025,2025,7021,Annual value,,162.07,E
100,'356,India,226,'01379.01,Areca nuts,5530,Producer Price (LCU/tonne),1991,1991,7021,Annual value,LCU,42695.0,X
100,'356,India,226,'01379.01,Areca nuts,5530,Producer Price (LCU/tonne),2001,2001,7021,Annual value,LCU,57470.0,A
100,'356,India,226,'01379.01,Areca nuts,5531,Producer Price (SLC/tonne),1991,1991,7021,Annual value,SLC,42695.0,X
100,'356,India,226,'01379.01,Areca nuts,5531,Producer Price (SLC/tonne),2001,2001,7021,Annual value,SLC,57470.0,A
100,'356,India,226,'01379.01,Areca nuts,5532,Producer Price (USD/tonne),1991,1991,7021,Annual value,USD,1877.3,X
100,'356,India,226,'01379.01,Areca nuts,5532,Producer Price (USD/tonne),2001,2001,7021,Annual value,USD,1217.9,A
100,'356,India,226,'01379.01,Areca nuts,5539,Producer Price Index (2014-2016 = 100),1991,1991,7021,Annual value,,28.12,E
100,'356,India,226,'01379.01,Areca nuts,5539,Producer Price Index (2014-2016 = 100),1992,1992,7021,Annual value,,18.48,E
100,'356,India,226,'01379.01,Areca nuts,5539,Producer Price Index (2014-2016 = 100),1993,1993,7021,Annual value,,20.43,E
100,'356,India,226,'01379.01,Areca nuts,5539,Producer Price Index (2014-2016 = 100),1994,1994,7021,Annual value,,21.46,E
100,'356,India,226,'01379.01,Areca nuts,5539,Producer Price Index (2014-2016 = 100),1995,1995,7021,Annual value,,23.48,E
100,'356,India,226,'01379.01,Areca nuts,5539,Producer Price Index (2014-2016 = 100),1996,1996,7021,Annual value,,26.59,E
100,'356,India,226,'01379.01,Areca nuts,5539,Producer Price Index (2014-2016 = 100),1997,1997,7021,Annual value,,26.25,E
100,'356,India,226,'01379.01,Areca nuts,5539,Producer Price Index (2014-2016 = 100),1998,1998,7021,Annual value,,28.86,E
100,'356,India,226,'01379.01,Areca nuts,5539,Producer Price Index (2014-2016 = 100),1999,1999,7021,Annual value,,30.55,E
100,'356,India,226,'01379.01,Areca nuts,5539,Producer Price Index (2014-2016 = 100),2000,2000,7021,Annual value,,57.47,E
100,'356,India,226,'01379.01,Areca nuts,5539,Producer Price Index (2014-2016 = 100),2001,2001,7021,Annual value,,37.85,E
100,'356,India,226,'01379.01,Areca nuts,5539,Producer Price Index (2014-2016 = 100),2002,2002,7021,Annual value,,38.27,E
100,'356,India,226,'01379.01,Areca nuts,5539,Producer Price Index (2014-2016 = 100),2003,2003,7021,Annual value,,39.54,E
100,'356,India,226,'01379.01,Areca nuts,5539,Producer Price Index (2014-2016 = 100),2004,2004,7021,Annual value,,42.37,E
100,'356,India,226,'01379.01,Areca nuts,5539,Producer Price Index (2014-2016 = 100),2005,2005,7021,Annual value,,42.93,E
100,'356,India,226,'01379.01,Areca nuts,5539,Producer Price Index (2014-2016 = 100),2006,2006,7021,Annual value,,42.93,E
100,'356,India,226,'01379.01,Areca nuts,5539,Producer Price Index (2014-2016 = 100),2007,2007,7021,Annual value,,43.78,E
100,'356,India,226,'01379.01,Areca nuts,5539,Producer Price Index (2014-2016 = 100),2008,2008,7021,Annual value,,59.31,E
100,'356,India,226,'01379.01,Areca nuts,5539,Producer Price Index (2014-2016 = 100),2009,2009,7021,Annual value,,65.52,E
100,'356,India,226,'01379.01,Areca nuts,5539,Producer Price Index (2014-2016 = 100),2010,2010,7021,Annual value,,77.14,E
100,'356,India,226,'01379.01,Areca nuts,5539,Producer Price Index (2014-2016 = 100),2011,2011,7021,Annual value,,84.12,E
100,'356,India,226,'01379.01,Areca nuts,5539,Producer Price Index (2014-2016 = 100),2012,2012,7021,Annual value,,91.28,E
100,'356,India,226,'01379.01,Areca nuts,5539,Producer Price Index (2014-2016 = 100),2013,2013,7021,Annual value,,87.32,E
100,'356,India,226,'01379.01,Areca nuts,5539,Producer Price Index (2014-2016 = 100),2014,2014,7021,Annual value,,94.65,E
100,'356,India,226,'01379.01,Areca nuts,5539,Producer Price Index (2014-2016 = 100),2015,2015,7021,Annual value,,100.36,E
100,'356,India,226,'01379.01,Areca nuts,5539,Producer Price Index (2014-2016 = 100),2016,2016,7021,Annual value,,104.99,E
100,'356,India,226,'01379.01,Areca nuts,5539,Producer Price Index (2014-2016 = 100),2017,2017,7021,Annual value,,110.08,E
100,'356,India,226,'01379.01,Areca nuts,5539,Producer Price Index (2014-2016 = 100),2018,2018,7021,Annual value,,109.77,E
100,'356,India,226,'01379.01,Areca nuts,5539,Producer Price Index (2014-2016 = 100),2019,2019,7021,Annual value,,128.74,E
100,'356,India,226,'01379.01,Areca nuts,5539,Producer Price Index (2014-2016 = 100),2020,2020,7021,Annual value,,130.1,E
100,'356,India,226,'01379.01,Areca nuts,5539,Producer Price Index (2014-2016 = 100),2021,2021,7021,Annual value,,142.19,E
100,'356,India,226,'01379.01,Areca nuts,5539,Producer Price Index (2014-2016 = 100),2022,2022,7021,Annual value,,147.87,E
100,'356,India,226,'01379.01,Areca nuts,5539,Producer Price Index (2014-2016 = 100),2023,2023,7021,Annual value,,148.96,E
100,'356,India,226,'01379.01,Areca nuts,5539,Producer Price Index (2014-2016 = 100),2024,2024,7021,Annual value,,160.82,E
100,'356,India,226,'01379.01,Areca nuts,5539,Producer Price Index (2014-2016 = 100),2025,2025,7021,Annual value,,169.64,E
100,'356,India,486,'01312,Bananas,5530,Producer Price (LCU/tonne),2001,2001,7021,Annual value,LCU,5980.0,A
100,'356,India,486,'01312,Bananas,5531,Producer Price (SLC/tonne),2001,2001,7021,Annual value,SLC,5980.0,A
100,'356,India,486,'01312,Bananas,5532,Producer Price (USD/tonne),2001,2001,7021,Annual value,USD,126.7,A
100,'356,India,486,'01312,Bananas,5539,Producer Price Index (2014-2016 = 100),1991,1991,7021,Annual value,,15.02,E
100,'356,India,486,'01312,Bananas,5539,Producer Price Index (2014-2016 = 100),1992,1992,7021,Annual value,,16.72,E
100,'356,India,486,'01312,Bananas,5539,Producer Price Index (2014-2016 = 100),1993,1993,7021,Annual value,,22.05,E
100,'356,India,486,'01312,Bananas,5539,Producer Price Index (2014-2016 = 100),1994,1994,7021,Annual value,,23.11,E
100,'356,India,486,'01312,Bananas,5539,Producer Price Index (2014-2016 = 100),1995,1995,7021,Annual value,,23.71,E
100,'356,India,486,'01312,Bananas,5539,Producer Price Index (2014-2016 = 100),1996,1996,7021,Annual value,,29.6,E
100,'356,India,486,'01312,Bananas,5539,Producer Price Index (2014-2016 = 100),1997,1997,7021,Annual value,,32.86,E
100,'356,India,486,'01312,Bananas,5539,Producer Price Index (2014-2016 = 100),1998,1998,7021,Annual value,,34.13,E
100,'356,India,486,'01312,Bananas,5539,Producer Price Index (2014-2016 = 100),1999,1999,7021,Annual value,,33.03,E
100,'356,India,486,'01312,Bananas,5539,Producer Price Index (2014-2016 = 100),2000,2000,7021,Annual value,,31.47,E
100,'356,India,486,'01312,Bananas,5539,Producer Price Index (2014-2016 = 100),2001,2001,7021,Annual value,,33.45,E
100,'356,India,486,'01312,Bananas,5539,Producer Price Index (2014-2016 = 100),2002,2002,7021,Annual value,,38.25,E
100,'356,India,486,'01312,Bananas,5539,Producer Price Index (2014-2016 = 100),2003,2003,7021,Annual value,,39.83,E
100,'356,India,486,'01312,Bananas,5539,Producer Price Index (2014-2016 = 100),2004,2004,7021,Annual value,,42.21,E
100,'356,India,486,'01312,Bananas,5539,Producer Price Index (2014-2016 = 100),2005,2005,7021,Annual value,,45.95,E
100,'356,India,486,'01312,Bananas,5539,Producer Price Index (2014-2016 = 100),2006,2006,7021,Annual value,,48.94,E
100,'356,India,486,'01312,Bananas,5539,Producer Price Index (2014-2016 = 100),2007,2007,7021,Annual value,,60.15,E
100,'356,India,486,'01312,Bananas,5539,Producer Price Index (2014-2016 = 100),2008,2008,7021,Annual value,,59.31,E
100,'356,India,486,'01312,Bananas,5539,Producer Price Index (2014-2016 = 100),2009,2009,7021,Annual value,,65.52,E
100,'356,India,486,'01312,Bananas,5539,Producer Price Index (2014-2016 = 100),2010,2010,7021,Annual value,,77.14,E
100,'356,India,486,'01312,Bananas,5539,Producer Price Index (2014-2016 = 100),2011,2011,7021,Annual value,,84.12,E
100,'356,India,486,'01312,Bananas,5539,Producer Price Index (2014-2016 = 100),2012,2012,7021,Annual value,,91.28,E
100,'356,India,486,'01312,Bananas,5539,Producer Price Index (2014-2016 = 100),2013,2013,7021,Annual value,,87.32,E
100,'356,India,486,'01312,Bananas,5539,Producer Price Index (2014-2016 = 100),2014,2014,7021,Annual value,,94.65,E
100,'356,India,486,'01312,Bananas,5539,Producer Price Index (2014-2016 = 100),2015,2015,7021,Annual value,,100.36,E
100,'356,India,486,'01312,Bananas,5539,Producer Price Index (2014-2016 = 100),2016,2016,7021,Annual value,,104.99,E
100,'356,India,486,'01312,Bananas,5539,Producer Price Index (2014-2016 = 100),2017,2017,7021,Annual value,,110.08,E
100,'356,India,486,'01312,Bananas,5539,Producer Price Index (2014-2016 = 100),2018,2018,7021,Annual value,,109.77,E
100,'356,India,486,'01312,Bananas,5539,Producer Price Index (2014-2016 = 100),2019,2019,7021,Annual value,,117.73,E
100,'356,India,486,'01312,Bananas,5539,Producer Price Index (2014-2016 = 100),2020,2020,7021,Annual value,,109.21,E
100,'356,India,486,'01312,Bananas,5539,Producer Price Index (2014-2016 = 100),2021,2021,7021,Annual value,,127.8,E
100,'356,India,486,'01312,Bananas,5539,Producer Price Index (2014-2016 = 100),2022,2022,7021,Annual value,,137.02,E
100,'356,India,486,'01312,Bananas,5539,Producer Price Index (2014-2016 = 100),2023,2023,7021,Annual value,,139.86,E
100,'356,India,486,'01312,Bananas,5539,Producer Price Index (2014-2016 = 100),2024,2024,7021,Annual value,,149.1,E
100,'356,India,486,'01312,Bananas,5539,Producer Price Index (2014-2016 = 100),2025,2025,7021,Annual value,,158.34,E
100,'356,India,44,'0115,Barley,5530,Producer Price (LCU/tonne),1991,1991,7021,Annual value,LCU,3489.0,A
100,'356,India,44,'0115,Barley,5530,Producer Price (LCU/tonne),1992,1992,7021,Annual value,LCU,3663.0,A
100,'356,India,44,'0115,Barley,5530,Producer Price (LCU/tonne),1993,1993,7021,Annual value,LCU,4499.0,A
100,'356,India,44,'0115,Barley,5530,Producer Price (LCU/tonne),1994,1994,7021,Annual value,LCU,4602.0,A
100,'356,India,44,'0115,Barley,5530,Producer Price (LCU/tonne),1995,1995,7021,Annual value,LCU,4982.0,A
100,'356,India,44,'0115,Barley,5530,Producer Price (LCU/tonne),1996,1996,7021,Annual value,LCU,4850.0,A
100,'356,India,44,'0115,Barley,5530,Producer Price (LCU/tonne),1997,1997,7021,Annual value,LCU,4945.0,A
100,'356,India,44,'0115,Barley,5530,Producer Price (LCU/tonne),1998,1998,7021,Annual value,LCU,5005.0,A
100,'356,India,44,'0115,Barley,5530,Producer Price (LCU/tonne),1999,1999,7021,Annual value,LCU,5446.0,A
100,'356,India,44,'0115,Barley,5530,Producer Price (LCU/tonne),2000,2000,7021,Annual value,LCU,5250.0,A
100,'356,India,44,'0115,Barley,5530,Producer Price (LCU/tonne),2001,2001,7021,Annual value,LCU,5175.0,A
100,'356,India,44,'0115,Barley,5530,Producer Price (LCU/tonne),2002,2002,7021,Annual value,LCU,5557.0,A
100,'356,India,44,'0115,Barley,5530,Producer Price (LCU/tonne),2003,2003,7021,Annual value,LCU,5862.0,A
100,'356,India,44,'0115,Barley,5530,Producer Price (LCU/tonne),2004,2004,7021,Annual value,LCU,6603.3,A
100,'356,India,44,'0115,Barley,5530,Producer Price (LCU/tonne),2005,2005,7021,Annual value,LCU,7684.0,A
100,'356,India,44,'0115,Barley,5530,Producer Price (LCU/tonne),2006,2006,7021,Annual value,LCU,8193.3,A
100,'356,India,44,'0115,Barley,5530,Producer Price (LCU/tonne),2008,2008,7021,Annual value,LCU,9855.8,A
100,'356,India,44,'0115,Barley,5531,Producer Price (SLC/tonne),1991,1991,7021,Annual value,SLC,3489.0,A
100,'356,India,44,'0115,Barley,5531,Producer Price (SLC/tonne),1992,1992,7021,Annual value,SLC,3663.0,A
100,'356,India,44,'0115,Barley,5531,Producer Price (SLC/tonne),1993,1993,7021,Annual value,SLC,4499.0,A
100,'356,India,44,'0115,Barley,5531,Producer Price (SLC/tonne),1994,1994,7021,Annual value,SLC,4602.0,A
100,'356,India,44,'0115,Barley,5531,Producer Price (SLC/tonne),1995,1995,7021,Annual value,SLC,4982.0,A
100,'356,India,44,'0115,Barley,5531,Producer Price (SLC/tonne),1996,1996,7021,Annual value,SLC,4850.0,A
100,'356,India,44,'0115,Barley,5531,Producer Price (SLC/tonne),1997,1997,7021,Annual value,SLC,4945.0,A
100,'356,India,44,'0115,Barley,5531,Producer Price (SLC/tonne),1998,1998,7021,Annual value,SLC,5005.0,A
100,'356,India,44,'0115,Barley,5531,Producer Price (SLC/tonne),1999,1999,7021,Annual value,SLC,5446.0,A
100,'356,India,44,'0115,Barley,5531,Producer Price (SLC/tonne),2000,2000,7021,Annual value,SLC,5250.0,A
100,'356,India,44,'0115,Barley,5531,Producer Price (SLC/tonne),2001,2001,7021,Annual value,SLC,5175.0,A
100,'356,India,44,'0115,Barley,5531,Producer Price (SLC/tonne),2002,2002,7021,Annual value,SLC,5557.0,A
100,'356,India,44,'0115,Barley,5531,Producer Price (SLC/tonne),2003,2003,7021,Annual value,SLC,5862.0,A
100,'356,India,44,'0115,Barley,5531,Producer Price (SLC/tonne),2004,2004,7021,Annual value,SLC,6603.3,A
100,'356,India,44,'0115,Barley,5531,Producer Price (SLC/tonne),2005,2005,7021,Annual value,SLC,7684.0,A
100,'356,India,44,'0115,Barley,5531,Producer Price (SLC/tonne),2006,2006,7021,Annual value,SLC,8193.3,A
100,'356,India,44,'0115,Barley,5531,Producer Price (SLC/tonne),2008,2008,7021,Annual value,SLC,9855.8,A
100,'356,India,44,'0115,Barley,5532,Producer Price (USD/tonne),1991,1991,7021,Annual value,USD,153.4,A
100,'356,India,44,'0115,Barley,5532,Producer Price (USD/tonne),1992,1992,7021,Annual value,USD,141.3,A
100,'356,India,44,'0115,Barley,5532,Producer Price (USD/tonne),1993,1993,7021,Annual value,USD,147.5,A
100,'356,India,44,'0115,Barley,5532,Producer Price (USD/tonne),1994,1994,7021,Annual value,USD,146.7,A
100,'356,India,44,'0115,Barley,5532,Producer Price (USD/tonne),1995,1995,7021,Annual value,USD,153.6,A
100,'356,India,44,'0115,Barley,5532,Producer Price (USD/tonne),1996,1996,7021,Annual value,USD,136.9,A
100,'356,India,44,'0115,Barley,5532,Producer Price (USD/tonne),1997,1997,7021,Annual value,USD,136.2,A
100,'356,India,44,'0115,Barley,5532,Producer Price (USD/tonne),1998,1998,7021,Annual value,USD,121.3,A
100,'356,India,44,'0115,Barley,5532,Producer Price (USD/tonne),1999,1999,7021,Annual value,USD,126.5,A
100,'356,India,44,'0115,Barley,5532,Producer Price (USD/tonne),2000,2000,7021,Annual value,USD,116.8,A
100,'356,India,44,'0115,Barley,5532,Producer Price (USD/tonne),2001,2001,7021,Annual value,USD,109.7,A
100,'356,India,44,'0115,Barley,5532,Producer Price (USD/tonne),2002,2002,7021,Annual value,USD,114.3,A
100,'356,India,44,'0115,Barley,5532,Producer Price (USD/tonne),2003,2003,7021,Annual value,USD,125.8,A
100,'356,India,44,'0115,Barley,5532,Producer Price (USD/tonne),2004,2004,7021,Annual value,USD,145.7,A
100,'356,India,44,'0115,Barley,5532,Producer Price (USD/tonne),2005,2005,7021,Annual value,USD,174.2,A
100,'356,India,44,'0115,Barley,5532,Producer Price (USD/tonne),2006,2006,7021,Annual value,USD,180.8,A
100,'356,India,44,'0115,Barley,5532,Producer Price (USD/tonne),2008,2008,7021,Annual value,USD,226.5,A
100,'356,India,44,'0115,Barley,5539,Producer Price Index (2014-2016 = 100),1991,1991,7021,Annual value,,21.0,E
100,'356,India,44,'0115,Barley,5539,Producer Price Index (2014-2016 = 100),1992,1992,7021,Annual value,,22.04,E
100,'356,India,44,'0115,Barley,5539,Producer Price Index (2014-2016 = 100),1993,1993,7021,Annual value,,27.07,E
100,'356,India,44,'0115,Barley,5539,Producer Price Index (2014-2016 = 100),1994,1994,7021,Annual value,,27.69,E
100,'356,India,44,'0115,Barley,5539,Producer Price Index (2014-2016 = 100),1995,1995,7021,Annual value,,29.98,E
100,'356,India,44,'0115,Barley,5539,Producer Price Index (2014-2016 = 100),1996,1996,7021,Annual value,,29.19,E
100,'356,India,44,'0115,Barley,5539,Producer Price Index (2014-2016 = 100),1997,1997,7021,Annual value,,29.76,E
100,'356,India,44,'0115,Barley,5539,Producer Price Index (2014-2016 = 100),1998,1998,7021,Annual value,,30.12,E
100,'356,India,44,'0115,Barley,5539,Producer Price Index (2014-2016 = 100),1999,1999,7021,Annual value,,32.77,E
100,'356,India,44,'0115,Barley,5539,Producer Price Index (2014-2016 = 100),2000,2000,7021,Annual value,,31.59,E
100,'356,India,44,'0115,Barley,5539,Producer Price Index (2014-2016 = 100),2001,2001,7021,Annual value,,31.14,E
100,'356,India,44,'0115,Barley,5539,Producer Price Index (2014-2016 = 100),2002,2002,7021,Annual value,,33.44,E
100,'356,India,44,'0115,Barley,5539,Producer Price Index (2014-2016 = 100),2003,2003,7021,Annual value,,35.28,E
100,'356,India,44,'0115,Barley,5539,Producer Price Index (2014-2016 = 100),2004,2004,7021,Annual value,,39.74,E
100,'356,India,44,'0115,Barley,5539,Producer Price Index (2014-2016 = 100),2005,2005,7021,Annual value,,46.24,E
100,'356,India,44,'0115,Barley,5539,Producer Price Index (2014-2016 = 100),2006,2006,7021,Annual value,,49.31,E
100,'356,India,44,'0115,Barley,5539,Producer Price Index (2014-2016 = 100),2007,2007,7021,Annual value,,54.31,E
100,'356,India,44,'0115,Barley,5539,Producer Price Index (2014-2016 = 100),2008,2008,7021,Annual value,,59.31,E
100,'356,India,44,'0115,Barley,5539,Producer Price Index (2014-2016 = 100),2009,2009,7021,Annual value,,65.52,E
100,'356,India,44,'0115,Barley,5539,Producer Price Index (2014-2016 = 100),2010,2010,7021,Annual value,,77.14,E
100,'356,India,44,'0115,Barley,5539,Producer Price Index (2014-2016 = 100),2011,2011,7021,Annual value,,84.12,E
100,'356,India,44,'0115,Barley,5539,Producer Price Index (2014-2016 = 100),2012,2012,7021,Annual value,,91.28,E
100,'356,India,44,'0115,Barley,5539,Producer Price Index (2014-2016 = 100),2013,2013,7021,Annual value,,87.32,E
100,'356,India,44,'0115,Barley,5539,Producer Price Index (2014-2016 = 100),2014,2014,7021,Annual value,,94.65,E
100,'356,India,44,'0115,Barley,5539,Producer Price Index (2014-2016 = 100),2015,2015,7021,Annual value,,100.36,E
100,'356,India,44,'0115,Barley,5539,Producer Price Index (2014-2016 = 100),2016,2016,7021,Annual value,,104.99,E
100,'356,India,44,'0115,Barley,5539,Producer Price Index (2014-2016 = 100),2017,2017,7021,Annual value,,110.08,E
100,'356,India,44,'0115,Barley,5539,Producer Price Index (2014-2016 = 100),2018,2018,7021,Annual value,,109.77,E
100,'356,India,44,'0115,Barley,5539,Producer Price Index (2014-2016 = 100),2019,2019,7021,Annual value,,119.99,E
100,'356,India,44,'0115,Barley,5539,Producer Price Index (2014-2016 = 100),2020,2020,7021,Annual value,,120.23,E
100,'356,India,44,'0115,Barley,5539,Producer Price Index (2014-2016 = 100),2021,2021,7021,Annual value,,133.83,E
100,'356,India,44,'0115,Barley,5539,Producer Price Index (2014-2016 = 100),2022,2022,7021,Annual value,,140.45,E
100,'356,India,44,'0115,Barley,5539,Producer Price Index (2014-2016 = 100),2023,2023,7021,Annual value,,142.9,E
100,'356,India,44,'0115,Barley,5539,Producer Price Index (2014-2016 = 100),2024,2024,7021,Annual value,,154.8,E
100,'356,India,44,'0115,Barley,5539,Producer Price Index (2014-2016 = 100),2025,2025,7021,Annual value,,163.99,E
100,'356,India,176,'01701,"Beans, dry",5530,Producer Price (LCU/tonne),1991,1991,7021,Annual value,LCU,5982.0,X
100,'356,India,176,'01701,"Beans, dry",5531,Producer Price (SLC/tonne),1991,1991,7021,Annual value,SLC,5982.0,X
100,'356,India,176,'01701,"Beans, dry",5532,Producer Price (USD/tonne),1991,1991,7021,Annual value,USD,263.0,X
100,'356,India,176,'01701,"Beans, dry",5539,Producer Price Index (2014-2016 = 100),1991,1991,7021,Annual value,,15.77,E
100,'356,India,176,'01701,"Beans, dry",5539,Producer Price Index (2014-2016 = 100),1992,1992,7021,Annual value,,14.66,E
100,'356,India,176,'01701,"Beans, dry",5539,Producer Price Index (2014-2016 = 100),1993,1993,7021,Annual value,,17.39,E
100,'356,India,176,'01701,"Beans, dry",5539,Producer Price Index (2014-2016 = 100),1994,1994,7021,Annual value,,29.22,E
100,'356,India,176,'01701,"Beans, dry",5539,Producer Price Index (2014-2016 = 100),1995,1995,7021,Annual value,,31.7,E
100,'356,India,176,'01701,"Beans, dry",5539,Producer Price Index (2014-2016 = 100),1996,1996,7021,Annual value,,27.53,E
100,'356,India,176,'01701,"Beans, dry",5539,Producer Price Index (2014-2016 = 100),1997,1997,7021,Annual value,,24.97,E
100,'356,India,176,'01701,"Beans, dry",5539,Producer Price Index (2014-2016 = 100),1998,1998,7021,Annual value,,30.64,E
100,'356,India,176,'01701,"Beans, dry",5539,Producer Price Index (2014-2016 = 100),1999,1999,7021,Annual value,,33.9,E
100,'356,India,176,'01701,"Beans, dry",5539,Producer Price Index (2014-2016 = 100),2000,2000,7021,Annual value,,38.78,E
100,'356,India,176,'01701,"Beans, dry",5539,Producer Price Index (2014-2016 = 100),2001,2001,7021,Annual value,,35.92,E
100,'356,India,176,'01701,"Beans, dry",5539,Producer Price Index (2014-2016 = 100),2002,2002,7021,Annual value,,38.38,E
100,'356,India,176,'01701,"Beans, dry",5539,Producer Price Index (2014-2016 = 100),2003,2003,7021,Annual value,,39.83,E
100,'356,India,176,'01701,"Beans, dry",5539,Producer Price Index (2014-2016 = 100),2004,2004,7021,Annual value,,42.21,E
100,'356,India,176,'01701,"Beans, dry",5539,Producer Price Index (2014-2016 = 100),2005,2005,7021,Annual value,,45.95,E
100,'356,India,176,'01701,"Beans, dry",5539,Producer Price Index (2014-2016 = 100),2006,2006,7021,Annual value,,48.94,E
100,'356,India,176,'01701,"Beans, dry",5539,Producer Price Index (2014-2016 = 100),2007,2007,7021,Annual value,,60.15,E
100,'356,India,176,'01701,"Beans, dry",5539,Producer Price Index (2014-2016 = 100),2008,2008,7021,Annual value,,59.31,E
100,'356,India,176,'01701,"Beans, dry",5539,Producer Price Index (2014-2016 = 100),2009,2009,7021,Annual value,,65.52,E
100,'356,India,176,'01701,"Beans, dry",5539,Producer Price Index (2014-2016 = 100),2010,2010,7021,Annual value,,77.14,E
100,'356,India,176,'01701,"Beans, dry",5539,Producer Price Index (2014-2016 = 100),2011,2011,7021,Annual value,,84.12,E
100,'356,India,176,'01701,"Beans, dry",5539,Producer Price Index (2014-2016 = 100),2012,2012,7021,Annual value,,91.28,E
100,'356,India,176,'01701,"Beans, dry",5539,Producer Price Index (2014-2016 = 100),2013,2013,7021,Annual value,,87.32,E
100,'356,India,176,'01701,"Beans, dry",5539,Producer Price Index (2014-2016 = 100),2014,2014,7021,Annual value,,94.65,E
100,'356,India,176,'01701,"Beans, dry",5539,Producer Price Index (2014-2016 = 100),2015,2015,7021,Annual value,,100.36,E
100,'356,India,176,'01701,"Beans, dry",5539,Producer Price Index (2014-2016 = 100),2016,2016,7021,Annual value,,104.99,E
100,'356,India,176,'01701,"Beans, dry",5539,Producer Price Index (2014-2016 = 100),2017,2017,7021,Annual value,,110.08,E
100,'356,India,176,'01701,"Beans, dry",5539,Producer Price Index (2014-2016 = 100),2018,2018,7021,Annual value,,109.77,E
100,'356,India,176,'01701,"Beans, dry",5539,Producer Price Index (2014-2016 = 100),2019,2019,7021,Annual value,,117.67,E
100,'356,India,176,'01701,"Beans, dry",5539,Producer Price Index (2014-2016 = 100),2020,2020,7021,Annual value,,108.86,E
100,'356,India,176,'01701,"Beans, dry",5539,Producer Price Index (2014-2016 = 100),2021,2021,7021,Annual value,,128.72,E
100,'356,India,176,'01701,"Beans, dry",5539,Producer Price Index (2014-2016 = 100),2022,2022,7021,Annual value,,137.63,E
100,'356,India,176,'01701,"Beans, dry",5539,Producer Price Index (2014-2016 = 100),2023,2023,7021,Annual value,,140.61,E
100,'356,India,176,'01701,"Beans, dry",5539,Producer Price Index (2014-2016 = 100),2024,2024,7021,Annual value,,149.64,E
100,'356,India,176,'01701,"Beans, dry",5539,Producer Price Index (2014-2016 = 100),2025,2025,7021,Annual value,,158.66,E
100,'356,India,358,'01212,Cabbages,5530,Producer Price (LCU/tonne),2001,2001,7021,Annual value,LCU,5550.0,A
100,'356,India,358,'01212,Cabbages,5531,Producer Price (SLC/tonne),2001,2001,7021,Annual value,SLC,5550.0,A
100,'356,India,358,'01212,Cabbages,5532,Producer Price (USD/tonne),2001,2001,7021,Annual value,USD,117.6,A
100,'356,India,358,'01212,Cabbages,5539,Producer Price Index (2014-2016 = 100),1991,1991,7021,Annual value,,13.98,E
100,'356,India,358,'01212,Cabbages,5539,Producer Price Index (2014-2016 = 100),1992,1992,7021,Annual value,,16.61,E
100,'356,India,358,'01212,Cabbages,5539,Producer Price Index (2014-2016 = 100),1993,1993,7021,Annual value,,17.62,E
100,'356,India,358,'01212,Cabbages,5539,Producer Price Index (2014-2016 = 100),1994,1994,7021,Annual value,,18.96,E
100,'356,India,358,'01212,Cabbages,5539,Producer Price Index (2014-2016 = 100),1995,1995,7021,Annual value,,20.83,E
100,'356,India,358,'01212,Cabbages,5539,Producer Price Index (2014-2016 = 100),1996,1996,7021,Annual value,,23.34,E
100,'356,India,358,'01212,Cabbages,5539,Producer Price Index (2014-2016 = 100),1997,1997,7021,Annual value,,24.57,E
100,'356,India,358,'01212,Cabbages,5539,Producer Price Index (2014-2016 = 100),1998,1998,7021,Annual value,,32.05,E
100,'356,India,358,'01212,Cabbages,5539,Producer Price Index (2014-2016 = 100),1999,1999,7021,Annual value,,32.03,E
100,'356,India,358,'01212,Cabbages,5539,Producer Price Index (2014-2016 = 100),2000,2000,7021,Annual value,,33.97,E
100,'356,India,358,'01212,Cabbages,5539,Producer Price Index (2014-2016 = 100),2001,2001,7021,Annual value,,33.74,E
100,'356,India,358,'01212,Cabbages,5539,Producer Price Index (2014-2016 = 100),2002,2002,7021,Annual value,,36.72,E
100,'356,India,358,'01212,Cabbages,5539,Producer Price Index (2014-2016 = 100),2003,2003,7021,Annual value,,39.83,E
100,'356,India,358,'01212,Cabbages,5539,Producer Price Index (2014-2016 = 100),2004,2004,7021,Annual value,,42.21,E
100,'356,India,358,'01212,Cabbages,5539,Producer Price Index (2014-2016 = 100),2005,2005,7021,Annual value,,45.95,E
100,'356,India,358,'01212,Cabbages,5539,Producer Price Index (2014-2016 = 100),2006,2006,7021,Annual value,,48.94,E
100,'356,India,358,'01212,Cabbages,5539,Producer Price Index (2014-2016 = 100),2007,2007,7021,Annual value,,60.15,E
100,'356,India,358,'01212,Cabbages,5539,Producer Price Index (2014-2016 = 100),2008,2008,7021,Annual value,,59.31,E
100,'356,India,358,'01212,Cabbages,5539,Producer Price Index (2014-2016 = 100),2009,2009,7021,Annual value,,65.52,E
100,'356,India,358,'01212,Cabbages,5539,Producer Price Index (2014-2016 = 100),2010,2010,7021,Annual value,,77.14,E
100,'356,India,358,'01212,Cabbages,5539,Producer Price Index (2014-2016 = 100),2011,2011,7021,Annual value,,84.12,E
100,'356,India,358,'01212,Cabbages,5539,Producer Price Index (2014-2016 = 100),2012,2012,7021,Annual value,,91.28,E
100,'356,India,358,'01212,Cabbages,5539,Producer Price Index (2014-2016 = 100),2013,2013,7021,Annual value,,87.32,E
100,'356,India,358,'01212,Cabbages,5539,Producer Price Index (2014-2016 = 100),2014,2014,7021,Annual value,,94.65,E
100,'356,India,358,'01212,Cabbages,5539,Producer Price Index (2014-2016 = 100),2015,2015,7021,Annual value,,100.36,E
100,'356,India,358,'01212,Cabbages,5539,Producer Price Index (2014-2016 = 100),2016,2016,7021,Annual value,,104.99,E
100,'356,India,358,'01212,Cabbages,5539,Producer Price Index (2014-2016 = 100),2017,2017,7021,Annual value,,110.08,E
100,'356,India,358,'01212,Cabbages,5539,Producer Price Index (2014-2016 = 100),2018,2018,7021,Annual value,,109.77,E
100,'356,India,358,'01212,Cabbages,5539,Producer Price Index (2014-2016 = 100),2019,2019,7021,Annual value,,117.67,E
100,'356,India,358,'01212,Cabbages,5539,Producer Price Index (2014-2016 = 100),2020,2020,7021,Annual value,,118.47,E
100,'356,India,358,'01212,Cabbages,5539,Producer Price Index (2014-2016 = 100),2021,2021,7021,Annual value,,126.44,E
100,'356,India,358,'01212,Cabbages,5539,Producer Price Index (2014-2016 = 100),2022,2022,7021,Annual value,,129.56,E
100,'356,India,358,'01212,Cabbages,5539,Producer Price Index (2014-2016 = 100),2023,2023,7021,Annual value,,128.22,E
100,'356,India,358,'01212,Cabbages,5539,Producer Price Index (2014-2016 = 100),2024,2024,7021,Annual value,,140.47,E
100,'356,India,358,'01212,Cabbages,5539,Producer Price Index (2014-2016 = 100),2025,2025,7021,Annual value,,148.44,E
100,'356,India,568,'01229,Cantaloupes and other melons,5539,Producer Price Index (2014-2016 = 100),1991,1991,7021,Annual value,,9.03,E
100,'356,India,568,'01229,Cantaloupes and other melons,5539,Producer Price Index (2014-2016 = 100),1992,1992,7021,Annual value,,8.6,E
100,'356,India,568,'01229,Cantaloupes and other melons,5539,Producer Price Index (2014-2016 = 100),1993,1993,7021,Annual value,,12.53,E
100,'356,India,568,'01229,Cantaloupes and other melons,5539,Producer Price Index (2014-2016 = 100),1994,1994,7021,Annual value,,21.85,E
100,'356,India,568,'01229,Cantaloupes and other melons,5539,Producer Price Index (2014-2016 = 100),1995,1995,7021,Annual value,,22.6,E
100,'356,India,568,'01229,Cantaloupes and other melons,5539,Producer Price Index (2014-2016 = 100),1996,1996,7021,Annual value,,28.82,E
100,'356,India,568,'01229,Cantaloupes and other melons,5539,Producer Price Index (2014-2016 = 100),1997,1997,7021,Annual value,,56.2,E
100,'356,India,568,'01229,Cantaloupes and other melons,5539,Producer Price Index (2014-2016 = 100),1998,1998,7021,Annual value,,58.04,E
100,'356,India,568,'01229,Cantaloupes and other melons,5539,Producer Price Index (2014-2016 = 100),1999,1999,7021,Annual value,,64.31,E
100,'356,India,568,'01229,Cantaloupes and other melons,5539,Producer Price Index (2014-2016 = 100),2000,2000,7021,Annual value,,65.29,E
100,'356,India,568,'01229,Cantaloupes and other melons,5539,Producer Price Index (2014-2016 = 100),2001,2001,7021,Annual value,,32.11,E
100,'356,India,568,'01229,Cantaloupes and other melons,5539,Producer Price Index (2014-2016 = 100),2002,2002,7021,Annual value,,36.72,E
100,'356,India,568,'01229,Cantaloupes and other melons,5539,Producer Price Index (2014-2016 = 100),2003,2003,7021,Annual value,,39.83,E
100,'356,India,568,'01229,Cantaloupes and other melons,5539,Producer Price Index (2014-2016 = 100),2004,2004,7021,Annual value,,42.21,E
100,'356,India,568,'01229,Cantaloupes and other melons,5539,Producer Price Index (2014-2016 = 100),2005,2005,7021,Annual value,,45.95,E
100,'356,India,568,'01229,Cantaloupes and other melons,5539,Producer Price Index (2014-2016 = 100),2006,2006,7021,Annual value,,48.94,E
100,'356,India,568,'01229,Cantaloupes and other melons,5539,Producer Price Index (2014-2016 = 100),2007,2007,7021,Annual value,,60.15,E
100,'356,India,568,'01229,Cantaloupes and other melons,5539,Producer Price Index (2014-2016 = 100),2008,2008,7021,Annual value,,59.31,E
100,'356,India,568,'01229,Cantaloupes and other melons,5539,Producer Price Index (2014-2016 = 100),2009,2009,7021,Annual value,,65.52,E
100,'356,India,568,'01229,Cantaloupes and other melons,5539,Producer Price Index (2014-2016 = 100),2010,2010,7021,Annual value,,77.14,E
100,'356,India,568,'01229,Cantaloupes and other melons,5539,Producer Price Index (2014-2016 = 100),2011,2011,7021,Annual value,,84.12,E
100,'356,India,568,'01229,Cantaloupes and other melons,5539,Producer Price Index (2014-2016 = 100),2012,2012,7021,Annual value,,91.28,E
100,'356,India,568,'01229,Cantaloupes and other melons,5539,Producer Price Index (2014-2016 = 100),2013,2013,7021,Annual value,,87.32,E
100,'356,India,568,'01229,Cantaloupes and other melons,5539,Producer Price Index (2014-2016 = 100),2014,2014,7021,Annual value,,94.65,E
100,'356,India,568,'01229,Cantaloupes and other melons,5539,Producer Price Index (2014-2016 = 100),2015,2015,7021,Annual value,,100.36,E
100,'356,India,568,'01229,Cantaloupes and other melons,5539,Producer Price Index (2014-2016 = 100),2016,2016,7021,Annual value,,104.99,E
100,'356,India,568,'01229,Cantaloupes and other melons,5539,Producer Price Index (2014-2016 = 100),2017,2017,7021,Annual value,,110.08,E
100,'356,India,568,'01229,Cantaloupes and other melons,5539,Producer Price Index (2014-2016 = 100),2018,2018,7021,Annual value,,109.77,E
100,'356,India,568,'01229,Cantaloupes and other melons,5539,Producer Price Index (2014-2016 = 100),2019,2019,7021,Annual value,,119.25,E
100,'356,India,568,'01229,Cantaloupes and other melons,5539,Producer Price Index (2014-2016 = 100),2020,2020,7021,Annual value,,110.12,E
100,'356,India,568,'01229,Cantaloupes and other melons,5539,Producer Price Index (2014-2016 = 100),2021,2021,7021,Annual value,,145.08,E
100,'356,India,568,'01229,Cantaloupes and other melons,5539,Producer Price Index (2014-2016 = 100),2022,2022,7021,Annual value,,166.53,E
100,'356,India,568,'01229,Cantaloupes and other melons,5539,Producer Price Index (2014-2016 = 100),2023,2023,7021,Annual value,,177.09,E
100,'356,India,568,'01229,Cantaloupes and other melons,5539,Producer Price Index (2014-2016 = 100),2024,2024,7021,Annual value,,171.64,E
100,'356,India,568,'01229,Cantaloupes and other melons,5539,Producer Price Index (2014-2016 = 100),2025,2025,7021,Annual value,,166.18,E
100,'356,India,426,'01251,Carrots and turnips,5539,Producer Price Index (2014-2016 = 100),1991,1991,7021,Annual value,,22.28,E
100,'356,India,426,'01251,Carrots and turnips,5539,Producer Price Index (2014-2016 = 100),1992,1992,7021,Annual value,,16.88,E
100,'356,India,426,'01251,Carrots and turnips,5539,Producer Price Index (2014-2016 = 100),1993,1993,7021,Annual value,,20.72,E
100,'356,India,426,'01251,Carrots and turnips,5539,Producer Price Index (2014-2016 = 100),1994,1994,7021,Annual value,,29.66,E
100,'356,India,426,'01251,Carrots and turnips,5539,Producer Price Index (2014-2016 = 100),1995,1995,7021,Annual value,,22.76,E
100,'356,India,426,'01251,Carrots and turnips,5539,Producer Price Index (2014-2016 = 100),1996,1996,7021,Annual value,,32.66,E
100,'356,India,426,'01251,Carrots and turnips,5539,Producer Price Index (2014-2016 = 100),1997,1997,7021,Annual value,,30.32,E
100,'356,India,426,'01251,Carrots and turnips,5539,Producer Price Index (2014-2016 = 100),1998,1998,7021,Annual value,,48.37,E
100,'356,India,426,'01251,Carrots and turnips,5539,Producer Price Index (2014-2016 = 100),1999,1999,7021,Annual value,,57.51,E
100,'356,India,426,'01251,Carrots and turnips,5539,Producer Price Index (2014-2016 = 100),2000,2000,7021,Annual value,,35.79,E
100,'356,India,426,'01251,Carrots and turnips,5539,Producer Price Index (2014-2016 = 100),2001,2001,7021,Annual value,,35.27,E
100,'356,India,426,'01251,Carrots and turnips,5539,Producer Price Index (2014-2016 = 100),2002,2002,7021,Annual value,,40.83,E
100,'356,India,426,'01251,Carrots and turnips,5539,Producer Price Index (2014-2016 = 100),2003,2003,7021,Annual value,,39.83,E
100,'356,India,426,'01251,Carrots and turnips,5539,Producer Price Index (2014-2016 = 100),2004,2004,7021,Annual value,,42.21,E
100,'356,India,426,'01251,Carrots and turnips,5539,Producer Price Index (2014-2016 = 100),2005,2005,7021,Annual value,,45.95,E
100,'356,India,426,'01251,Carrots and turnips,5539,Producer Price Index (2014-2016 = 100),2006,2006,7021,Annual value,,48.94,E
100,'356,India,426,'01251,Carrots and turnips,5539,Producer Price Index (2014-2016 = 100),2007,2007,7021,Annual value,,60.15,E
100,'356,India,426,'01251,Carrots and turnips,5539,Producer Price Index (2014-2016 = 100),2008,2008,7021,Annual value,,59.31,E
100,'356,India,426,'01251,Carrots and turnips,5539,Producer Price Index (2014-2016 = 100),2009,2009,7021,Annual value,,65.52,E
100,'356,India,426,'01251,Carrots and turnips,5539,Producer Price Index (2014-2016 = 100),2010,2010,7021,Annual value,,77.14,E
100,'356,India,426,'01251,Carrots and turnips,5539,Producer Price Index (2014-2016 = 100),2011,2011,7021,Annual value,,84.12,E
100,'356,India,426,'01251,Carrots and turnips,5539,Producer Price Index (2014-2016 = 100),2012,2012,7021,Annual value,,91.28,E
100,'356,India,426,'01251,Carrots and turnips,5539,Producer Price Index (2014-2016 = 100),2013,2013,7021,Annual value,,87.32,E
100,'356,India,426,'01251,Carrots and turnips,5539,Producer Price Index (2014-2016 = 100),2014,2014,7021,Annual value,,94.65,E
100,'356,India,426,'01251,Carrots and turnips,5539,Producer Price Index (2014-2016 = 100),2015,2015,7021,Annual value,,100.36,E
100,'356,India,426,'01251,Carrots and turnips,5539,Producer Price Index (2014-2016 = 100),2016,2016,7021,Annual value,,104.99,E
100,'356,India,426,'01251,Carrots and turnips,5539,Producer Price Index (2014-2016 = 100),2017,2017,7021,Annual value,,110.08,E
100,'356,India,426,'01251,Carrots and turnips,5539,Producer Price Index (2014-2016 = 100),2018,2018,7021,Annual value,,109.77,E
100,'356,India,426,'01251,Carrots and turnips,5539,Producer Price Index (2014-2016 = 100),2019,2019,7021,Annual value,,111.03,E
100,'356,India,426,'01251,Carrots and turnips,5539,Producer Price Index (2014-2016 = 100),2020,2020,7021,Annual value,,110.41,E
100,'356,India,426,'01251,Carrots and turnips,5539,Producer Price Index (2014-2016 = 100),2021,2021,7021,Annual value,,117.0,E
100,'356,India,426,'01251,Carrots and turnips,5539,Producer Price Index (2014-2016 = 100),2022,2022,7021,Annual value,,119.79,E
100,'356,India,426,'01251,Carrots and turnips,5539,Producer Price Index (2014-2016 = 100),2023,2023,7021,Annual value,,119.67,E
100,'356,India,426,'01251,Carrots and turnips,5539,Producer Price Index (2014-2016 = 100),2024,2024,7021,Annual value,,134.73,E
100,'356,India,426,'01251,Carrots and turnips,5539,Producer Price Index (2014-2016 = 100),2025,2025,7021,Annual value,,139.49,E
100,'356,India,217,'01372,"Cashew nuts, in shell",5530,Producer Price (LCU/tonne),1991,1991,7021,Annual value,LCU,14521.0,X
100,'356,India,217,'01372,"Cashew nuts, in shell",5530,Producer Price (LCU/tonne),2001,2001,7021,Annual value,LCU,32530.0,A
100,'356,India,217,'01372,"Cashew nuts, in shell",5531,Producer Price (SLC/tonne),1991,1991,7021,Annual value,SLC,14521.0,X
100,'356,India,217,'01372,"Cashew nuts, in shell",5531,Producer Price (SLC/tonne),2001,2001,7021,Annual value,SLC,32530.0,A
100,'356,India,217,'01372,"Cashew nuts, in shell",5532,Producer Price (USD/tonne),1991,1991,7021,Annual value,USD,638.5,X
100,'356,India,217,'01372,"Cashew nuts, in shell",5532,Producer Price (USD/tonne),2001,2001,7021,Annual value,USD,689.4,A
100,'356,India,217,'01372,"Cashew nuts, in shell",5539,Producer Price Index (2014-2016 = 100),1991,1991,7021,Annual value,,16.89,E
100,'356,India,217,'01372,"Cashew nuts, in shell",5539,Producer Price Index (2014-2016 = 100),1992,1992,7021,Annual value,,25.26,E
100,'356,India,217,'01372,"Cashew nuts, in shell",5539,Producer Price Index (2014-2016 = 100),1993,1993,7021,Annual value,,23.44,E
100,'356,India,217,'01372,"Cashew nuts, in shell",5539,Producer Price Index (2014-2016 = 100),1994,1994,7021,Annual value,,25.32,E
100,'356,India,217,'01372,"Cashew nuts, in shell",5539,Producer Price Index (2014-2016 = 100),1995,1995,7021,Annual value,,30.64,E
100,'356,India,217,'01372,"Cashew nuts, in shell",5539,Producer Price Index (2014-2016 = 100),1996,1996,7021,Annual value,,32.89,E
100,'356,India,217,'01372,"Cashew nuts, in shell",5539,Producer Price Index (2014-2016 = 100),1997,1997,7021,Annual value,,32.31,E
100,'356,India,217,'01372,"Cashew nuts, in shell",5539,Producer Price Index (2014-2016 = 100),1998,1998,7021,Annual value,,32.57,E
100,'356,India,217,'01372,"Cashew nuts, in shell",5539,Producer Price Index (2014-2016 = 100),1999,1999,7021,Annual value,,38.07,E
100,'356,India,217,'01372,"Cashew nuts, in shell",5539,Producer Price Index (2014-2016 = 100),2000,2000,7021,Annual value,,39.11,E
100,'356,India,217,'01372,"Cashew nuts, in shell",5539,Producer Price Index (2014-2016 = 100),2001,2001,7021,Annual value,,37.85,E
100,'356,India,217,'01372,"Cashew nuts, in shell",5539,Producer Price Index (2014-2016 = 100),2002,2002,7021,Annual value,,38.27,E
100,'356,India,217,'01372,"Cashew nuts, in shell",5539,Producer Price Index (2014-2016 = 100),2003,2003,7021,Annual value,,39.54,E
100,'356,India,217,'01372,"Cashew nuts, in shell",5539,Producer Price Index (2014-2016 = 100),2004,2004,7021,Annual value,,42.37,E
100,'356,India,217,'01372,"Cashew nuts, in shell",5539,Producer Price Index (2014-2016 = 100),2005,2005,7021,Annual value,,42.93,E
100,'356,India,217,'01372,"Cashew nuts, in shell",5539,Producer Price Index (2014-2016 = 100),2006,2006,7021,Annual value,,42.93,E
100,'356,India,217,'01372,"Cashew nuts, in shell",5539,Producer Price Index (2014-2016 = 100),2007,2007,7021,Annual value,,43.78,E
100,'356,India,217,'01372,"Cashew nuts, in shell",5539,Producer Price Index (2014-2016 = 100),2008,2008,7021,Annual value,,59.31,E
100,'356,India,217,'01372,"Cashew nuts, in shell",5539,Producer Price Index (2014-2016 = 100),2009,2009,7021,Annual value,,65.52,E
100,'356,India,217,'01372,"Cashew nuts, in shell",5539,Producer Price Index (2014-2016 = 100),2010,2010,7021,Annual value,,77.14,E
100,'356,India,217,'01372,"Cashew nuts, in shell",5539,Producer Price Index (2014-2016 = 100),2011,2011,7021,Annual value,,84.12,E
100,'356,India,217,'01372,"Cashew nuts, in shell",5539,Producer Price Index (2014-2016 = 100),2012,2012,7021,Annual value,,91.28,E
100,'356,India,217,'01372,"Cashew nuts, in shell",5539,Producer Price Index (2014-2016 = 100),2013,2013,7021,Annual value,,87.32,E
100,'356,India,217,'01372,"Cashew nuts, in shell",5539,Producer Price Index (2014-2016 = 100),2014,2014,7021,Annual value,,94.65,E
100,'356,India,217,'01372,"Cashew nuts, in shell",5539,Producer Price Index (2014-2016 = 100),2015,2015,7021,Annual value,,100.36,E
100,'356,India,217,'01372,"Cashew nuts, in shell",5539,Producer Price Index (2014-2016 = 100),2016,2016,7021,Annual value,,104.99,E
100,'356,India,217,'01372,"Cashew nuts, in shell",5539,Producer Price Index (2014-2016 = 100),2017,2017,7021,Annual value,,110.08,E
100,'356,India,217,'01372,"Cashew nuts, in shell",5539,Producer Price Index (2014-2016 = 100),2018,2018,7021,Annual value,,109.77,E
100,'356,India,217,'01372,"Cashew nuts, in shell",5539,Producer Price Index (2014-2016 = 100),2019,2019,7021,Annual value,,120.81,E
100,'356,India,217,'01372,"Cashew nuts, in shell",5539,Producer Price Index (2014-2016 = 100),2020,2020,7021,Annual value,,111.04,E
100,'356,India,217,'01372,"Cashew nuts, in shell",5539,Producer Price Index (2014-2016 = 100),2021,2021,7021,Annual value,,124.68,E
100,'356,India,217,'01372,"Cashew nuts, in shell",5539,Producer Price Index (2014-2016 = 100),2022,2022,7021,Annual value,,130.93,E
100,'356,India,217,'01372,"Cashew nuts, in shell",5539,Producer Price Index (2014-2016 = 100),2023,2023,7021,Annual value,,132.62,E
100,'356,India,217,'01372,"Cashew nuts, in shell",5539,Producer Price Index (2014-2016 = 100),2024,2024,7021,Annual value,,145.5,E
100,'356,India,217,'01372,"Cashew nuts, in shell",5539,Producer Price Index (2014-2016 = 100),2025,2025,7021,Annual value,,155.13,E
100,'356,India,125,'01520.01,"Cassava, fresh",5539,Producer Price Index (2014-2016 = 100),1991,1991,7021,Annual value,,25.37,E
100,'356,India,125,'01520.01,"Cassava, fresh",5539,Producer Price Index (2014-2016 = 100),1992,1992,7021,Annual value,,22.09,E
100,'356,India,125,'01520.01,"Cassava, fresh",5539,Producer Price Index (2014-2016 = 100),1993,1993,7021,Annual value,,25.73,E
100,'356,India,125,'01520.01,"Cassava, fresh",5539,Producer Price Index (2014-2016 = 100),1994,1994,7021,Annual value,,28.82,E
100,'356,India,125,'01520.01,"Cassava, fresh",5539,Producer Price Index (2014-2016 = 100),1995,1995,7021,Annual value,,37.8,E
100,'356,India,125,'01520.01,"Cassava, fresh",5539,Producer Price Index (2014-2016 = 100),1996,1996,7021,Annual value,,30.65,E
100,'356,India,125,'01520.01,"Cassava, fresh",5539,Producer Price Index (2014-2016 = 100),1997,1997,7021,Annual value,,45.76,E
100,'356,India,125,'01520.01,"Cassava, fresh",5539,Producer Price Index (2014-2016 = 100),1998,1998,7021,Annual value,,43.66,E
100,'356,India,125,'01520.01,"Cassava, fresh",5539,Producer Price Index (2014-2016 = 100),1999,1999,7021,Annual value,,35.2,E
100,'356,India,125,'01520.01,"Cassava, fresh",5539,Producer Price Index (2014-2016 = 100),2000,2000,7021,Annual value,,43.14,E
100,'356,India,125,'01520.01,"Cassava, fresh",5539,Producer Price Index (2014-2016 = 100),2001,2001,7021,Annual value,,55.33,E
100,'356,India,125,'01520.01,"Cassava, fresh",5539,Producer Price Index (2014-2016 = 100),2002,2002,7021,Annual value,,38.04,E
100,'356,India,125,'01520.01,"Cassava, fresh",5539,Producer Price Index (2014-2016 = 100),2003,2003,7021,Annual value,,39.83,E
100,'356,India,125,'01520.01,"Cassava, fresh",5539,Producer Price Index (2014-2016 = 100),2004,2004,7021,Annual value,,42.21,E
100,'356,India,125,'01520.01,"Cassava, fresh",5539,Producer Price Index (2014-2016 = 100),2005,2005,7021,Annual value,,45.95,E
100,'356,India,125,'01520.01,"Cassava, fresh",5539,Producer Price Index (2014-2016 = 100),2006,2006,7021,Annual value,,48.94,E
100,'356,India,125,'01520.01,"Cassava, fresh",5539,Producer Price Index (2014-2016 = 100),2007,2007,7021,Annual value,,60.15,E
100,'356,India,125,'01520.01,"Cassava, fresh",5539,Producer Price Index (2014-2016 = 100),2008,2008,7021,Annual value,,59.31,E
100,'356,India,125,'01520.01,"Cassava, fresh",5539,Producer Price Index (2014-2016 = 100),2009,2009,7021,Annual value,,65.52,E
100,'356,India,125,'01520.01,"Cassava, fresh",5539,Producer Price Index (2014-2016 = 100),2010,2010,7021,Annual value,,77.14,E
100,'356,India,125,'01520.01,"Cassava, fresh",5539,Producer Price Index (2014-2016 = 100),2011,2011,7021,Annual value,,84.12,E
100,'356,India,125,'01520.01,"Cassava, fresh",5539,Producer Price Index (2014-2016 = 100),2012,2012,7021,Annual value,,91.28,E
100,'356,India,125,'01520.01,"Cassava, fresh",5539,Producer Price Index (2014-2016 = 100),2013,2013,7021,Annual value,,87.32,E
100,'356,India,125,'01520.01,"Cassava, fresh",5539,Producer Price Index (2014-2016 = 100),2014,2014,7021,Annual value,,94.65,E
100,'356,India,125,'01520.01,"Cassava, fresh",5539,Producer Price Index (2014-2016 = 100),2015,2015,7021,Annual value,,100.36,E
100,'356,India,125,'01520.01,"Cassava, fresh",5539,Producer Price Index (2014-2016 = 100),2016,2016,7021,Annual value,,104.99,E
100,'356,India,125,'01520.01,"Cassava, fresh",5539,Producer Price Index (2014-2016 = 100),2017,2017,7021,Annual value,,110.08,E
100,'356,India,125,'01520.01,"Cassava, fresh",5539,Producer Price Index (2014-2016 = 100),2018,2018,7021,Annual value,,109.77,E
100,'356,India,125,'01520.01,"Cassava, fresh",5539,Producer Price Index (2014-2016 = 100),2019,2019,7021,Annual value,,109.76,E
100,'356,India,125,'01520.01,"Cassava, fresh",5539,Producer Price Index (2014-2016 = 100),2020,2020,7021,Annual value,,115.78,E
100,'356,India,125,'01520.01,"Cassava, fresh",5539,Producer Price Index (2014-2016 = 100),2021,2021,7021,Annual value,,130.77,E
100,'356,India,125,'01520.01,"Cassava, fresh",5539,Producer Price Index (2014-2016 = 100),2022,2022,7021,Annual value,,132.13,E
100,'356,India,125,'01520.01,"Cassava, fresh",5539,Producer Price Index (2014-2016 = 100),2023,2023,7021,Annual value,,134.52,E
100,'356,India,125,'01520.01,"Cassava, fresh",5539,Producer Price Index (2014-2016 = 100),2024,2024,7021,Annual value,,146.5,E
100,'356,India,125,'01520.01,"Cassava, fresh",5539,Producer Price Index (2014-2016 = 100),2025,2025,7021,Annual value,,155.14,E
100,'356,India,265,'01447,Castor oil seeds,5530,Producer Price (LCU/tonne),1991,1991,7021,Annual value,LCU,6544.0,A
100,'356,India,265,'01447,Castor oil seeds,5530,Producer Price (LCU/tonne),1992,1992,7021,Annual value,LCU,7241.0,A
100,'356,India,265,'01447,Castor oil seeds,5530,Producer Price (LCU/tonne),1993,1993,7021,Annual value,LCU,8651.0,A
100,'356,India,265,'01447,Castor oil seeds,5530,Producer Price (LCU/tonne),1994,1994,7021,Annual value,LCU,10445.0,A
100,'356,India,265,'01447,Castor oil seeds,5530,Producer Price (LCU/tonne),1995,1995,7021,Annual value,LCU,10593.0,A
100,'356,India,265,'01447,Castor oil seeds,5530,Producer Price (LCU/tonne),1996,1996,7021,Annual value,LCU,9300.0,A
100,'356,India,265,'01447,Castor oil seeds,5530,Producer Price (LCU/tonne),1997,1997,7021,Annual value,LCU,9055.0,A
100,'356,India,265,'01447,Castor oil seeds,5530,Producer Price (LCU/tonne),1998,1998,7021,Annual value,LCU,11666.0,A
100,'356,India,265,'01447,Castor oil seeds,5530,Producer Price (LCU/tonne),1999,1999,7021,Annual value,LCU,11918.0,A
100,'356,India,265,'01447,Castor oil seeds,5530,Producer Price (LCU/tonne),2000,2000,7021,Annual value,LCU,11082.0,A
100,'356,India,265,'01447,Castor oil seeds,5530,Producer Price (LCU/tonne),2001,2001,7021,Annual value,LCU,13340.0,A
100,'356,India,265,'01447,Castor oil seeds,5530,Producer Price (LCU/tonne),2002,2002,7021,Annual value,LCU,15621.3,A
100,'356,India,265,'01447,Castor oil seeds,5530,Producer Price (LCU/tonne),2003,2003,7021,Annual value,LCU,16383.3,A
100,'356,India,265,'01447,Castor oil seeds,5530,Producer Price (LCU/tonne),2004,2004,7021,Annual value,LCU,16884.3,A
100,'356,India,265,'01447,Castor oil seeds,5530,Producer Price (LCU/tonne),2005,2005,7021,Annual value,LCU,15400.0,A
100,'356,India,265,'01447,Castor oil seeds,5530,Producer Price (LCU/tonne),2006,2006,7021,Annual value,LCU,14971.3,A
100,'356,India,265,'01447,Castor oil seeds,5531,Producer Price (SLC/tonne),1991,1991,7021,Annual value,SLC,6544.0,A
100,'356,India,265,'01447,Castor oil seeds,5531,Producer Price (SLC/tonne),1992,1992,7021,Annual value,SLC,7241.0,A
100,'356,India,265,'01447,Castor oil seeds,5531,Producer Price (SLC/tonne),1993,1993,7021,Annual value,SLC,8651.0,A
100,'356,India,265,'01447,Castor oil seeds,5531,Producer Price (SLC/tonne),1994,1994,7021,Annual value,SLC,10445.0,A
100,'356,India,265,'01447,Castor oil seeds,5531,Producer Price (SLC/tonne),1995,1995,7021,Annual value,SLC,10593.0,A
100,'356,India,265,'01447,Castor oil seeds,5531,Producer Price (SLC/tonne),1996,1996,7021,Annual value,SLC,9300.0,A
100,'356,India,265,'01447,Castor oil seeds,5531,Producer Price (SLC/tonne),1997,1997,7021,Annual value,SLC,9055.0,A
100,'356,India,265,'01447,Castor oil seeds,5531,Producer Price (SLC/tonne),1998,1998,7021,Annual value,SLC,11666.0,A
100,'356,India,265,'01447,Castor oil seeds,5531,Producer Price (SLC/tonne),1999,1999,7021,Annual value,SLC,11918.0,A
100,'356,India,265,'01447,Castor oil seeds,5531,Producer Price (SLC/tonne),2000,2000,7021,Annual value,SLC,11082.0,A
100,'356,India,265,'01447,Castor oil seeds,5531,Producer Price (SLC/tonne),2001,2001,7021,Annual value,SLC,13340.0,A
100,'356,India,265,'01447,Castor oil seeds,5531,Producer Price (SLC/tonne),2002,2002,7021,Annual value,SLC,15621.3,A
100,'356,India,265,'01447,Castor oil seeds,5531,Producer Price (SLC/tonne),2003,2003,7021,Annual value,SLC,16383.3,A
100,'356,India,265,'01447,Castor oil seeds,5531,Producer Price (SLC/tonne),2004,2004,7021,Annual value,SLC,16884.3,A
100,'356,India,265,'01447,Castor oil seeds,5531,Producer Price (SLC/tonne),2005,2005,7021,Annual value,SLC,15400.0,A
100,'356,India,265,'01447,Castor oil seeds,5531,Producer Price (SLC/tonne),2006,2006,7021,Annual value,SLC,14971.3,A
100,'356,India,265,'01447,Castor oil seeds,5532,Producer Price (USD/tonne),1991,1991,7021,Annual value,USD,287.7,A
100,'356,India,265,'01447,Castor oil seeds,5532,Producer Price (USD/tonne),1992,1992,7021,Annual value,USD,279.4,A
100,'356,India,265,'01447,Castor oil seeds,5532,Producer Price (USD/tonne),1993,1993,7021,Annual value,USD,283.7,A
100,'356,India,265,'01447,Castor oil seeds,5532,Producer Price (USD/tonne),1994,1994,7021,Annual value,USD,332.9,A
100,'356,India,265,'01447,Castor oil seeds,5532,Producer Price (USD/tonne),1995,1995,7021,Annual value,USD,326.7,A
100,'356,India,265,'01447,Castor oil seeds,5532,Producer Price (USD/tonne),1996,1996,7021,Annual value,USD,262.5,A
100,'356,India,265,'01447,Castor oil seeds,5532,Producer Price (USD/tonne),1997,1997,7021,Annual value,USD,249.4,A
100,'356,India,265,'01447,Castor oil seeds,5532,Producer Price (USD/tonne),1998,1998,7021,Annual value,USD,282.7,A
100,'356,India,265,'01447,Castor oil seeds,5532,Producer Price (USD/tonne),1999,1999,7021,Annual value,USD,276.8,A
100,'356,India,265,'01447,Castor oil seeds,5532,Producer Price (USD/tonne),2000,2000,7021,Annual value,USD,246.6,A
100,'356,India,265,'01447,Castor oil seeds,5532,Producer Price (USD/tonne),2001,2001,7021,Annual value,USD,282.7,A
100,'356,India,265,'01447,Castor oil seeds,5532,Producer Price (USD/tonne),2002,2002,7021,Annual value,USD,321.4,A
100,'356,India,265,'01447,Castor oil seeds,5532,Producer Price (USD/tonne),2003,2003,7021,Annual value,USD,351.7,A
100,'356,India,265,'01447,Castor oil seeds,5532,Producer Price (USD/tonne),2004,2004,7021,Annual value,USD,372.6,A
100,'356,India,265,'01447,Castor oil seeds,5532,Producer Price (USD/tonne),2005,2005,7021,Annual value,USD,349.2,A
100,'356,India,265,'01447,Castor oil seeds,5532,Producer Price (USD/tonne),2006,2006,7021,Annual value,USD,330.4,A
100,'356,India,265,'01447,Castor oil seeds,5539,Producer Price Index (2014-2016 = 100),1991,1991,7021,Annual value,,21.39,E
100,'356,India,265,'01447,Castor oil seeds,5539,Producer Price Index (2014-2016 = 100),1992,1992,7021,Annual value,,23.67,E
100,'356,India,265,'01447,Castor oil seeds,5539,Producer Price Index (2014-2016 = 100),1993,1993,7021,Annual value,,28.28,E
100,'356,India,265,'01447,Castor oil seeds,5539,Producer Price Index (2014-2016 = 100),1994,1994,7021,Annual value,,34.14,E
100,'356,India,265,'01447,Castor oil seeds,5539,Producer Price Index (2014-2016 = 100),1995,1995,7021,Annual value,,34.62,E
100,'356,India,265,'01447,Castor oil seeds,5539,Producer Price Index (2014-2016 = 100),1996,1996,7021,Annual value,,30.4,E
100,'356,India,265,'01447,Castor oil seeds,5539,Producer Price Index (2014-2016 = 100),1997,1997,7021,Annual value,,29.6,E
100,'356,India,265,'01447,Castor oil seeds,5539,Producer Price Index (2014-2016 = 100),1998,1998,7021,Annual value,,38.13,E
100,'356,India,265,'01447,Castor oil seeds,5539,Producer Price Index (2014-2016 = 100),1999,1999,7021,Annual value,,38.96,E
100,'356,India,265,'01447,Castor oil seeds,5539,Producer Price Index (2014-2016 = 100),2000,2000,7021,Annual value,,36.22,E
100,'356,India,265,'01447,Castor oil seeds,5539,Producer Price Index (2014-2016 = 100),2001,2001,7021,Annual value,,43.6,E
100,'356,India,265,'01447,Castor oil seeds,5539,Producer Price Index (2014-2016 = 100),2002,2002,7021,Annual value,,51.06,E
100,'356,India,265,'01447,Castor oil seeds,5539,Producer Price Index (2014-2016 = 100),2003,2003,7021,Annual value,,53.55,E
100,'356,India,265,'01447,Castor oil seeds,5539,Producer Price Index (2014-2016 = 100),2004,2004,7021,Annual value,,55.19,E
100,'356,India,265,'01447,Castor oil seeds,5539,Producer Price Index (2014-2016 = 100),2005,2005,7021,Annual value,,50.34,E
100,'356,India,265,'01447,Castor oil seeds,5539,Producer Price Index (2014-2016 = 100),2006,2006,7021,Annual value,,48.94,E
100,'356,India,265,'01447,Castor oil seeds,5539,Producer Price Index (2014-2016 = 100),2007,2007,7021,Annual value,,60.15,E
100,'356,India,265,'01447,Castor oil seeds,5539,Producer Price Index (2014-2016 = 100),2008,2008,7021,Annual value,,59.31,E
100,'356,India,265,'01447,Castor oil seeds,5539,Producer Price Index (2014-2016 = 100),2009,2009,7021,Annual value,,65.52,E
100,'356,India,265,'01447,Castor oil seeds,5539,Producer Price Index (2014-2016 = 100),2010,2010,7021,Annual value,,77.14,E
100,'356,India,265,'01447,Castor oil seeds,5539,Producer Price Index (2014-2016 = 100),2011,2011,7021,Annual value,,84.12,E
100,'356,India,265,'01447,Castor oil seeds,5539,Producer Price Index (2014-2016 = 100),2012,2012,7021,Annual value,,91.28,E
100,'356,India,265,'01447,Castor oil seeds,5539,Producer Price Index (2014-2016 = 100),2013,2013,7021,Annual value,,87.32,E
100,'356,India,265,'01447,Castor oil seeds,5539,Producer Price Index (2014-2016 = 100),2014,2014,7021,Annual value,,94.65,E
100,'356,India,265,'01447,Castor oil seeds,5539,Producer Price Index (2014-2016 = 100),2015,2015,7021,Annual value,,100.36,E
100,'356,India,265,'01447,Castor oil seeds,5539,Producer Price Index (2014-2016 = 100),2016,2016,7021,Annual value,,104.99,E
100,'356,India,265,'01447,Castor oil seeds,5539,Producer Price Index (2014-2016 = 100),2017,2017,7021,Annual value,,110.08,E
100,'356,India,265,'01447,Castor oil seeds,5539,Producer Price Index (2014-2016 = 100),2018,2018,7021,Annual value,,109.77,E
100,'356,India,265,'01447,Castor oil seeds,5539,Producer Price Index (2014-2016 = 100),2019,2019,7021,Annual value,,104.39,E
100,'356,India,265,'01447,Castor oil seeds,5539,Producer Price Index (2014-2016 = 100),2020,2020,7021,Annual value,,95.83,E
100,'356,India,265,'01447,Castor oil seeds,5539,Producer Price Index (2014-2016 = 100),2021,2021,7021,Annual value,,116.74,E
100,'356,India,265,'01447,Castor oil seeds,5539,Producer Price Index (2014-2016 = 100),2022,2022,7021,Annual value,,123.39,E
100,'356,India,265,'01447,Castor oil seeds,5539,Producer Price Index (2014-2016 = 100),2023,2023,7021,Annual value,,125.54,E
100,'356,India,265,'01447,Castor oil seeds,5539,Producer Price Index (2014-2016 = 100),2024,2024,7021,Annual value,,137.36,E
100,'356,India,265,'01447,Castor oil seeds,5539,Producer Price Index (2014-2016 = 100),2025,2025,7021,Annual value,,149.18,E
100,'356,India,393,'01213,Cauliflowers and broccoli,5530,Producer Price (LCU/tonne),2001,2001,7021,Annual value,LCU,11211.0,A
100,'356,India,393,'01213,Cauliflowers and broccoli,5531,Producer Price (SLC/tonne),2001,2001,7021,Annual value,SLC,11211.0,A
100,'356,India,393,'01213,Cauliflowers and broccoli,5532,Producer Price (USD/tonne),2001,2001,7021,Annual value,USD,237.6,A
100,'356,India,393,'01213,Cauliflowers and broccoli,5539,Producer Price Index (2014-2016 = 100),1991,1991,7021,Annual value,,13.97,E
100,'356,India,393,'01213,Cauliflowers and broccoli,5539,Producer Price Index (2014-2016 = 100),1992,1992,7021,Annual value,,16.61,E
100,'356,India,393,'01213,Cauliflowers and broccoli,5539,Producer Price Index (2014-2016 = 100),1993,1993,7021,Annual value,,17.62,E
100,'356,India,393,'01213,Cauliflowers and broccoli,5539,Producer Price Index (2014-2016 = 100),1994,1994,7021,Annual value,,18.95,E
100,'356,India,393,'01213,Cauliflowers and broccoli,5539,Producer Price Index (2014-2016 = 100),1995,1995,7021,Annual value,,20.83,E
100,'356,India,393,'01213,Cauliflowers and broccoli,5539,Producer Price Index (2014-2016 = 100),1996,1996,7021,Annual value,,23.34,E
100,'356,India,393,'01213,Cauliflowers and broccoli,5539,Producer Price Index (2014-2016 = 100),1997,1997,7021,Annual value,,24.56,E
100,'356,India,393,'01213,Cauliflowers and broccoli,5539,Producer Price Index (2014-2016 = 100),1998,1998,7021,Annual value,,32.05,E
100,'356,India,393,'01213,Cauliflowers and broccoli,5539,Producer Price Index (2014-2016 = 100),1999,1999,7021,Annual value,,32.03,E
100,'356,India,393,'01213,Cauliflowers and broccoli,5539,Producer Price Index (2014-2016 = 100),2000,2000,7021,Annual value,,33.97,E
100,'356,India,393,'01213,Cauliflowers and broccoli,5539,Producer Price Index (2014-2016 = 100),2001,2001,7021,Annual value,,33.74,E
100,'356,India,393,'01213,Cauliflowers and broccoli,5539,Producer Price Index (2014-2016 = 100),2002,2002,7021,Annual value,,36.72,E
100,'356,India,393,'01213,Cauliflowers and broccoli,5539,Producer Price Index (2014-2016 = 100),2003,2003,7021,Annual value,,39.83,E
100,'356,India,393,'01213,Cauliflowers and broccoli,5539,Producer Price Index (2014-2016 = 100),2004,2004,7021,Annual value,,42.21,E
100,'356,India,393,'01213,Cauliflowers and broccoli,5539,Producer Price Index (2014-2016 = 100),2005,2005,7021,Annual value,,45.95,E
100,'356,India,393,'01213,Cauliflowers and broccoli,5539,Producer Price Index (2014-2016 = 100),2006,2006,7021,Annual value,,48.94,E
100,'356,India,393,'01213,Cauliflowers and broccoli,5539,Producer Price Index (2014-2016 = 100),2007,2007,7021,Annual value,,60.15,E
100,'356,India,393,'01213,Cauliflowers and broccoli,5539,Producer Price Index (2014-2016 = 100),2008,2008,7021,Annual value,,59.31,E
100,'356,India,393,'01213,Cauliflowers and broccoli,5539,Producer Price Index (2014-2016 = 100),2009,2009,7021,Annual value,,65.52,E
100,'356,India,393,'01213,Cauliflowers and broccoli,5539,Producer Price Index (2014-2016 = 100),2010,2010,7021,Annual value,,77.14,E
100,'356,India,393,'01213,Cauliflowers and broccoli,5539,Producer Price Index (2014-2016 = 100),2011,2011,7021,Annual value,,84.12,E
100,'356,India,393,'01213,Cauliflowers and broccoli,5539,Producer Price Index (2014-2016 = 100),2012,2012,7021,Annual value,,91.28,E
100,'356,India,393,'01213,Cauliflowers and broccoli,5539,Producer Price Index (2014-2016 = 100),2013,2013,7021,Annual value,,87.32,E
100,'356,India,393,'01213,Cauliflowers and broccoli,5539,Producer Price Index (2014-2016 = 100),2014,2014,7021,Annual value,,94.65,E
100,'356,India,393,'01213,Cauliflowers and broccoli,5539,Producer Price Index (2014-2016 = 100),2015,2015,7021,Annual value,,100.36,E
100,'356,India,393,'01213,Cauliflowers and broccoli,5539,Producer Price Index (2014-2016 = 100),2016,2016,7021,Annual value,,104.99,E
100,'356,India,393,'01213,Cauliflowers and broccoli,5539,Producer Price Index (2014-2016 = 100),2017,2017,7021,Annual value,,110.08,E
100,'356,India,393,'01213,Cauliflowers and broccoli,5539,Producer Price Index (2014-2016 = 100),2018,2018,7021,Annual value,,109.77,E
100,'356,India,393,'01213,Cauliflowers and broccoli,5539,Producer Price Index (2014-2016 = 100),2019,2019,7021,Annual value,,116.67,E
100,'356,India,393,'01213,Cauliflowers and broccoli,5539,Producer Price Index (2014-2016 = 100),2020,2020,7021,Annual value,,117.56,E
100,'356,India,393,'01213,Cauliflowers and broccoli,5539,Producer Price Index (2014-2016 = 100),2021,2021,7021,Annual value,,126.17,E
100,'356,India,393,'01213,Cauliflowers and broccoli,5539,Producer Price Index (2014-2016 = 100),2022,2022,7021,Annual value,,129.61,E
100,'356,India,393,'01213,Cauliflowers and broccoli,5539,Producer Price Index (2014-2016 = 100),2023,2023,7021,Annual value,,127.74,E
100,'356,India,393,'01213,Cauliflowers and broccoli,5539,Producer Price Index (2014-2016 = 100),2024,2024,7021,Annual value,,139.94,E
100,'356,India,393,'01213,Cauliflowers and broccoli,5539,Producer Price Index (2014-2016 = 100),2025,2025,7021,Annual value,,148.55,E
100,'356,India,531,'01344.02,Cherries,5530,Producer Price (LCU/tonne),2001,2001,7021,Annual value,LCU,26984.0,A
100,'356,India,531,'01344.02,Cherries,5531,Producer Price (SLC/tonne),2001,2001,7021,Annual value,SLC,26984.0,A
100,'356,India,531,'01344.02,Cherries,5532,Producer Price (USD/tonne),2001,2001,7021,Annual value,USD,571.9,A
100,'356,India,531,'01344.02,Cherries,5539,Producer Price Index (2014-2016 = 100),1991,1991,7021,Annual value,,14.42,E
100,'356,India,531,'01344.02,Cherries,5539,Producer Price Index (2014-2016 = 100),1992,1992,7021,Annual value,,16.05,E
100,'356,India,531,'01344.02,Cherries,5539,Producer Price Index (2014-2016 = 100),1993,1993,7021,Annual value,,21.17,E
100,'356,India,531,'01344.02,Cherries,5539,Producer Price Index (2014-2016 = 100),1994,1994,7021,Annual value,,22.19,E
100,'356,India,531,'01344.02,Cherries,5539,Producer Price Index (2014-2016 = 100),1995,1995,7021,Annual value,,22.76,E
100,'356,India,531,'01344.02,Cherries,5539,Producer Price Index (2014-2016 = 100),1996,1996,7021,Annual value,,28.41,E
100,'356,India,531,'01344.02,Cherries,5539,Producer Price Index (2014-2016 = 100),1997,1997,7021,Annual value,,31.54,E
100,'356,India,531,'01344.02,Cherries,5539,Producer Price Index (2014-2016 = 100),1998,1998,7021,Annual value,,32.76,E
100,'356,India,531,'01344.02,Cherries,5539,Producer Price Index (2014-2016 = 100),1999,1999,7021,Annual value,,31.7,E
100,'356,India,531,'01344.02,Cherries,5539,Producer Price Index (2014-2016 = 100),2000,2000,7021,Annual value,,30.21,E
100,'356,India,531,'01344.02,Cherries,5539,Producer Price Index (2014-2016 = 100),2001,2001,7021,Annual value,,32.11,E
100,'356,India,531,'01344.02,Cherries,5539,Producer Price Index (2014-2016 = 100),2002,2002,7021,Annual value,,36.72,E
100,'356,India,531,'01344.02,Cherries,5539,Producer Price Index (2014-2016 = 100),2003,2003,7021,Annual value,,39.83,E
100,'356,India,531,'01344.02,Cherries,5539,Producer Price Index (2014-2016 = 100),2004,2004,7021,Annual value,,42.21,E
100,'356,India,531,'01344.02,Cherries,5539,Producer Price Index (2014-2016 = 100),2005,2005,7021,Annual value,,45.95,E
100,'356,India,531,'01344.02,Cherries,5539,Producer Price Index (2014-2016 = 100),2006,2006,7021,Annual value,,48.94,E
100,'356,India,531,'01344.02,Cherries,5539,Producer Price Index (2014-2016 = 100),2007,2007,7021,Annual value,,60.15,E
100,'356,India,531,'01344.02,Cherries,5539,Producer Price Index (2014-2016 = 100),2008,2008,7021,Annual value,,59.31,E
100,'356,India,531,'01344.02,Cherries,5539,Producer Price Index (2014-2016 = 100),2009,2009,7021,Annual value,,65.52,E
100,'356,India,531,'01344.02,Cherries,5539,Producer Price Index (2014-2016 = 100),2010,2010,7021,Annual value,,77.14,E
100,'356,India,531,'01344.02,Cherries,5539,Producer Price Index (2014-2016 = 100),2011,2011,7021,Annual value,,84.12,E
100,'356,India,531,'01344.02,Cherries,5539,Producer Price Index (2014-2016 = 100),2012,2012,7021,Annual value,,91.28,E
100,'356,India,531,'01344.02,Cherries,5539,Producer Price Index (2014-2016 = 100),2013,2013,7021,Annual value,,87.32,E
100,'356,India,531,'01344.02,Cherries,5539,Producer Price Index (2014-2016 = 100),2014,2014,7021,Annual value,,94.65,E
100,'356,India,531,'01344.02,Cherries,5539,Producer Price Index (2014-2016 = 100),2015,2015,7021,Annual value,,100.36,E
100,'356,India,531,'01344.02,Cherries,5539,Producer Price Index (2014-2016 = 100),2016,2016,7021,Annual value,,104.99,E
100,'356,India,531,'01344.02,Cherries,5539,Producer Price Index (2014-2016 = 100),2017,2017,7021,Annual value,,110.08,E
100,'356,India,531,'01344.02,Cherries,5539,Producer Price Index (2014-2016 = 100),2018,2018,7021,Annual value,,109.77,E
100,'356,India,531,'01344.02,Cherries,5539,Producer Price Index (2014-2016 = 100),2019,2019,7021,Annual value,,120.81,E
100,'356,India,531,'01344.02,Cherries,5539,Producer Price Index (2014-2016 = 100),2020,2020,7021,Annual value,,110.62,E
100,'356,India,531,'01344.02,Cherries,5539,Producer Price Index (2014-2016 = 100),2021,2021,7021,Annual value,,132.31,E
100,'356,India,531,'01344.02,Cherries,5539,Producer Price Index (2014-2016 = 100),2022,2022,7021,Annual value,,139.12,E
100,'356,India,531,'01344.02,Cherries,5539,Producer Price Index (2014-2016 = 100),2023,2023,7021,Annual value,,143.07,E
100,'356,India,531,'01344.02,Cherries,5539,Producer Price Index (2014-2016 = 100),2024,2024,7021,Annual value,,152.53,E
100,'356,India,531,'01344.02,Cherries,5539,Producer Price Index (2014-2016 = 100),2025,2025,7021,Annual value,,162.0,E
100,'356,India,191,'01703,"Chick peas, dry",5530,Producer Price (LCU/tonne),1991,1991,7021,Annual value,LCU,7337.0,A
100,'356,India,191,'01703,"Chick peas, dry",5530,Producer Price (LCU/tonne),1992,1992,7021,Annual value,LCU,8399.0,A
100,'356,India,191,'01703,"Chick peas, dry",5530,Producer Price (LCU/tonne),1993,1993,7021,Annual value,LCU,10662.0,A
100,'356,India,191,'01703,"Chick peas, dry",5530,Producer Price (LCU/tonne),1994,1994,7021,Annual value,LCU,10144.0,A
100,'356,India,191,'01703,"Chick peas, dry",5530,Producer Price (LCU/tonne),1995,1995,7021,Annual value,LCU,10311.0,A
100,'356,India,191,'01703,"Chick peas, dry",5530,Producer Price (LCU/tonne),1996,1996,7021,Annual value,LCU,11815.0,A
100,'356,India,191,'01703,"Chick peas, dry",5530,Producer Price (LCU/tonne),1997,1997,7021,Annual value,LCU,12993.0,A
100,'356,India,191,'01703,"Chick peas, dry",5530,Producer Price (LCU/tonne),1998,1998,7021,Annual value,LCU,14696.0,A
100,'356,India,191,'01703,"Chick peas, dry",5530,Producer Price (LCU/tonne),1999,1999,7021,Annual value,LCU,15122.0,A
100,'356,India,191,'01703,"Chick peas, dry",5530,Producer Price (LCU/tonne),2000,2000,7021,Annual value,LCU,16057.0,A
100,'356,India,191,'01703,"Chick peas, dry",5530,Producer Price (LCU/tonne),2001,2001,7021,Annual value,LCU,16681.3,A
100,'356,India,191,'01703,"Chick peas, dry",5530,Producer Price (LCU/tonne),2002,2002,7021,Annual value,LCU,16683.8,A
100,'356,India,191,'01703,"Chick peas, dry",5530,Producer Price (LCU/tonne),2003,2003,7021,Annual value,LCU,16317.5,A
100,'356,India,191,'01703,"Chick peas, dry",5530,Producer Price (LCU/tonne),2004,2004,7021,Annual value,LCU,17321.3,A
100,'356,India,191,'01703,"Chick peas, dry",5530,Producer Price (LCU/tonne),2005,2005,7021,Annual value,LCU,17155.0,A
100,'356,India,191,'01703,"Chick peas, dry",5530,Producer Price (LCU/tonne),2006,2006,7021,Annual value,LCU,21627.5,A
100,'356,India,191,'01703,"Chick peas, dry",5531,Producer Price (SLC/tonne),1991,1991,7021,Annual value,SLC,7337.0,A
100,'356,India,191,'01703,"Chick peas, dry",5531,Producer Price (SLC/tonne),1992,1992,7021,Annual value,SLC,8399.0,A
100,'356,India,191,'01703,"Chick peas, dry",5531,Producer Price (SLC/tonne),1993,1993,7021,Annual value,SLC,10662.0,A
100,'356,India,191,'01703,"Chick peas, dry",5531,Producer Price (SLC/tonne),1994,1994,7021,Annual value,SLC,10144.0,A
100,'356,India,191,'01703,"Chick peas, dry",5531,Producer Price (SLC/tonne),1995,1995,7021,Annual value,SLC,10311.0,A
100,'356,India,191,'01703,"Chick peas, dry",5531,Producer Price (SLC/tonne),1996,1996,7021,Annual value,SLC,11815.0,A
100,'356,India,191,'01703,"Chick peas, dry",5531,Producer Price (SLC/tonne),1997,1997,7021,Annual value,SLC,12993.0,A
100,'356,India,191,'01703,"Chick peas, dry",5531,Producer Price (SLC/tonne),1998,1998,7021,Annual value,SLC,14696.0,A
100,'356,India,191,'01703,"Chick peas, dry",5531,Producer Price (SLC/tonne),1999,1999,7021,Annual value,SLC,15122.0,A
100,'356,India,191,'01703,"Chick peas, dry",5531,Producer Price (SLC/tonne),2000,2000,7021,Annual value,SLC,16057.0,A
100,'356,India,191,'01703,"Chick peas, dry",5531,Producer Price (SLC/tonne),2001,2001,7021,Annual value,SLC,16681.3,A
100,'356,India,191,'01703,"Chick peas, dry",5531,Producer Price (SLC/tonne),2002,2002,7021,Annual value,SLC,16683.8,A
100,'356,India,191,'01703,"Chick peas, dry",5531,Producer Price (SLC/tonne),2003,2003,7021,Annual value,SLC,16317.5,A
100,'356,India,191,'01703,"Chick peas, dry",5531,Producer Price (SLC/tonne),2004,2004,7021,Annual value,SLC,17321.3,A
100,'356,India,191,'01703,"Chick peas, dry",5531,Producer Price (SLC/tonne),2005,2005,7021,Annual value,SLC,17155.0,A
100,'356,India,191,'01703,"Chick peas, dry",5531,Producer Price (SLC/tonne),2006,2006,7021,Annual value,SLC,21627.5,A
100,'356,India,191,'01703,"Chick peas, dry",5532,Producer Price (USD/tonne),1991,1991,7021,Annual value,USD,322.6,A
100,'356,India,191,'01703,"Chick peas, dry",5532,Producer Price (USD/tonne),1992,1992,7021,Annual value,USD,324.1,A
100,'356,India,191,'01703,"Chick peas, dry",5532,Producer Price (USD/tonne),1993,1993,7021,Annual value,USD,349.7,A
100,'356,India,191,'01703,"Chick peas, dry",5532,Producer Price (USD/tonne),1994,1994,7021,Annual value,USD,323.3,A
100,'356,India,191,'01703,"Chick peas, dry",5532,Producer Price (USD/tonne),1995,1995,7021,Annual value,USD,318.0,A
100,'356,India,191,'01703,"Chick peas, dry",5532,Producer Price (USD/tonne),1996,1996,7021,Annual value,USD,333.4,A
100,'356,India,191,'01703,"Chick peas, dry",5532,Producer Price (USD/tonne),1997,1997,7021,Annual value,USD,357.8,A
100,'356,India,191,'01703,"Chick peas, dry",5532,Producer Price (USD/tonne),1998,1998,7021,Annual value,USD,356.2,A
100,'356,India,191,'01703,"Chick peas, dry",5532,Producer Price (USD/tonne),1999,1999,7021,Annual value,USD,351.2,A
100,'356,India,191,'01703,"Chick peas, dry",5532,Producer Price (USD/tonne),2000,2000,7021,Annual value,USD,357.3,A
100,'356,India,191,'01703,"Chick peas, dry",5532,Producer Price (USD/tonne),2001,2001,7021,Annual value,USD,353.5,A
100,'356,India,191,'01703,"Chick peas, dry",5532,Producer Price (USD/tonne),2002,2002,7021,Annual value,USD,343.2,A
100,'356,India,191,'01703,"Chick peas, dry",5532,Producer Price (USD/tonne),2003,2003,7021,Annual value,USD,350.3,A
100,'356,India,191,'01703,"Chick peas, dry",5532,Producer Price (USD/tonne),2004,2004,7021,Annual value,USD,382.2,A
100,'356,India,191,'01703,"Chick peas, dry",5532,Producer Price (USD/tonne),2005,2005,7021,Annual value,USD,389.0,A
100,'356,India,191,'01703,"Chick peas, dry",5532,Producer Price (USD/tonne),2006,2006,7021,Annual value,USD,477.4,A
100,'356,India,191,'01703,"Chick peas, dry",5539,Producer Price Index (2014-2016 = 100),1991,1991,7021,Annual value,,16.6,E
100,'356,India,191,'01703,"Chick peas, dry",5539,Producer Price Index (2014-2016 = 100),1992,1992,7021,Annual value,,19.0,E
100,'356,India,191,'01703,"Chick peas, dry",5539,Producer Price Index (2014-2016 = 100),1993,1993,7021,Annual value,,24.12,E
100,'356,India,191,'01703,"Chick peas, dry",5539,Producer Price Index (2014-2016 = 100),1994,1994,7021,Annual value,,22.95,E
100,'356,India,191,'01703,"Chick peas, dry",5539,Producer Price Index (2014-2016 = 100),1995,1995,7021,Annual value,,23.33,E
100,'356,India,191,'01703,"Chick peas, dry",5539,Producer Price Index (2014-2016 = 100),1996,1996,7021,Annual value,,26.73,E
100,'356,India,191,'01703,"Chick peas, dry",5539,Producer Price Index (2014-2016 = 100),1997,1997,7021,Annual value,,29.4,E
100,'356,India,191,'01703,"Chick peas, dry",5539,Producer Price Index (2014-2016 = 100),1998,1998,7021,Annual value,,33.25,E
100,'356,India,191,'01703,"Chick peas, dry",5539,Producer Price Index (2014-2016 = 100),1999,1999,7021,Annual value,,34.22,E
100,'356,India,191,'01703,"Chick peas, dry",5539,Producer Price Index (2014-2016 = 100),2000,2000,7021,Annual value,,36.33,E
100,'356,India,191,'01703,"Chick peas, dry",5539,Producer Price Index (2014-2016 = 100),2001,2001,7021,Annual value,,37.74,E
100,'356,India,191,'01703,"Chick peas, dry",5539,Producer Price Index (2014-2016 = 100),2002,2002,7021,Annual value,,37.75,E
100,'356,India,191,'01703,"Chick peas, dry",5539,Producer Price Index (2014-2016 = 100),2003,2003,7021,Annual value,,36.92,E
100,'356,India,191,'01703,"Chick peas, dry",5539,Producer Price Index (2014-2016 = 100),2004,2004,7021,Annual value,,39.19,E
100,'356,India,191,'01703,"Chick peas, dry",5539,Producer Price Index (2014-2016 = 100),2005,2005,7021,Annual value,,38.82,E
100,'356,India,191,'01703,"Chick peas, dry",5539,Producer Price Index (2014-2016 = 100),2006,2006,7021,Annual value,,48.94,E
100,'356,India,191,'01703,"Chick peas, dry",5539,Producer Price Index (2014-2016 = 100),2007,2007,7021,Annual value,,60.15,E
100,'356,India,191,'01703,"Chick peas, dry",5539,Producer Price Index (2014-2016 = 100),2008,2008,7021,Annual value,,59.31,E
100,'356,India,191,'01703,"Chick peas, dry",5539,Producer Price Index (2014-2016 = 100),2009,2009,7021,Annual value,,65.52,E
100,'356,India,191,'01703,"Chick peas, dry",5539,Producer Price Index (2014-2016 = 100),2010,2010,7021,Annual value,,77.14,E
100,'356,India,191,'01703,"Chick peas, dry",5539,Producer Price Index (2014-2016 = 100),2011,2011,7021,Annual value,,84.12,E
100,'356,India,191,'01703,"Chick peas, dry",5539,Producer Price Index (2014-2016 = 100),2012,2012,7021,Annual value,,91.28,E
100,'356,India,191,'01703,"Chick peas, dry",5539,Producer Price Index (2014-2016 = 100),2013,2013,7021,Annual value,,87.32,E
100,'356,India,191,'01703,"Chick peas, dry",5539,Producer Price Index (2014-2016 = 100),2014,2014,7021,Annual value,,94.65,E
100,'356,India,191,'01703,"Chick peas, dry",5539,Producer Price Index (2014-2016 = 100),2015,2015,7021,Annual value,,100.36,E
100,'356,India,191,'01703,"Chick peas, dry",5539,Producer Price Index (2014-2016 = 100),2016,2016,7021,Annual value,,104.99,E
100,'356,India,191,'01703,"Chick peas, dry",5539,Producer Price Index (2014-2016 = 100),2017,2017,7021,Annual value,,110.08,E
100,'356,India,191,'01703,"Chick peas, dry",5539,Producer Price Index (2014-2016 = 100),2018,2018,7021,Annual value,,109.77,E
100,'356,India,191,'01703,"Chick peas, dry",5539,Producer Price Index (2014-2016 = 100),2019,2019,7021,Annual value,,120.17,E
100,'356,India,191,'01703,"Chick peas, dry",5539,Producer Price Index (2014-2016 = 100),2020,2020,7021,Annual value,,124.4,E
100,'356,India,191,'01703,"Chick peas, dry",5539,Producer Price Index (2014-2016 = 100),2021,2021,7021,Annual value,,143.67,E
100,'356,India,191,'01703,"Chick peas, dry",5539,Producer Price Index (2014-2016 = 100),2022,2022,7021,Annual value,,145.23,E
100,'356,India,191,'01703,"Chick peas, dry",5539,Producer Price Index (2014-2016 = 100),2023,2023,7021,Annual value,,142.03,E
100,'356,India,191,'01703,"Chick peas, dry",5539,Producer Price Index (2014-2016 = 100),2024,2024,7021,Annual value,,155.39,E
100,'356,India,191,'01703,"Chick peas, dry",5539,Producer Price Index (2014-2016 = 100),2025,2025,7021,Annual value,,168.76,E
100,'356,India,689,'01652,"Chillies and peppers, dry (Capsicum spp., Pimenta spp.), raw",5530,Producer Price (LCU/tonne),1991,1991,7021,Annual value,LCU,30454.0,A
100,'356,India,689,'01652,"Chillies and peppers, dry (Capsicum spp., Pimenta spp.), raw",5530,Producer Price (LCU/tonne),1992,1992,7021,Annual value,LCU,25501.0,A
100,'356,India,689,'01652,"Chillies and peppers, dry (Capsicum spp., Pimenta spp.), raw",5530,Producer Price (LCU/tonne),1993,1993,7021,Annual value,LCU,23129.0,A
100,'356,India,689,'01652,"Chillies and peppers, dry (Capsicum spp., Pimenta spp.), raw",5530,Producer Price (LCU/tonne),1994,1994,7021,Annual value,LCU,28273.0,A
100,'356,India,689,'01652,"Chillies and peppers, dry (Capsicum spp., Pimenta spp.), raw",5530,Producer Price (LCU/tonne),1995,1995,7021,Annual value,LCU,36171.0,A
100,'356,India,689,'01652,"Chillies and peppers, dry (Capsicum spp., Pimenta spp.), raw",5530,Producer Price (LCU/tonne),1996,1996,7021,Annual value,LCU,43327.0,A
100,'356,India,689,'01652,"Chillies and peppers, dry (Capsicum spp., Pimenta spp.), raw",5530,Producer Price (LCU/tonne),1997,1997,7021,Annual value,LCU,30984.0,A
100,'356,India,689,'01652,"Chillies and peppers, dry (Capsicum spp., Pimenta spp.), raw",5530,Producer Price (LCU/tonne),1998,1998,7021,Annual value,LCU,39450.0,A
100,'356,India,689,'01652,"Chillies and peppers, dry (Capsicum spp., Pimenta spp.), raw",5530,Producer Price (LCU/tonne),1999,1999,7021,Annual value,LCU,36579.0,A
100,'356,India,689,'01652,"Chillies and peppers, dry (Capsicum spp., Pimenta spp.), raw",5530,Producer Price (LCU/tonne),2000,2000,7021,Annual value,LCU,38126.0,A
100,'356,India,689,'01652,"Chillies and peppers, dry (Capsicum spp., Pimenta spp.), raw",5530,Producer Price (LCU/tonne),2001,2001,7021,Annual value,LCU,37736.0,A
100,'356,India,689,'01652,"Chillies and peppers, dry (Capsicum spp., Pimenta spp.), raw",5530,Producer Price (LCU/tonne),2002,2002,7021,Annual value,LCU,38989.3,A
100,'356,India,689,'01652,"Chillies and peppers, dry (Capsicum spp., Pimenta spp.), raw",5530,Producer Price (LCU/tonne),2003,2003,7021,Annual value,LCU,40291.4,A
100,'356,India,689,'01652,"Chillies and peppers, dry (Capsicum spp., Pimenta spp.), raw",5530,Producer Price (LCU/tonne),2004,2004,7021,Annual value,LCU,38349.3,A
100,'356,India,689,'01652,"Chillies and peppers, dry (Capsicum spp., Pimenta spp.), raw",5530,Producer Price (LCU/tonne),2005,2005,7021,Annual value,LCU,39830.7,A
100,'356,India,689,'01652,"Chillies and peppers, dry (Capsicum spp., Pimenta spp.), raw",5530,Producer Price (LCU/tonne),2006,2006,7021,Annual value,LCU,46278.0,A
100,'356,India,689,'01652,"Chillies and peppers, dry (Capsicum spp., Pimenta spp.), raw",5531,Producer Price (SLC/tonne),1991,1991,7021,Annual value,SLC,30454.0,A
100,'356,India,689,'01652,"Chillies and peppers, dry (Capsicum spp., Pimenta spp.), raw",5531,Producer Price (SLC/tonne),1992,1992,7021,Annual value,SLC,25501.0,A
100,'356,India,689,'01652,"Chillies and peppers, dry (Capsicum spp., Pimenta spp.), raw",5531,Producer Price (SLC/tonne),1993,1993,7021,Annual value,SLC,23129.0,A
100,'356,India,689,'01652,"Chillies and peppers, dry (Capsicum spp., Pimenta spp.), raw",5531,Producer Price (SLC/tonne),1994,1994,7021,Annual value,SLC,28273.0,A
100,'356,India,689,'01652,"Chillies and peppers, dry (Capsicum spp., Pimenta spp.), raw",5531,Producer Price (SLC/tonne),1995,1995,7021,Annual value,SLC,36171.0,A
100,'356,India,689,'01652,"Chillies and peppers, dry (Capsicum spp., Pimenta spp.), raw",5531,Producer Price (SLC/tonne),1996,1996,7021,Annual value,SLC,43327.0,A
100,'356,India,689,'01652,"Chillies and peppers, dry (Capsicum spp., Pimenta spp.), raw",5531,Producer Price (SLC/tonne),1997,1997,7021,Annual value,SLC,30984.0,A
100,'356,India,689,'01652,"Chillies and peppers, dry (Capsicum spp., Pimenta spp.), raw",5531,Producer Price (SLC/tonne),1998,1998,7021,Annual value,SLC,39450.0,A
100,'356,India,689,'01652,"Chillies and peppers, dry (Capsicum spp., Pimenta spp.), raw",5531,Producer Price (SLC/tonne),1999,1999,7021,Annual value,SLC,36579.0,A
100,'356,India,689,'01652,"Chillies and peppers, dry (Capsicum spp., Pimenta spp.), raw",5531,Producer Price (SLC/tonne),2000,2000,7021,Annual value,SLC,38126.0,A
100,'356,India,689,'01652,"Chillies and peppers, dry (Capsicum spp., Pimenta spp.), raw",5531,Producer Price (SLC/tonne),2001,2001,7021,Annual value,SLC,37736.0,A
100,'356,India,689,'01652,"Chillies and peppers, dry (Capsicum spp., Pimenta spp.), raw",5531,Producer Price (SLC/tonne),2002,2002,7021,Annual value,SLC,38989.3,A
100,'356,India,689,'01652,"Chillies and peppers, dry (Capsicum spp., Pimenta spp.), raw",5531,Producer Price (SLC/tonne),2003,2003,7021,Annual value,SLC,40291.4,A
100,'356,India,689,'01652,"Chillies and peppers, dry (Capsicum spp., Pimenta spp.), raw",5531,Producer Price (SLC/tonne),2004,2004,7021,Annual value,SLC,38349.3,A
100,'356,India,689,'01652,"Chillies and peppers, dry (Capsicum spp., Pimenta spp.), raw",5531,Producer Price (SLC/tonne),2005,2005,7021,Annual value,SLC,39830.7,A
100,'356,India,689,'01652,"Chillies and peppers, dry (Capsicum spp., Pimenta spp.), raw",5531,Producer Price (SLC/tonne),2006,2006,7021,Annual value,SLC,46278.0,A
100,'356,India,689,'01652,"Chillies and peppers, dry (Capsicum spp., Pimenta spp.), raw",5532,Producer Price (USD/tonne),1991,1991,7021,Annual value,USD,1339.1,A
100,'356,India,689,'01652,"Chillies and peppers, dry (Capsicum spp., Pimenta spp.), raw",5532,Producer Price (USD/tonne),1992,1992,7021,Annual value,USD,983.9,A
100,'356,India,689,'01652,"Chillies and peppers, dry (Capsicum spp., Pimenta spp.), raw",5532,Producer Price (USD/tonne),1993,1993,7021,Annual value,USD,758.5,A
100,'356,India,689,'01652,"Chillies and peppers, dry (Capsicum spp., Pimenta spp.), raw",5532,Producer Price (USD/tonne),1994,1994,7021,Annual value,USD,901.2,A
100,'356,India,689,'01652,"Chillies and peppers, dry (Capsicum spp., Pimenta spp.), raw",5532,Producer Price (USD/tonne),1995,1995,7021,Annual value,USD,1115.5,A
100,'356,India,689,'01652,"Chillies and peppers, dry (Capsicum spp., Pimenta spp.), raw",5532,Producer Price (USD/tonne),1996,1996,7021,Annual value,USD,1222.8,A
100,'356,India,689,'01652,"Chillies and peppers, dry (Capsicum spp., Pimenta spp.), raw",5532,Producer Price (USD/tonne),1997,1997,7021,Annual value,USD,853.2,A
100,'356,India,689,'01652,"Chillies and peppers, dry (Capsicum spp., Pimenta spp.), raw",5532,Producer Price (USD/tonne),1998,1998,7021,Annual value,USD,956.1,A
100,'356,India,689,'01652,"Chillies and peppers, dry (Capsicum spp., Pimenta spp.), raw",5532,Producer Price (USD/tonne),1999,1999,7021,Annual value,USD,849.6,A
100,'356,India,689,'01652,"Chillies and peppers, dry (Capsicum spp., Pimenta spp.), raw",5532,Producer Price (USD/tonne),2000,2000,7021,Annual value,USD,848.3,A
100,'356,India,689,'01652,"Chillies and peppers, dry (Capsicum spp., Pimenta spp.), raw",5532,Producer Price (USD/tonne),2001,2001,7021,Annual value,USD,799.7,A
100,'356,India,689,'01652,"Chillies and peppers, dry (Capsicum spp., Pimenta spp.), raw",5532,Producer Price (USD/tonne),2002,2002,7021,Annual value,USD,802.1,A
100,'356,India,689,'01652,"Chillies and peppers, dry (Capsicum spp., Pimenta spp.), raw",5532,Producer Price (USD/tonne),2003,2003,7021,Annual value,USD,864.9,A
100,'356,India,689,'01652,"Chillies and peppers, dry (Capsicum spp., Pimenta spp.), raw",5532,Producer Price (USD/tonne),2004,2004,7021,Annual value,USD,846.3,A
100,'356,India,689,'01652,"Chillies and peppers, dry (Capsicum spp., Pimenta spp.), raw",5532,Producer Price (USD/tonne),2005,2005,7021,Annual value,USD,903.2,A
100,'356,India,689,'01652,"Chillies and peppers, dry (Capsicum spp., Pimenta spp.), raw",5532,Producer Price (USD/tonne),2006,2006,7021,Annual value,USD,1021.4,A
100,'356,India,689,'01652,"Chillies and peppers, dry (Capsicum spp., Pimenta spp.), raw",5539,Producer Price Index (2014-2016 = 100),1991,1991,7021,Annual value,,32.2,E
100,'356,India,689,'01652,"Chillies and peppers, dry (Capsicum spp., Pimenta spp.), raw",5539,Producer Price Index (2014-2016 = 100),1992,1992,7021,Annual value,,26.97,E
100,'356,India,689,'01652,"Chillies and peppers, dry (Capsicum spp., Pimenta spp.), raw",5539,Producer Price Index (2014-2016 = 100),1993,1993,7021,Annual value,,24.46,E
100,'356,India,689,'01652,"Chillies and peppers, dry (Capsicum spp., Pimenta spp.), raw",5539,Producer Price Index (2014-2016 = 100),1994,1994,7021,Annual value,,29.9,E
100,'356,India,689,'01652,"Chillies and peppers, dry (Capsicum spp., Pimenta spp.), raw",5539,Producer Price Index (2014-2016 = 100),1995,1995,7021,Annual value,,38.25,E
100,'356,India,689,'01652,"Chillies and peppers, dry (Capsicum spp., Pimenta spp.), raw",5539,Producer Price Index (2014-2016 = 100),1996,1996,7021,Annual value,,45.81,E
100,'356,India,689,'01652,"Chillies and peppers, dry (Capsicum spp., Pimenta spp.), raw",5539,Producer Price Index (2014-2016 = 100),1997,1997,7021,Annual value,,32.76,E
100,'356,India,689,'01652,"Chillies and peppers, dry (Capsicum spp., Pimenta spp.), raw",5539,Producer Price Index (2014-2016 = 100),1998,1998,7021,Annual value,,41.72,E
100,'356,India,689,'01652,"Chillies and peppers, dry (Capsicum spp., Pimenta spp.), raw",5539,Producer Price Index (2014-2016 = 100),1999,1999,7021,Annual value,,38.68,E
100,'356,India,689,'01652,"Chillies and peppers, dry (Capsicum spp., Pimenta spp.), raw",5539,Producer Price Index (2014-2016 = 100),2000,2000,7021,Annual value,,40.32,E
100,'356,India,689,'01652,"Chillies and peppers, dry (Capsicum spp., Pimenta spp.), raw",5539,Producer Price Index (2014-2016 = 100),2001,2001,7021,Annual value,,39.9,E
100,'356,India,689,'01652,"Chillies and peppers, dry (Capsicum spp., Pimenta spp.), raw",5539,Producer Price Index (2014-2016 = 100),2002,2002,7021,Annual value,,41.23,E
100,'356,India,689,'01652,"Chillies and peppers, dry (Capsicum spp., Pimenta spp.), raw",5539,Producer Price Index (2014-2016 = 100),2003,2003,7021,Annual value,,42.61,E
100,'356,India,689,'01652,"Chillies and peppers, dry (Capsicum spp., Pimenta spp.), raw",5539,Producer Price Index (2014-2016 = 100),2004,2004,7021,Annual value,,40.55,E
100,'356,India,689,'01652,"Chillies and peppers, dry (Capsicum spp., Pimenta spp.), raw",5539,Producer Price Index (2014-2016 = 100),2005,2005,7021,Annual value,,42.12,E
100,'356,India,689,'01652,"Chillies and peppers, dry (Capsicum spp., Pimenta spp.), raw",5539,Producer Price Index (2014-2016 = 100),2006,2006,7021,Annual value,,48.94,E
100,'356,India,689,'01652,"Chillies and peppers, dry (Capsicum spp., Pimenta spp.), raw",5539,Producer Price Index (2014-2016 = 100),2007,2007,7021,Annual value,,60.15,E
100,'356,India,689,'01652,"Chillies and peppers, dry (Capsicum spp., Pimenta spp.), raw",5539,Producer Price Index (2014-2016 = 100),2008,2008,7021,Annual value,,59.31,E
100,'356,India,689,'01652,"Chillies and peppers, dry (Capsicum spp., Pimenta spp.), raw",5539,Producer Price Index (2014-2016 = 100),2009,2009,7021,Annual value,,65.52,E
100,'356,India,689,'01652,"Chillies and peppers, dry (Capsicum spp., Pimenta spp.), raw",5539,Producer Price Index (2014-2016 = 100),2010,2010,7021,Annual value,,77.14,E
100,'356,India,689,'01652,"Chillies and peppers, dry (Capsicum spp., Pimenta spp.), raw",5539,Producer Price Index (2014-2016 = 100),2011,2011,7021,Annual value,,84.12,E
100,'356,India,689,'01652,"Chillies and peppers, dry (Capsicum spp., Pimenta spp.), raw",5539,Producer Price Index (2014-2016 = 100),2012,2012,7021,Annual value,,91.28,E
100,'356,India,689,'01652,"Chillies and peppers, dry (Capsicum spp., Pimenta spp.), raw",5539,Producer Price Index (2014-2016 = 100),2013,2013,7021,Annual value,,87.32,E
100,'356,India,689,'01652,"Chillies and peppers, dry (Capsicum spp., Pimenta spp.), raw",5539,Producer Price Index (2014-2016 = 100),2014,2014,7021,Annual value,,94.65,E
100,'356,India,689,'01652,"Chillies and peppers, dry (Capsicum spp., Pimenta spp.), raw",5539,Producer Price Index (2014-2016 = 100),2015,2015,7021,Annual value,,100.36,E
100,'356,India,689,'01652,"Chillies and peppers, dry (Capsicum spp., Pimenta spp.), raw",5539,Producer Price Index (2014-2016 = 100),2016,2016,7021,Annual value,,104.99,E
100,'356,India,689,'01652,"Chillies and peppers, dry (Capsicum spp., Pimenta spp.), raw",5539,Producer Price Index (2014-2016 = 100),2017,2017,7021,Annual value,,110.08,E
100,'356,India,689,'01652,"Chillies and peppers, dry (Capsicum spp., Pimenta spp.), raw",5539,Producer Price Index (2014-2016 = 100),2018,2018,7021,Annual value,,109.77,E
100,'356,India,689,'01652,"Chillies and peppers, dry (Capsicum spp., Pimenta spp.), raw",5539,Producer Price Index (2014-2016 = 100),2019,2019,7021,Annual value,,123.57,E
100,'356,India,689,'01652,"Chillies and peppers, dry (Capsicum spp., Pimenta spp.), raw",5539,Producer Price Index (2014-2016 = 100),2020,2020,7021,Annual value,,128.2,E
100,'356,India,689,'01652,"Chillies and peppers, dry (Capsicum spp., Pimenta spp.), raw",5539,Producer Price Index (2014-2016 = 100),2021,2021,7021,Annual value,,135.83,E
100,'356,India,689,'01652,"Chillies and peppers, dry (Capsicum spp., Pimenta spp.), raw",5539,Producer Price Index (2014-2016 = 100),2022,2022,7021,Annual value,,139.25,E
100,'356,India,689,'01652,"Chillies and peppers, dry (Capsicum spp., Pimenta spp.), raw",5539,Producer Price Index (2014-2016 = 100),2023,2023,7021,Annual value,,141.03,E
100,'356,India,689,'01652,"Chillies and peppers, dry (Capsicum spp., Pimenta spp.), raw",5539,Producer Price Index (2014-2016 = 100),2024,2024,7021,Annual value,,153.38,E
100,'356,India,689,'01652,"Chillies and peppers, dry (Capsicum spp., Pimenta spp.), raw",5539,Producer Price Index (2014-2016 = 100),2025,2025,7021,Annual value,,160.5,E
100,'356,India,401,'01231,"Chillies and peppers, green (Capsicum spp. and Pimenta spp.)",5539,Producer Price Index (2014-2016 = 100),1991,1991,7021,Annual value,,22.28,E
100,'356,India,401,'01231,"Chillies and peppers, green (Capsicum spp. and Pimenta spp.)",5539,Producer Price Index (2014-2016 = 100),1992,1992,7021,Annual value,,16.88,E
100,'356,India,401,'01231,"Chillies and peppers, green (Capsicum spp. and Pimenta spp.)",5539,Producer Price Index (2014-2016 = 100),1993,1993,7021,Annual value,,20.72,E
100,'356,India,401,'01231,"Chillies and peppers, green (Capsicum spp. and Pimenta spp.)",5539,Producer Price Index (2014-2016 = 100),1994,1994,7021,Annual value,,29.66,E
100,'356,India,401,'01231,"Chillies and peppers, green (Capsicum spp. and Pimenta spp.)",5539,Producer Price Index (2014-2016 = 100),1995,1995,7021,Annual value,,22.76,E
100,'356,India,401,'01231,"Chillies and peppers, green (Capsicum spp. and Pimenta spp.)",5539,Producer Price Index (2014-2016 = 100),1996,1996,7021,Annual value,,32.66,E
100,'356,India,401,'01231,"Chillies and peppers, green (Capsicum spp. and Pimenta spp.)",5539,Producer Price Index (2014-2016 = 100),1997,1997,7021,Annual value,,30.32,E
100,'356,India,401,'01231,"Chillies and peppers, green (Capsicum spp. and Pimenta spp.)",5539,Producer Price Index (2014-2016 = 100),1998,1998,7021,Annual value,,48.38,E
100,'356,India,401,'01231,"Chillies and peppers, green (Capsicum spp. and Pimenta spp.)",5539,Producer Price Index (2014-2016 = 100),1999,1999,7021,Annual value,,57.51,E
100,'356,India,401,'01231,"Chillies and peppers, green (Capsicum spp. and Pimenta spp.)",5539,Producer Price Index (2014-2016 = 100),2000,2000,7021,Annual value,,35.79,E
100,'356,India,401,'01231,"Chillies and peppers, green (Capsicum spp. and Pimenta spp.)",5539,Producer Price Index (2014-2016 = 100),2001,2001,7021,Annual value,,35.27,E
100,'356,India,401,'01231,"Chillies and peppers, green (Capsicum spp. and Pimenta spp.)",5539,Producer Price Index (2014-2016 = 100),2002,2002,7021,Annual value,,40.83,E
100,'356,India,401,'01231,"Chillies and peppers, green (Capsicum spp. and Pimenta spp.)",5539,Producer Price Index (2014-2016 = 100),2003,2003,7021,Annual value,,39.83,E
100,'356,India,401,'01231,"Chillies and peppers, green (Capsicum spp. and Pimenta spp.)",5539,Producer Price Index (2014-2016 = 100),2004,2004,7021,Annual value,,42.21,E
100,'356,India,401,'01231,"Chillies and peppers, green (Capsicum spp. and Pimenta spp.)",5539,Producer Price Index (2014-2016 = 100),2005,2005,7021,Annual value,,45.95,E
100,'356,India,401,'01231,"Chillies and peppers, green (Capsicum spp. and Pimenta spp.)",5539,Producer Price Index (2014-2016 = 100),2006,2006,7021,Annual value,,48.94,E
100,'356,India,401,'01231,"Chillies and peppers, green (Capsicum spp. and Pimenta spp.)",5539,Producer Price Index (2014-2016 = 100),2007,2007,7021,Annual value,,60.15,E
100,'356,India,401,'01231,"Chillies and peppers, green (Capsicum spp. and Pimenta spp.)",5539,Producer Price Index (2014-2016 = 100),2008,2008,7021,Annual value,,59.31,E
100,'356,India,401,'01231,"Chillies and peppers, green (Capsicum spp. and Pimenta spp.)",5539,Producer Price Index (2014-2016 = 100),2009,2009,7021,Annual value,,65.52,E
100,'356,India,401,'01231,"Chillies and peppers, green (Capsicum spp. and Pimenta spp.)",5539,Producer Price Index (2014-2016 = 100),2010,2010,7021,Annual value,,77.14,E
100,'356,India,401,'01231,"Chillies and peppers, green (Capsicum spp. and Pimenta spp.)",5539,Producer Price Index (2014-2016 = 100),2011,2011,7021,Annual value,,84.12,E
100,'356,India,401,'01231,"Chillies and peppers, green (Capsicum spp. and Pimenta spp.)",5539,Producer Price Index (2014-2016 = 100),2012,2012,7021,Annual value,,91.28,E
100,'356,India,401,'01231,"Chillies and peppers, green (Capsicum spp. and Pimenta spp.)",5539,Producer Price Index (2014-2016 = 100),2013,2013,7021,Annual value,,87.32,E
100,'356,India,401,'01231,"Chillies and peppers, green (Capsicum spp. and Pimenta spp.)",5539,Producer Price Index (2014-2016 = 100),2014,2014,7021,Annual value,,94.65,E
100,'356,India,401,'01231,"Chillies and peppers, green (Capsicum spp. and Pimenta spp.)",5539,Producer Price Index (2014-2016 = 100),2015,2015,7021,Annual value,,100.36,E
100,'356,India,401,'01231,"Chillies and peppers, green (Capsicum spp. and Pimenta spp.)",5539,Producer Price Index (2014-2016 = 100),2016,2016,7021,Annual value,,104.99,E
100,'356,India,401,'01231,"Chillies and peppers, green (Capsicum spp. and Pimenta spp.)",5539,Producer Price Index (2014-2016 = 100),2017,2017,7021,Annual value,,110.08,E
100,'356,India,401,'01231,"Chillies and peppers, green (Capsicum spp. and Pimenta spp.)",5539,Producer Price Index (2014-2016 = 100),2018,2018,7021,Annual value,,109.77,E
100,'356,India,401,'01231,"Chillies and peppers, green (Capsicum spp. and Pimenta spp.)",5539,Producer Price Index (2014-2016 = 100),2019,2019,7021,Annual value,,122.57,E
100,'356,India,401,'01231,"Chillies and peppers, green (Capsicum spp. and Pimenta spp.)",5539,Producer Price Index (2014-2016 = 100),2020,2020,7021,Annual value,,119.85,E
100,'356,India,401,'01231,"Chillies and peppers, green (Capsicum spp. and Pimenta spp.)",5539,Producer Price Index (2014-2016 = 100),2021,2021,7021,Annual value,,126.69,E
100,'356,India,401,'01231,"Chillies and peppers, green (Capsicum spp. and Pimenta spp.)",5539,Producer Price Index (2014-2016 = 100),2022,2022,7021,Annual value,,129.59,E
100,'356,India,401,'01231,"Chillies and peppers, green (Capsicum spp. and Pimenta spp.)",5539,Producer Price Index (2014-2016 = 100),2023,2023,7021,Annual value,,129.54,E
100,'356,India,401,'01231,"Chillies and peppers, green (Capsicum spp. and Pimenta spp.)",5539,Producer Price Index (2014-2016 = 100),2024,2024,7021,Annual value,,142.02,E
100,'356,India,401,'01231,"Chillies and peppers, green (Capsicum spp. and Pimenta spp.)",5539,Producer Price Index (2014-2016 = 100),2025,2025,7021,Annual value,,147.91,E
100,'356,India,661,'01640,Cocoa beans,5539,Producer Price Index (2014-2016 = 100),1991,1991,7021,Annual value,,35.24,E
100,'356,India,661,'01640,Cocoa beans,5539,Producer Price Index (2014-2016 = 100),1992,1992,7021,Annual value,,29.51,E
100,'356,India,661,'01640,Cocoa beans,5539,Producer Price Index (2014-2016 = 100),1993,1993,7021,Annual value,,26.76,E
100,'356,India,661,'01640,Cocoa beans,5539,Producer Price Index (2014-2016 = 100),1994,1994,7021,Annual value,,32.72,E
100,'356,India,661,'01640,Cocoa beans,5539,Producer Price Index (2014-2016 = 100),1995,1995,7021,Annual value,,41.86,E
100,'356,India,661,'01640,Cocoa beans,5539,Producer Price Index (2014-2016 = 100),1996,1996,7021,Annual value,,50.14,E
100,'356,India,661,'01640,Cocoa beans,5539,Producer Price Index (2014-2016 = 100),1997,1997,7021,Annual value,,35.85,E
100,'356,India,661,'01640,Cocoa beans,5539,Producer Price Index (2014-2016 = 100),1998,1998,7021,Annual value,,45.65,E
100,'356,India,661,'01640,Cocoa beans,5539,Producer Price Index (2014-2016 = 100),1999,1999,7021,Annual value,,42.33,E
100,'356,India,661,'01640,Cocoa beans,5539,Producer Price Index (2014-2016 = 100),2000,2000,7021,Annual value,,44.12,E
100,'356,India,661,'01640,Cocoa beans,5539,Producer Price Index (2014-2016 = 100),2001,2001,7021,Annual value,,40.49,E
100,'356,India,661,'01640,Cocoa beans,5539,Producer Price Index (2014-2016 = 100),2002,2002,7021,Annual value,,39.65,E
100,'356,India,661,'01640,Cocoa beans,5539,Producer Price Index (2014-2016 = 100),2003,2003,7021,Annual value,,39.83,E
100,'356,India,661,'01640,Cocoa beans,5539,Producer Price Index (2014-2016 = 100),2004,2004,7021,Annual value,,42.21,E
100,'356,India,661,'01640,Cocoa beans,5539,Producer Price Index (2014-2016 = 100),2005,2005,7021,Annual value,,45.95,E
100,'356,India,661,'01640,Cocoa beans,5539,Producer Price Index (2014-2016 = 100),2006,2006,7021,Annual value,,48.94,E
100,'356,India,661,'01640,Cocoa beans,5539,Producer Price Index (2014-2016 = 100),2007,2007,7021,Annual value,,60.15,E
100,'356,India,661,'01640,Cocoa beans,5539,Producer Price Index (2014-2016 = 100),2008,2008,7021,Annual value,,59.31,E
100,'356,India,661,'01640,Cocoa beans,5539,Producer Price Index (2014-2016 = 100),2009,2009,7021,Annual value,,65.52,E
100,'356,India,661,'01640,Cocoa beans,5539,Producer Price Index (2014-2016 = 100),2010,2010,7021,Annual value,,77.14,E
100,'356,India,661,'01640,Cocoa beans,5539,Producer Price Index (2014-2016 = 100),2011,2011,7021,Annual value,,84.12,E
100,'356,India,661,'01640,Cocoa beans,5539,Producer Price Index (2014-2016 = 100),2012,2012,7021,Annual value,,91.28,E
100,'356,India,661,'01640,Cocoa beans,5539,Producer Price Index (2014-2016 = 100),2013,2013,7021,Annual value,,87.32,E
100,'356,India,661,'01640,Cocoa beans,5539,Producer Price Index (2014-2016 = 100),2014,2014,7021,Annual value,,94.65,E
100,'356,India,661,'01640,Cocoa beans,5539,Producer Price Index (2014-2016 = 100),2015,2015,7021,Annual value,,100.36,E
100,'356,India,661,'01640,Cocoa beans,5539,Producer Price Index (2014-2016 = 100),2016,2016,7021,Annual value,,104.99,E
100,'356,India,661,'01640,Cocoa beans,5539,Producer Price Index (2014-2016 = 100),2017,2017,7021,Annual value,,110.08,E
100,'356,India,661,'01640,Cocoa beans,5539,Producer Price Index (2014-2016 = 100),2018,2018,7021,Annual value,,109.77,E
100,'356,India,661,'01640,Cocoa beans,5539,Producer Price Index (2014-2016 = 100),2019,2019,7021,Annual value,,102.88,E
100,'356,India,661,'01640,Cocoa beans,5539,Producer Price Index (2014-2016 = 100),2020,2020,7021,Annual value,,125.94,E
100,'356,India,661,'01640,Cocoa beans,5539,Producer Price Index (2014-2016 = 100),2021,2021,7021,Annual value,,136.59,E
100,'356,India,661,'01640,Cocoa beans,5539,Producer Price Index (2014-2016 = 100),2022,2022,7021,Annual value,,142.03,E
100,'356,India,661,'01640,Cocoa beans,5539,Producer Price Index (2014-2016 = 100),2023,2023,7021,Annual value,,145.98,E
100,'356,India,661,'01640,Cocoa beans,5539,Producer Price Index (2014-2016 = 100),2024,2024,7021,Annual value,,148.68,E
100,'356,India,661,'01640,Cocoa beans,5539,Producer Price Index (2014-2016 = 100),2025,2025,7021,Annual value,,151.39,E
100,'356,India,249,'01460,"Coconuts, in shell",5530,Producer Price (LCU/tonne),1991,1991,7021,Annual value,LCU,4870.0,X
100,'356,India,249,'01460,"Coconuts, in shell",5530,Producer Price (LCU/tonne),2001,2001,7021,Annual value,LCU,3212.0,A
100,'356,India,249,'01460,"Coconuts, in shell",5531,Producer Price (SLC/tonne),1991,1991,7021,Annual value,SLC,4870.0,X
100,'356,India,249,'01460,"Coconuts, in shell",5531,Producer Price (SLC/tonne),2001,2001,7021,Annual value,SLC,3212.0,A
100,'356,India,249,'01460,"Coconuts, in shell",5532,Producer Price (USD/tonne),1991,1991,7021,Annual value,USD,214.1,X
100,'356,India,249,'01460,"Coconuts, in shell",5532,Producer Price (USD/tonne),2001,2001,7021,Annual value,USD,68.1,A
100,'356,India,249,'01460,"Coconuts, in shell",5539,Producer Price Index (2014-2016 = 100),1991,1991,7021,Annual value,,57.38,E
100,'356,India,249,'01460,"Coconuts, in shell",5539,Producer Price Index (2014-2016 = 100),1992,1992,7021,Annual value,,37.96,E
100,'356,India,249,'01460,"Coconuts, in shell",5539,Producer Price Index (2014-2016 = 100),1993,1993,7021,Annual value,,45.31,E
100,'356,India,249,'01460,"Coconuts, in shell",5539,Producer Price Index (2014-2016 = 100),1994,1994,7021,Annual value,,35.24,E
100,'356,India,249,'01460,"Coconuts, in shell",5539,Producer Price Index (2014-2016 = 100),1995,1995,7021,Annual value,,33.45,E
100,'356,India,249,'01460,"Coconuts, in shell",5539,Producer Price Index (2014-2016 = 100),1996,1996,7021,Annual value,,39.19,E
100,'356,India,249,'01460,"Coconuts, in shell",5539,Producer Price Index (2014-2016 = 100),1997,1997,7021,Annual value,,46.98,E
100,'356,India,249,'01460,"Coconuts, in shell",5539,Producer Price Index (2014-2016 = 100),1998,1998,7021,Annual value,,40.64,E
100,'356,India,249,'01460,"Coconuts, in shell",5539,Producer Price Index (2014-2016 = 100),1999,1999,7021,Annual value,,44.54,E
100,'356,India,249,'01460,"Coconuts, in shell",5539,Producer Price Index (2014-2016 = 100),2000,2000,7021,Annual value,,46.06,E
100,'356,India,249,'01460,"Coconuts, in shell",5539,Producer Price Index (2014-2016 = 100),2001,2001,7021,Annual value,,37.85,E
100,'356,India,249,'01460,"Coconuts, in shell",5539,Producer Price Index (2014-2016 = 100),2002,2002,7021,Annual value,,38.27,E
100,'356,India,249,'01460,"Coconuts, in shell",5539,Producer Price Index (2014-2016 = 100),2003,2003,7021,Annual value,,39.54,E
100,'356,India,249,'01460,"Coconuts, in shell",5539,Producer Price Index (2014-2016 = 100),2004,2004,7021,Annual value,,42.37,E
100,'356,India,249,'01460,"Coconuts, in shell",5539,Producer Price Index (2014-2016 = 100),2005,2005,7021,Annual value,,42.93,E
100,'356,India,249,'01460,"Coconuts, in shell",5539,Producer Price Index (2014-2016 = 100),2006,2006,7021,Annual value,,42.93,E
100,'356,India,249,'01460,"Coconuts, in shell",5539,Producer Price Index (2014-2016 = 100),2007,2007,7021,Annual value,,43.78,E
100,'356,India,249,'01460,"Coconuts, in shell",5539,Producer Price Index (2014-2016 = 100),2008,2008,7021,Annual value,,59.31,E
100,'356,India,249,'01460,"Coconuts, in shell",5539,Producer Price Index (2014-2016 = 100),2009,2009,7021,Annual value,,65.52,E
100,'356,India,249,'01460,"Coconuts, in shell",5539,Producer Price Index (2014-2016 = 100),2010,2010,7021,Annual value,,77.14,E
100,'356,India,249,'01460,"Coconuts, in shell",5539,Producer Price Index (2014-2016 = 100),2011,2011,7021,Annual value,,84.12,E
100,'356,India,249,'01460,"Coconuts, in shell",5539,Producer Price Index (2014-2016 = 100),2012,2012,7021,Annual value,,91.28,E
100,'356,India,249,'01460,"Coconuts, in shell",5539,Producer Price Index (2014-2016 = 100),2013,2013,7021,Annual value,,87.32,E
100,'356,India,249,'01460,"Coconuts, in shell",5539,Producer Price Index (2014-2016 = 100),2014,2014,7021,Annual value,,94.65,E
100,'356,India,249,'01460,"Coconuts, in shell",5539,Producer Price Index (2014-2016 = 100),2015,2015,7021,Annual value,,100.36,E
100,'356,India,249,'01460,"Coconuts, in shell",5539,Producer Price Index (2014-2016 = 100),2016,2016,7021,Annual value,,104.99,E
100,'356,India,249,'01460,"Coconuts, in shell",5539,Producer Price Index (2014-2016 = 100),2017,2017,7021,Annual value,,110.08,E
100,'356,India,249,'01460,"Coconuts, in shell",5539,Producer Price Index (2014-2016 = 100),2018,2018,7021,Annual value,,109.77,E
100,'356,India,249,'01460,"Coconuts, in shell",5539,Producer Price Index (2014-2016 = 100),2019,2019,7021,Annual value,,123.79,E
100,'356,India,249,'01460,"Coconuts, in shell",5539,Producer Price Index (2014-2016 = 100),2020,2020,7021,Annual value,,144.34,E
100,'356,India,249,'01460,"Coconuts, in shell",5539,Producer Price Index (2014-2016 = 100),2021,2021,7021,Annual value,,141.5,E
100,'356,India,249,'01460,"Coconuts, in shell",5539,Producer Price Index (2014-2016 = 100),2022,2022,7021,Annual value,,139.76,E
100,'356,India,249,'01460,"Coconuts, in shell",5539,Producer Price Index (2014-2016 = 100),2023,2023,7021,Annual value,,139.62,E
100,'356,India,249,'01460,"Coconuts, in shell",5539,Producer Price Index (2014-2016 = 100),2024,2024,7021,Annual value,,152.19,E
100,'356,India,249,'01460,"Coconuts, in shell",5539,Producer Price Index (2014-2016 = 100),2025,2025,7021,Annual value,,164.75,E
100,'356,India,656,'01610,"Coffee, green",5530,Producer Price (LCU/tonne),2001,2001,7021,Annual value,LCU,56329.0,A
100,'356,India,656,'01610,"Coffee, green",5531,Producer Price (SLC/tonne),2001,2001,7021,Annual value,SLC,56329.0,A
100,'356,India,656,'01610,"Coffee, green",5532,Producer Price (USD/tonne),2001,2001,7021,Annual value,USD,1193.8,A
100,'356,India,656,'01610,"Coffee, green",5539,Producer Price Index (2014-2016 = 100),1991,1991,7021,Annual value,,20.54,E
100,'356,India,656,'01610,"Coffee, green",5539,Producer Price Index (2014-2016 = 100),1992,1992,7021,Annual value,,19.66,E
100,'356,India,656,'01610,"Coffee, green",5539,Producer Price Index (2014-2016 = 100),1993,1993,7021,Annual value,,19.15,E
100,'356,India,656,'01610,"Coffee, green",5539,Producer Price Index (2014-2016 = 100),1994,1994,7021,Annual value,,25.52,E
100,'356,India,656,'01610,"Coffee, green",5539,Producer Price Index (2014-2016 = 100),1995,1995,7021,Annual value,,25.45,E
100,'356,India,656,'01610,"Coffee, green",5539,Producer Price Index (2014-2016 = 100),1996,1996,7021,Annual value,,42.21,E
100,'356,India,656,'01610,"Coffee, green",5539,Producer Price Index (2014-2016 = 100),1997,1997,7021,Annual value,,44.01,E
100,'356,India,656,'01610,"Coffee, green",5539,Producer Price Index (2014-2016 = 100),1998,1998,7021,Annual value,,54.56,E
100,'356,India,656,'01610,"Coffee, green",5539,Producer Price Index (2014-2016 = 100),1999,1999,7021,Annual value,,49.59,E
100,'356,India,656,'01610,"Coffee, green",5539,Producer Price Index (2014-2016 = 100),2000,2000,7021,Annual value,,44.63,E
100,'356,India,656,'01610,"Coffee, green",5539,Producer Price Index (2014-2016 = 100),2001,2001,7021,Annual value,,40.12,E
100,'356,India,656,'01610,"Coffee, green",5539,Producer Price Index (2014-2016 = 100),2002,2002,7021,Annual value,,40.53,E
100,'356,India,656,'01610,"Coffee, green",5539,Producer Price Index (2014-2016 = 100),2003,2003,7021,Annual value,,39.83,E
100,'356,India,656,'01610,"Coffee, green",5539,Producer Price Index (2014-2016 = 100),2004,2004,7021,Annual value,,42.21,E
100,'356,India,656,'01610,"Coffee, green",5539,Producer Price Index (2014-2016 = 100),2005,2005,7021,Annual value,,45.95,E
100,'356,India,656,'01610,"Coffee, green",5539,Producer Price Index (2014-2016 = 100),2006,2006,7021,Annual value,,48.94,E
100,'356,India,656,'01610,"Coffee, green",5539,Producer Price Index (2014-2016 = 100),2007,2007,7021,Annual value,,60.15,E
100,'356,India,656,'01610,"Coffee, green",5539,Producer Price Index (2014-2016 = 100),2008,2008,7021,Annual value,,59.31,E
100,'356,India,656,'01610,"Coffee, green",5539,Producer Price Index (2014-2016 = 100),2009,2009,7021,Annual value,,65.52,E
100,'356,India,656,'01610,"Coffee, green",5539,Producer Price Index (2014-2016 = 100),2010,2010,7021,Annual value,,77.14,E
100,'356,India,656,'01610,"Coffee, green",5539,Producer Price Index (2014-2016 = 100),2011,2011,7021,Annual value,,84.12,E
100,'356,India,656,'01610,"Coffee, green",5539,Producer Price Index (2014-2016 = 100),2012,2012,7021,Annual value,,91.28,E
100,'356,India,656,'01610,"Coffee, green",5539,Producer Price Index (2014-2016 = 100),2013,2013,7021,Annual value,,87.32,E
100,'356,India,656,'01610,"Coffee, green",5539,Producer Price Index (2014-2016 = 100),2014,2014,7021,Annual value,,94.65,E
100,'356,India,656,'01610,"Coffee, green",5539,Producer Price Index (2014-2016 = 100),2015,2015,7021,Annual value,,100.36,E
100,'356,India,656,'01610,"Coffee, green",5539,Producer Price Index (2014-2016 = 100),2016,2016,7021,Annual value,,104.99,E
100,'356,India,656,'01610,"Coffee, green",5539,Producer Price Index (2014-2016 = 100),2017,2017,7021,Annual value,,110.08,E
100,'356,India,656,'01610,"Coffee, green",5539,Producer Price Index (2014-2016 = 100),2018,2018,7021,Annual value,,109.77,E
100,'356,India,656,'01610,"Coffee, green",5539,Producer Price Index (2014-2016 = 100),2019,2019,7021,Annual value,,117.92,E
100,'356,India,656,'01610,"Coffee, green",5539,Producer Price Index (2014-2016 = 100),2020,2020,7021,Annual value,,122.53,E
100,'356,India,656,'01610,"Coffee, green",5539,Producer Price Index (2014-2016 = 100),2021,2021,7021,Annual value,,136.56,E
100,'356,India,656,'01610,"Coffee, green",5539,Producer Price Index (2014-2016 = 100),2022,2022,7021,Annual value,,144.13,E
100,'356,India,656,'01610,"Coffee, green",5539,Producer Price Index (2014-2016 = 100),2023,2023,7021,Annual value,,145.5,E
100,'356,India,656,'01610,"Coffee, green",5539,Producer Price Index (2014-2016 = 100),2024,2024,7021,Annual value,,157.16,E
100,'356,India,656,'01610,"Coffee, green",5539,Producer Price Index (2014-2016 = 100),2025,2025,7021,Annual value,,166.16,E
100,'356,India,767,'01921.02,"Cotton lint, ginned",5530,Producer Price (LCU/tonne),1991,1991,7021,Annual value,LCU,36314.0,X
100,'356,India,767,'01921.02,"Cotton lint, ginned",5531,Producer Price (SLC/tonne),1991,1991,7021,Annual value,SLC,36314.0,X
100,'356,India,767,'01921.02,"Cotton lint, ginned",5532,Producer Price (USD/tonne),1991,1991,7021,Annual value,USD,1596.8,X
100,'356,India,767,'01921.02,"Cotton lint, ginned",5539,Producer Price Index (2014-2016 = 100),1991,1991,7021,Annual value,,29.47,E
100,'356,India,767,'01921.02,"Cotton lint, ginned",5539,Producer Price Index (2014-2016 = 100),1992,1992,7021,Annual value,,24.28,E
100,'356,India,767,'01921.02,"Cotton lint, ginned",5539,Producer Price Index (2014-2016 = 100),1993,1993,7021,Annual value,,35.61,E
100,'356,India,767,'01921.02,"Cotton lint, ginned",5539,Producer Price Index (2014-2016 = 100),1994,1994,7021,Annual value,,47.34,E
100,'356,India,767,'01921.02,"Cotton lint, ginned",5539,Producer Price Index (2014-2016 = 100),1995,1995,7021,Annual value,,43.19,E
100,'356,India,767,'01921.02,"Cotton lint, ginned",5539,Producer Price Index (2014-2016 = 100),1996,1996,7021,Annual value,,42.46,E
100,'356,India,767,'01921.02,"Cotton lint, ginned",5539,Producer Price Index (2014-2016 = 100),1997,1997,7021,Annual value,,46.21,E
100,'356,India,767,'01921.02,"Cotton lint, ginned",5539,Producer Price Index (2014-2016 = 100),1998,1998,7021,Annual value,,53.67,E
100,'356,India,767,'01921.02,"Cotton lint, ginned",5539,Producer Price Index (2014-2016 = 100),1999,1999,7021,Annual value,,48.82,E
100,'356,India,767,'01921.02,"Cotton lint, ginned",5539,Producer Price Index (2014-2016 = 100),2000,2000,7021,Annual value,,48.6,E
100,'356,India,767,'01921.02,"Cotton lint, ginned",5539,Producer Price Index (2014-2016 = 100),2001,2001,7021,Annual value,,51.34,E
100,'356,India,767,'01921.02,"Cotton lint, ginned",5539,Producer Price Index (2014-2016 = 100),2002,2002,7021,Annual value,,53.19,E
100,'356,India,767,'01921.02,"Cotton lint, ginned",5539,Producer Price Index (2014-2016 = 100),2003,2003,7021,Annual value,,55.75,E
100,'356,India,767,'01921.02,"Cotton lint, ginned",5539,Producer Price Index (2014-2016 = 100),2004,2004,7021,Annual value,,48.2,E
100,'356,India,767,'01921.02,"Cotton lint, ginned",5539,Producer Price Index (2014-2016 = 100),2005,2005,7021,Annual value,,48.69,E
100,'356,India,767,'01921.02,"Cotton lint, ginned",5539,Producer Price Index (2014-2016 = 100),2006,2006,7021,Annual value,,48.94,E
100,'356,India,767,'01921.02,"Cotton lint, ginned",5539,Producer Price Index (2014-2016 = 100),2007,2007,7021,Annual value,,60.15,E
100,'356,India,767,'01921.02,"Cotton lint, ginned",5539,Producer Price Index (2014-2016 = 100),2008,2008,7021,Annual value,,59.31,E
100,'356,India,767,'01921.02,"Cotton lint, ginned",5539,Producer Price Index (2014-2016 = 100),2009,2009,7021,Annual value,,65.52,E
100,'356,India,767,'01921.02,"Cotton lint, ginned",5539,Producer Price Index (2014-2016 = 100),2010,2010,7021,Annual value,,77.14,E
100,'356,India,767,'01921.02,"Cotton lint, ginned",5539,Producer Price Index (2014-2016 = 100),2011,2011,7021,Annual value,,84.12,E
100,'356,India,767,'01921.02,"Cotton lint, ginned",5539,Producer Price Index (2014-2016 = 100),2012,2012,7021,Annual value,,91.28,E
100,'356,India,767,'01921.02,"Cotton lint, ginned",5539,Producer Price Index (2014-2016 = 100),2013,2013,7021,Annual value,,87.32,E
100,'356,India,767,'01921.02,"Cotton lint, ginned",5539,Producer Price Index (2014-2016 = 100),2014,2014,7021,Annual value,,94.65,E
100,'356,India,767,'01921.02,"Cotton lint, ginned",5539,Producer Price Index (2014-2016 = 100),2015,2015,7021,Annual value,,100.36,E
100,'356,India,767,'01921.02,"Cotton lint, ginned",5539,Producer Price Index (2014-2016 = 100),2016,2016,7021,Annual value,,104.99,E
100,'356,India,767,'01921.02,"Cotton lint, ginned",5539,Producer Price Index (2014-2016 = 100),2017,2017,7021,Annual value,,110.08,E
100,'356,India,767,'01921.02,"Cotton lint, ginned",5539,Producer Price Index (2014-2016 = 100),2018,2018,7021,Annual value,,109.77,E
100,'356,India,767,'01921.02,"Cotton lint, ginned",5539,Producer Price Index (2014-2016 = 100),2019,2019,7021,Annual value,,112.74,E
100,'356,India,767,'01921.02,"Cotton lint, ginned",5539,Producer Price Index (2014-2016 = 100),2020,2020,7021,Annual value,,102.35,E
100,'356,India,767,'01921.02,"Cotton lint, ginned",5539,Producer Price Index (2014-2016 = 100),2021,2021,7021,Annual value,,111.26,E
100,'356,India,767,'01921.02,"Cotton lint, ginned",5539,Producer Price Index (2014-2016 = 100),2022,2022,7021,Annual value,,116.35,E
100,'356,India,767,'01921.02,"Cotton lint, ginned",5539,Producer Price Index (2014-2016 = 100),2023,2023,7021,Annual value,,118.01,E
100,'356,India,767,'01921.02,"Cotton lint, ginned",5539,Producer Price Index (2014-2016 = 100),2024,2024,7021,Annual value,,131.0,E
100,'356,India,767,'01921.02,"Cotton lint, ginned",5539,Producer Price Index (2014-2016 = 100),2025,2025,7021,Annual value,,139.72,E
100,'356,India,329,'0143,Cotton seed,5530,Producer Price (LCU/tonne),2001,2001,7021,Annual value,LCU,5653.0,A
100,'356,India,329,'0143,Cotton seed,5531,Producer Price (SLC/tonne),2001,2001,7021,Annual value,SLC,5653.0,A
100,'356,India,329,'0143,Cotton seed,5532,Producer Price (USD/tonne),2001,2001,7021,Annual value,USD,119.8,A
100,'356,India,329,'0143,Cotton seed,5539,Producer Price Index (2014-2016 = 100),1991,1991,7021,Annual value,,22.36,E
100,'356,India,329,'0143,Cotton seed,5539,Producer Price Index (2014-2016 = 100),1992,1992,7021,Annual value,,23.93,E
100,'356,India,329,'0143,Cotton seed,5539,Producer Price Index (2014-2016 = 100),1993,1993,7021,Annual value,,23.19,E
100,'356,India,329,'0143,Cotton seed,5539,Producer Price Index (2014-2016 = 100),1994,1994,7021,Annual value,,25.35,E
100,'356,India,329,'0143,Cotton seed,5539,Producer Price Index (2014-2016 = 100),1995,1995,7021,Annual value,,28.03,E
100,'356,India,329,'0143,Cotton seed,5539,Producer Price Index (2014-2016 = 100),1996,1996,7021,Annual value,,29.79,E
100,'356,India,329,'0143,Cotton seed,5539,Producer Price Index (2014-2016 = 100),1997,1997,7021,Annual value,,31.29,E
100,'356,India,329,'0143,Cotton seed,5539,Producer Price Index (2014-2016 = 100),1998,1998,7021,Annual value,,31.79,E
100,'356,India,329,'0143,Cotton seed,5539,Producer Price Index (2014-2016 = 100),1999,1999,7021,Annual value,,35.21,E
100,'356,India,329,'0143,Cotton seed,5539,Producer Price Index (2014-2016 = 100),2000,2000,7021,Annual value,,41.7,E
100,'356,India,329,'0143,Cotton seed,5539,Producer Price Index (2014-2016 = 100),2001,2001,7021,Annual value,,41.88,E
100,'356,India,329,'0143,Cotton seed,5539,Producer Price Index (2014-2016 = 100),2002,2002,7021,Annual value,,43.39,E
100,'356,India,329,'0143,Cotton seed,5539,Producer Price Index (2014-2016 = 100),2003,2003,7021,Annual value,,45.48,E
100,'356,India,329,'0143,Cotton seed,5539,Producer Price Index (2014-2016 = 100),2004,2004,7021,Annual value,,39.32,E
100,'356,India,329,'0143,Cotton seed,5539,Producer Price Index (2014-2016 = 100),2005,2005,7021,Annual value,,39.72,E
100,'356,India,329,'0143,Cotton seed,5539,Producer Price Index (2014-2016 = 100),2006,2006,7021,Annual value,,39.92,E
100,'356,India,329,'0143,Cotton seed,5539,Producer Price Index (2014-2016 = 100),2007,2007,7021,Annual value,,41.08,E
100,'356,India,329,'0143,Cotton seed,5539,Producer Price Index (2014-2016 = 100),2008,2008,7021,Annual value,,60.01,E
100,'356,India,329,'0143,Cotton seed,5539,Producer Price Index (2014-2016 = 100),2009,2009,7021,Annual value,,65.52,E
100,'356,India,329,'0143,Cotton seed,5539,Producer Price Index (2014-2016 = 100),2010,2010,7021,Annual value,,77.14,E
100,'356,India,329,'0143,Cotton seed,5539,Producer Price Index (2014-2016 = 100),2011,2011,7021,Annual value,,84.12,E
100,'356,India,329,'0143,Cotton seed,5539,Producer Price Index (2014-2016 = 100),2012,2012,7021,Annual value,,91.28,E
100,'356,India,329,'0143,Cotton seed,5539,Producer Price Index (2014-2016 = 100),2013,2013,7021,Annual value,,87.32,E
100,'356,India,329,'0143,Cotton seed,5539,Producer Price Index (2014-2016 = 100),2014,2014,7021,Annual value,,94.65,E
100,'356,India,329,'0143,Cotton seed,5539,Producer Price Index (2014-2016 = 100),2015,2015,7021,Annual value,,100.36,E
100,'356,India,329,'0143,Cotton seed,5539,Producer Price Index (2014-2016 = 100),2016,2016,7021,Annual value,,104.99,E
100,'356,India,329,'0143,Cotton seed,5539,Producer Price Index (2014-2016 = 100),2017,2017,7021,Annual value,,110.08,E
100,'356,India,329,'0143,Cotton seed,5539,Producer Price Index (2014-2016 = 100),2018,2018,7021,Annual value,,109.77,E
100,'356,India,329,'0143,Cotton seed,5539,Producer Price Index (2014-2016 = 100),2019,2019,7021,Annual value,,115.36,E
100,'356,India,329,'0143,Cotton seed,5539,Producer Price Index (2014-2016 = 100),2020,2020,7021,Annual value,,115.05,E
100,'356,India,329,'0143,Cotton seed,5539,Producer Price Index (2014-2016 = 100),2021,2021,7021,Annual value,,122.12,E
100,'356,India,329,'0143,Cotton seed,5539,Producer Price Index (2014-2016 = 100),2022,2022,7021,Annual value,,124.85,E
100,'356,India,329,'0143,Cotton seed,5539,Producer Price Index (2014-2016 = 100),2023,2023,7021,Annual value,,124.01,E
100,'356,India,329,'0143,Cotton seed,5539,Producer Price Index (2014-2016 = 100),2024,2024,7021,Annual value,,136.14,E
100,'356,India,329,'0143,Cotton seed,5539,Producer Price Index (2014-2016 = 100),2025,2025,7021,Annual value,,142.74,E
100,'356,India,397,'01232,Cucumbers and gherkins,5539,Producer Price Index (2014-2016 = 100),1991,1991,7021,Annual value,,22.28,E
100,'356,India,397,'01232,Cucumbers and gherkins,5539,Producer Price Index (2014-2016 = 100),1992,1992,7021,Annual value,,16.88,E
100,'356,India,397,'01232,Cucumbers and gherkins,5539,Producer Price Index (2014-2016 = 100),1993,1993,7021,Annual value,,20.72,E
100,'356,India,397,'01232,Cucumbers and gherkins,5539,Producer Price Index (2014-2016 = 100),1994,1994,7021,Annual value,,29.66,E
100,'356,India,397,'01232,Cucumbers and gherkins,5539,Producer Price Index (2014-2016 = 100),1995,1995,7021,Annual value,,22.76,E
100,'356,India,397,'01232,Cucumbers and gherkins,5539,Producer Price Index (2014-2016 = 100),1996,1996,7021,Annual value,,32.66,E
100,'356,India,397,'01232,Cucumbers and gherkins,5539,Producer Price Index (2014-2016 = 100),1997,1997,7021,Annual value,,30.32,E
100,'356,India,397,'01232,Cucumbers and gherkins,5539,Producer Price Index (2014-2016 = 100),1998,1998,7021,Annual value,,48.38,E
100,'356,India,397,'01232,Cucumbers and gherkins,5539,Producer Price Index (2014-2016 = 100),1999,1999,7021,Annual value,,57.51,E
100,'356,India,397,'01232,Cucumbers and gherkins,5539,Producer Price Index (2014-2016 = 100),2000,2000,7021,Annual value,,35.79,E
100,'356,India,397,'01232,Cucumbers and gherkins,5539,Producer Price Index (2014-2016 = 100),2001,2001,7021,Annual value,,35.27,E
100,'356,India,397,'01232,Cucumbers and gherkins,5539,Producer Price Index (2014-2016 = 100),2002,2002,7021,Annual value,,40.83,E
100,'356,India,397,'01232,Cucumbers and gherkins,5539,Producer Price Index (2014-2016 = 100),2003,2003,7021,Annual value,,39.83,E
100,'356,India,397,'01232,Cucumbers and gherkins,5539,Producer Price Index (2014-2016 = 100),2004,2004,7021,Annual value,,42.21,E
100,'356,India,397,'01232,Cucumbers and gherkins,5539,Producer Price Index (2014-2016 = 100),2005,2005,7021,Annual value,,45.95,E
100,'356,India,397,'01232,Cucumbers and gherkins,5539,Producer Price Index (2014-2016 = 100),2006,2006,7021,Annual value,,48.94,E
100,'356,India,397,'01232,Cucumbers and gherkins,5539,Producer Price Index (2014-2016 = 100),2007,2007,7021,Annual value,,60.15,E
100,'356,India,397,'01232,Cucumbers and gherkins,5539,Producer Price Index (2014-2016 = 100),2008,2008,7021,Annual value,,59.31,E
100,'356,India,397,'01232,Cucumbers and gherkins,5539,Producer Price Index (2014-2016 = 100),2009,2009,7021,Annual value,,65.52,E
100,'356,India,397,'01232,Cucumbers and gherkins,5539,Producer Price Index (2014-2016 = 100),2010,2010,7021,Annual value,,77.14,E
100,'356,India,397,'01232,Cucumbers and gherkins,5539,Producer Price Index (2014-2016 = 100),2011,2011,7021,Annual value,,84.12,E
100,'356,India,397,'01232,Cucumbers and gherkins,5539,Producer Price Index (2014-2016 = 100),2012,2012,7021,Annual value,,91.28,E
100,'356,India,397,'01232,Cucumbers and gherkins,5539,Producer Price Index (2014-2016 = 100),2013,2013,7021,Annual value,,87.32,E
100,'356,India,397,'01232,Cucumbers and gherkins,5539,Producer Price Index (2014-2016 = 100),2014,2014,7021,Annual value,,94.65,E
100,'356,India,397,'01232,Cucumbers and gherkins,5539,Producer Price Index (2014-2016 = 100),2015,2015,7021,Annual value,,100.36,E
100,'356,India,397,'01232,Cucumbers and gherkins,5539,Producer Price Index (2014-2016 = 100),2016,2016,7021,Annual value,,104.99,E
100,'356,India,397,'01232,Cucumbers and gherkins,5539,Producer Price Index (2014-2016 = 100),2017,2017,7021,Annual value,,110.08,E
100,'356,India,397,'01232,Cucumbers and gherkins,5539,Producer Price Index (2014-2016 = 100),2018,2018,7021,Annual value,,109.77,E
100,'356,India,397,'01232,Cucumbers and gherkins,5539,Producer Price Index (2014-2016 = 100),2019,2019,7021,Annual value,,120.56,E
100,'356,India,397,'01232,Cucumbers and gherkins,5539,Producer Price Index (2014-2016 = 100),2020,2020,7021,Annual value,,125.47,E
100,'356,India,397,'01232,Cucumbers and gherkins,5539,Producer Price Index (2014-2016 = 100),2021,2021,7021,Annual value,,138.36,E
100,'356,India,397,'01232,Cucumbers and gherkins,5539,Producer Price Index (2014-2016 = 100),2022,2022,7021,Annual value,,144.55,E
100,'356,India,397,'01232,Cucumbers and gherkins,5539,Producer Price Index (2014-2016 = 100),2023,2023,7021,Annual value,,145.58,E
100,'356,India,397,'01232,Cucumbers and gherkins,5539,Producer Price Index (2014-2016 = 100),2024,2024,7021,Annual value,,155.55,E
100,'356,India,397,'01232,Cucumbers and gherkins,5539,Producer Price Index (2014-2016 = 100),2025,2025,7021,Annual value,,163.16,E
100,'356,India,399,'01233,Eggplants (aubergines),5539,Producer Price Index (2014-2016 = 100),1991,1991,7021,Annual value,,22.28,E
100,'356,India,399,'01233,Eggplants (aubergines),5539,Producer Price Index (2014-2016 = 100),1992,1992,7021,Annual value,,16.88,E
100,'356,India,399,'01233,Eggplants (aubergines),5539,Producer Price Index (2014-2016 = 100),1993,1993,7021,Annual value,,20.72,E
100,'356,India,399,'01233,Eggplants (aubergines),5539,Producer Price Index (2014-2016 = 100),1994,1994,7021,Annual value,,29.66,E
100,'356,India,399,'01233,Eggplants (aubergines),5539,Producer Price Index (2014-2016 = 100),1995,1995,7021,Annual value,,22.76,E
100,'356,India,399,'01233,Eggplants (aubergines),5539,Producer Price Index (2014-2016 = 100),1996,1996,7021,Annual value,,32.66,E
100,'356,India,399,'01233,Eggplants (aubergines),5539,Producer Price Index (2014-2016 = 100),1997,1997,7021,Annual value,,30.32,E
100,'356,India,399,'01233,Eggplants (aubergines),5539,Producer Price Index (2014-2016 = 100),1998,1998,7021,Annual value,,48.38,E
100,'356,India,399,'01233,Eggplants (aubergines),5539,Producer Price Index (2014-2016 = 100),1999,1999,7021,Annual value,,57.51,E
100,'356,India,399,'01233,Eggplants (aubergines),5539,Producer Price Index (2014-2016 = 100),2000,2000,7021,Annual value,,35.79,E
100,'356,India,399,'01233,Eggplants (aubergines),5539,Producer Price Index (2014-2016 = 100),2001,2001,7021,Annual value,,35.27,E
100,'356,India,399,'01233,Eggplants (aubergines),5539,Producer Price Index (2014-2016 = 100),2002,2002,7021,Annual value,,40.83,E
100,'356,India,399,'01233,Eggplants (aubergines),5539,Producer Price Index (2014-2016 = 100),2003,2003,7021,Annual value,,39.83,E
100,'356,India,399,'01233,Eggplants (aubergines),5539,Producer Price Index (2014-2016 = 100),2004,2004,7021,Annual value,,42.21,E
100,'356,India,399,'01233,Eggplants (aubergines),5539,Producer Price Index (2014-2016 = 100),2005,2005,7021,Annual value,,45.95,E
100,'356,India,399,'01233,Eggplants (aubergines),5539,Producer Price Index (2014-2016 = 100),2006,2006,7021,Annual value,,48.94,E
100,'356,India,399,'01233,Eggplants (aubergines),5539,Producer Price Index (2014-2016 = 100),2007,2007,7021,Annual value,,60.15,E
100,'356,India,399,'01233,Eggplants (aubergines),5539,Producer Price Index (2014-2016 = 100),2008,2008,7021,Annual value,,59.31,E
100,'356,India,399,'01233,Eggplants (aubergines),5539,Producer Price Index (2014-2016 = 100),2009,2009,7021,Annual value,,65.52,E
100,'356,India,399,'01233,Eggplants (aubergines),5539,Producer Price Index (2014-2016 = 100),2010,2010,7021,Annual value,,77.14,E
100,'356,India,399,'01233,Eggplants (aubergines),5539,Producer Price Index (2014-2016 = 100),2011,2011,7021,Annual value,,84.12,E
100,'356,India,399,'01233,Eggplants (aubergines),5539,Producer Price Index (2014-2016 = 100),2012,2012,7021,Annual value,,91.28,E
100,'356,India,399,'01233,Eggplants (aubergines),5539,Producer Price Index (2014-2016 = 100),2013,2013,7021,Annual value,,87.32,E
100,'356,India,399,'01233,Eggplants (aubergines),5539,Producer Price Index (2014-2016 = 100),2014,2014,7021,Annual value,,94.65,E
100,'356,India,399,'01233,Eggplants (aubergines),5539,Producer Price Index (2014-2016 = 100),2015,2015,7021,Annual value,,100.36,E
100,'356,India,399,'01233,Eggplants (aubergines),5539,Producer Price Index (2014-2016 = 100),2016,2016,7021,Annual value,,104.99,E
100,'356,India,399,'01233,Eggplants (aubergines),5539,Producer Price Index (2014-2016 = 100),2017,2017,7021,Annual value,,110.08,E
100,'356,India,399,'01233,Eggplants (aubergines),5539,Producer Price Index (2014-2016 = 100),2018,2018,7021,Annual value,,109.77,E
100,'356,India,399,'01233,Eggplants (aubergines),5539,Producer Price Index (2014-2016 = 100),2019,2019,7021,Annual value,,117.27,E
100,'356,India,399,'01233,Eggplants (aubergines),5539,Producer Price Index (2014-2016 = 100),2020,2020,7021,Annual value,,123.35,E
100,'356,India,399,'01233,Eggplants (aubergines),5539,Producer Price Index (2014-2016 = 100),2021,2021,7021,Annual value,,136.69,E
100,'356,India,399,'01233,Eggplants (aubergines),5539,Producer Price Index (2014-2016 = 100),2022,2022,7021,Annual value,,143.15,E
100,'356,India,399,'01233,Eggplants (aubergines),5539,Producer Price Index (2014-2016 = 100),2023,2023,7021,Annual value,,144.34,E
100,'356,India,399,'01233,Eggplants (aubergines),5539,Producer Price Index (2014-2016 = 100),2024,2024,7021,Annual value,,153.35,E
100,'356,India,399,'01233,Eggplants (aubergines),5539,Producer Price Index (2014-2016 = 100),2025,2025,7021,Annual value,,160.59,E
100,'356,India,569,'01315,Figs,5539,Producer Price Index (2014-2016 = 100),1991,1991,7021,Annual value,,14.1,E
100,'356,India,569,'01315,Figs,5539,Producer Price Index (2014-2016 = 100),1992,1992,7021,Annual value,,18.59,E
100,'356,India,569,'01315,Figs,5539,Producer Price Index (2014-2016 = 100),1993,1993,7021,Annual value,,19.48,E
100,'356,India,569,'01315,Figs,5539,Producer Price Index (2014-2016 = 100),1994,1994,7021,Annual value,,19.99,E
100,'356,India,569,'01315,Figs,5539,Producer Price Index (2014-2016 = 100),1995,1995,7021,Annual value,,24.95,E
100,'356,India,569,'01315,Figs,5539,Producer Price Index (2014-2016 = 100),1996,1996,7021,Annual value,,27.7,E
100,'356,India,569,'01315,Figs,5539,Producer Price Index (2014-2016 = 100),1997,1997,7021,Annual value,,28.77,E
100,'356,India,569,'01315,Figs,5539,Producer Price Index (2014-2016 = 100),1998,1998,7021,Annual value,,27.84,E
100,'356,India,569,'01315,Figs,5539,Producer Price Index (2014-2016 = 100),1999,1999,7021,Annual value,,26.53,E
100,'356,India,569,'01315,Figs,5539,Producer Price Index (2014-2016 = 100),2000,2000,7021,Annual value,,28.37,E
100,'356,India,569,'01315,Figs,5539,Producer Price Index (2014-2016 = 100),2001,2001,7021,Annual value,,32.43,E
100,'356,India,569,'01315,Figs,5539,Producer Price Index (2014-2016 = 100),2002,2002,7021,Annual value,,37.09,E
100,'356,India,569,'01315,Figs,5539,Producer Price Index (2014-2016 = 100),2003,2003,7021,Annual value,,39.83,E
100,'356,India,569,'01315,Figs,5539,Producer Price Index (2014-2016 = 100),2004,2004,7021,Annual value,,42.21,E
100,'356,India,569,'01315,Figs,5539,Producer Price Index (2014-2016 = 100),2005,2005,7021,Annual value,,45.95,E
100,'356,India,569,'01315,Figs,5539,Producer Price Index (2014-2016 = 100),2006,2006,7021,Annual value,,48.94,E
100,'356,India,569,'01315,Figs,5539,Producer Price Index (2014-2016 = 100),2007,2007,7021,Annual value,,60.15,E
100,'356,India,569,'01315,Figs,5539,Producer Price Index (2014-2016 = 100),2008,2008,7021,Annual value,,59.31,E
100,'356,India,569,'01315,Figs,5539,Producer Price Index (2014-2016 = 100),2009,2009,7021,Annual value,,65.52,E
100,'356,India,569,'01315,Figs,5539,Producer Price Index (2014-2016 = 100),2010,2010,7021,Annual value,,77.14,E
100,'356,India,569,'01315,Figs,5539,Producer Price Index (2014-2016 = 100),2011,2011,7021,Annual value,,84.12,E
100,'356,India,569,'01315,Figs,5539,Producer Price Index (2014-2016 = 100),2012,2012,7021,Annual value,,91.28,E
100,'356,India,569,'01315,Figs,5539,Producer Price Index (2014-2016 = 100),2013,2013,7021,Annual value,,87.32,E
100,'356,India,569,'01315,Figs,5539,Producer Price Index (2014-2016 = 100),2014,2014,7021,Annual value,,94.65,E
100,'356,India,569,'01315,Figs,5539,Producer Price Index (2014-2016 = 100),2015,2015,7021,Annual value,,100.36,E
100,'356,India,569,'01315,Figs,5539,Producer Price Index (2014-2016 = 100),2016,2016,7021,Annual value,,104.99,E
100,'356,India,569,'01315,Figs,5539,Producer Price Index (2014-2016 = 100),2017,2017,7021,Annual value,,110.08,E
100,'356,India,569,'01315,Figs,5539,Producer Price Index (2014-2016 = 100),2018,2018,7021,Annual value,,109.77,E
100,'356,India,569,'01315,Figs,5539,Producer Price Index (2014-2016 = 100),2019,2019,7021,Annual value,,122.55,E
100,'356,India,569,'01315,Figs,5539,Producer Price Index (2014-2016 = 100),2020,2020,7021,Annual value,,113.76,E
100,'356,India,569,'01315,Figs,5539,Producer Price Index (2014-2016 = 100),2021,2021,7021,Annual value,,135.78,E
100,'356,India,569,'01315,Figs,5539,Producer Price Index (2014-2016 = 100),2022,2022,7021,Annual value,,141.16,E
100,'356,India,569,'01315,Figs,5539,Producer Price Index (2014-2016 = 100),2023,2023,7021,Annual value,,144.97,E
100,'356,India,569,'01315,Figs,5539,Producer Price Index (2014-2016 = 100),2024,2024,7021,Annual value,,155.5,E
100,'356,India,569,'01315,Figs,5539,Producer Price Index (2014-2016 = 100),2025,2025,7021,Annual value,,166.02,E
100,'356,India,720,'01657,"Ginger, raw",5530,Producer Price (LCU/tonne),1991,1991,7021,Annual value,LCU,9884.0,A
100,'356,India,720,'01657,"Ginger, raw",5530,Producer Price (LCU/tonne),1992,1992,7021,Annual value,LCU,10724.0,A
100,'356,India,720,'01657,"Ginger, raw",5530,Producer Price (LCU/tonne),1993,1993,7021,Annual value,LCU,12816.0,A
100,'356,India,720,'01657,"Ginger, raw",5530,Producer Price (LCU/tonne),1994,1994,7021,Annual value,LCU,19011.0,A
100,'356,India,720,'01657,"Ginger, raw",5530,Producer Price (LCU/tonne),1995,1995,7021,Annual value,LCU,15884.0,A
100,'356,India,720,'01657,"Ginger, raw",5530,Producer Price (LCU/tonne),1996,1996,7021,Annual value,LCU,7000.0,A
100,'356,India,720,'01657,"Ginger, raw",5530,Producer Price (LCU/tonne),1997,1997,7021,Annual value,LCU,12689.0,A
100,'356,India,720,'01657,"Ginger, raw",5530,Producer Price (LCU/tonne),1998,1998,7021,Annual value,LCU,16261.0,A
100,'356,India,720,'01657,"Ginger, raw",5530,Producer Price (LCU/tonne),1999,1999,7021,Annual value,LCU,13008.0,A
100,'356,India,720,'01657,"Ginger, raw",5530,Producer Price (LCU/tonne),2000,2000,7021,Annual value,LCU,19423.0,A
100,'356,India,720,'01657,"Ginger, raw",5530,Producer Price (LCU/tonne),2001,2001,7021,Annual value,LCU,18421.3,A
100,'356,India,720,'01657,"Ginger, raw",5530,Producer Price (LCU/tonne),2002,2002,7021,Annual value,LCU,15035.7,A
100,'356,India,720,'01657,"Ginger, raw",5530,Producer Price (LCU/tonne),2003,2003,7021,Annual value,LCU,29194.0,A
100,'356,India,720,'01657,"Ginger, raw",5530,Producer Price (LCU/tonne),2004,2004,7021,Annual value,LCU,26490.0,A
100,'356,India,720,'01657,"Ginger, raw",5530,Producer Price (LCU/tonne),2005,2005,7021,Annual value,LCU,22105.5,A
100,'356,India,720,'01657,"Ginger, raw",5530,Producer Price (LCU/tonne),2006,2006,7021,Annual value,LCU,26094.0,A
100,'356,India,720,'01657,"Ginger, raw",5531,Producer Price (SLC/tonne),1991,1991,7021,Annual value,SLC,9884.0,A
100,'356,India,720,'01657,"Ginger, raw",5531,Producer Price (SLC/tonne),1992,1992,7021,Annual value,SLC,10724.0,A
100,'356,India,720,'01657,"Ginger, raw",5531,Producer Price (SLC/tonne),1993,1993,7021,Annual value,SLC,12816.0,A
100,'356,India,720,'01657,"Ginger, raw",5531,Producer Price (SLC/tonne),1994,1994,7021,Annual value,SLC,19011.0,A
100,'356,India,720,'01657,"Ginger, raw",5531,Producer Price (SLC/tonne),1995,1995,7021,Annual value,SLC,15884.0,A
100,'356,India,720,'01657,"Ginger, raw",5531,Producer Price (SLC/tonne),1996,1996,7021,Annual value,SLC,7000.0,A
100,'356,India,720,'01657,"Ginger, raw",5531,Producer Price (SLC/tonne),1997,1997,7021,Annual value,SLC,12689.0,A
100,'356,India,720,'01657,"Ginger, raw",5531,Producer Price (SLC/tonne),1998,1998,7021,Annual value,SLC,16261.0,A
100,'356,India,720,'01657,"Ginger, raw",5531,Producer Price (SLC/tonne),1999,1999,7021,Annual value,SLC,13008.0,A
100,'356,India,720,'01657,"Ginger, raw",5531,Producer Price (SLC/tonne),2000,2000,7021,Annual value,SLC,19423.0,A
100,'356,India,720,'01657,"Ginger, raw",5531,Producer Price (SLC/tonne),2001,2001,7021,Annual value,SLC,18421.3,A
100,'356,India,720,'01657,"Ginger, raw",5531,Producer Price (SLC/tonne),2002,2002,7021,Annual value,SLC,15035.7,A
100,'356,India,720,'01657,"Ginger, raw",5531,Producer Price (SLC/tonne),2003,2003,7021,Annual value,SLC,29194.0,A
100,'356,India,720,'01657,"Ginger, raw",5531,Producer Price (SLC/tonne),2004,2004,7021,Annual value,SLC,26490.0,A
100,'356,India,720,'01657,"Ginger, raw",5531,Producer Price (SLC/tonne),2005,2005,7021,Annual value,SLC,22105.5,A
100,'356,India,720,'01657,"Ginger, raw",5531,Producer Price (SLC/tonne),2006,2006,7021,Annual value,SLC,26094.0,A
100,'356,India,720,'01657,"Ginger, raw",5532,Producer Price (USD/tonne),1991,1991,7021,Annual value,USD,434.6,A
100,'356,India,720,'01657,"Ginger, raw",5532,Producer Price (USD/tonne),1992,1992,7021,Annual value,USD,413.8,A
100,'356,India,720,'01657,"Ginger, raw",5532,Producer Price (USD/tonne),1993,1993,7021,Annual value,USD,420.3,A
100,'356,India,720,'01657,"Ginger, raw",5532,Producer Price (USD/tonne),1994,1994,7021,Annual value,USD,606.0,A
100,'356,India,720,'01657,"Ginger, raw",5532,Producer Price (USD/tonne),1995,1995,7021,Annual value,USD,489.8,A
100,'356,India,720,'01657,"Ginger, raw",5532,Producer Price (USD/tonne),1996,1996,7021,Annual value,USD,197.6,A
100,'356,India,720,'01657,"Ginger, raw",5532,Producer Price (USD/tonne),1997,1997,7021,Annual value,USD,349.4,A
100,'356,India,720,'01657,"Ginger, raw",5532,Producer Price (USD/tonne),1998,1998,7021,Annual value,USD,394.1,A
100,'356,India,720,'01657,"Ginger, raw",5532,Producer Price (USD/tonne),1999,1999,7021,Annual value,USD,302.1,A
100,'356,India,720,'01657,"Ginger, raw",5532,Producer Price (USD/tonne),2000,2000,7021,Annual value,USD,432.2,A
100,'356,India,720,'01657,"Ginger, raw",5532,Producer Price (USD/tonne),2001,2001,7021,Annual value,USD,390.4,A
100,'356,India,720,'01657,"Ginger, raw",5532,Producer Price (USD/tonne),2002,2002,7021,Annual value,USD,309.3,A
100,'356,India,720,'01657,"Ginger, raw",5532,Producer Price (USD/tonne),2003,2003,7021,Annual value,USD,626.7,A
100,'356,India,720,'01657,"Ginger, raw",5532,Producer Price (USD/tonne),2004,2004,7021,Annual value,USD,584.6,A
100,'356,India,720,'01657,"Ginger, raw",5532,Producer Price (USD/tonne),2005,2005,7021,Annual value,USD,501.3,A
100,'356,India,720,'01657,"Ginger, raw",5532,Producer Price (USD/tonne),2006,2006,7021,Annual value,USD,575.9,A
100,'356,India,720,'01657,"Ginger, raw",5539,Producer Price Index (2014-2016 = 100),1991,1991,7021,Annual value,,18.54,E
100,'356,India,720,'01657,"Ginger, raw",5539,Producer Price Index (2014-2016 = 100),1992,1992,7021,Annual value,,20.11,E
100,'356,India,720,'01657,"Ginger, raw",5539,Producer Price Index (2014-2016 = 100),1993,1993,7021,Annual value,,24.03,E
100,'356,India,720,'01657,"Ginger, raw",5539,Producer Price Index (2014-2016 = 100),1994,1994,7021,Annual value,,35.65,E
100,'356,India,720,'01657,"Ginger, raw",5539,Producer Price Index (2014-2016 = 100),1995,1995,7021,Annual value,,29.79,E
100,'356,India,720,'01657,"Ginger, raw",5539,Producer Price Index (2014-2016 = 100),1996,1996,7021,Annual value,,13.13,E
100,'356,India,720,'01657,"Ginger, raw",5539,Producer Price Index (2014-2016 = 100),1997,1997,7021,Annual value,,23.8,E
100,'356,India,720,'01657,"Ginger, raw",5539,Producer Price Index (2014-2016 = 100),1998,1998,7021,Annual value,,30.5,E
100,'356,India,720,'01657,"Ginger, raw",5539,Producer Price Index (2014-2016 = 100),1999,1999,7021,Annual value,,24.39,E
100,'356,India,720,'01657,"Ginger, raw",5539,Producer Price Index (2014-2016 = 100),2000,2000,7021,Annual value,,36.42,E
100,'356,India,720,'01657,"Ginger, raw",5539,Producer Price Index (2014-2016 = 100),2001,2001,7021,Annual value,,34.55,E
100,'356,India,720,'01657,"Ginger, raw",5539,Producer Price Index (2014-2016 = 100),2002,2002,7021,Annual value,,28.2,E
100,'356,India,720,'01657,"Ginger, raw",5539,Producer Price Index (2014-2016 = 100),2003,2003,7021,Annual value,,54.75,E
100,'356,India,720,'01657,"Ginger, raw",5539,Producer Price Index (2014-2016 = 100),2004,2004,7021,Annual value,,49.68,E
100,'356,India,720,'01657,"Ginger, raw",5539,Producer Price Index (2014-2016 = 100),2005,2005,7021,Annual value,,41.46,E
100,'356,India,720,'01657,"Ginger, raw",5539,Producer Price Index (2014-2016 = 100),2006,2006,7021,Annual value,,48.94,E
100,'356,India,720,'01657,"Ginger, raw",5539,Producer Price Index (2014-2016 = 100),2007,2007,7021,Annual value,,60.15,E
100,'356,India,720,'01657,"Ginger, raw",5539,Producer Price Index (2014-2016 = 100),2008,2008,7021,Annual value,,59.31,E
100,'356,India,720,'01657,"Ginger, raw",5539,Producer Price Index (2014-2016 = 100),2009,2009,7021,Annual value,,65.52,E
100,'356,India,720,'01657,"Ginger, raw",5539,Producer Price Index (2014-2016 = 100),2010,2010,7021,Annual value,,77.14,E
100,'356,India,720,'01657,"Ginger, raw",5539,Producer Price Index (2014-2016 = 100),2011,2011,7021,Annual value,,84.12,E
100,'356,India,720,'01657,"Ginger, raw",5539,Producer Price Index (2014-2016 = 100),2012,2012,7021,Annual value,,91.28,E
100,'356,India,720,'01657,"Ginger, raw",5539,Producer Price Index (2014-2016 = 100),2013,2013,7021,Annual value,,87.32,E
100,'356,India,720,'01657,"Ginger, raw",5539,Producer Price Index (2014-2016 = 100),2014,2014,7021,Annual value,,94.65,E
100,'356,India,720,'01657,"Ginger, raw",5539,Producer Price Index (2014-2016 = 100),2015,2015,7021,Annual value,,100.36,E
100,'356,India,720,'01657,"Ginger, raw",5539,Producer Price Index (2014-2016 = 100),2016,2016,7021,Annual value,,104.99,E
100,'356,India,720,'01657,"Ginger, raw",5539,Producer Price Index (2014-2016 = 100),2017,2017,7021,Annual value,,110.08,E
100,'356,India,720,'01657,"Ginger, raw",5539,Producer Price Index (2014-2016 = 100),2018,2018,7021,Annual value,,109.77,E
100,'356,India,720,'01657,"Ginger, raw",5539,Producer Price Index (2014-2016 = 100),2019,2019,7021,Annual value,,109.84,E
100,'356,India,720,'01657,"Ginger, raw",5539,Producer Price Index (2014-2016 = 100),2020,2020,7021,Annual value,,109.18,E
100,'356,India,720,'01657,"Ginger, raw",5539,Producer Price Index (2014-2016 = 100),2021,2021,7021,Annual value,,127.13,E
100,'356,India,720,'01657,"Ginger, raw",5539,Producer Price Index (2014-2016 = 100),2022,2022,7021,Annual value,,136.33,E
100,'356,India,720,'01657,"Ginger, raw",5539,Producer Price Index (2014-2016 = 100),2023,2023,7021,Annual value,,141.53,E
100,'356,India,720,'01657,"Ginger, raw",5539,Producer Price Index (2014-2016 = 100),2024,2024,7021,Annual value,,147.57,E
100,'356,India,720,'01657,"Ginger, raw",5539,Producer Price Index (2014-2016 = 100),2025,2025,7021,Annual value,,153.62,E
100,'356,India,560,'01330,Grapes,5530,Producer Price (LCU/tonne),2001,2001,7021,Annual value,LCU,14578.0,A
100,'356,India,560,'01330,Grapes,5531,Producer Price (SLC/tonne),2001,2001,7021,Annual value,SLC,14578.0,A
100,'356,India,560,'01330,Grapes,5532,Producer Price (USD/tonne),2001,2001,7021,Annual value,USD,308.9,A
100,'356,India,560,'01330,Grapes,5539,Producer Price Index (2014-2016 = 100),1991,1991,7021,Annual value,,14.42,E
100,'356,India,560,'01330,Grapes,5539,Producer Price Index (2014-2016 = 100),1992,1992,7021,Annual value,,16.05,E
100,'356,India,560,'01330,Grapes,5539,Producer Price Index (2014-2016 = 100),1993,1993,7021,Annual value,,21.17,E
100,'356,India,560,'01330,Grapes,5539,Producer Price Index (2014-2016 = 100),1994,1994,7021,Annual value,,22.18,E
100,'356,India,560,'01330,Grapes,5539,Producer Price Index (2014-2016 = 100),1995,1995,7021,Annual value,,22.76,E
100,'356,India,560,'01330,Grapes,5539,Producer Price Index (2014-2016 = 100),1996,1996,7021,Annual value,,28.41,E
100,'356,India,560,'01330,Grapes,5539,Producer Price Index (2014-2016 = 100),1997,1997,7021,Annual value,,31.54,E
100,'356,India,560,'01330,Grapes,5539,Producer Price Index (2014-2016 = 100),1998,1998,7021,Annual value,,32.76,E
100,'356,India,560,'01330,Grapes,5539,Producer Price Index (2014-2016 = 100),1999,1999,7021,Annual value,,31.7,E
100,'356,India,560,'01330,Grapes,5539,Producer Price Index (2014-2016 = 100),2000,2000,7021,Annual value,,30.21,E
100,'356,India,560,'01330,Grapes,5539,Producer Price Index (2014-2016 = 100),2001,2001,7021,Annual value,,32.11,E
100,'356,India,560,'01330,Grapes,5539,Producer Price Index (2014-2016 = 100),2002,2002,7021,Annual value,,36.72,E
100,'356,India,560,'01330,Grapes,5539,Producer Price Index (2014-2016 = 100),2003,2003,7021,Annual value,,39.83,E
100,'356,India,560,'01330,Grapes,5539,Producer Price Index (2014-2016 = 100),2004,2004,7021,Annual value,,42.21,E
100,'356,India,560,'01330,Grapes,5539,Producer Price Index (2014-2016 = 100),2005,2005,7021,Annual value,,45.95,E
100,'356,India,560,'01330,Grapes,5539,Producer Price Index (2014-2016 = 100),2006,2006,7021,Annual value,,48.94,E
100,'356,India,560,'01330,Grapes,5539,Producer Price Index (2014-2016 = 100),2007,2007,7021,Annual value,,60.15,E
100,'356,India,560,'01330,Grapes,5539,Producer Price Index (2014-2016 = 100),2008,2008,7021,Annual value,,59.31,E
100,'356,India,560,'01330,Grapes,5539,Producer Price Index (2014-2016 = 100),2009,2009,7021,Annual value,,65.52,E
100,'356,India,560,'01330,Grapes,5539,Producer Price Index (2014-2016 = 100),2010,2010,7021,Annual value,,77.14,E
100,'356,India,560,'01330,Grapes,5539,Producer Price Index (2014-2016 = 100),2011,2011,7021,Annual value,,84.12,E
100,'356,India,560,'01330,Grapes,5539,Producer Price Index (2014-2016 = 100),2012,2012,7021,Annual value,,91.28,E
100,'356,India,560,'01330,Grapes,5539,Producer Price Index (2014-2016 = 100),2013,2013,7021,Annual value,,87.32,E
100,'356,India,560,'01330,Grapes,5539,Producer Price Index (2014-2016 = 100),2014,2014,7021,Annual value,,94.65,E
100,'356,India,560,'01330,Grapes,5539,Producer Price Index (2014-2016 = 100),2015,2015,7021,Annual value,,100.36,E
100,'356,India,560,'01330,Grapes,5539,Producer Price Index (2014-2016 = 100),2016,2016,7021,Annual value,,104.99,E
100,'356,India,560,'01330,Grapes,5539,Producer Price Index (2014-2016 = 100),2017,2017,7021,Annual value,,110.08,E
100,'356,India,560,'01330,Grapes,5539,Producer Price Index (2014-2016 = 100),2018,2018,7021,Annual value,,109.77,E
100,'356,India,560,'01330,Grapes,5539,Producer Price Index (2014-2016 = 100),2019,2019,7021,Annual value,,117.71,E
100,'356,India,560,'01330,Grapes,5539,Producer Price Index (2014-2016 = 100),2020,2020,7021,Annual value,,108.15,E
100,'356,India,560,'01330,Grapes,5539,Producer Price Index (2014-2016 = 100),2021,2021,7021,Annual value,,131.89,E
100,'356,India,560,'01330,Grapes,5539,Producer Price Index (2014-2016 = 100),2022,2022,7021,Annual value,,138.4,E
100,'356,India,560,'01330,Grapes,5539,Producer Price Index (2014-2016 = 100),2023,2023,7021,Annual value,,142.33,E
100,'356,India,560,'01330,Grapes,5539,Producer Price Index (2014-2016 = 100),2024,2024,7021,Annual value,,150.99,E
100,'356,India,560,'01330,Grapes,5539,Producer Price Index (2014-2016 = 100),2025,2025,7021,Annual value,,159.66,E
100,'356,India,406,'01252,Green garlic,5530,Producer Price (LCU/tonne),1991,1991,7021,Annual value,LCU,7703.0,X
100,'356,India,406,'01252,Green garlic,5531,Producer Price (SLC/tonne),1991,1991,7021,Annual value,SLC,7703.0,X
100,'356,India,406,'01252,Green garlic,5532,Producer Price (USD/tonne),1991,1991,7021,Annual value,USD,338.7,X
100,'356,India,406,'01252,Green garlic,5539,Producer Price Index (2014-2016 = 100),1991,1991,7021,Annual value,,8.5,E
100,'356,India,406,'01252,Green garlic,5539,Producer Price Index (2014-2016 = 100),1992,1992,7021,Annual value,,10.43,E
100,'356,India,406,'01252,Green garlic,5539,Producer Price Index (2014-2016 = 100),1993,1993,7021,Annual value,,14.94,E
100,'356,India,406,'01252,Green garlic,5539,Producer Price Index (2014-2016 = 100),1994,1994,7021,Annual value,,11.47,E
100,'356,India,406,'01252,Green garlic,5539,Producer Price Index (2014-2016 = 100),1995,1995,7021,Annual value,,16.45,E
100,'356,India,406,'01252,Green garlic,5539,Producer Price Index (2014-2016 = 100),1996,1996,7021,Annual value,,15.27,E
100,'356,India,406,'01252,Green garlic,5539,Producer Price Index (2014-2016 = 100),1997,1997,7021,Annual value,,24.38,E
100,'356,India,406,'01252,Green garlic,5539,Producer Price Index (2014-2016 = 100),1998,1998,7021,Annual value,,28.97,E
100,'356,India,406,'01252,Green garlic,5539,Producer Price Index (2014-2016 = 100),1999,1999,7021,Annual value,,18.03,E
100,'356,India,406,'01252,Green garlic,5539,Producer Price Index (2014-2016 = 100),2000,2000,7021,Annual value,,18.98,E
100,'356,India,406,'01252,Green garlic,5539,Producer Price Index (2014-2016 = 100),2001,2001,7021,Annual value,,21.96,E
100,'356,India,406,'01252,Green garlic,5539,Producer Price Index (2014-2016 = 100),2002,2002,7021,Annual value,,36.72,E
100,'356,India,406,'01252,Green garlic,5539,Producer Price Index (2014-2016 = 100),2003,2003,7021,Annual value,,39.83,E
100,'356,India,406,'01252,Green garlic,5539,Producer Price Index (2014-2016 = 100),2004,2004,7021,Annual value,,42.21,E
100,'356,India,406,'01252,Green garlic,5539,Producer Price Index (2014-2016 = 100),2005,2005,7021,Annual value,,45.95,E
100,'356,India,406,'01252,Green garlic,5539,Producer Price Index (2014-2016 = 100),2006,2006,7021,Annual value,,48.94,E
100,'356,India,406,'01252,Green garlic,5539,Producer Price Index (2014-2016 = 100),2007,2007,7021,Annual value,,60.15,E
100,'356,India,406,'01252,Green garlic,5539,Producer Price Index (2014-2016 = 100),2008,2008,7021,Annual value,,59.31,E
100,'356,India,406,'01252,Green garlic,5539,Producer Price Index (2014-2016 = 100),2009,2009,7021,Annual value,,65.52,E
100,'356,India,406,'01252,Green garlic,5539,Producer Price Index (2014-2016 = 100),2010,2010,7021,Annual value,,77.14,E
100,'356,India,406,'01252,Green garlic,5539,Producer Price Index (2014-2016 = 100),2011,2011,7021,Annual value,,84.12,E
100,'356,India,406,'01252,Green garlic,5539,Producer Price Index (2014-2016 = 100),2012,2012,7021,Annual value,,91.28,E
100,'356,India,406,'01252,Green garlic,5539,Producer Price Index (2014-2016 = 100),2013,2013,7021,Annual value,,87.32,E
100,'356,India,406,'01252,Green garlic,5539,Producer Price Index (2014-2016 = 100),2014,2014,7021,Annual value,,94.65,E
100,'356,India,406,'01252,Green garlic,5539,Producer Price Index (2014-2016 = 100),2015,2015,7021,Annual value,,100.36,E
100,'356,India,406,'01252,Green garlic,5539,Producer Price Index (2014-2016 = 100),2016,2016,7021,Annual value,,104.99,E
100,'356,India,406,'01252,Green garlic,5539,Producer Price Index (2014-2016 = 100),2017,2017,7021,Annual value,,110.08,E
100,'356,India,406,'01252,Green garlic,5539,Producer Price Index (2014-2016 = 100),2018,2018,7021,Annual value,,109.77,E
100,'356,India,406,'01252,Green garlic,5539,Producer Price Index (2014-2016 = 100),2019,2019,7021,Annual value,,151.98,E
100,'356,India,406,'01252,Green garlic,5539,Producer Price Index (2014-2016 = 100),2020,2020,7021,Annual value,,131.65,E
100,'356,India,406,'01252,Green garlic,5539,Producer Price Index (2014-2016 = 100),2021,2021,7021,Annual value,,186.1,E
100,'356,India,406,'01252,Green garlic,5539,Producer Price Index (2014-2016 = 100),2022,2022,7021,Annual value,,200.33,E
100,'356,India,406,'01252,Green garlic,5539,Producer Price Index (2014-2016 = 100),2023,2023,7021,Annual value,,191.12,E
100,'356,India,406,'01252,Green garlic,5539,Producer Price Index (2014-2016 = 100),2024,2024,7021,Annual value,,203.2,E
100,'356,India,406,'01252,Green garlic,5539,Producer Price Index (2014-2016 = 100),2025,2025,7021,Annual value,,215.29,E
100,'356,India,242,'0142,"Groundnuts, excluding shelled",5530,Producer Price (LCU/tonne),1991,1991,7021,Annual value,LCU,10439.0,A
100,'356,India,242,'0142,"Groundnuts, excluding shelled",5530,Producer Price (LCU/tonne),1992,1992,7021,Annual value,LCU,10219.0,A
100,'356,India,242,'0142,"Groundnuts, excluding shelled",5530,Producer Price (LCU/tonne),1993,1993,7021,Annual value,LCU,10770.0,A
100,'356,India,242,'0142,"Groundnuts, excluding shelled",5530,Producer Price (LCU/tonne),1994,1994,7021,Annual value,LCU,12380.0,A
100,'356,India,242,'0142,"Groundnuts, excluding shelled",5530,Producer Price (LCU/tonne),1995,1995,7021,Annual value,LCU,12911.0,A
100,'356,India,242,'0142,"Groundnuts, excluding shelled",5530,Producer Price (LCU/tonne),1996,1996,7021,Annual value,LCU,11780.0,A
100,'356,India,242,'0142,"Groundnuts, excluding shelled",5530,Producer Price (LCU/tonne),1997,1997,7021,Annual value,LCU,11280.0,A
100,'356,India,242,'0142,"Groundnuts, excluding shelled",5530,Producer Price (LCU/tonne),1998,1998,7021,Annual value,LCU,10400.0,A
100,'356,India,242,'0142,"Groundnuts, excluding shelled",5530,Producer Price (LCU/tonne),1999,1999,7021,Annual value,LCU,11550.0,A
100,'356,India,242,'0142,"Groundnuts, excluding shelled",5530,Producer Price (LCU/tonne),2000,2000,7021,Annual value,LCU,12200.0,A
100,'356,India,242,'0142,"Groundnuts, excluding shelled",5530,Producer Price (LCU/tonne),2001,2001,7021,Annual value,LCU,13400.0,A
100,'356,India,242,'0142,"Groundnuts, excluding shelled",5530,Producer Price (LCU/tonne),2002,2002,7021,Annual value,LCU,13550.0,A
100,'356,India,242,'0142,"Groundnuts, excluding shelled",5530,Producer Price (LCU/tonne),2003,2003,7021,Annual value,LCU,14000.0,A
100,'356,India,242,'0142,"Groundnuts, excluding shelled",5530,Producer Price (LCU/tonne),2004,2004,7021,Annual value,LCU,15000.0,A
100,'356,India,242,'0142,"Groundnuts, excluding shelled",5530,Producer Price (LCU/tonne),2005,2005,7021,Annual value,LCU,15200.0,A
100,'356,India,242,'0142,"Groundnuts, excluding shelled",5530,Producer Price (LCU/tonne),2006,2006,7021,Annual value,LCU,15200.0,A
100,'356,India,242,'0142,"Groundnuts, excluding shelled",5530,Producer Price (LCU/tonne),2007,2007,7021,Annual value,LCU,15500.0,A
100,'356,India,242,'0142,"Groundnuts, excluding shelled",5530,Producer Price (LCU/tonne),2008,2008,7021,Annual value,LCU,21000.0,A
100,'356,India,242,'0142,"Groundnuts, excluding shelled",5531,Producer Price (SLC/tonne),1991,1991,7021,Annual value,SLC,10439.0,A
100,'356,India,242,'0142,"Groundnuts, excluding shelled",5531,Producer Price (SLC/tonne),1992,1992,7021,Annual value,SLC,10219.0,A
100,'356,India,242,'0142,"Groundnuts, excluding shelled",5531,Producer Price (SLC/tonne),1993,1993,7021,Annual value,SLC,10770.0,A
100,'356,India,242,'0142,"Groundnuts, excluding shelled",5531,Producer Price (SLC/tonne),1994,1994,7021,Annual value,SLC,12380.0,A
100,'356,India,242,'0142,"Groundnuts, excluding shelled",5531,Producer Price (SLC/tonne),1995,1995,7021,Annual value,SLC,12911.0,A
100,'356,India,242,'0142,"Groundnuts, excluding shelled",5531,Producer Price (SLC/tonne),1996,1996,7021,Annual value,SLC,11780.0,A
100,'356,India,242,'0142,"Groundnuts, excluding shelled",5531,Producer Price (SLC/tonne),1997,1997,7021,Annual value,SLC,11280.0,A
100,'356,India,242,'0142,"Groundnuts, excluding shelled",5531,Producer Price (SLC/tonne),1998,1998,7021,Annual value,SLC,10400.0,A
100,'356,India,242,'0142,"Groundnuts, excluding shelled",5531,Producer Price (SLC/tonne),1999,1999,7021,Annual value,SLC,11550.0,A
100,'356,India,242,'0142,"Groundnuts, excluding shelled",5531,Producer Price (SLC/tonne),2000,2000,7021,Annual value,SLC,12200.0,A
100,'356,India,242,'0142,"Groundnuts, excluding shelled",5531,Producer Price (SLC/tonne),2001,2001,7021,Annual value,SLC,13400.0,A
100,'356,India,242,'0142,"Groundnuts, excluding shelled",5531,Producer Price (SLC/tonne),2002,2002,7021,Annual value,SLC,13550.0,A
100,'356,India,242,'0142,"Groundnuts, excluding shelled",5531,Producer Price (SLC/tonne),2003,2003,7021,Annual value,SLC,14000.0,A
100,'356,India,242,'0142,"Groundnuts, excluding shelled",5531,Producer Price (SLC/tonne),2004,2004,7021,Annual value,SLC,15000.0,A
100,'356,India,242,'0142,"Groundnuts, excluding shelled",5531,Producer Price (SLC/tonne),2005,2005,7021,Annual value,SLC,15200.0,A
100,'356,India,242,'0142,"Groundnuts, excluding shelled",5531,Producer Price (SLC/tonne),2006,2006,7021,Annual value,SLC,15200.0,A
100,'356,India,242,'0142,"Groundnuts, excluding shelled",5531,Producer Price (SLC/tonne),2007,2007,7021,Annual value,SLC,15500.0,A
100,'356,India,242,'0142,"Groundnuts, excluding shelled",5531,Producer Price (SLC/tonne),2008,2008,7021,Annual value,SLC,21000.0,A
100,'356,India,242,'0142,"Groundnuts, excluding shelled",5532,Producer Price (USD/tonne),1991,1991,7021,Annual value,USD,459.0,A
100,'356,India,242,'0142,"Groundnuts, excluding shelled",5532,Producer Price (USD/tonne),1992,1992,7021,Annual value,USD,394.3,A
100,'356,India,242,'0142,"Groundnuts, excluding shelled",5532,Producer Price (USD/tonne),1993,1993,7021,Annual value,USD,353.2,A
100,'356,India,242,'0142,"Groundnuts, excluding shelled",5532,Producer Price (USD/tonne),1994,1994,7021,Annual value,USD,394.6,A
100,'356,India,242,'0142,"Groundnuts, excluding shelled",5532,Producer Price (USD/tonne),1995,1995,7021,Annual value,USD,398.2,A
100,'356,India,242,'0142,"Groundnuts, excluding shelled",5532,Producer Price (USD/tonne),1996,1996,7021,Annual value,USD,332.5,A
100,'356,India,242,'0142,"Groundnuts, excluding shelled",5532,Producer Price (USD/tonne),1997,1997,7021,Annual value,USD,310.6,A
100,'356,India,242,'0142,"Groundnuts, excluding shelled",5532,Producer Price (USD/tonne),1998,1998,7021,Annual value,USD,252.1,A
100,'356,India,242,'0142,"Groundnuts, excluding shelled",5532,Producer Price (USD/tonne),1999,1999,7021,Annual value,USD,268.3,A
100,'356,India,242,'0142,"Groundnuts, excluding shelled",5532,Producer Price (USD/tonne),2000,2000,7021,Annual value,USD,271.5,A
100,'356,India,242,'0142,"Groundnuts, excluding shelled",5532,Producer Price (USD/tonne),2001,2001,7021,Annual value,USD,284.0,A
100,'356,India,242,'0142,"Groundnuts, excluding shelled",5532,Producer Price (USD/tonne),2002,2002,7021,Annual value,USD,278.7,A
100,'356,India,242,'0142,"Groundnuts, excluding shelled",5532,Producer Price (USD/tonne),2003,2003,7021,Annual value,USD,300.5,A
100,'356,India,242,'0142,"Groundnuts, excluding shelled",5532,Producer Price (USD/tonne),2004,2004,7021,Annual value,USD,331.0,A
100,'356,India,242,'0142,"Groundnuts, excluding shelled",5532,Producer Price (USD/tonne),2005,2005,7021,Annual value,USD,344.7,A
100,'356,India,242,'0142,"Groundnuts, excluding shelled",5532,Producer Price (USD/tonne),2006,2006,7021,Annual value,USD,335.5,A
100,'356,India,242,'0142,"Groundnuts, excluding shelled",5532,Producer Price (USD/tonne),2007,2007,7021,Annual value,USD,374.9,A
100,'356,India,242,'0142,"Groundnuts, excluding shelled",5532,Producer Price (USD/tonne),2008,2008,7021,Annual value,USD,482.7,A
100,'356,India,242,'0142,"Groundnuts, excluding shelled",5539,Producer Price Index (2014-2016 = 100),1991,1991,7021,Annual value,,29.48,E
100,'356,India,242,'0142,"Groundnuts, excluding shelled",5539,Producer Price Index (2014-2016 = 100),1992,1992,7021,Annual value,,28.86,E
100,'356,India,242,'0142,"Groundnuts, excluding shelled",5539,Producer Price Index (2014-2016 = 100),1993,1993,7021,Annual value,,30.42,E
100,'356,India,242,'0142,"Groundnuts, excluding shelled",5539,Producer Price Index (2014-2016 = 100),1994,1994,7021,Annual value,,34.97,E
100,'356,India,242,'0142,"Groundnuts, excluding shelled",5539,Producer Price Index (2014-2016 = 100),1995,1995,7021,Annual value,,36.47,E
100,'356,India,242,'0142,"Groundnuts, excluding shelled",5539,Producer Price Index (2014-2016 = 100),1996,1996,7021,Annual value,,33.27,E
100,'356,India,242,'0142,"Groundnuts, excluding shelled",5539,Producer Price Index (2014-2016 = 100),1997,1997,7021,Annual value,,31.86,E
100,'356,India,242,'0142,"Groundnuts, excluding shelled",5539,Producer Price Index (2014-2016 = 100),1998,1998,7021,Annual value,,29.37,E
100,'356,India,242,'0142,"Groundnuts, excluding shelled",5539,Producer Price Index (2014-2016 = 100),1999,1999,7021,Annual value,,32.62,E
100,'356,India,242,'0142,"Groundnuts, excluding shelled",5539,Producer Price Index (2014-2016 = 100),2000,2000,7021,Annual value,,34.46,E
100,'356,India,242,'0142,"Groundnuts, excluding shelled",5539,Producer Price Index (2014-2016 = 100),2001,2001,7021,Annual value,,37.85,E
100,'356,India,242,'0142,"Groundnuts, excluding shelled",5539,Producer Price Index (2014-2016 = 100),2002,2002,7021,Annual value,,38.27,E
100,'356,India,242,'0142,"Groundnuts, excluding shelled",5539,Producer Price Index (2014-2016 = 100),2003,2003,7021,Annual value,,39.54,E
100,'356,India,242,'0142,"Groundnuts, excluding shelled",5539,Producer Price Index (2014-2016 = 100),2004,2004,7021,Annual value,,42.37,E
100,'356,India,242,'0142,"Groundnuts, excluding shelled",5539,Producer Price Index (2014-2016 = 100),2005,2005,7021,Annual value,,42.93,E
100,'356,India,242,'0142,"Groundnuts, excluding shelled",5539,Producer Price Index (2014-2016 = 100),2006,2006,7021,Annual value,,42.93,E
100,'356,India,242,'0142,"Groundnuts, excluding shelled",5539,Producer Price Index (2014-2016 = 100),2007,2007,7021,Annual value,,43.78,E
100,'356,India,242,'0142,"Groundnuts, excluding shelled",5539,Producer Price Index (2014-2016 = 100),2008,2008,7021,Annual value,,59.31,E
100,'356,India,242,'0142,"Groundnuts, excluding shelled",5539,Producer Price Index (2014-2016 = 100),2009,2009,7021,Annual value,,65.52,E
100,'356,India,242,'0142,"Groundnuts, excluding shelled",5539,Producer Price Index (2014-2016 = 100),2010,2010,7021,Annual value,,77.14,E
100,'356,India,242,'0142,"Groundnuts, excluding shelled",5539,Producer Price Index (2014-2016 = 100),2011,2011,7021,Annual value,,84.12,E
100,'356,India,242,'0142,"Groundnuts, excluding shelled",5539,Producer Price Index (2014-2016 = 100),2012,2012,7021,Annual value,,91.28,E
100,'356,India,242,'0142,"Groundnuts, excluding shelled",5539,Producer Price Index (2014-2016 = 100),2013,2013,7021,Annual value,,87.32,E
100,'356,India,242,'0142,"Groundnuts, excluding shelled",5539,Producer Price Index (2014-2016 = 100),2014,2014,7021,Annual value,,94.65,E
100,'356,India,242,'0142,"Groundnuts, excluding shelled",5539,Producer Price Index (2014-2016 = 100),2015,2015,7021,Annual value,,100.36,E
100,'356,India,242,'0142,"Groundnuts, excluding shelled",5539,Producer Price Index (2014-2016 = 100),2016,2016,7021,Annual value,,104.99,E
100,'356,India,242,'0142,"Groundnuts, excluding shelled",5539,Producer Price Index (2014-2016 = 100),2017,2017,7021,Annual value,,110.08,E
100,'356,India,242,'0142,"Groundnuts, excluding shelled",5539,Producer Price Index (2014-2016 = 100),2018,2018,7021,Annual value,,109.77,E
100,'356,India,242,'0142,"Groundnuts, excluding shelled",5539,Producer Price Index (2014-2016 = 100),2019,2019,7021,Annual value,,121.17,E
100,'356,India,242,'0142,"Groundnuts, excluding shelled",5539,Producer Price Index (2014-2016 = 100),2020,2020,7021,Annual value,,108.95,E
100,'356,India,242,'0142,"Groundnuts, excluding shelled",5539,Producer Price Index (2014-2016 = 100),2021,2021,7021,Annual value,,123.16,E
100,'356,India,242,'0142,"Groundnuts, excluding shelled",5539,Producer Price Index (2014-2016 = 100),2022,2022,7021,Annual value,,126.55,E
100,'356,India,242,'0142,"Groundnuts, excluding shelled",5539,Producer Price Index (2014-2016 = 100),2023,2023,7021,Annual value,,122.27,E
100,'356,India,242,'0142,"Groundnuts, excluding shelled",5539,Producer Price Index (2014-2016 = 100),2024,2024,7021,Annual value,,140.58,E
100,'356,India,242,'0142,"Groundnuts, excluding shelled",5539,Producer Price Index (2014-2016 = 100),2025,2025,7021,Annual value,,152.65,E
100,'356,India,1062,'0231,"Hen eggs in shell, fresh",5530,Producer Price (LCU/tonne),1991,1991,7021,Annual value,LCU,10230.0,A
100,'356,India,1062,'0231,"Hen eggs in shell, fresh",5530,Producer Price (LCU/tonne),1992,1992,7021,Annual value,LCU,10230.0,A
100,'356,India,1062,'0231,"Hen eggs in shell, fresh",5530,Producer Price (LCU/tonne),1994,1994,7021,Annual value,LCU,17300.0,X
100,'356,India,1062,'0231,"Hen eggs in shell, fresh",5530,Producer Price (LCU/tonne),1995,1995,7021,Annual value,LCU,21400.0,X
100,'356,India,1062,'0231,"Hen eggs in shell, fresh",5530,Producer Price (LCU/tonne),1996,1996,7021,Annual value,LCU,16424.0,X
100,'356,India,1062,'0231,"Hen eggs in shell, fresh",5530,Producer Price (LCU/tonne),1997,1997,7021,Annual value,LCU,21879.0,X
100,'356,India,1062,'0231,"Hen eggs in shell, fresh",5531,Producer Price (SLC/tonne),1991,1991,7021,Annual value,SLC,10230.0,A
100,'356,India,1062,'0231,"Hen eggs in shell, fresh",5531,Producer Price (SLC/tonne),1992,1992,7021,Annual value,SLC,10230.0,A
100,'356,India,1062,'0231,"Hen eggs in shell, fresh",5531,Producer Price (SLC/tonne),1994,1994,7021,Annual value,SLC,17300.0,X
100,'356,India,1062,'0231,"Hen eggs in shell, fresh",5531,Producer Price (SLC/tonne),1995,1995,7021,Annual value,SLC,21400.0,X
100,'356,India,1062,'0231,"Hen eggs in shell, fresh",5531,Producer Price (SLC/tonne),1996,1996,7021,Annual value,SLC,16424.0,X
100,'356,India,1062,'0231,"Hen eggs in shell, fresh",5531,Producer Price (SLC/tonne),1997,1997,7021,Annual value,SLC,21879.0,X
100,'356,India,1062,'0231,"Hen eggs in shell, fresh",5532,Producer Price (USD/tonne),1991,1991,7021,Annual value,USD,449.8,A
100,'356,India,1062,'0231,"Hen eggs in shell, fresh",5532,Producer Price (USD/tonne),1992,1992,7021,Annual value,USD,394.7,A
100,'356,India,1062,'0231,"Hen eggs in shell, fresh",5532,Producer Price (USD/tonne),1994,1994,7021,Annual value,USD,551.4,X
100,'356,India,1062,'0231,"Hen eggs in shell, fresh",5532,Producer Price (USD/tonne),1995,1995,7021,Annual value,USD,659.9,X
100,'356,India,1062,'0231,"Hen eggs in shell, fresh",5532,Producer Price (USD/tonne),1996,1996,7021,Annual value,USD,463.5,X
100,'356,India,1062,'0231,"Hen eggs in shell, fresh",5532,Producer Price (USD/tonne),1997,1997,7021,Annual value,USD,602.5,X
100,'356,India,1062,'0231,"Hen eggs in shell, fresh",5539,Producer Price Index (2014-2016 = 100),1991,1991,7021,Annual value,,15.73,E
100,'356,India,1062,'0231,"Hen eggs in shell, fresh",5539,Producer Price Index (2014-2016 = 100),1992,1992,7021,Annual value,,15.73,E
100,'356,India,1062,'0231,"Hen eggs in shell, fresh",5539,Producer Price Index (2014-2016 = 100),1993,1993,7021,Annual value,,15.73,E
100,'356,India,1062,'0231,"Hen eggs in shell, fresh",5539,Producer Price Index (2014-2016 = 100),1994,1994,7021,Annual value,,26.6,E
100,'356,India,1062,'0231,"Hen eggs in shell, fresh",5539,Producer Price Index (2014-2016 = 100),1995,1995,7021,Annual value,,32.9,E
100,'356,India,1062,'0231,"Hen eggs in shell, fresh",5539,Producer Price Index (2014-2016 = 100),1996,1996,7021,Annual value,,25.25,E
100,'356,India,1062,'0231,"Hen eggs in shell, fresh",5539,Producer Price Index (2014-2016 = 100),1997,1997,7021,Annual value,,33.63,E
100,'356,India,1062,'0231,"Hen eggs in shell, fresh",5539,Producer Price Index (2014-2016 = 100),1998,1998,7021,Annual value,,33.58,E
100,'356,India,1062,'0231,"Hen eggs in shell, fresh",5539,Producer Price Index (2014-2016 = 100),1999,1999,7021,Annual value,,35.36,E
100,'356,India,1062,'0231,"Hen eggs in shell, fresh",5539,Producer Price Index (2014-2016 = 100),2000,2000,7021,Annual value,,36.06,E
100,'356,India,1062,'0231,"Hen eggs in shell, fresh",5539,Producer Price Index (2014-2016 = 100),2001,2001,7021,Annual value,,36.44,E
100,'356,India,1062,'0231,"Hen eggs in shell, fresh",5539,Producer Price Index (2014-2016 = 100),2002,2002,7021,Annual value,,36.72,E
100,'356,India,1062,'0231,"Hen eggs in shell, fresh",5539,Producer Price Index (2014-2016 = 100),2003,2003,7021,Annual value,,39.83,E
100,'356,India,1062,'0231,"Hen eggs in shell, fresh",5539,Producer Price Index (2014-2016 = 100),2004,2004,7021,Annual value,,42.21,E
100,'356,India,1062,'0231,"Hen eggs in shell, fresh",5539,Producer Price Index (2014-2016 = 100),2005,2005,7021,Annual value,,45.95,E
100,'356,India,1062,'0231,"Hen eggs in shell, fresh",5539,Producer Price Index (2014-2016 = 100),2006,2006,7021,Annual value,,48.94,E
100,'356,India,1062,'0231,"Hen eggs in shell, fresh",5539,Producer Price Index (2014-2016 = 100),2007,2007,7021,Annual value,,60.15,E
100,'356,India,1062,'0231,"Hen eggs in shell, fresh",5539,Producer Price Index (2014-2016 = 100),2008,2008,7021,Annual value,,59.31,E
100,'356,India,1062,'0231,"Hen eggs in shell, fresh",5539,Producer Price Index (2014-2016 = 100),2009,2009,7021,Annual value,,65.52,E
100,'356,India,1062,'0231,"Hen eggs in shell, fresh",5539,Producer Price Index (2014-2016 = 100),2010,2010,7021,Annual value,,77.14,E
100,'356,India,1062,'0231,"Hen eggs in shell, fresh",5539,Producer Price Index (2014-2016 = 100),2011,2011,7021,Annual value,,84.12,E
100,'356,India,1062,'0231,"Hen eggs in shell, fresh",5539,Producer Price Index (2014-2016 = 100),2012,2012,7021,Annual value,,91.28,E
100,'356,India,1062,'0231,"Hen eggs in shell, fresh",5539,Producer Price Index (2014-2016 = 100),2013,2013,7021,Annual value,,87.32,E
100,'356,India,1062,'0231,"Hen eggs in shell, fresh",5539,Producer Price Index (2014-2016 = 100),2014,2014,7021,Annual value,,94.65,E
100,'356,India,1062,'0231,"Hen eggs in shell, fresh",5539,Producer Price Index (2014-2016 = 100),2015,2015,7021,Annual value,,100.36,E
100,'356,India,1062,'0231,"Hen eggs in shell, fresh",5539,Producer Price Index (2014-2016 = 100),2016,2016,7021,Annual value,,104.99,E
100,'356,India,1062,'0231,"Hen eggs in shell, fresh",5539,Producer Price Index (2014-2016 = 100),2017,2017,7021,Annual value,,110.08,E
100,'356,India,1062,'0231,"Hen eggs in shell, fresh",5539,Producer Price Index (2014-2016 = 100),2018,2018,7021,Annual value,,109.77,E
100,'356,India,1062,'0231,"Hen eggs in shell, fresh",5539,Producer Price Index (2014-2016 = 100),2019,2019,7021,Annual value,,118.32,E
100,'356,India,1062,'0231,"Hen eggs in shell, fresh",5539,Producer Price Index (2014-2016 = 100),2020,2020,7021,Annual value,,112.82,E
100,'356,India,1062,'0231,"Hen eggs in shell, fresh",5539,Producer Price Index (2014-2016 = 100),2021,2021,7021,Annual value,,130.38,E
100,'356,India,1062,'0231,"Hen eggs in shell, fresh",5539,Producer Price Index (2014-2016 = 100),2022,2022,7021,Annual value,,139.9,E
100,'356,India,1062,'0231,"Hen eggs in shell, fresh",5539,Producer Price Index (2014-2016 = 100),2023,2023,7021,Annual value,,142.9,E
100,'356,India,1062,'0231,"Hen eggs in shell, fresh",5539,Producer Price Index (2014-2016 = 100),2024,2024,7021,Annual value,,152.22,E
100,'356,India,1062,'0231,"Hen eggs in shell, fresh",5539,Producer Price Index (2014-2016 = 100),2025,2025,7021,Annual value,,161.53,E
100,'356,India,780,'01922.01,"Jute, raw or retted",5530,Producer Price (LCU/tonne),1991,1991,7021,Annual value,LCU,4376.0,A
100,'356,India,780,'01922.01,"Jute, raw or retted",5530,Producer Price (LCU/tonne),1992,1992,7021,Annual value,LCU,4162.0,A
100,'356,India,780,'01922.01,"Jute, raw or retted",5530,Producer Price (LCU/tonne),1993,1993,7021,Annual value,LCU,5120.0,A
100,'356,India,780,'01922.01,"Jute, raw or retted",5530,Producer Price (LCU/tonne),1994,1994,7021,Annual value,LCU,5608.0,A
100,'356,India,780,'01922.01,"Jute, raw or retted",5530,Producer Price (LCU/tonne),1995,1995,7021,Annual value,LCU,8246.0,A
100,'356,India,780,'01922.01,"Jute, raw or retted",5530,Producer Price (LCU/tonne),1996,1996,7021,Annual value,LCU,7850.0,A
100,'356,India,780,'01922.01,"Jute, raw or retted",5530,Producer Price (LCU/tonne),1997,1997,7021,Annual value,LCU,6329.0,A
100,'356,India,780,'01922.01,"Jute, raw or retted",5530,Producer Price (LCU/tonne),1998,1998,7021,Annual value,LCU,8537.0,A
100,'356,India,780,'01922.01,"Jute, raw or retted",5530,Producer Price (LCU/tonne),1999,1999,7021,Annual value,LCU,8718.0,A
100,'356,India,780,'01922.01,"Jute, raw or retted",5530,Producer Price (LCU/tonne),2000,2000,7021,Annual value,LCU,10052.0,A
100,'356,India,780,'01922.01,"Jute, raw or retted",5530,Producer Price (LCU/tonne),2001,2001,7021,Annual value,LCU,8397.5,A
100,'356,India,780,'01922.01,"Jute, raw or retted",5530,Producer Price (LCU/tonne),2002,2002,7021,Annual value,LCU,7810.0,A
100,'356,India,780,'01922.01,"Jute, raw or retted",5530,Producer Price (LCU/tonne),2003,2003,7021,Annual value,LCU,7857.5,A
100,'356,India,780,'01922.01,"Jute, raw or retted",5530,Producer Price (LCU/tonne),2004,2004,7021,Annual value,LCU,8638.0,A
100,'356,India,780,'01922.01,"Jute, raw or retted",5530,Producer Price (LCU/tonne),2005,2005,7021,Annual value,LCU,10773.3,A
100,'356,India,780,'01922.01,"Jute, raw or retted",5530,Producer Price (LCU/tonne),2006,2006,7021,Annual value,LCU,10972.0,A
100,'356,India,780,'01922.01,"Jute, raw or retted",5530,Producer Price (LCU/tonne),2008,2008,7021,Annual value,LCU,12500.0,A
100,'356,India,780,'01922.01,"Jute, raw or retted",5531,Producer Price (SLC/tonne),1991,1991,7021,Annual value,SLC,4376.0,A
100,'356,India,780,'01922.01,"Jute, raw or retted",5531,Producer Price (SLC/tonne),1992,1992,7021,Annual value,SLC,4162.0,A
100,'356,India,780,'01922.01,"Jute, raw or retted",5531,Producer Price (SLC/tonne),1993,1993,7021,Annual value,SLC,5120.0,A
100,'356,India,780,'01922.01,"Jute, raw or retted",5531,Producer Price (SLC/tonne),1994,1994,7021,Annual value,SLC,5608.0,A
100,'356,India,780,'01922.01,"Jute, raw or retted",5531,Producer Price (SLC/tonne),1995,1995,7021,Annual value,SLC,8246.0,A
100,'356,India,780,'01922.01,"Jute, raw or retted",5531,Producer Price (SLC/tonne),1996,1996,7021,Annual value,SLC,7850.0,A
100,'356,India,780,'01922.01,"Jute, raw or retted",5531,Producer Price (SLC/tonne),1997,1997,7021,Annual value,SLC,6329.0,A
100,'356,India,780,'01922.01,"Jute, raw or retted",5531,Producer Price (SLC/tonne),1998,1998,7021,Annual value,SLC,8537.0,A
100,'356,India,780,'01922.01,"Jute, raw or retted",5531,Producer Price (SLC/tonne),1999,1999,7021,Annual value,SLC,8718.0,A
100,'356,India,780,'01922.01,"Jute, raw or retted",5531,Producer Price (SLC/tonne),2000,2000,7021,Annual value,SLC,10052.0,A
100,'356,India,780,'01922.01,"Jute, raw or retted",5531,Producer Price (SLC/tonne),2001,2001,7021,Annual value,SLC,8397.5,A
100,'356,India,780,'01922.01,"Jute, raw or retted",5531,Producer Price (SLC/tonne),2002,2002,7021,Annual value,SLC,7810.0,A
100,'356,India,780,'01922.01,"Jute, raw or retted",5531,Producer Price (SLC/tonne),2003,2003,7021,Annual value,SLC,7857.5,A
100,'356,India,780,'01922.01,"Jute, raw or retted",5531,Producer Price (SLC/tonne),2004,2004,7021,Annual value,SLC,8638.0,A
100,'356,India,780,'01922.01,"Jute, raw or retted",5531,Producer Price (SLC/tonne),2005,2005,7021,Annual value,SLC,10773.3,A
100,'356,India,780,'01922.01,"Jute, raw or retted",5531,Producer Price (SLC/tonne),2006,2006,7021,Annual value,SLC,10972.0,A
100,'356,India,780,'01922.01,"Jute, raw or retted",5531,Producer Price (SLC/tonne),2008,2008,7021,Annual value,SLC,12500.0,A
100,'356,India,780,'01922.01,"Jute, raw or retted",5532,Producer Price (USD/tonne),1991,1991,7021,Annual value,USD,192.4,A
100,'356,India,780,'01922.01,"Jute, raw or retted",5532,Producer Price (USD/tonne),1992,1992,7021,Annual value,USD,160.6,A
100,'356,India,780,'01922.01,"Jute, raw or retted",5532,Producer Price (USD/tonne),1993,1993,7021,Annual value,USD,167.9,A
100,'356,India,780,'01922.01,"Jute, raw or retted",5532,Producer Price (USD/tonne),1994,1994,7021,Annual value,USD,178.7,A
100,'356,India,780,'01922.01,"Jute, raw or retted",5532,Producer Price (USD/tonne),1995,1995,7021,Annual value,USD,254.3,A
100,'356,India,780,'01922.01,"Jute, raw or retted",5532,Producer Price (USD/tonne),1996,1996,7021,Annual value,USD,221.5,A
100,'356,India,780,'01922.01,"Jute, raw or retted",5532,Producer Price (USD/tonne),1997,1997,7021,Annual value,USD,174.3,A
100,'356,India,780,'01922.01,"Jute, raw or retted",5532,Producer Price (USD/tonne),1998,1998,7021,Annual value,USD,206.9,A
100,'356,India,780,'01922.01,"Jute, raw or retted",5532,Producer Price (USD/tonne),1999,1999,7021,Annual value,USD,202.5,A
100,'356,India,780,'01922.01,"Jute, raw or retted",5532,Producer Price (USD/tonne),2000,2000,7021,Annual value,USD,223.7,A
100,'356,India,780,'01922.01,"Jute, raw or retted",5532,Producer Price (USD/tonne),2001,2001,7021,Annual value,USD,178.0,A
100,'356,India,780,'01922.01,"Jute, raw or retted",5532,Producer Price (USD/tonne),2002,2002,7021,Annual value,USD,160.7,A
100,'356,India,780,'01922.01,"Jute, raw or retted",5532,Producer Price (USD/tonne),2003,2003,7021,Annual value,USD,168.7,A
100,'356,India,780,'01922.01,"Jute, raw or retted",5532,Producer Price (USD/tonne),2004,2004,7021,Annual value,USD,190.6,A
100,'356,India,780,'01922.01,"Jute, raw or retted",5532,Producer Price (USD/tonne),2005,2005,7021,Annual value,USD,244.3,A
100,'356,India,780,'01922.01,"Jute, raw or retted",5532,Producer Price (USD/tonne),2006,2006,7021,Annual value,USD,242.2,A
100,'356,India,780,'01922.01,"Jute, raw or retted",5532,Producer Price (USD/tonne),2008,2008,7021,Annual value,USD,287.3,A
100,'356,India,780,'01922.01,"Jute, raw or retted",5539,Producer Price Index (2014-2016 = 100),1991,1991,7021,Annual value,,20.76,E
100,'356,India,780,'01922.01,"Jute, raw or retted",5539,Producer Price Index (2014-2016 = 100),1992,1992,7021,Annual value,,19.75,E
100,'356,India,780,'01922.01,"Jute, raw or retted",5539,Producer Price Index (2014-2016 = 100),1993,1993,7021,Annual value,,24.29,E
100,'356,India,780,'01922.01,"Jute, raw or retted",5539,Producer Price Index (2014-2016 = 100),1994,1994,7021,Annual value,,26.61,E
100,'356,India,780,'01922.01,"Jute, raw or retted",5539,Producer Price Index (2014-2016 = 100),1995,1995,7021,Annual value,,39.13,E
100,'356,India,780,'01922.01,"Jute, raw or retted",5539,Producer Price Index (2014-2016 = 100),1996,1996,7021,Annual value,,37.25,E
100,'356,India,780,'01922.01,"Jute, raw or retted",5539,Producer Price Index (2014-2016 = 100),1997,1997,7021,Annual value,,30.03,E
100,'356,India,780,'01922.01,"Jute, raw or retted",5539,Producer Price Index (2014-2016 = 100),1998,1998,7021,Annual value,,40.51,E
100,'356,India,780,'01922.01,"Jute, raw or retted",5539,Producer Price Index (2014-2016 = 100),1999,1999,7021,Annual value,,41.37,E
100,'356,India,780,'01922.01,"Jute, raw or retted",5539,Producer Price Index (2014-2016 = 100),2000,2000,7021,Annual value,,47.7,E
100,'356,India,780,'01922.01,"Jute, raw or retted",5539,Producer Price Index (2014-2016 = 100),2001,2001,7021,Annual value,,39.85,E
100,'356,India,780,'01922.01,"Jute, raw or retted",5539,Producer Price Index (2014-2016 = 100),2002,2002,7021,Annual value,,37.06,E
100,'356,India,780,'01922.01,"Jute, raw or retted",5539,Producer Price Index (2014-2016 = 100),2003,2003,7021,Annual value,,37.28,E
100,'356,India,780,'01922.01,"Jute, raw or retted",5539,Producer Price Index (2014-2016 = 100),2004,2004,7021,Annual value,,40.99,E
100,'356,India,780,'01922.01,"Jute, raw or retted",5539,Producer Price Index (2014-2016 = 100),2005,2005,7021,Annual value,,51.12,E
100,'356,India,780,'01922.01,"Jute, raw or retted",5539,Producer Price Index (2014-2016 = 100),2006,2006,7021,Annual value,,52.06,E
100,'356,India,780,'01922.01,"Jute, raw or retted",5539,Producer Price Index (2014-2016 = 100),2007,2007,7021,Annual value,,63.99,E
100,'356,India,780,'01922.01,"Jute, raw or retted",5539,Producer Price Index (2014-2016 = 100),2008,2008,7021,Annual value,,59.31,E
100,'356,India,780,'01922.01,"Jute, raw or retted",5539,Producer Price Index (2014-2016 = 100),2009,2009,7021,Annual value,,65.52,E
100,'356,India,780,'01922.01,"Jute, raw or retted",5539,Producer Price Index (2014-2016 = 100),2010,2010,7021,Annual value,,77.14,E
100,'356,India,780,'01922.01,"Jute, raw or retted",5539,Producer Price Index (2014-2016 = 100),2011,2011,7021,Annual value,,84.12,E
100,'356,India,780,'01922.01,"Jute, raw or retted",5539,Producer Price Index (2014-2016 = 100),2012,2012,7021,Annual value,,91.28,E
100,'356,India,780,'01922.01,"Jute, raw or retted",5539,Producer Price Index (2014-2016 = 100),2013,2013,7021,Annual value,,87.32,E
100,'356,India,780,'01922.01,"Jute, raw or retted",5539,Producer Price Index (2014-2016 = 100),2014,2014,7021,Annual value,,94.65,E
100,'356,India,780,'01922.01,"Jute, raw or retted",5539,Producer Price Index (2014-2016 = 100),2015,2015,7021,Annual value,,100.36,E
100,'356,India,780,'01922.01,"Jute, raw or retted",5539,Producer Price Index (2014-2016 = 100),2016,2016,7021,Annual value,,104.99,E
100,'356,India,780,'01922.01,"Jute, raw or retted",5539,Producer Price Index (2014-2016 = 100),2017,2017,7021,Annual value,,110.08,E
100,'356,India,780,'01922.01,"Jute, raw or retted",5539,Producer Price Index (2014-2016 = 100),2018,2018,7021,Annual value,,109.77,E
100,'356,India,780,'01922.01,"Jute, raw or retted",5539,Producer Price Index (2014-2016 = 100),2019,2019,7021,Annual value,,118.47,E
100,'356,India,780,'01922.01,"Jute, raw or retted",5539,Producer Price Index (2014-2016 = 100),2020,2020,7021,Annual value,,121.29,E
100,'356,India,780,'01922.01,"Jute, raw or retted",5539,Producer Price Index (2014-2016 = 100),2021,2021,7021,Annual value,,131.08,E
100,'356,India,780,'01922.01,"Jute, raw or retted",5539,Producer Price Index (2014-2016 = 100),2022,2022,7021,Annual value,,135.67,E
100,'356,India,780,'01922.01,"Jute, raw or retted",5539,Producer Price Index (2014-2016 = 100),2023,2023,7021,Annual value,,138.02,E
100,'356,India,780,'01922.01,"Jute, raw or retted",5539,Producer Price Index (2014-2016 = 100),2024,2024,7021,Annual value,,148.04,E
100,'356,India,780,'01922.01,"Jute, raw or retted",5539,Producer Price Index (2014-2016 = 100),2025,2025,7021,Annual value,,155.7,E
100,'356,India,782,'01922.02,"Kenaf, and other textile bast fibres, raw or retted",5530,Producer Price (LCU/tonne),1991,1991,7021,Annual value,LCU,7530.0,A
100,'356,India,782,'01922.02,"Kenaf, and other textile bast fibres, raw or retted",5530,Producer Price (LCU/tonne),1992,1992,7021,Annual value,LCU,8768.0,A
100,'356,India,782,'01922.02,"Kenaf, and other textile bast fibres, raw or retted",5530,Producer Price (LCU/tonne),1993,1993,7021,Annual value,LCU,10273.0,A
100,'356,India,782,'01922.02,"Kenaf, and other textile bast fibres, raw or retted",5530,Producer Price (LCU/tonne),1994,1994,7021,Annual value,LCU,11737.0,A
100,'356,India,782,'01922.02,"Kenaf, and other textile bast fibres, raw or retted",5530,Producer Price (LCU/tonne),1995,1995,7021,Annual value,LCU,11310.0,A
100,'356,India,782,'01922.02,"Kenaf, and other textile bast fibres, raw or retted",5530,Producer Price (LCU/tonne),1996,1996,7021,Annual value,LCU,9600.0,A
100,'356,India,782,'01922.02,"Kenaf, and other textile bast fibres, raw or retted",5530,Producer Price (LCU/tonne),1997,1997,7021,Annual value,LCU,7420.0,A
100,'356,India,782,'01922.02,"Kenaf, and other textile bast fibres, raw or retted",5530,Producer Price (LCU/tonne),1998,1998,7021,Annual value,LCU,16610.0,A
100,'356,India,782,'01922.02,"Kenaf, and other textile bast fibres, raw or retted",5530,Producer Price (LCU/tonne),1999,1999,7021,Annual value,LCU,15720.0,A
100,'356,India,782,'01922.02,"Kenaf, and other textile bast fibres, raw or retted",5530,Producer Price (LCU/tonne),2000,2000,7021,Annual value,LCU,12870.0,A
100,'356,India,782,'01922.02,"Kenaf, and other textile bast fibres, raw or retted",5530,Producer Price (LCU/tonne),2001,2001,7021,Annual value,LCU,19860.0,X
100,'356,India,782,'01922.02,"Kenaf, and other textile bast fibres, raw or retted",5531,Producer Price (SLC/tonne),1991,1991,7021,Annual value,SLC,7530.0,A
100,'356,India,782,'01922.02,"Kenaf, and other textile bast fibres, raw or retted",5531,Producer Price (SLC/tonne),1992,1992,7021,Annual value,SLC,8768.0,A
100,'356,India,782,'01922.02,"Kenaf, and other textile bast fibres, raw or retted",5531,Producer Price (SLC/tonne),1993,1993,7021,Annual value,SLC,10273.0,A
100,'356,India,782,'01922.02,"Kenaf, and other textile bast fibres, raw or retted",5531,Producer Price (SLC/tonne),1994,1994,7021,Annual value,SLC,11737.0,A
100,'356,India,782,'01922.02,"Kenaf, and other textile bast fibres, raw or retted",5531,Producer Price (SLC/tonne),1995,1995,7021,Annual value,SLC,11310.0,A
100,'356,India,782,'01922.02,"Kenaf, and other textile bast fibres, raw or retted",5531,Producer Price (SLC/tonne),1996,1996,7021,Annual value,SLC,9600.0,A
100,'356,India,782,'01922.02,"Kenaf, and other textile bast fibres, raw or retted",5531,Producer Price (SLC/tonne),1997,1997,7021,Annual value,SLC,7420.0,A
100,'356,India,782,'01922.02,"Kenaf, and other textile bast fibres, raw or retted",5531,Producer Price (SLC/tonne),1998,1998,7021,Annual value,SLC,16610.0,A
100,'356,India,782,'01922.02,"Kenaf, and other textile bast fibres, raw or retted",5531,Producer Price (SLC/tonne),1999,1999,7021,Annual value,SLC,15720.0,A
100,'356,India,782,'01922.02,"Kenaf, and other textile bast fibres, raw or retted",5531,Producer Price (SLC/tonne),2000,2000,7021,Annual value,SLC,12870.0,A
100,'356,India,782,'01922.02,"Kenaf, and other textile bast fibres, raw or retted",5531,Producer Price (SLC/tonne),2001,2001,7021,Annual value,SLC,19860.0,X
100,'356,India,782,'01922.02,"Kenaf, and other textile bast fibres, raw or retted",5532,Producer Price (USD/tonne),1991,1991,7021,Annual value,USD,331.1,A
100,'356,India,782,'01922.02,"Kenaf, and other textile bast fibres, raw or retted",5532,Producer Price (USD/tonne),1992,1992,7021,Annual value,USD,338.3,A
100,'356,India,782,'01922.02,"Kenaf, and other textile bast fibres, raw or retted",5532,Producer Price (USD/tonne),1993,1993,7021,Annual value,USD,336.9,A
100,'356,India,782,'01922.02,"Kenaf, and other textile bast fibres, raw or retted",5532,Producer Price (USD/tonne),1994,1994,7021,Annual value,USD,374.1,A
100,'356,India,782,'01922.02,"Kenaf, and other textile bast fibres, raw or retted",5532,Producer Price (USD/tonne),1995,1995,7021,Annual value,USD,348.8,A
100,'356,India,782,'01922.02,"Kenaf, and other textile bast fibres, raw or retted",5532,Producer Price (USD/tonne),1996,1996,7021,Annual value,USD,270.9,A
100,'356,India,782,'01922.02,"Kenaf, and other textile bast fibres, raw or retted",5532,Producer Price (USD/tonne),1997,1997,7021,Annual value,USD,204.3,A
100,'356,India,782,'01922.02,"Kenaf, and other textile bast fibres, raw or retted",5532,Producer Price (USD/tonne),1998,1998,7021,Annual value,USD,402.6,A
100,'356,India,782,'01922.02,"Kenaf, and other textile bast fibres, raw or retted",5532,Producer Price (USD/tonne),1999,1999,7021,Annual value,USD,365.1,A
100,'356,India,782,'01922.02,"Kenaf, and other textile bast fibres, raw or retted",5532,Producer Price (USD/tonne),2000,2000,7021,Annual value,USD,286.4,A
100,'356,India,782,'01922.02,"Kenaf, and other textile bast fibres, raw or retted",5532,Producer Price (USD/tonne),2001,2001,7021,Annual value,USD,420.9,X
100,'356,India,782,'01922.02,"Kenaf, and other textile bast fibres, raw or retted",5539,Producer Price Index (2014-2016 = 100),1991,1991,7021,Annual value,,18.08,E
100,'356,India,782,'01922.02,"Kenaf, and other textile bast fibres, raw or retted",5539,Producer Price Index (2014-2016 = 100),1992,1992,7021,Annual value,,21.06,E
100,'356,India,782,'01922.02,"Kenaf, and other textile bast fibres, raw or retted",5539,Producer Price Index (2014-2016 = 100),1993,1993,7021,Annual value,,24.67,E
100,'356,India,782,'01922.02,"Kenaf, and other textile bast fibres, raw or retted",5539,Producer Price Index (2014-2016 = 100),1994,1994,7021,Annual value,,28.19,E
100,'356,India,782,'01922.02,"Kenaf, and other textile bast fibres, raw or retted",5539,Producer Price Index (2014-2016 = 100),1995,1995,7021,Annual value,,27.16,E
100,'356,India,782,'01922.02,"Kenaf, and other textile bast fibres, raw or retted",5539,Producer Price Index (2014-2016 = 100),1996,1996,7021,Annual value,,23.05,E
100,'356,India,782,'01922.02,"Kenaf, and other textile bast fibres, raw or retted",5539,Producer Price Index (2014-2016 = 100),1997,1997,7021,Annual value,,17.82,E
100,'356,India,782,'01922.02,"Kenaf, and other textile bast fibres, raw or retted",5539,Producer Price Index (2014-2016 = 100),1998,1998,7021,Annual value,,39.89,E
100,'356,India,782,'01922.02,"Kenaf, and other textile bast fibres, raw or retted",5539,Producer Price Index (2014-2016 = 100),1999,1999,7021,Annual value,,37.75,E
100,'356,India,782,'01922.02,"Kenaf, and other textile bast fibres, raw or retted",5539,Producer Price Index (2014-2016 = 100),2000,2000,7021,Annual value,,30.91,E
100,'356,India,782,'01922.02,"Kenaf, and other textile bast fibres, raw or retted",5539,Producer Price Index (2014-2016 = 100),2001,2001,7021,Annual value,,47.69,E
100,'356,India,782,'01922.02,"Kenaf, and other textile bast fibres, raw or retted",5539,Producer Price Index (2014-2016 = 100),2002,2002,7021,Annual value,,44.36,E
100,'356,India,782,'01922.02,"Kenaf, and other textile bast fibres, raw or retted",5539,Producer Price Index (2014-2016 = 100),2003,2003,7021,Annual value,,44.63,E
100,'356,India,782,'01922.02,"Kenaf, and other textile bast fibres, raw or retted",5539,Producer Price Index (2014-2016 = 100),2004,2004,7021,Annual value,,45.09,E
100,'356,India,782,'01922.02,"Kenaf, and other textile bast fibres, raw or retted",5539,Producer Price Index (2014-2016 = 100),2005,2005,7021,Annual value,,45.95,E
100,'356,India,782,'01922.02,"Kenaf, and other textile bast fibres, raw or retted",5539,Producer Price Index (2014-2016 = 100),2006,2006,7021,Annual value,,48.94,E
100,'356,India,782,'01922.02,"Kenaf, and other textile bast fibres, raw or retted",5539,Producer Price Index (2014-2016 = 100),2007,2007,7021,Annual value,,60.15,E
100,'356,India,782,'01922.02,"Kenaf, and other textile bast fibres, raw or retted",5539,Producer Price Index (2014-2016 = 100),2008,2008,7021,Annual value,,59.31,E
100,'356,India,782,'01922.02,"Kenaf, and other textile bast fibres, raw or retted",5539,Producer Price Index (2014-2016 = 100),2009,2009,7021,Annual value,,65.52,E
100,'356,India,782,'01922.02,"Kenaf, and other textile bast fibres, raw or retted",5539,Producer Price Index (2014-2016 = 100),2010,2010,7021,Annual value,,77.14,E
100,'356,India,782,'01922.02,"Kenaf, and other textile bast fibres, raw or retted",5539,Producer Price Index (2014-2016 = 100),2011,2011,7021,Annual value,,84.12,E
100,'356,India,782,'01922.02,"Kenaf, and other textile bast fibres, raw or retted",5539,Producer Price Index (2014-2016 = 100),2012,2012,7021,Annual value,,91.28,E
100,'356,India,782,'01922.02,"Kenaf, and other textile bast fibres, raw or retted",5539,Producer Price Index (2014-2016 = 100),2013,2013,7021,Annual value,,87.32,E
100,'356,India,782,'01922.02,"Kenaf, and other textile bast fibres, raw or retted",5539,Producer Price Index (2014-2016 = 100),2014,2014,7021,Annual value,,94.65,E
100,'356,India,782,'01922.02,"Kenaf, and other textile bast fibres, raw or retted",5539,Producer Price Index (2014-2016 = 100),2015,2015,7021,Annual value,,100.36,E
100,'356,India,782,'01922.02,"Kenaf, and other textile bast fibres, raw or retted",5539,Producer Price Index (2014-2016 = 100),2016,2016,7021,Annual value,,104.99,E
100,'356,India,782,'01922.02,"Kenaf, and other textile bast fibres, raw or retted",5539,Producer Price Index (2014-2016 = 100),2017,2017,7021,Annual value,,110.08,E
100,'356,India,782,'01922.02,"Kenaf, and other textile bast fibres, raw or retted",5539,Producer Price Index (2014-2016 = 100),2018,2018,7021,Annual value,,109.77,E
100,'356,India,782,'01922.02,"Kenaf, and other textile bast fibres, raw or retted",5539,Producer Price Index (2014-2016 = 100),2019,2019,7021,Annual value,,117.06,E
100,'356,India,782,'01922.02,"Kenaf, and other textile bast fibres, raw or retted",5539,Producer Price Index (2014-2016 = 100),2020,2020,7021,Annual value,,119.83,E
100,'356,India,782,'01922.02,"Kenaf, and other textile bast fibres, raw or retted",5539,Producer Price Index (2014-2016 = 100),2021,2021,7021,Annual value,,131.82,E
100,'356,India,782,'01922.02,"Kenaf, and other textile bast fibres, raw or retted",5539,Producer Price Index (2014-2016 = 100),2022,2022,7021,Annual value,,136.75,E
100,'356,India,782,'01922.02,"Kenaf, and other textile bast fibres, raw or retted",5539,Producer Price Index (2014-2016 = 100),2023,2023,7021,Annual value,,137.49,E
100,'356,India,782,'01922.02,"Kenaf, and other textile bast fibres, raw or retted",5539,Producer Price Index (2014-2016 = 100),2024,2024,7021,Annual value,,151.06,E
100,'356,India,782,'01922.02,"Kenaf, and other textile bast fibres, raw or retted",5539,Producer Price Index (2014-2016 = 100),2025,2025,7021,Annual value,,160.91,E
100,'356,India,497,'01322,Lemons and limes,5530,Producer Price (LCU/tonne),2001,2001,7021,Annual value,LCU,11192.0,A
100,'356,India,497,'01322,Lemons and limes,5531,Producer Price (SLC/tonne),2001,2001,7021,Annual value,SLC,11192.0,A
100,'356,India,497,'01322,Lemons and limes,5532,Producer Price (USD/tonne),2001,2001,7021,Annual value,USD,237.2,A
100,'356,India,497,'01322,Lemons and limes,5539,Producer Price Index (2014-2016 = 100),1991,1991,7021,Annual value,,14.42,E
100,'356,India,497,'01322,Lemons and limes,5539,Producer Price Index (2014-2016 = 100),1992,1992,7021,Annual value,,16.05,E
100,'356,India,497,'01322,Lemons and limes,5539,Producer Price Index (2014-2016 = 100),1993,1993,7021,Annual value,,21.17,E
100,'356,India,497,'01322,Lemons and limes,5539,Producer Price Index (2014-2016 = 100),1994,1994,7021,Annual value,,22.19,E
100,'356,India,497,'01322,Lemons and limes,5539,Producer Price Index (2014-2016 = 100),1995,1995,7021,Annual value,,22.76,E
100,'356,India,497,'01322,Lemons and limes,5539,Producer Price Index (2014-2016 = 100),1996,1996,7021,Annual value,,28.41,E
100,'356,India,497,'01322,Lemons and limes,5539,Producer Price Index (2014-2016 = 100),1997,1997,7021,Annual value,,31.55,E
100,'356,India,497,'01322,Lemons and limes,5539,Producer Price Index (2014-2016 = 100),1998,1998,7021,Annual value,,32.76,E
100,'356,India,497,'01322,Lemons and limes,5539,Producer Price Index (2014-2016 = 100),1999,1999,7021,Annual value,,31.7,E
100,'356,India,497,'01322,Lemons and limes,5539,Producer Price Index (2014-2016 = 100),2000,2000,7021,Annual value,,30.21,E
100,'356,India,497,'01322,Lemons and limes,5539,Producer Price Index (2014-2016 = 100),2001,2001,7021,Annual value,,32.11,E
100,'356,India,497,'01322,Lemons and limes,5539,Producer Price Index (2014-2016 = 100),2002,2002,7021,Annual value,,36.72,E
100,'356,India,497,'01322,Lemons and limes,5539,Producer Price Index (2014-2016 = 100),2003,2003,7021,Annual value,,39.83,E
100,'356,India,497,'01322,Lemons and limes,5539,Producer Price Index (2014-2016 = 100),2004,2004,7021,Annual value,,42.21,E
100,'356,India,497,'01322,Lemons and limes,5539,Producer Price Index (2014-2016 = 100),2005,2005,7021,Annual value,,45.95,E
100,'356,India,497,'01322,Lemons and limes,5539,Producer Price Index (2014-2016 = 100),2006,2006,7021,Annual value,,48.94,E
100,'356,India,497,'01322,Lemons and limes,5539,Producer Price Index (2014-2016 = 100),2007,2007,7021,Annual value,,60.15,E
100,'356,India,497,'01322,Lemons and limes,5539,Producer Price Index (2014-2016 = 100),2008,2008,7021,Annual value,,59.31,E
100,'356,India,497,'01322,Lemons and limes,5539,Producer Price Index (2014-2016 = 100),2009,2009,7021,Annual value,,65.52,E
100,'356,India,497,'01322,Lemons and limes,5539,Producer Price Index (2014-2016 = 100),2010,2010,7021,Annual value,,77.14,E
100,'356,India,497,'01322,Lemons and limes,5539,Producer Price Index (2014-2016 = 100),2011,2011,7021,Annual value,,84.12,E
100,'356,India,497,'01322,Lemons and limes,5539,Producer Price Index (2014-2016 = 100),2012,2012,7021,Annual value,,91.28,E
100,'356,India,497,'01322,Lemons and limes,5539,Producer Price Index (2014-2016 = 100),2013,2013,7021,Annual value,,87.32,E
100,'356,India,497,'01322,Lemons and limes,5539,Producer Price Index (2014-2016 = 100),2014,2014,7021,Annual value,,94.65,E
100,'356,India,497,'01322,Lemons and limes,5539,Producer Price Index (2014-2016 = 100),2015,2015,7021,Annual value,,100.36,E
100,'356,India,497,'01322,Lemons and limes,5539,Producer Price Index (2014-2016 = 100),2016,2016,7021,Annual value,,104.99,E
100,'356,India,497,'01322,Lemons and limes,5539,Producer Price Index (2014-2016 = 100),2017,2017,7021,Annual value,,110.08,E
100,'356,India,497,'01322,Lemons and limes,5539,Producer Price Index (2014-2016 = 100),2018,2018,7021,Annual value,,109.77,E
100,'356,India,497,'01322,Lemons and limes,5539,Producer Price Index (2014-2016 = 100),2019,2019,7021,Annual value,,118.03,E
100,'356,India,497,'01322,Lemons and limes,5539,Producer Price Index (2014-2016 = 100),2020,2020,7021,Annual value,,108.41,E
100,'356,India,497,'01322,Lemons and limes,5539,Producer Price Index (2014-2016 = 100),2021,2021,7021,Annual value,,131.93,E
100,'356,India,497,'01322,Lemons and limes,5539,Producer Price Index (2014-2016 = 100),2022,2022,7021,Annual value,,138.47,E
100,'356,India,497,'01322,Lemons and limes,5539,Producer Price Index (2014-2016 = 100),2023,2023,7021,Annual value,,142.41,E
100,'356,India,497,'01322,Lemons and limes,5539,Producer Price Index (2014-2016 = 100),2024,2024,7021,Annual value,,151.16,E
100,'356,India,497,'01322,Lemons and limes,5539,Producer Price Index (2014-2016 = 100),2025,2025,7021,Annual value,,159.91,E
100,'356,India,201,'01704,"Lentils, dry",5530,Producer Price (LCU/tonne),1991,1991,7021,Annual value,LCU,6737.0,X
100,'356,India,201,'01704,"Lentils, dry",5530,Producer Price (LCU/tonne),2004,2004,7021,Annual value,LCU,15250.0,A
100,'356,India,201,'01704,"Lentils, dry",5530,Producer Price (LCU/tonne),2005,2005,7021,Annual value,LCU,15350.0,A
100,'356,India,201,'01704,"Lentils, dry",5530,Producer Price (LCU/tonne),2006,2006,7021,Annual value,LCU,15450.0,A
100,'356,India,201,'01704,"Lentils, dry",5531,Producer Price (SLC/tonne),1991,1991,7021,Annual value,SLC,6737.0,X
100,'356,India,201,'01704,"Lentils, dry",5531,Producer Price (SLC/tonne),2004,2004,7021,Annual value,SLC,15250.0,A
100,'356,India,201,'01704,"Lentils, dry",5531,Producer Price (SLC/tonne),2005,2005,7021,Annual value,SLC,15350.0,A
100,'356,India,201,'01704,"Lentils, dry",5531,Producer Price (SLC/tonne),2006,2006,7021,Annual value,SLC,15450.0,A
100,'356,India,201,'01704,"Lentils, dry",5532,Producer Price (USD/tonne),1991,1991,7021,Annual value,USD,296.2,X
100,'356,India,201,'01704,"Lentils, dry",5532,Producer Price (USD/tonne),2004,2004,7021,Annual value,USD,336.5,A
100,'356,India,201,'01704,"Lentils, dry",5532,Producer Price (USD/tonne),2005,2005,7021,Annual value,USD,348.1,A
100,'356,India,201,'01704,"Lentils, dry",5532,Producer Price (USD/tonne),2006,2006,7021,Annual value,USD,341.0,A
100,'356,India,201,'01704,"Lentils, dry",5539,Producer Price Index (2014-2016 = 100),1991,1991,7021,Annual value,,21.34,E
100,'356,India,201,'01704,"Lentils, dry",5539,Producer Price Index (2014-2016 = 100),1992,1992,7021,Annual value,,20.67,E
100,'356,India,201,'01704,"Lentils, dry",5539,Producer Price Index (2014-2016 = 100),1993,1993,7021,Annual value,,25.4,E
100,'356,India,201,'01704,"Lentils, dry",5539,Producer Price Index (2014-2016 = 100),1994,1994,7021,Annual value,,31.04,E
100,'356,India,201,'01704,"Lentils, dry",5539,Producer Price Index (2014-2016 = 100),1995,1995,7021,Annual value,,39.47,E
100,'356,India,201,'01704,"Lentils, dry",5539,Producer Price Index (2014-2016 = 100),1996,1996,7021,Annual value,,40.02,E
100,'356,India,201,'01704,"Lentils, dry",5539,Producer Price Index (2014-2016 = 100),1997,1997,7021,Annual value,,38.14,E
100,'356,India,201,'01704,"Lentils, dry",5539,Producer Price Index (2014-2016 = 100),1998,1998,7021,Annual value,,40.6,E
100,'356,India,201,'01704,"Lentils, dry",5539,Producer Price Index (2014-2016 = 100),1999,1999,7021,Annual value,,43.98,E
100,'356,India,201,'01704,"Lentils, dry",5539,Producer Price Index (2014-2016 = 100),2000,2000,7021,Annual value,,43.41,E
100,'356,India,201,'01704,"Lentils, dry",5539,Producer Price Index (2014-2016 = 100),2001,2001,7021,Annual value,,42.8,E
100,'356,India,201,'01704,"Lentils, dry",5539,Producer Price Index (2014-2016 = 100),2002,2002,7021,Annual value,,42.82,E
100,'356,India,201,'01704,"Lentils, dry",5539,Producer Price Index (2014-2016 = 100),2003,2003,7021,Annual value,,43.25,E
100,'356,India,201,'01704,"Lentils, dry",5539,Producer Price Index (2014-2016 = 100),2004,2004,7021,Annual value,,48.3,E
100,'356,India,201,'01704,"Lentils, dry",5539,Producer Price Index (2014-2016 = 100),2005,2005,7021,Annual value,,48.62,E
100,'356,India,201,'01704,"Lentils, dry",5539,Producer Price Index (2014-2016 = 100),2006,2006,7021,Annual value,,48.94,E
100,'356,India,201,'01704,"Lentils, dry",5539,Producer Price Index (2014-2016 = 100),2007,2007,7021,Annual value,,60.15,E
100,'356,India,201,'01704,"Lentils, dry",5539,Producer Price Index (2014-2016 = 100),2008,2008,7021,Annual value,,59.31,E
100,'356,India,201,'01704,"Lentils, dry",5539,Producer Price Index (2014-2016 = 100),2009,2009,7021,Annual value,,65.52,E
100,'356,India,201,'01704,"Lentils, dry",5539,Producer Price Index (2014-2016 = 100),2010,2010,7021,Annual value,,77.14,E
100,'356,India,201,'01704,"Lentils, dry",5539,Producer Price Index (2014-2016 = 100),2011,2011,7021,Annual value,,84.12,E
100,'356,India,201,'01704,"Lentils, dry",5539,Producer Price Index (2014-2016 = 100),2012,2012,7021,Annual value,,91.28,E
100,'356,India,201,'01704,"Lentils, dry",5539,Producer Price Index (2014-2016 = 100),2013,2013,7021,Annual value,,87.32,E
100,'356,India,201,'01704,"Lentils, dry",5539,Producer Price Index (2014-2016 = 100),2014,2014,7021,Annual value,,94.65,E
100,'356,India,201,'01704,"Lentils, dry",5539,Producer Price Index (2014-2016 = 100),2015,2015,7021,Annual value,,100.36,E
100,'356,India,201,'01704,"Lentils, dry",5539,Producer Price Index (2014-2016 = 100),2016,2016,7021,Annual value,,104.99,E
100,'356,India,201,'01704,"Lentils, dry",5539,Producer Price Index (2014-2016 = 100),2017,2017,7021,Annual value,,110.08,E
100,'356,India,201,'01704,"Lentils, dry",5539,Producer Price Index (2014-2016 = 100),2018,2018,7021,Annual value,,109.77,E
100,'356,India,201,'01704,"Lentils, dry",5539,Producer Price Index (2014-2016 = 100),2019,2019,7021,Annual value,,117.26,E
100,'356,India,201,'01704,"Lentils, dry",5539,Producer Price Index (2014-2016 = 100),2020,2020,7021,Annual value,,110.12,E
100,'356,India,201,'01704,"Lentils, dry",5539,Producer Price Index (2014-2016 = 100),2021,2021,7021,Annual value,,125.12,E
100,'356,India,201,'01704,"Lentils, dry",5539,Producer Price Index (2014-2016 = 100),2022,2022,7021,Annual value,,132.43,E
100,'356,India,201,'01704,"Lentils, dry",5539,Producer Price Index (2014-2016 = 100),2023,2023,7021,Annual value,,134.49,E
100,'356,India,201,'01704,"Lentils, dry",5539,Producer Price Index (2014-2016 = 100),2024,2024,7021,Annual value,,145.72,E
100,'356,India,201,'01704,"Lentils, dry",5539,Producer Price Index (2014-2016 = 100),2025,2025,7021,Annual value,,154.59,E
100,'356,India,372,'01214,Lettuce and chicory,5539,Producer Price Index (2014-2016 = 100),1991,1991,7021,Annual value,,22.28,E
100,'356,India,372,'01214,Lettuce and chicory,5539,Producer Price Index (2014-2016 = 100),1992,1992,7021,Annual value,,16.88,E
100,'356,India,372,'01214,Lettuce and chicory,5539,Producer Price Index (2014-2016 = 100),1993,1993,7021,Annual value,,20.72,E
100,'356,India,372,'01214,Lettuce and chicory,5539,Producer Price Index (2014-2016 = 100),1994,1994,7021,Annual value,,29.66,E
100,'356,India,372,'01214,Lettuce and chicory,5539,Producer Price Index (2014-2016 = 100),1995,1995,7021,Annual value,,22.76,E
100,'356,India,372,'01214,Lettuce and chicory,5539,Producer Price Index (2014-2016 = 100),1996,1996,7021,Annual value,,32.66,E
100,'356,India,372,'01214,Lettuce and chicory,5539,Producer Price Index (2014-2016 = 100),1997,1997,7021,Annual value,,30.32,E
100,'356,India,372,'01214,Lettuce and chicory,5539,Producer Price Index (2014-2016 = 100),1998,1998,7021,Annual value,,48.37,E
100,'356,India,372,'01214,Lettuce and chicory,5539,Producer Price Index (2014-2016 = 100),1999,1999,7021,Annual value,,57.51,E
100,'356,India,372,'01214,Lettuce and chicory,5539,Producer Price Index (2014-2016 = 100),2000,2000,7021,Annual value,,35.79,E
100,'356,India,372,'01214,Lettuce and chicory,5539,Producer Price Index (2014-2016 = 100),2001,2001,7021,Annual value,,35.27,E
100,'356,India,372,'01214,Lettuce and chicory,5539,Producer Price Index (2014-2016 = 100),2002,2002,7021,Annual value,,40.83,E
100,'356,India,372,'01214,Lettuce and chicory,5539,Producer Price Index (2014-2016 = 100),2003,2003,7021,Annual value,,39.83,E
100,'356,India,372,'01214,Lettuce and chicory,5539,Producer Price Index (2014-2016 = 100),2004,2004,7021,Annual value,,42.21,E
100,'356,India,372,'01214,Lettuce and chicory,5539,Producer Price Index (2014-2016 = 100),2005,2005,7021,Annual value,,45.95,E
100,'356,India,372,'01214,Lettuce and chicory,5539,Producer Price Index (2014-2016 = 100),2006,2006,7021,Annual value,,48.94,E
100,'356,India,372,'01214,Lettuce and chicory,5539,Producer Price Index (2014-2016 = 100),2007,2007,7021,Annual value,,60.15,E
100,'356,India,372,'01214,Lettuce and chicory,5539,Producer Price Index (2014-2016 = 100),2008,2008,7021,Annual value,,59.31,E
100,'356,India,372,'01214,Lettuce and chicory,5539,Producer Price Index (2014-2016 = 100),2009,2009,7021,Annual value,,65.52,E
100,'356,India,372,'01214,Lettuce and chicory,5539,Producer Price Index (2014-2016 = 100),2010,2010,7021,Annual value,,77.14,E
100,'356,India,372,'01214,Lettuce and chicory,5539,Producer Price Index (2014-2016 = 100),2011,2011,7021,Annual value,,84.12,E
100,'356,India,372,'01214,Lettuce and chicory,5539,Producer Price Index (2014-2016 = 100),2012,2012,7021,Annual value,,91.28,E
100,'356,India,372,'01214,Lettuce and chicory,5539,Producer Price Index (2014-2016 = 100),2013,2013,7021,Annual value,,87.32,E
100,'356,India,372,'01214,Lettuce and chicory,5539,Producer Price Index (2014-2016 = 100),2014,2014,7021,Annual value,,94.65,E
100,'356,India,372,'01214,Lettuce and chicory,5539,Producer Price Index (2014-2016 = 100),2015,2015,7021,Annual value,,100.36,E
100,'356,India,372,'01214,Lettuce and chicory,5539,Producer Price Index (2014-2016 = 100),2016,2016,7021,Annual value,,104.99,E
100,'356,India,372,'01214,Lettuce and chicory,5539,Producer Price Index (2014-2016 = 100),2017,2017,7021,Annual value,,110.08,E
100,'356,India,372,'01214,Lettuce and chicory,5539,Producer Price Index (2014-2016 = 100),2018,2018,7021,Annual value,,109.77,E
100,'356,India,372,'01214,Lettuce and chicory,5539,Producer Price Index (2014-2016 = 100),2019,2019,7021,Annual value,,118.21,E
100,'356,India,372,'01214,Lettuce and chicory,5539,Producer Price Index (2014-2016 = 100),2020,2020,7021,Annual value,,118.52,E
100,'356,India,372,'01214,Lettuce and chicory,5539,Producer Price Index (2014-2016 = 100),2021,2021,7021,Annual value,,127.25,E
100,'356,India,372,'01214,Lettuce and chicory,5539,Producer Price Index (2014-2016 = 100),2022,2022,7021,Annual value,,131.26,E
100,'356,India,372,'01214,Lettuce and chicory,5539,Producer Price Index (2014-2016 = 100),2023,2023,7021,Annual value,,131.81,E
100,'356,India,372,'01214,Lettuce and chicory,5539,Producer Price Index (2014-2016 = 100),2024,2024,7021,Annual value,,142.08,E
100,'356,India,372,'01214,Lettuce and chicory,5539,Producer Price Index (2014-2016 = 100),2025,2025,7021,Annual value,,149.66,E
100,'356,India,333,'01441,Linseed,5530,Producer Price (LCU/tonne),1991,1991,7021,Annual value,LCU,9279.0,A
100,'356,India,333,'01441,Linseed,5530,Producer Price (LCU/tonne),1992,1992,7021,Annual value,LCU,10604.0,A
100,'356,India,333,'01441,Linseed,5530,Producer Price (LCU/tonne),1993,1993,7021,Annual value,LCU,10969.0,A
100,'356,India,333,'01441,Linseed,5530,Producer Price (LCU/tonne),1994,1994,7021,Annual value,LCU,11945.0,A
100,'356,India,333,'01441,Linseed,5530,Producer Price (LCU/tonne),1995,1995,7021,Annual value,LCU,13099.0,A
100,'356,India,333,'01441,Linseed,5530,Producer Price (LCU/tonne),1996,1996,7021,Annual value,LCU,12100.0,A
100,'356,India,333,'01441,Linseed,5530,Producer Price (LCU/tonne),1997,1997,7021,Annual value,LCU,13080.0,A
100,'356,India,333,'01441,Linseed,5530,Producer Price (LCU/tonne),1998,1998,7021,Annual value,LCU,14832.0,A
100,'356,India,333,'01441,Linseed,5530,Producer Price (LCU/tonne),1999,1999,7021,Annual value,LCU,15370.0,A
100,'356,India,333,'01441,Linseed,5530,Producer Price (LCU/tonne),2000,2000,7021,Annual value,LCU,14746.0,A
100,'356,India,333,'01441,Linseed,5530,Producer Price (LCU/tonne),2001,2001,7021,Annual value,LCU,15315.6,A
100,'356,India,333,'01441,Linseed,5530,Producer Price (LCU/tonne),2002,2002,7021,Annual value,LCU,17775.0,A
100,'356,India,333,'01441,Linseed,5530,Producer Price (LCU/tonne),2003,2003,7021,Annual value,LCU,18585.0,A
100,'356,India,333,'01441,Linseed,5530,Producer Price (LCU/tonne),2004,2004,7021,Annual value,LCU,17820.0,A
100,'356,India,333,'01441,Linseed,5530,Producer Price (LCU/tonne),2005,2005,7021,Annual value,LCU,19164.0,A
100,'356,India,333,'01441,Linseed,5530,Producer Price (LCU/tonne),2006,2006,7021,Annual value,LCU,21585.0,A
100,'356,India,333,'01441,Linseed,5531,Producer Price (SLC/tonne),1991,1991,7021,Annual value,SLC,9279.0,A
100,'356,India,333,'01441,Linseed,5531,Producer Price (SLC/tonne),1992,1992,7021,Annual value,SLC,10604.0,A
100,'356,India,333,'01441,Linseed,5531,Producer Price (SLC/tonne),1993,1993,7021,Annual value,SLC,10969.0,A
100,'356,India,333,'01441,Linseed,5531,Producer Price (SLC/tonne),1994,1994,7021,Annual value,SLC,11945.0,A
100,'356,India,333,'01441,Linseed,5531,Producer Price (SLC/tonne),1995,1995,7021,Annual value,SLC,13099.0,A
100,'356,India,333,'01441,Linseed,5531,Producer Price (SLC/tonne),1996,1996,7021,Annual value,SLC,12100.0,A
100,'356,India,333,'01441,Linseed,5531,Producer Price (SLC/tonne),1997,1997,7021,Annual value,SLC,13080.0,A
100,'356,India,333,'01441,Linseed,5531,Producer Price (SLC/tonne),1998,1998,7021,Annual value,SLC,14832.0,A
100,'356,India,333,'01441,Linseed,5531,Producer Price (SLC/tonne),1999,1999,7021,Annual value,SLC,15370.0,A
100,'356,India,333,'01441,Linseed,5531,Producer Price (SLC/tonne),2000,2000,7021,Annual value,SLC,14746.0,A
100,'356,India,333,'01441,Linseed,5531,Producer Price (SLC/tonne),2001,2001,7021,Annual value,SLC,15315.6,A
100,'356,India,333,'01441,Linseed,5531,Producer Price (SLC/tonne),2002,2002,7021,Annual value,SLC,17775.0,A
100,'356,India,333,'01441,Linseed,5531,Producer Price (SLC/tonne),2003,2003,7021,Annual value,SLC,18585.0,A
100,'356,India,333,'01441,Linseed,5531,Producer Price (SLC/tonne),2004,2004,7021,Annual value,SLC,17820.0,A
100,'356,India,333,'01441,Linseed,5531,Producer Price (SLC/tonne),2005,2005,7021,Annual value,SLC,19164.0,A
100,'356,India,333,'01441,Linseed,5531,Producer Price (SLC/tonne),2006,2006,7021,Annual value,SLC,21585.0,A
100,'356,India,333,'01441,Linseed,5532,Producer Price (USD/tonne),1991,1991,7021,Annual value,USD,408.0,A
100,'356,India,333,'01441,Linseed,5532,Producer Price (USD/tonne),1992,1992,7021,Annual value,USD,409.1,A
100,'356,India,333,'01441,Linseed,5532,Producer Price (USD/tonne),1993,1993,7021,Annual value,USD,359.7,A
100,'356,India,333,'01441,Linseed,5532,Producer Price (USD/tonne),1994,1994,7021,Annual value,USD,380.7,A
100,'356,India,333,'01441,Linseed,5532,Producer Price (USD/tonne),1995,1995,7021,Annual value,USD,404.0,A
100,'356,India,333,'01441,Linseed,5532,Producer Price (USD/tonne),1996,1996,7021,Annual value,USD,341.5,A
100,'356,India,333,'01441,Linseed,5532,Producer Price (USD/tonne),1997,1997,7021,Annual value,USD,360.2,A
100,'356,India,333,'01441,Linseed,5532,Producer Price (USD/tonne),1998,1998,7021,Annual value,USD,359.5,A
100,'356,India,333,'01441,Linseed,5532,Producer Price (USD/tonne),1999,1999,7021,Annual value,USD,357.0,A
100,'356,India,333,'01441,Linseed,5532,Producer Price (USD/tonne),2000,2000,7021,Annual value,USD,328.1,A
100,'356,India,333,'01441,Linseed,5532,Producer Price (USD/tonne),2001,2001,7021,Annual value,USD,324.6,A
100,'356,India,333,'01441,Linseed,5532,Producer Price (USD/tonne),2002,2002,7021,Annual value,USD,365.7,A
100,'356,India,333,'01441,Linseed,5532,Producer Price (USD/tonne),2003,2003,7021,Annual value,USD,399.0,A
100,'356,India,333,'01441,Linseed,5532,Producer Price (USD/tonne),2004,2004,7021,Annual value,USD,393.2,A
100,'356,India,333,'01441,Linseed,5532,Producer Price (USD/tonne),2005,2005,7021,Annual value,USD,434.6,A
100,'356,India,333,'01441,Linseed,5532,Producer Price (USD/tonne),2006,2006,7021,Annual value,USD,476.4,A
100,'356,India,333,'01441,Linseed,5539,Producer Price Index (2014-2016 = 100),1991,1991,7021,Annual value,,21.04,E
100,'356,India,333,'01441,Linseed,5539,Producer Price Index (2014-2016 = 100),1992,1992,7021,Annual value,,24.04,E
100,'356,India,333,'01441,Linseed,5539,Producer Price Index (2014-2016 = 100),1993,1993,7021,Annual value,,24.87,E
100,'356,India,333,'01441,Linseed,5539,Producer Price Index (2014-2016 = 100),1994,1994,7021,Annual value,,27.08,E
100,'356,India,333,'01441,Linseed,5539,Producer Price Index (2014-2016 = 100),1995,1995,7021,Annual value,,29.7,E
100,'356,India,333,'01441,Linseed,5539,Producer Price Index (2014-2016 = 100),1996,1996,7021,Annual value,,27.43,E
100,'356,India,333,'01441,Linseed,5539,Producer Price Index (2014-2016 = 100),1997,1997,7021,Annual value,,29.65,E
100,'356,India,333,'01441,Linseed,5539,Producer Price Index (2014-2016 = 100),1998,1998,7021,Annual value,,33.63,E
100,'356,India,333,'01441,Linseed,5539,Producer Price Index (2014-2016 = 100),1999,1999,7021,Annual value,,34.85,E
100,'356,India,333,'01441,Linseed,5539,Producer Price Index (2014-2016 = 100),2000,2000,7021,Annual value,,33.43,E
100,'356,India,333,'01441,Linseed,5539,Producer Price Index (2014-2016 = 100),2001,2001,7021,Annual value,,34.72,E
100,'356,India,333,'01441,Linseed,5539,Producer Price Index (2014-2016 = 100),2002,2002,7021,Annual value,,40.3,E
100,'356,India,333,'01441,Linseed,5539,Producer Price Index (2014-2016 = 100),2003,2003,7021,Annual value,,42.13,E
100,'356,India,333,'01441,Linseed,5539,Producer Price Index (2014-2016 = 100),2004,2004,7021,Annual value,,40.4,E
100,'356,India,333,'01441,Linseed,5539,Producer Price Index (2014-2016 = 100),2005,2005,7021,Annual value,,43.45,E
100,'356,India,333,'01441,Linseed,5539,Producer Price Index (2014-2016 = 100),2006,2006,7021,Annual value,,48.94,E
100,'356,India,333,'01441,Linseed,5539,Producer Price Index (2014-2016 = 100),2007,2007,7021,Annual value,,60.15,E
100,'356,India,333,'01441,Linseed,5539,Producer Price Index (2014-2016 = 100),2008,2008,7021,Annual value,,59.31,E
100,'356,India,333,'01441,Linseed,5539,Producer Price Index (2014-2016 = 100),2009,2009,7021,Annual value,,65.52,E
100,'356,India,333,'01441,Linseed,5539,Producer Price Index (2014-2016 = 100),2010,2010,7021,Annual value,,77.14,E
100,'356,India,333,'01441,Linseed,5539,Producer Price Index (2014-2016 = 100),2011,2011,7021,Annual value,,84.12,E
100,'356,India,333,'01441,Linseed,5539,Producer Price Index (2014-2016 = 100),2012,2012,7021,Annual value,,91.28,E
100,'356,India,333,'01441,Linseed,5539,Producer Price Index (2014-2016 = 100),2013,2013,7021,Annual value,,87.32,E
100,'356,India,333,'01441,Linseed,5539,Producer Price Index (2014-2016 = 100),2014,2014,7021,Annual value,,94.65,E
100,'356,India,333,'01441,Linseed,5539,Producer Price Index (2014-2016 = 100),2015,2015,7021,Annual value,,100.36,E
100,'356,India,333,'01441,Linseed,5539,Producer Price Index (2014-2016 = 100),2016,2016,7021,Annual value,,104.99,E
100,'356,India,333,'01441,Linseed,5539,Producer Price Index (2014-2016 = 100),2017,2017,7021,Annual value,,110.08,E
100,'356,India,333,'01441,Linseed,5539,Producer Price Index (2014-2016 = 100),2018,2018,7021,Annual value,,109.77,E
100,'356,India,333,'01441,Linseed,5539,Producer Price Index (2014-2016 = 100),2019,2019,7021,Annual value,,118.04,E
100,'356,India,333,'01441,Linseed,5539,Producer Price Index (2014-2016 = 100),2020,2020,7021,Annual value,,110.16,E
100,'356,India,333,'01441,Linseed,5539,Producer Price Index (2014-2016 = 100),2021,2021,7021,Annual value,,127.51,E
100,'356,India,333,'01441,Linseed,5539,Producer Price Index (2014-2016 = 100),2022,2022,7021,Annual value,,132.39,E
100,'356,India,333,'01441,Linseed,5539,Producer Price Index (2014-2016 = 100),2023,2023,7021,Annual value,,135.15,E
100,'356,India,333,'01441,Linseed,5539,Producer Price Index (2014-2016 = 100),2024,2024,7021,Annual value,,146.65,E
100,'356,India,333,'01441,Linseed,5539,Producer Price Index (2014-2016 = 100),2025,2025,7021,Annual value,,158.14,E
100,'356,India,56,'0112,Maize (corn),5530,Producer Price (LCU/tonne),1991,1991,7021,Annual value,LCU,3172.0,A
100,'356,India,56,'0112,Maize (corn),5530,Producer Price (LCU/tonne),1992,1992,7021,Annual value,LCU,3195.0,A
100,'356,India,56,'0112,Maize (corn),5530,Producer Price (LCU/tonne),1993,1993,7021,Annual value,LCU,3295.0,A
100,'356,India,56,'0112,Maize (corn),5530,Producer Price (LCU/tonne),1994,1994,7021,Annual value,LCU,3770.0,A
100,'356,India,56,'0112,Maize (corn),5530,Producer Price (LCU/tonne),1995,1995,7021,Annual value,LCU,3903.0,A
100,'356,India,56,'0112,Maize (corn),5530,Producer Price (LCU/tonne),1996,1996,7021,Annual value,LCU,3893.0,A
100,'356,India,56,'0112,Maize (corn),5530,Producer Price (LCU/tonne),1997,1997,7021,Annual value,LCU,4112.0,A
100,'356,India,56,'0112,Maize (corn),5530,Producer Price (LCU/tonne),1998,1998,7021,Annual value,LCU,4628.0,A
100,'356,India,56,'0112,Maize (corn),5530,Producer Price (LCU/tonne),1999,1999,7021,Annual value,LCU,5096.0,A
100,'356,India,56,'0112,Maize (corn),5530,Producer Price (LCU/tonne),2000,2000,7021,Annual value,LCU,4981.0,A
100,'356,India,56,'0112,Maize (corn),5530,Producer Price (LCU/tonne),2001,2001,7021,Annual value,LCU,4712.0,A
100,'356,India,56,'0112,Maize (corn),5530,Producer Price (LCU/tonne),2002,2002,7021,Annual value,LCU,5120.0,A
100,'356,India,56,'0112,Maize (corn),5530,Producer Price (LCU/tonne),2003,2003,7021,Annual value,LCU,5033.6,A
100,'356,India,56,'0112,Maize (corn),5530,Producer Price (LCU/tonne),2004,2004,7021,Annual value,LCU,5966.3,A
100,'356,India,56,'0112,Maize (corn),5530,Producer Price (LCU/tonne),2005,2005,7021,Annual value,LCU,5637.0,A
100,'356,India,56,'0112,Maize (corn),5530,Producer Price (LCU/tonne),2006,2006,7021,Annual value,LCU,7667.1,A
100,'356,India,56,'0112,Maize (corn),5530,Producer Price (LCU/tonne),2008,2008,7021,Annual value,LCU,8400.0,A
100,'356,India,56,'0112,Maize (corn),5531,Producer Price (SLC/tonne),1991,1991,7021,Annual value,SLC,3172.0,A
100,'356,India,56,'0112,Maize (corn),5531,Producer Price (SLC/tonne),1992,1992,7021,Annual value,SLC,3195.0,A
100,'356,India,56,'0112,Maize (corn),5531,Producer Price (SLC/tonne),1993,1993,7021,Annual value,SLC,3295.0,A
100,'356,India,56,'0112,Maize (corn),5531,Producer Price (SLC/tonne),1994,1994,7021,Annual value,SLC,3770.0,A
100,'356,India,56,'0112,Maize (corn),5531,Producer Price (SLC/tonne),1995,1995,7021,Annual value,SLC,3903.0,A
100,'356,India,56,'0112,Maize (corn),5531,Producer Price (SLC/tonne),1996,1996,7021,Annual value,SLC,3893.0,A
100,'356,India,56,'0112,Maize (corn),5531,Producer Price (SLC/tonne),1997,1997,7021,Annual value,SLC,4112.0,A
100,'356,India,56,'0112,Maize (corn),5531,Producer Price (SLC/tonne),1998,1998,7021,Annual value,SLC,4628.0,A
100,'356,India,56,'0112,Maize (corn),5531,Producer Price (SLC/tonne),1999,1999,7021,Annual value,SLC,5096.0,A
100,'356,India,56,'0112,Maize (corn),5531,Producer Price (SLC/tonne),2000,2000,7021,Annual value,SLC,4981.0,A
100,'356,India,56,'0112,Maize (corn),5531,Producer Price (SLC/tonne),2001,2001,7021,Annual value,SLC,4712.0,A
100,'356,India,56,'0112,Maize (corn),5531,Producer Price (SLC/tonne),2002,2002,7021,Annual value,SLC,5120.0,A
100,'356,India,56,'0112,Maize (corn),5531,Producer Price (SLC/tonne),2003,2003,7021,Annual value,SLC,5033.6,A
100,'356,India,56,'0112,Maize (corn),5531,Producer Price (SLC/tonne),2004,2004,7021,Annual value,SLC,5966.3,A
100,'356,India,56,'0112,Maize (corn),5531,Producer Price (SLC/tonne),2005,2005,7021,Annual value,SLC,5637.0,A
100,'356,India,56,'0112,Maize (corn),5531,Producer Price (SLC/tonne),2006,2006,7021,Annual value,SLC,7667.1,A
100,'356,India,56,'0112,Maize (corn),5531,Producer Price (SLC/tonne),2008,2008,7021,Annual value,SLC,8400.0,A
100,'356,India,56,'0112,Maize (corn),5532,Producer Price (USD/tonne),1991,1991,7021,Annual value,USD,139.5,A
100,'356,India,56,'0112,Maize (corn),5532,Producer Price (USD/tonne),1992,1992,7021,Annual value,USD,123.3,A
100,'356,India,56,'0112,Maize (corn),5532,Producer Price (USD/tonne),1993,1993,7021,Annual value,USD,108.1,A
100,'356,India,56,'0112,Maize (corn),5532,Producer Price (USD/tonne),1994,1994,7021,Annual value,USD,120.2,A
100,'356,India,56,'0112,Maize (corn),5532,Producer Price (USD/tonne),1995,1995,7021,Annual value,USD,120.4,A
100,'356,India,56,'0112,Maize (corn),5532,Producer Price (USD/tonne),1996,1996,7021,Annual value,USD,109.9,A
100,'356,India,56,'0112,Maize (corn),5532,Producer Price (USD/tonne),1997,1997,7021,Annual value,USD,113.2,A
100,'356,India,56,'0112,Maize (corn),5532,Producer Price (USD/tonne),1998,1998,7021,Annual value,USD,112.2,A
100,'356,India,56,'0112,Maize (corn),5532,Producer Price (USD/tonne),1999,1999,7021,Annual value,USD,118.4,A
100,'356,India,56,'0112,Maize (corn),5532,Producer Price (USD/tonne),2000,2000,7021,Annual value,USD,110.8,A
100,'356,India,56,'0112,Maize (corn),5532,Producer Price (USD/tonne),2001,2001,7021,Annual value,USD,99.9,A
100,'356,India,56,'0112,Maize (corn),5532,Producer Price (USD/tonne),2002,2002,7021,Annual value,USD,105.3,A
100,'356,India,56,'0112,Maize (corn),5532,Producer Price (USD/tonne),2003,2003,7021,Annual value,USD,108.1,A
100,'356,India,56,'0112,Maize (corn),5532,Producer Price (USD/tonne),2004,2004,7021,Annual value,USD,131.7,A
100,'356,India,56,'0112,Maize (corn),5532,Producer Price (USD/tonne),2005,2005,7021,Annual value,USD,127.8,A
100,'356,India,56,'0112,Maize (corn),5532,Producer Price (USD/tonne),2006,2006,7021,Annual value,USD,169.2,A
100,'356,India,56,'0112,Maize (corn),5532,Producer Price (USD/tonne),2008,2008,7021,Annual value,USD,193.1,A
100,'356,India,56,'0112,Maize (corn),5539,Producer Price Index (2014-2016 = 100),1991,1991,7021,Annual value,,22.4,E
100,'356,India,56,'0112,Maize (corn),5539,Producer Price Index (2014-2016 = 100),1992,1992,7021,Annual value,,22.56,E
100,'356,India,56,'0112,Maize (corn),5539,Producer Price Index (2014-2016 = 100),1993,1993,7021,Annual value,,23.27,E
100,'356,India,56,'0112,Maize (corn),5539,Producer Price Index (2014-2016 = 100),1994,1994,7021,Annual value,,26.62,E
100,'356,India,56,'0112,Maize (corn),5539,Producer Price Index (2014-2016 = 100),1995,1995,7021,Annual value,,27.56,E
100,'356,India,56,'0112,Maize (corn),5539,Producer Price Index (2014-2016 = 100),1996,1996,7021,Annual value,,27.49,E
100,'356,India,56,'0112,Maize (corn),5539,Producer Price Index (2014-2016 = 100),1997,1997,7021,Annual value,,29.03,E
100,'356,India,56,'0112,Maize (corn),5539,Producer Price Index (2014-2016 = 100),1998,1998,7021,Annual value,,32.68,E
100,'356,India,56,'0112,Maize (corn),5539,Producer Price Index (2014-2016 = 100),1999,1999,7021,Annual value,,35.98,E
100,'356,India,56,'0112,Maize (corn),5539,Producer Price Index (2014-2016 = 100),2000,2000,7021,Annual value,,35.17,E
100,'356,India,56,'0112,Maize (corn),5539,Producer Price Index (2014-2016 = 100),2001,2001,7021,Annual value,,33.27,E
100,'356,India,56,'0112,Maize (corn),5539,Producer Price Index (2014-2016 = 100),2002,2002,7021,Annual value,,36.15,E
100,'356,India,56,'0112,Maize (corn),5539,Producer Price Index (2014-2016 = 100),2003,2003,7021,Annual value,,35.54,E
100,'356,India,56,'0112,Maize (corn),5539,Producer Price Index (2014-2016 = 100),2004,2004,7021,Annual value,,42.13,E
100,'356,India,56,'0112,Maize (corn),5539,Producer Price Index (2014-2016 = 100),2005,2005,7021,Annual value,,39.8,E
100,'356,India,56,'0112,Maize (corn),5539,Producer Price Index (2014-2016 = 100),2006,2006,7021,Annual value,,54.14,E
100,'356,India,56,'0112,Maize (corn),5539,Producer Price Index (2014-2016 = 100),2007,2007,7021,Annual value,,56.72,E
100,'356,India,56,'0112,Maize (corn),5539,Producer Price Index (2014-2016 = 100),2008,2008,7021,Annual value,,59.31,E
100,'356,India,56,'0112,Maize (corn),5539,Producer Price Index (2014-2016 = 100),2009,2009,7021,Annual value,,65.52,E
100,'356,India,56,'0112,Maize (corn),5539,Producer Price Index (2014-2016 = 100),2010,2010,7021,Annual value,,77.14,E
100,'356,India,56,'0112,Maize (corn),5539,Producer Price Index (2014-2016 = 100),2011,2011,7021,Annual value,,84.12,E
100,'356,India,56,'0112,Maize (corn),5539,Producer Price Index (2014-2016 = 100),2012,2012,7021,Annual value,,91.28,E
100,'356,India,56,'0112,Maize (corn),5539,Producer Price Index (2014-2016 = 100),2013,2013,7021,Annual value,,87.32,E
100,'356,India,56,'0112,Maize (corn),5539,Producer Price Index (2014-2016 = 100),2014,2014,7021,Annual value,,94.65,E
100,'356,India,56,'0112,Maize (corn),5539,Producer Price Index (2014-2016 = 100),2015,2015,7021,Annual value,,100.36,E
100,'356,India,56,'0112,Maize (corn),5539,Producer Price Index (2014-2016 = 100),2016,2016,7021,Annual value,,104.99,E
100,'356,India,56,'0112,Maize (corn),5539,Producer Price Index (2014-2016 = 100),2017,2017,7021,Annual value,,110.08,E
100,'356,India,56,'0112,Maize (corn),5539,Producer Price Index (2014-2016 = 100),2018,2018,7021,Annual value,,109.77,E
100,'356,India,56,'0112,Maize (corn),5539,Producer Price Index (2014-2016 = 100),2019,2019,7021,Annual value,,107.03,E
100,'356,India,56,'0112,Maize (corn),5539,Producer Price Index (2014-2016 = 100),2020,2020,7021,Annual value,,106.85,E
100,'356,India,56,'0112,Maize (corn),5539,Producer Price Index (2014-2016 = 100),2021,2021,7021,Annual value,,123.33,E
100,'356,India,56,'0112,Maize (corn),5539,Producer Price Index (2014-2016 = 100),2022,2022,7021,Annual value,,131.72,E
100,'356,India,56,'0112,Maize (corn),5539,Producer Price Index (2014-2016 = 100),2023,2023,7021,Annual value,,134.32,E
100,'356,India,56,'0112,Maize (corn),5539,Producer Price Index (2014-2016 = 100),2024,2024,7021,Annual value,,142.43,E
100,'356,India,56,'0112,Maize (corn),5539,Producer Price Index (2014-2016 = 100),2025,2025,7021,Annual value,,150.53,E
100,'356,India,571,'01316,"Mangoes, guavas and mangosteens",5530,Producer Price (LCU/tonne),2001,2001,7021,Annual value,LCU,15380.0,A
100,'356,India,571,'01316,"Mangoes, guavas and mangosteens",5531,Producer Price (SLC/tonne),2001,2001,7021,Annual value,SLC,15380.0,A
100,'356,India,571,'01316,"Mangoes, guavas and mangosteens",5532,Producer Price (USD/tonne),2001,2001,7021,Annual value,USD,325.9,A
100,'356,India,571,'01316,"Mangoes, guavas and mangosteens",5539,Producer Price Index (2014-2016 = 100),1991,1991,7021,Annual value,,14.42,E
100,'356,India,571,'01316,"Mangoes, guavas and mangosteens",5539,Producer Price Index (2014-2016 = 100),1992,1992,7021,Annual value,,16.05,E
100,'356,India,571,'01316,"Mangoes, guavas and mangosteens",5539,Producer Price Index (2014-2016 = 100),1993,1993,7021,Annual value,,21.17,E
100,'356,India,571,'01316,"Mangoes, guavas and mangosteens",5539,Producer Price Index (2014-2016 = 100),1994,1994,7021,Annual value,,22.18,E
100,'356,India,571,'01316,"Mangoes, guavas and mangosteens",5539,Producer Price Index (2014-2016 = 100),1995,1995,7021,Annual value,,22.76,E
100,'356,India,571,'01316,"Mangoes, guavas and mangosteens",5539,Producer Price Index (2014-2016 = 100),1996,1996,7021,Annual value,,28.41,E
100,'356,India,571,'01316,"Mangoes, guavas and mangosteens",5539,Producer Price Index (2014-2016 = 100),1997,1997,7021,Annual value,,31.54,E
100,'356,India,571,'01316,"Mangoes, guavas and mangosteens",5539,Producer Price Index (2014-2016 = 100),1998,1998,7021,Annual value,,32.76,E
100,'356,India,571,'01316,"Mangoes, guavas and mangosteens",5539,Producer Price Index (2014-2016 = 100),1999,1999,7021,Annual value,,31.7,E
100,'356,India,571,'01316,"Mangoes, guavas and mangosteens",5539,Producer Price Index (2014-2016 = 100),2000,2000,7021,Annual value,,30.21,E
100,'356,India,571,'01316,"Mangoes, guavas and mangosteens",5539,Producer Price Index (2014-2016 = 100),2001,2001,7021,Annual value,,32.11,E
100,'356,India,571,'01316,"Mangoes, guavas and mangosteens",5539,Producer Price Index (2014-2016 = 100),2002,2002,7021,Annual value,,36.72,E
100,'356,India,571,'01316,"Mangoes, guavas and mangosteens",5539,Producer Price Index (2014-2016 = 100),2003,2003,7021,Annual value,,39.83,E
100,'356,India,571,'01316,"Mangoes, guavas and mangosteens",5539,Producer Price Index (2014-2016 = 100),2004,2004,7021,Annual value,,42.21,E
100,'356,India,571,'01316,"Mangoes, guavas and mangosteens",5539,Producer Price Index (2014-2016 = 100),2005,2005,7021,Annual value,,45.95,E
100,'356,India,571,'01316,"Mangoes, guavas and mangosteens",5539,Producer Price Index (2014-2016 = 100),2006,2006,7021,Annual value,,48.94,E
100,'356,India,571,'01316,"Mangoes, guavas and mangosteens",5539,Producer Price Index (2014-2016 = 100),2007,2007,7021,Annual value,,60.15,E
100,'356,India,571,'01316,"Mangoes, guavas and mangosteens",5539,Producer Price Index (2014-2016 = 100),2008,2008,7021,Annual value,,59.31,E
100,'356,India,571,'01316,"Mangoes, guavas and mangosteens",5539,Producer Price Index (2014-2016 = 100),2009,2009,7021,Annual value,,65.52,E
100,'356,India,571,'01316,"Mangoes, guavas and mangosteens",5539,Producer Price Index (2014-2016 = 100),2010,2010,7021,Annual value,,77.14,E
100,'356,India,571,'01316,"Mangoes, guavas and mangosteens",5539,Producer Price Index (2014-2016 = 100),2011,2011,7021,Annual value,,84.12,E
100,'356,India,571,'01316,"Mangoes, guavas and mangosteens",5539,Producer Price Index (2014-2016 = 100),2012,2012,7021,Annual value,,91.28,E
100,'356,India,571,'01316,"Mangoes, guavas and mangosteens",5539,Producer Price Index (2014-2016 = 100),2013,2013,7021,Annual value,,87.32,E
100,'356,India,571,'01316,"Mangoes, guavas and mangosteens",5539,Producer Price Index (2014-2016 = 100),2014,2014,7021,Annual value,,94.65,E
100,'356,India,571,'01316,"Mangoes, guavas and mangosteens",5539,Producer Price Index (2014-2016 = 100),2015,2015,7021,Annual value,,100.36,E
100,'356,India,571,'01316,"Mangoes, guavas and mangosteens",5539,Producer Price Index (2014-2016 = 100),2016,2016,7021,Annual value,,104.99,E
100,'356,India,571,'01316,"Mangoes, guavas and mangosteens",5539,Producer Price Index (2014-2016 = 100),2017,2017,7021,Annual value,,110.08,E
100,'356,India,571,'01316,"Mangoes, guavas and mangosteens",5539,Producer Price Index (2014-2016 = 100),2018,2018,7021,Annual value,,109.77,E
100,'356,India,571,'01316,"Mangoes, guavas and mangosteens",5539,Producer Price Index (2014-2016 = 100),2019,2019,7021,Annual value,,117.98,E
100,'356,India,571,'01316,"Mangoes, guavas and mangosteens",5539,Producer Price Index (2014-2016 = 100),2020,2020,7021,Annual value,,108.36,E
100,'356,India,571,'01316,"Mangoes, guavas and mangosteens",5539,Producer Price Index (2014-2016 = 100),2021,2021,7021,Annual value,,131.92,E
100,'356,India,571,'01316,"Mangoes, guavas and mangosteens",5539,Producer Price Index (2014-2016 = 100),2022,2022,7021,Annual value,,138.46,E
100,'356,India,571,'01316,"Mangoes, guavas and mangosteens",5539,Producer Price Index (2014-2016 = 100),2023,2023,7021,Annual value,,142.39,E
100,'356,India,571,'01316,"Mangoes, guavas and mangosteens",5539,Producer Price Index (2014-2016 = 100),2024,2024,7021,Annual value,,151.13,E
100,'356,India,571,'01316,"Mangoes, guavas and mangosteens",5539,Producer Price Index (2014-2016 = 100),2025,2025,7021,Annual value,,159.86,E
100,'356,India,947,'21112,"Meat of buffalo, fresh or chilled",5539,Producer Price Index (2014-2016 = 100),1991,1991,7021,Annual value,,34.97,E
100,'356,India,947,'21112,"Meat of buffalo, fresh or chilled",5539,Producer Price Index (2014-2016 = 100),1992,1992,7021,Annual value,,40.65,E
100,'356,India,947,'21112,"Meat of buffalo, fresh or chilled",5539,Producer Price Index (2014-2016 = 100),1993,1993,7021,Annual value,,44.37,E
100,'356,India,947,'21112,"Meat of buffalo, fresh or chilled",5539,Producer Price Index (2014-2016 = 100),1994,1994,7021,Annual value,,39.42,E
100,'356,India,947,'21112,"Meat of buffalo, fresh or chilled",5539,Producer Price Index (2014-2016 = 100),1995,1995,7021,Annual value,,39.84,E
100,'356,India,947,'21112,"Meat of buffalo, fresh or chilled",5539,Producer Price Index (2014-2016 = 100),1996,1996,7021,Annual value,,39.76,E
100,'356,India,947,'21112,"Meat of buffalo, fresh or chilled",5539,Producer Price Index (2014-2016 = 100),1997,1997,7021,Annual value,,39.91,E
100,'356,India,947,'21112,"Meat of buffalo, fresh or chilled",5539,Producer Price Index (2014-2016 = 100),1998,1998,7021,Annual value,,37.69,E
100,'356,India,947,'21112,"Meat of buffalo, fresh or chilled",5539,Producer Price Index (2014-2016 = 100),1999,1999,7021,Annual value,,37.01,E
100,'356,India,947,'21112,"Meat of buffalo, fresh or chilled",5539,Producer Price Index (2014-2016 = 100),2000,2000,7021,Annual value,,37.77,E
100,'356,India,947,'21112,"Meat of buffalo, fresh or chilled",5539,Producer Price Index (2014-2016 = 100),2001,2001,7021,Annual value,,39.55,E
100,'356,India,947,'21112,"Meat of buffalo, fresh or chilled",5539,Producer Price Index (2014-2016 = 100),2002,2002,7021,Annual value,,38.92,E
100,'356,India,947,'21112,"Meat of buffalo, fresh or chilled",5539,Producer Price Index (2014-2016 = 100),2003,2003,7021,Annual value,,39.83,E
100,'356,India,947,'21112,"Meat of buffalo, fresh or chilled",5539,Producer Price Index (2014-2016 = 100),2004,2004,7021,Annual value,,42.21,E
100,'356,India,947,'21112,"Meat of buffalo, fresh or chilled",5539,Producer Price Index (2014-2016 = 100),2005,2005,7021,Annual value,,45.95,E
100,'356,India,947,'21112,"Meat of buffalo, fresh or chilled",5539,Producer Price Index (2014-2016 = 100),2006,2006,7021,Annual value,,48.94,E
100,'356,India,947,'21112,"Meat of buffalo, fresh or chilled",5539,Producer Price Index (2014-2016 = 100),2007,2007,7021,Annual value,,60.15,E
100,'356,India,947,'21112,"Meat of buffalo, fresh or chilled",5539,Producer Price Index (2014-2016 = 100),2008,2008,7021,Annual value,,59.31,E
100,'356,India,947,'21112,"Meat of buffalo, fresh or chilled",5539,Producer Price Index (2014-2016 = 100),2009,2009,7021,Annual value,,65.52,E
100,'356,India,947,'21112,"Meat of buffalo, fresh or chilled",5539,Producer Price Index (2014-2016 = 100),2010,2010,7021,Annual value,,77.14,E
100,'356,India,947,'21112,"Meat of buffalo, fresh or chilled",5539,Producer Price Index (2014-2016 = 100),2011,2011,7021,Annual value,,84.12,E
100,'356,India,947,'21112,"Meat of buffalo, fresh or chilled",5539,Producer Price Index (2014-2016 = 100),2012,2012,7021,Annual value,,91.28,E
100,'356,India,947,'21112,"Meat of buffalo, fresh or chilled",5539,Producer Price Index (2014-2016 = 100),2013,2013,7021,Annual value,,87.32,E
100,'356,India,947,'21112,"Meat of buffalo, fresh or chilled",5539,Producer Price Index (2014-2016 = 100),2014,2014,7021,Annual value,,94.65,E
100,'356,India,947,'21112,"Meat of buffalo, fresh or chilled",5539,Producer Price Index (2014-2016 = 100),2015,2015,7021,Annual value,,100.36,E
100,'356,India,947,'21112,"Meat of buffalo, fresh or chilled",5539,Producer Price Index (2014-2016 = 100),2016,2016,7021,Annual value,,104.99,E
100,'356,India,947,'21112,"Meat of buffalo, fresh or chilled",5539,Producer Price Index (2014-2016 = 100),2017,2017,7021,Annual value,,110.08,E
100,'356,India,947,'21112,"Meat of buffalo, fresh or chilled",5539,Producer Price Index (2014-2016 = 100),2018,2018,7021,Annual value,,109.77,E
100,'356,India,947,'21112,"Meat of buffalo, fresh or chilled",5539,Producer Price Index (2014-2016 = 100),2019,2019,7021,Annual value,,116.52,E
100,'356,India,947,'21112,"Meat of buffalo, fresh or chilled",5539,Producer Price Index (2014-2016 = 100),2020,2020,7021,Annual value,,116.41,E
100,'356,India,947,'21112,"Meat of buffalo, fresh or chilled",5539,Producer Price Index (2014-2016 = 100),2021,2021,7021,Annual value,,122.08,E
100,'356,India,947,'21112,"Meat of buffalo, fresh or chilled",5539,Producer Price Index (2014-2016 = 100),2022,2022,7021,Annual value,,124.15,E
100,'356,India,947,'21112,"Meat of buffalo, fresh or chilled",5539,Producer Price Index (2014-2016 = 100),2023,2023,7021,Annual value,,123.06,E
100,'356,India,947,'21112,"Meat of buffalo, fresh or chilled",5539,Producer Price Index (2014-2016 = 100),2024,2024,7021,Annual value,,136.2,E
100,'356,India,947,'21112,"Meat of buffalo, fresh or chilled",5539,Producer Price Index (2014-2016 = 100),2025,2025,7021,Annual value,,140.33,E
100,'356,India,973,'21112b,"Meat of buffalo, fresh or chilled (biological)",5539,Producer Price Index (2014-2016 = 100),1991,1991,7021,Annual value,,32.98,E
100,'356,India,973,'21112b,"Meat of buffalo, fresh or chilled (biological)",5539,Producer Price Index (2014-2016 = 100),1992,1992,7021,Annual value,,38.35,E
100,'356,India,973,'21112b,"Meat of buffalo, fresh or chilled (biological)",5539,Producer Price Index (2014-2016 = 100),1993,1993,7021,Annual value,,41.86,E
100,'356,India,973,'21112b,"Meat of buffalo, fresh or chilled (biological)",5539,Producer Price Index (2014-2016 = 100),1994,1994,7021,Annual value,,37.19,E
100,'356,India,973,'21112b,"Meat of buffalo, fresh or chilled (biological)",5539,Producer Price Index (2014-2016 = 100),1995,1995,7021,Annual value,,37.58,E
100,'356,India,973,'21112b,"Meat of buffalo, fresh or chilled (biological)",5539,Producer Price Index (2014-2016 = 100),1996,1996,7021,Annual value,,37.51,E
100,'356,India,973,'21112b,"Meat of buffalo, fresh or chilled (biological)",5539,Producer Price Index (2014-2016 = 100),1997,1997,7021,Annual value,,37.64,E
100,'356,India,973,'21112b,"Meat of buffalo, fresh or chilled (biological)",5539,Producer Price Index (2014-2016 = 100),1998,1998,7021,Annual value,,35.55,E
100,'356,India,973,'21112b,"Meat of buffalo, fresh or chilled (biological)",5539,Producer Price Index (2014-2016 = 100),1999,1999,7021,Annual value,,34.91,E
100,'356,India,973,'21112b,"Meat of buffalo, fresh or chilled (biological)",5539,Producer Price Index (2014-2016 = 100),2000,2000,7021,Annual value,,35.63,E
100,'356,India,973,'21112b,"Meat of buffalo, fresh or chilled (biological)",5539,Producer Price Index (2014-2016 = 100),2001,2001,7021,Annual value,,37.3,E
100,'356,India,973,'21112b,"Meat of buffalo, fresh or chilled (biological)",5539,Producer Price Index (2014-2016 = 100),2002,2002,7021,Annual value,,36.72,E
100,'356,India,973,'21112b,"Meat of buffalo, fresh or chilled (biological)",5539,Producer Price Index (2014-2016 = 100),2003,2003,7021,Annual value,,39.83,E
100,'356,India,973,'21112b,"Meat of buffalo, fresh or chilled (biological)",5539,Producer Price Index (2014-2016 = 100),2004,2004,7021,Annual value,,42.21,E
100,'356,India,973,'21112b,"Meat of buffalo, fresh or chilled (biological)",5539,Producer Price Index (2014-2016 = 100),2005,2005,7021,Annual value,,45.95,E
100,'356,India,973,'21112b,"Meat of buffalo, fresh or chilled (biological)",5539,Producer Price Index (2014-2016 = 100),2006,2006,7021,Annual value,,48.94,E
100,'356,India,973,'21112b,"Meat of buffalo, fresh or chilled (biological)",5539,Producer Price Index (2014-2016 = 100),2007,2007,7021,Annual value,,60.15,E
100,'356,India,973,'21112b,"Meat of buffalo, fresh or chilled (biological)",5539,Producer Price Index (2014-2016 = 100),2008,2008,7021,Annual value,,59.31,E
100,'356,India,973,'21112b,"Meat of buffalo, fresh or chilled (biological)",5539,Producer Price Index (2014-2016 = 100),2009,2009,7021,Annual value,,65.52,E
100,'356,India,973,'21112b,"Meat of buffalo, fresh or chilled (biological)",5539,Producer Price Index (2014-2016 = 100),2010,2010,7021,Annual value,,77.14,E
100,'356,India,973,'21112b,"Meat of buffalo, fresh or chilled (biological)",5539,Producer Price Index (2014-2016 = 100),2011,2011,7021,Annual value,,84.12,E
100,'356,India,973,'21112b,"Meat of buffalo, fresh or chilled (biological)",5539,Producer Price Index (2014-2016 = 100),2012,2012,7021,Annual value,,91.28,E
100,'356,India,973,'21112b,"Meat of buffalo, fresh or chilled (biological)",5539,Producer Price Index (2014-2016 = 100),2013,2013,7021,Annual value,,87.32,E
100,'356,India,973,'21112b,"Meat of buffalo, fresh or chilled (biological)",5539,Producer Price Index (2014-2016 = 100),2014,2014,7021,Annual value,,94.65,E
100,'356,India,973,'21112b,"Meat of buffalo, fresh or chilled (biological)",5539,Producer Price Index (2014-2016 = 100),2015,2015,7021,Annual value,,100.36,E
100,'356,India,973,'21112b,"Meat of buffalo, fresh or chilled (biological)",5539,Producer Price Index (2014-2016 = 100),2016,2016,7021,Annual value,,104.99,E
100,'356,India,973,'21112b,"Meat of buffalo, fresh or chilled (biological)",5539,Producer Price Index (2014-2016 = 100),2017,2017,7021,Annual value,,110.08,E
100,'356,India,973,'21112b,"Meat of buffalo, fresh or chilled (biological)",5539,Producer Price Index (2014-2016 = 100),2018,2018,7021,Annual value,,109.77,E
100,'356,India,973,'21112b,"Meat of buffalo, fresh or chilled (biological)",5539,Producer Price Index (2014-2016 = 100),2019,2019,7021,Annual value,,115.93,E
100,'356,India,973,'21112b,"Meat of buffalo, fresh or chilled (biological)",5539,Producer Price Index (2014-2016 = 100),2020,2020,7021,Annual value,,116.12,E
100,'356,India,973,'21112b,"Meat of buffalo, fresh or chilled (biological)",5539,Producer Price Index (2014-2016 = 100),2021,2021,7021,Annual value,,122.48,E
100,'356,India,973,'21112b,"Meat of buffalo, fresh or chilled (biological)",5539,Producer Price Index (2014-2016 = 100),2022,2022,7021,Annual value,,124.97,E
100,'356,India,973,'21112b,"Meat of buffalo, fresh or chilled (biological)",5539,Producer Price Index (2014-2016 = 100),2023,2023,7021,Annual value,,124.05,E
100,'356,India,973,'21112b,"Meat of buffalo, fresh or chilled (biological)",5539,Producer Price Index (2014-2016 = 100),2024,2024,7021,Annual value,,136.58,E
100,'356,India,973,'21112b,"Meat of buffalo, fresh or chilled (biological)",5539,Producer Price Index (2014-2016 = 100),2025,2025,7021,Annual value,,141.83,E
100,'356,India,867,'21111.01,"Meat of cattle with the bone, fresh or chilled",5530,Producer Price (LCU/tonne),1991,1991,7021,Annual value,LCU,13556.0,X
100,'356,India,867,'21111.01,"Meat of cattle with the bone, fresh or chilled",5531,Producer Price (SLC/tonne),1991,1991,7021,Annual value,SLC,13556.0,X
100,'356,India,867,'21111.01,"Meat of cattle with the bone, fresh or chilled",5532,Producer Price (USD/tonne),1991,1991,7021,Annual value,USD,596.1,X
100,'356,India,867,'21111.01,"Meat of cattle with the bone, fresh or chilled",5539,Producer Price Index (2014-2016 = 100),1991,1991,7021,Annual value,,33.62,E
100,'356,India,867,'21111.01,"Meat of cattle with the bone, fresh or chilled",5539,Producer Price Index (2014-2016 = 100),1992,1992,7021,Annual value,,38.35,E
100,'356,India,867,'21111.01,"Meat of cattle with the bone, fresh or chilled",5539,Producer Price Index (2014-2016 = 100),1993,1993,7021,Annual value,,41.86,E
100,'356,India,867,'21111.01,"Meat of cattle with the bone, fresh or chilled",5539,Producer Price Index (2014-2016 = 100),1994,1994,7021,Annual value,,37.19,E
100,'356,India,867,'21111.01,"Meat of cattle with the bone, fresh or chilled",5539,Producer Price Index (2014-2016 = 100),1995,1995,7021,Annual value,,37.58,E
100,'356,India,867,'21111.01,"Meat of cattle with the bone, fresh or chilled",5539,Producer Price Index (2014-2016 = 100),1996,1996,7021,Annual value,,37.51,E
100,'356,India,867,'21111.01,"Meat of cattle with the bone, fresh or chilled",5539,Producer Price Index (2014-2016 = 100),1997,1997,7021,Annual value,,37.65,E
100,'356,India,867,'21111.01,"Meat of cattle with the bone, fresh or chilled",5539,Producer Price Index (2014-2016 = 100),1998,1998,7021,Annual value,,35.55,E
100,'356,India,867,'21111.01,"Meat of cattle with the bone, fresh or chilled",5539,Producer Price Index (2014-2016 = 100),1999,1999,7021,Annual value,,34.91,E
100,'356,India,867,'21111.01,"Meat of cattle with the bone, fresh or chilled",5539,Producer Price Index (2014-2016 = 100),2000,2000,7021,Annual value,,35.62,E
100,'356,India,867,'21111.01,"Meat of cattle with the bone, fresh or chilled",5539,Producer Price Index (2014-2016 = 100),2001,2001,7021,Annual value,,37.31,E
100,'356,India,867,'21111.01,"Meat of cattle with the bone, fresh or chilled",5539,Producer Price Index (2014-2016 = 100),2002,2002,7021,Annual value,,36.72,E
100,'356,India,867,'21111.01,"Meat of cattle with the bone, fresh or chilled",5539,Producer Price Index (2014-2016 = 100),2003,2003,7021,Annual value,,39.83,E
100,'356,India,867,'21111.01,"Meat of cattle with the bone, fresh or chilled",5539,Producer Price Index (2014-2016 = 100),2004,2004,7021,Annual value,,42.21,E
100,'356,India,867,'21111.01,"Meat of cattle with the bone, fresh or chilled",5539,Producer Price Index (2014-2016 = 100),2005,2005,7021,Annual value,,45.95,E
100,'356,India,867,'21111.01,"Meat of cattle with the bone, fresh or chilled",5539,Producer Price Index (2014-2016 = 100),2006,2006,7021,Annual value,,48.94,E
100,'356,India,867,'21111.01,"Meat of cattle with the bone, fresh or chilled",5539,Producer Price Index (2014-2016 = 100),2007,2007,7021,Annual value,,60.15,E
100,'356,India,867,'21111.01,"Meat of cattle with the bone, fresh or chilled",5539,Producer Price Index (2014-2016 = 100),2008,2008,7021,Annual value,,59.31,E
100,'356,India,867,'21111.01,"Meat of cattle with the bone, fresh or chilled",5539,Producer Price Index (2014-2016 = 100),2009,2009,7021,Annual value,,65.52,E
100,'356,India,867,'21111.01,"Meat of cattle with the bone, fresh or chilled",5539,Producer Price Index (2014-2016 = 100),2010,2010,7021,Annual value,,77.14,E
100,'356,India,867,'21111.01,"Meat of cattle with the bone, fresh or chilled",5539,Producer Price Index (2014-2016 = 100),2011,2011,7021,Annual value,,84.12,E
100,'356,India,867,'21111.01,"Meat of cattle with the bone, fresh or chilled",5539,Producer Price Index (2014-2016 = 100),2012,2012,7021,Annual value,,91.28,E
100,'356,India,867,'21111.01,"Meat of cattle with the bone, fresh or chilled",5539,Producer Price Index (2014-2016 = 100),2013,2013,7021,Annual value,,87.32,E
100,'356,India,867,'21111.01,"Meat of cattle with the bone, fresh or chilled",5539,Producer Price Index (2014-2016 = 100),2014,2014,7021,Annual value,,94.65,E
100,'356,India,867,'21111.01,"Meat of cattle with the bone, fresh or chilled",5539,Producer Price Index (2014-2016 = 100),2015,2015,7021,Annual value,,100.36,E
100,'356,India,867,'21111.01,"Meat of cattle with the bone, fresh or chilled",5539,Producer Price Index (2014-2016 = 100),2016,2016,7021,Annual value,,104.99,E
100,'356,India,867,'21111.01,"Meat of cattle with the bone, fresh or chilled",5539,Producer Price Index (2014-2016 = 100),2017,2017,7021,Annual value,,110.08,E
100,'356,India,867,'21111.01,"Meat of cattle with the bone, fresh or chilled",5539,Producer Price Index (2014-2016 = 100),2018,2018,7021,Annual value,,109.77,E
100,'356,India,867,'21111.01,"Meat of cattle with the bone, fresh or chilled",5539,Producer Price Index (2014-2016 = 100),2019,2019,7021,Annual value,,117.68,E
100,'356,India,867,'21111.01,"Meat of cattle with the bone, fresh or chilled",5539,Producer Price Index (2014-2016 = 100),2020,2020,7021,Annual value,,117.7,E
100,'356,India,867,'21111.01,"Meat of cattle with the bone, fresh or chilled",5539,Producer Price Index (2014-2016 = 100),2021,2021,7021,Annual value,,124.05,E
100,'356,India,867,'21111.01,"Meat of cattle with the bone, fresh or chilled",5539,Producer Price Index (2014-2016 = 100),2022,2022,7021,Annual value,,126.47,E
100,'356,India,867,'21111.01,"Meat of cattle with the bone, fresh or chilled",5539,Producer Price Index (2014-2016 = 100),2023,2023,7021,Annual value,,125.45,E
100,'356,India,867,'21111.01,"Meat of cattle with the bone, fresh or chilled",5539,Producer Price Index (2014-2016 = 100),2024,2024,7021,Annual value,,138.3,E
100,'356,India,867,'21111.01,"Meat of cattle with the bone, fresh or chilled",5539,Producer Price Index (2014-2016 = 100),2025,2025,7021,Annual value,,143.45,E
100,'356,India,945,'21111.01b,"Meat of cattle with the bone, fresh or chilled (biological)",5530,Producer Price (LCU/tonne),1991,1991,7021,Annual value,LCU,6778.0,X
100,'356,India,945,'21111.01b,"Meat of cattle with the bone, fresh or chilled (biological)",5531,Producer Price (SLC/tonne),1991,1991,7021,Annual value,SLC,6778.0,X
100,'356,India,945,'21111.01b,"Meat of cattle with the bone, fresh or chilled (biological)",5532,Producer Price (USD/tonne),1991,1991,7021,Annual value,USD,298.0,X
100,'356,India,945,'21111.01b,"Meat of cattle with the bone, fresh or chilled (biological)",5539,Producer Price Index (2014-2016 = 100),1991,1991,7021,Annual value,,33.62,E
100,'356,India,945,'21111.01b,"Meat of cattle with the bone, fresh or chilled (biological)",5539,Producer Price Index (2014-2016 = 100),1992,1992,7021,Annual value,,38.35,E
100,'356,India,945,'21111.01b,"Meat of cattle with the bone, fresh or chilled (biological)",5539,Producer Price Index (2014-2016 = 100),1993,1993,7021,Annual value,,41.86,E
100,'356,India,945,'21111.01b,"Meat of cattle with the bone, fresh or chilled (biological)",5539,Producer Price Index (2014-2016 = 100),1994,1994,7021,Annual value,,37.19,E
100,'356,India,945,'21111.01b,"Meat of cattle with the bone, fresh or chilled (biological)",5539,Producer Price Index (2014-2016 = 100),1995,1995,7021,Annual value,,37.58,E
100,'356,India,945,'21111.01b,"Meat of cattle with the bone, fresh or chilled (biological)",5539,Producer Price Index (2014-2016 = 100),1996,1996,7021,Annual value,,37.51,E
100,'356,India,945,'21111.01b,"Meat of cattle with the bone, fresh or chilled (biological)",5539,Producer Price Index (2014-2016 = 100),1997,1997,7021,Annual value,,37.65,E
100,'356,India,945,'21111.01b,"Meat of cattle with the bone, fresh or chilled (biological)",5539,Producer Price Index (2014-2016 = 100),1998,1998,7021,Annual value,,35.55,E
100,'356,India,945,'21111.01b,"Meat of cattle with the bone, fresh or chilled (biological)",5539,Producer Price Index (2014-2016 = 100),1999,1999,7021,Annual value,,34.91,E
100,'356,India,945,'21111.01b,"Meat of cattle with the bone, fresh or chilled (biological)",5539,Producer Price Index (2014-2016 = 100),2000,2000,7021,Annual value,,35.63,E
100,'356,India,945,'21111.01b,"Meat of cattle with the bone, fresh or chilled (biological)",5539,Producer Price Index (2014-2016 = 100),2001,2001,7021,Annual value,,37.31,E
100,'356,India,945,'21111.01b,"Meat of cattle with the bone, fresh or chilled (biological)",5539,Producer Price Index (2014-2016 = 100),2002,2002,7021,Annual value,,36.72,E
100,'356,India,945,'21111.01b,"Meat of cattle with the bone, fresh or chilled (biological)",5539,Producer Price Index (2014-2016 = 100),2003,2003,7021,Annual value,,39.83,E
100,'356,India,945,'21111.01b,"Meat of cattle with the bone, fresh or chilled (biological)",5539,Producer Price Index (2014-2016 = 100),2004,2004,7021,Annual value,,42.21,E
100,'356,India,945,'21111.01b,"Meat of cattle with the bone, fresh or chilled (biological)",5539,Producer Price Index (2014-2016 = 100),2005,2005,7021,Annual value,,45.95,E
100,'356,India,945,'21111.01b,"Meat of cattle with the bone, fresh or chilled (biological)",5539,Producer Price Index (2014-2016 = 100),2006,2006,7021,Annual value,,48.94,E
100,'356,India,945,'21111.01b,"Meat of cattle with the bone, fresh or chilled (biological)",5539,Producer Price Index (2014-2016 = 100),2007,2007,7021,Annual value,,60.15,E
100,'356,India,945,'21111.01b,"Meat of cattle with the bone, fresh or chilled (biological)",5539,Producer Price Index (2014-2016 = 100),2008,2008,7021,Annual value,,59.31,E
100,'356,India,945,'21111.01b,"Meat of cattle with the bone, fresh or chilled (biological)",5539,Producer Price Index (2014-2016 = 100),2009,2009,7021,Annual value,,65.52,E
100,'356,India,945,'21111.01b,"Meat of cattle with the bone, fresh or chilled (biological)",5539,Producer Price Index (2014-2016 = 100),2010,2010,7021,Annual value,,77.14,E
100,'356,India,945,'21111.01b,"Meat of cattle with the bone, fresh or chilled (biological)",5539,Producer Price Index (2014-2016 = 100),2011,2011,7021,Annual value,,84.12,E
100,'356,India,945,'21111.01b,"Meat of cattle with the bone, fresh or chilled (biological)",5539,Producer Price Index (2014-2016 = 100),2012,2012,7021,Annual value,,91.28,E
100,'356,India,945,'21111.01b,"Meat of cattle with the bone, fresh or chilled (biological)",5539,Producer Price Index (2014-2016 = 100),2013,2013,7021,Annual value,,87.32,E
100,'356,India,945,'21111.01b,"Meat of cattle with the bone, fresh or chilled (biological)",5539,Producer Price Index (2014-2016 = 100),2014,2014,7021,Annual value,,94.65,E
100,'356,India,945,'21111.01b,"Meat of cattle with the bone, fresh or chilled (biological)",5539,Producer Price Index (2014-2016 = 100),2015,2015,7021,Annual value,,100.36,E
100,'356,India,945,'21111.01b,"Meat of cattle with the bone, fresh or chilled (biological)",5539,Producer Price Index (2014-2016 = 100),2016,2016,7021,Annual value,,104.99,E
100,'356,India,945,'21111.01b,"Meat of cattle with the bone, fresh or chilled (biological)",5539,Producer Price Index (2014-2016 = 100),2017,2017,7021,Annual value,,110.08,E
100,'356,India,945,'21111.01b,"Meat of cattle with the bone, fresh or chilled (biological)",5539,Producer Price Index (2014-2016 = 100),2018,2018,7021,Annual value,,109.77,E
100,'356,India,945,'21111.01b,"Meat of cattle with the bone, fresh or chilled (biological)",5539,Producer Price Index (2014-2016 = 100),2019,2019,7021,Annual value,,116.77,E
100,'356,India,945,'21111.01b,"Meat of cattle with the bone, fresh or chilled (biological)",5539,Producer Price Index (2014-2016 = 100),2020,2020,7021,Annual value,,116.88,E
100,'356,India,945,'21111.01b,"Meat of cattle with the bone, fresh or chilled (biological)",5539,Producer Price Index (2014-2016 = 100),2021,2021,7021,Annual value,,123.24,E
100,'356,India,945,'21111.01b,"Meat of cattle with the bone, fresh or chilled (biological)",5539,Producer Price Index (2014-2016 = 100),2022,2022,7021,Annual value,,125.69,E
100,'356,India,945,'21111.01b,"Meat of cattle with the bone, fresh or chilled (biological)",5539,Producer Price Index (2014-2016 = 100),2023,2023,7021,Annual value,,124.72,E
100,'356,India,945,'21111.01b,"Meat of cattle with the bone, fresh or chilled (biological)",5539,Producer Price Index (2014-2016 = 100),2024,2024,7021,Annual value,,137.41,E
100,'356,India,945,'21111.01b,"Meat of cattle with the bone, fresh or chilled (biological)",5539,Producer Price Index (2014-2016 = 100),2025,2025,7021,Annual value,,142.61,E
100,'356,India,1058,'21121,"Meat of chickens, fresh or chilled",5539,Producer Price Index (2014-2016 = 100),1991,1991,7021,Annual value,,18.05,E
100,'356,India,1058,'21121,"Meat of chickens, fresh or chilled",5539,Producer Price Index (2014-2016 = 100),1992,1992,7021,Annual value,,18.93,E
100,'356,India,1058,'21121,"Meat of chickens, fresh or chilled",5539,Producer Price Index (2014-2016 = 100),1993,1993,7021,Annual value,,22.1,E
100,'356,India,1058,'21121,"Meat of chickens, fresh or chilled",5539,Producer Price Index (2014-2016 = 100),1994,1994,7021,Annual value,,22.39,E
100,'356,India,1058,'21121,"Meat of chickens, fresh or chilled",5539,Producer Price Index (2014-2016 = 100),1995,1995,7021,Annual value,,37.25,E
100,'356,India,1058,'21121,"Meat of chickens, fresh or chilled",5539,Producer Price Index (2014-2016 = 100),1996,1996,7021,Annual value,,61.06,E
100,'356,India,1058,'21121,"Meat of chickens, fresh or chilled",5539,Producer Price Index (2014-2016 = 100),1997,1997,7021,Annual value,,52.68,E
100,'356,India,1058,'21121,"Meat of chickens, fresh or chilled",5539,Producer Price Index (2014-2016 = 100),1998,1998,7021,Annual value,,35.61,E
100,'356,India,1058,'21121,"Meat of chickens, fresh or chilled",5539,Producer Price Index (2014-2016 = 100),1999,1999,7021,Annual value,,32.82,E
100,'356,India,1058,'21121,"Meat of chickens, fresh or chilled",5539,Producer Price Index (2014-2016 = 100),2000,2000,7021,Annual value,,34.56,E
100,'356,India,1058,'21121,"Meat of chickens, fresh or chilled",5539,Producer Price Index (2014-2016 = 100),2001,2001,7021,Annual value,,37.21,E
100,'356,India,1058,'21121,"Meat of chickens, fresh or chilled",5539,Producer Price Index (2014-2016 = 100),2002,2002,7021,Annual value,,36.72,E
100,'356,India,1058,'21121,"Meat of chickens, fresh or chilled",5539,Producer Price Index (2014-2016 = 100),2003,2003,7021,Annual value,,39.83,E
100,'356,India,1058,'21121,"Meat of chickens, fresh or chilled",5539,Producer Price Index (2014-2016 = 100),2004,2004,7021,Annual value,,42.21,E
100,'356,India,1058,'21121,"Meat of chickens, fresh or chilled",5539,Producer Price Index (2014-2016 = 100),2005,2005,7021,Annual value,,45.95,E
100,'356,India,1058,'21121,"Meat of chickens, fresh or chilled",5539,Producer Price Index (2014-2016 = 100),2006,2006,7021,Annual value,,48.94,E
100,'356,India,1058,'21121,"Meat of chickens, fresh or chilled",5539,Producer Price Index (2014-2016 = 100),2007,2007,7021,Annual value,,60.15,E
100,'356,India,1058,'21121,"Meat of chickens, fresh or chilled",5539,Producer Price Index (2014-2016 = 100),2008,2008,7021,Annual value,,59.31,E
100,'356,India,1058,'21121,"Meat of chickens, fresh or chilled",5539,Producer Price Index (2014-2016 = 100),2009,2009,7021,Annual value,,65.52,E
100,'356,India,1058,'21121,"Meat of chickens, fresh or chilled",5539,Producer Price Index (2014-2016 = 100),2010,2010,7021,Annual value,,77.14,E
100,'356,India,1058,'21121,"Meat of chickens, fresh or chilled",5539,Producer Price Index (2014-2016 = 100),2011,2011,7021,Annual value,,84.12,E
100,'356,India,1058,'21121,"Meat of chickens, fresh or chilled",5539,Producer Price Index (2014-2016 = 100),2012,2012,7021,Annual value,,91.28,E
100,'356,India,1058,'21121,"Meat of chickens, fresh or chilled",5539,Producer Price Index (2014-2016 = 100),2013,2013,7021,Annual value,,87.32,E
100,'356,India,1058,'21121,"Meat of chickens, fresh or chilled",5539,Producer Price Index (2014-2016 = 100),2014,2014,7021,Annual value,,94.65,E
100,'356,India,1058,'21121,"Meat of chickens, fresh or chilled",5539,Producer Price Index (2014-2016 = 100),2015,2015,7021,Annual value,,100.36,E
100,'356,India,1058,'21121,"Meat of chickens, fresh or chilled",5539,Producer Price Index (2014-2016 = 100),2016,2016,7021,Annual value,,104.99,E
100,'356,India,1058,'21121,"Meat of chickens, fresh or chilled",5539,Producer Price Index (2014-2016 = 100),2017,2017,7021,Annual value,,110.08,E
100,'356,India,1058,'21121,"Meat of chickens, fresh or chilled",5539,Producer Price Index (2014-2016 = 100),2018,2018,7021,Annual value,,109.77,E
100,'356,India,1058,'21121,"Meat of chickens, fresh or chilled",5539,Producer Price Index (2014-2016 = 100),2019,2019,7021,Annual value,,118.91,E
100,'356,India,1058,'21121,"Meat of chickens, fresh or chilled",5539,Producer Price Index (2014-2016 = 100),2020,2020,7021,Annual value,,123.75,E
100,'356,India,1058,'21121,"Meat of chickens, fresh or chilled",5539,Producer Price Index (2014-2016 = 100),2021,2021,7021,Annual value,,135.16,E
100,'356,India,1058,'21121,"Meat of chickens, fresh or chilled",5539,Producer Price Index (2014-2016 = 100),2022,2022,7021,Annual value,,139.27,E
100,'356,India,1058,'21121,"Meat of chickens, fresh or chilled",5539,Producer Price Index (2014-2016 = 100),2023,2023,7021,Annual value,,138.5,E
100,'356,India,1058,'21121,"Meat of chickens, fresh or chilled",5539,Producer Price Index (2014-2016 = 100),2024,2024,7021,Annual value,,150.61,E
100,'356,India,1058,'21121,"Meat of chickens, fresh or chilled",5539,Producer Price Index (2014-2016 = 100),2025,2025,7021,Annual value,,159.05,E
100,'356,India,1095,'21121b,"Meat of chickens, fresh or chilled (biological)",5530,Producer Price (LCU/tonne),2001,2001,7021,Annual value,LCU,49000.0,A
100,'356,India,1095,'21121b,"Meat of chickens, fresh or chilled (biological)",5531,Producer Price (SLC/tonne),2001,2001,7021,Annual value,SLC,49000.0,A
100,'356,India,1095,'21121b,"Meat of chickens, fresh or chilled (biological)",5532,Producer Price (USD/tonne),2001,2001,7021,Annual value,USD,1038.4,A
100,'356,India,1095,'21121b,"Meat of chickens, fresh or chilled (biological)",5539,Producer Price Index (2014-2016 = 100),1991,1991,7021,Annual value,,18.05,E
100,'356,India,1095,'21121b,"Meat of chickens, fresh or chilled (biological)",5539,Producer Price Index (2014-2016 = 100),1992,1992,7021,Annual value,,18.93,E
100,'356,India,1095,'21121b,"Meat of chickens, fresh or chilled (biological)",5539,Producer Price Index (2014-2016 = 100),1993,1993,7021,Annual value,,22.1,E
100,'356,India,1095,'21121b,"Meat of chickens, fresh or chilled (biological)",5539,Producer Price Index (2014-2016 = 100),1994,1994,7021,Annual value,,22.39,E
100,'356,India,1095,'21121b,"Meat of chickens, fresh or chilled (biological)",5539,Producer Price Index (2014-2016 = 100),1995,1995,7021,Annual value,,37.25,E
100,'356,India,1095,'21121b,"Meat of chickens, fresh or chilled (biological)",5539,Producer Price Index (2014-2016 = 100),1996,1996,7021,Annual value,,61.06,E
100,'356,India,1095,'21121b,"Meat of chickens, fresh or chilled (biological)",5539,Producer Price Index (2014-2016 = 100),1997,1997,7021,Annual value,,52.68,E
100,'356,India,1095,'21121b,"Meat of chickens, fresh or chilled (biological)",5539,Producer Price Index (2014-2016 = 100),1998,1998,7021,Annual value,,35.61,E
100,'356,India,1095,'21121b,"Meat of chickens, fresh or chilled (biological)",5539,Producer Price Index (2014-2016 = 100),1999,1999,7021,Annual value,,32.82,E
100,'356,India,1095,'21121b,"Meat of chickens, fresh or chilled (biological)",5539,Producer Price Index (2014-2016 = 100),2000,2000,7021,Annual value,,34.56,E
100,'356,India,1095,'21121b,"Meat of chickens, fresh or chilled (biological)",5539,Producer Price Index (2014-2016 = 100),2001,2001,7021,Annual value,,37.21,E
100,'356,India,1095,'21121b,"Meat of chickens, fresh or chilled (biological)",5539,Producer Price Index (2014-2016 = 100),2002,2002,7021,Annual value,,36.72,E
100,'356,India,1095,'21121b,"Meat of chickens, fresh or chilled (biological)",5539,Producer Price Index (2014-2016 = 100),2003,2003,7021,Annual value,,39.83,E
100,'356,India,1095,'21121b,"Meat of chickens, fresh or chilled (biological)",5539,Producer Price Index (2014-2016 = 100),2004,2004,7021,Annual value,,42.21,E
100,'356,India,1095,'21121b,"Meat of chickens, fresh or chilled (biological)",5539,Producer Price Index (2014-2016 = 100),2005,2005,7021,Annual value,,45.95,E
100,'356,India,1095,'21121b,"Meat of chickens, fresh or chilled (biological)",5539,Producer Price Index (2014-2016 = 100),2006,2006,7021,Annual value,,48.94,E
100,'356,India,1095,'21121b,"Meat of chickens, fresh or chilled (biological)",5539,Producer Price Index (2014-2016 = 100),2007,2007,7021,Annual value,,60.15,E
100,'356,India,1095,'21121b,"Meat of chickens, fresh or chilled (biological)",5539,Producer Price Index (2014-2016 = 100),2008,2008,7021,Annual value,,59.31,E
100,'356,India,1095,'21121b,"Meat of chickens, fresh or chilled (biological)",5539,Producer Price Index (2014-2016 = 100),2009,2009,7021,Annual value,,65.52,E
100,'356,India,1095,'21121b,"Meat of chickens, fresh or chilled (biological)",5539,Producer Price Index (2014-2016 = 100),2010,2010,7021,Annual value,,77.14,E
100,'356,India,1095,'21121b,"Meat of chickens, fresh or chilled (biological)",5539,Producer Price Index (2014-2016 = 100),2011,2011,7021,Annual value,,84.12,E
100,'356,India,1095,'21121b,"Meat of chickens, fresh or chilled (biological)",5539,Producer Price Index (2014-2016 = 100),2012,2012,7021,Annual value,,91.28,E
100,'356,India,1095,'21121b,"Meat of chickens, fresh or chilled (biological)",5539,Producer Price Index (2014-2016 = 100),2013,2013,7021,Annual value,,87.32,E
100,'356,India,1095,'21121b,"Meat of chickens, fresh or chilled (biological)",5539,Producer Price Index (2014-2016 = 100),2014,2014,7021,Annual value,,94.65,E
100,'356,India,1095,'21121b,"Meat of chickens, fresh or chilled (biological)",5539,Producer Price Index (2014-2016 = 100),2015,2015,7021,Annual value,,100.36,E
100,'356,India,1095,'21121b,"Meat of chickens, fresh or chilled (biological)",5539,Producer Price Index (2014-2016 = 100),2016,2016,7021,Annual value,,104.99,E
100,'356,India,1095,'21121b,"Meat of chickens, fresh or chilled (biological)",5539,Producer Price Index (2014-2016 = 100),2017,2017,7021,Annual value,,110.08,E
100,'356,India,1095,'21121b,"Meat of chickens, fresh or chilled (biological)",5539,Producer Price Index (2014-2016 = 100),2018,2018,7021,Annual value,,109.77,E
100,'356,India,1095,'21121b,"Meat of chickens, fresh or chilled (biological)",5539,Producer Price Index (2014-2016 = 100),2019,2019,7021,Annual value,,118.67,E
100,'356,India,1095,'21121b,"Meat of chickens, fresh or chilled (biological)",5539,Producer Price Index (2014-2016 = 100),2020,2020,7021,Annual value,,123.5,E
100,'356,India,1095,'21121b,"Meat of chickens, fresh or chilled (biological)",5539,Producer Price Index (2014-2016 = 100),2021,2021,7021,Annual value,,135.02,E
100,'356,India,1095,'21121b,"Meat of chickens, fresh or chilled (biological)",5539,Producer Price Index (2014-2016 = 100),2022,2022,7021,Annual value,,139.26,E
100,'356,India,1095,'21121b,"Meat of chickens, fresh or chilled (biological)",5539,Producer Price Index (2014-2016 = 100),2023,2023,7021,Annual value,,138.53,E
100,'356,India,1095,'21121b,"Meat of chickens, fresh or chilled (biological)",5539,Producer Price Index (2014-2016 = 100),2024,2024,7021,Annual value,,150.49,E
100,'356,India,1095,'21121b,"Meat of chickens, fresh or chilled (biological)",5539,Producer Price Index (2014-2016 = 100),2025,2025,7021,Annual value,,158.83,E
100,'356,India,1069,'21122,"Meat of ducks, fresh or chilled",5539,Producer Price Index (2014-2016 = 100),1991,1991,7021,Annual value,,18.93,E
100,'356,India,1069,'21122,"Meat of ducks, fresh or chilled",5539,Producer Price Index (2014-2016 = 100),1992,1992,7021,Annual value,,19.86,E
100,'356,India,1069,'21122,"Meat of ducks, fresh or chilled",5539,Producer Price Index (2014-2016 = 100),1993,1993,7021,Annual value,,23.19,E
100,'356,India,1069,'21122,"Meat of ducks, fresh or chilled",5539,Producer Price Index (2014-2016 = 100),1994,1994,7021,Annual value,,23.49,E
100,'356,India,1069,'21122,"Meat of ducks, fresh or chilled",5539,Producer Price Index (2014-2016 = 100),1995,1995,7021,Annual value,,39.08,E
100,'356,India,1069,'21122,"Meat of ducks, fresh or chilled",5539,Producer Price Index (2014-2016 = 100),1996,1996,7021,Annual value,,64.05,E
100,'356,India,1069,'21122,"Meat of ducks, fresh or chilled",5539,Producer Price Index (2014-2016 = 100),1997,1997,7021,Annual value,,55.26,E
100,'356,India,1069,'21122,"Meat of ducks, fresh or chilled",5539,Producer Price Index (2014-2016 = 100),1998,1998,7021,Annual value,,37.35,E
100,'356,India,1069,'21122,"Meat of ducks, fresh or chilled",5539,Producer Price Index (2014-2016 = 100),1999,1999,7021,Annual value,,34.42,E
100,'356,India,1069,'21122,"Meat of ducks, fresh or chilled",5539,Producer Price Index (2014-2016 = 100),2000,2000,7021,Annual value,,36.25,E
100,'356,India,1069,'21122,"Meat of ducks, fresh or chilled",5539,Producer Price Index (2014-2016 = 100),2001,2001,7021,Annual value,,39.03,E
100,'356,India,1069,'21122,"Meat of ducks, fresh or chilled",5539,Producer Price Index (2014-2016 = 100),2002,2002,7021,Annual value,,38.52,E
100,'356,India,1069,'21122,"Meat of ducks, fresh or chilled",5539,Producer Price Index (2014-2016 = 100),2003,2003,7021,Annual value,,39.83,E
100,'356,India,1069,'21122,"Meat of ducks, fresh or chilled",5539,Producer Price Index (2014-2016 = 100),2004,2004,7021,Annual value,,42.21,E
100,'356,India,1069,'21122,"Meat of ducks, fresh or chilled",5539,Producer Price Index (2014-2016 = 100),2005,2005,7021,Annual value,,45.95,E
100,'356,India,1069,'21122,"Meat of ducks, fresh or chilled",5539,Producer Price Index (2014-2016 = 100),2006,2006,7021,Annual value,,48.94,E
100,'356,India,1069,'21122,"Meat of ducks, fresh or chilled",5539,Producer Price Index (2014-2016 = 100),2007,2007,7021,Annual value,,60.15,E
100,'356,India,1069,'21122,"Meat of ducks, fresh or chilled",5539,Producer Price Index (2014-2016 = 100),2008,2008,7021,Annual value,,59.31,E
100,'356,India,1069,'21122,"Meat of ducks, fresh or chilled",5539,Producer Price Index (2014-2016 = 100),2009,2009,7021,Annual value,,65.52,E
100,'356,India,1069,'21122,"Meat of ducks, fresh or chilled",5539,Producer Price Index (2014-2016 = 100),2010,2010,7021,Annual value,,77.14,E
100,'356,India,1069,'21122,"Meat of ducks, fresh or chilled",5539,Producer Price Index (2014-2016 = 100),2011,2011,7021,Annual value,,84.12,E
100,'356,India,1069,'21122,"Meat of ducks, fresh or chilled",5539,Producer Price Index (2014-2016 = 100),2012,2012,7021,Annual value,,91.28,E
100,'356,India,1069,'21122,"Meat of ducks, fresh or chilled",5539,Producer Price Index (2014-2016 = 100),2013,2013,7021,Annual value,,87.32,E
100,'356,India,1069,'21122,"Meat of ducks, fresh or chilled",5539,Producer Price Index (2014-2016 = 100),2014,2014,7021,Annual value,,94.65,E
100,'356,India,1069,'21122,"Meat of ducks, fresh or chilled",5539,Producer Price Index (2014-2016 = 100),2015,2015,7021,Annual value,,100.36,E
100,'356,India,1069,'21122,"Meat of ducks, fresh or chilled",5539,Producer Price Index (2014-2016 = 100),2016,2016,7021,Annual value,,104.99,E
100,'356,India,1069,'21122,"Meat of ducks, fresh or chilled",5539,Producer Price Index (2014-2016 = 100),2017,2017,7021,Annual value,,110.08,E
100,'356,India,1069,'21122,"Meat of ducks, fresh or chilled",5539,Producer Price Index (2014-2016 = 100),2018,2018,7021,Annual value,,109.77,E
100,'356,India,1069,'21122,"Meat of ducks, fresh or chilled",5539,Producer Price Index (2014-2016 = 100),2019,2019,7021,Annual value,,118.16,E
100,'356,India,1069,'21122,"Meat of ducks, fresh or chilled",5539,Producer Price Index (2014-2016 = 100),2020,2020,7021,Annual value,,112.9,E
100,'356,India,1069,'21122,"Meat of ducks, fresh or chilled",5539,Producer Price Index (2014-2016 = 100),2021,2021,7021,Annual value,,127.19,E
100,'356,India,1069,'21122,"Meat of ducks, fresh or chilled",5539,Producer Price Index (2014-2016 = 100),2022,2022,7021,Annual value,,134.43,E
100,'356,India,1069,'21122,"Meat of ducks, fresh or chilled",5539,Producer Price Index (2014-2016 = 100),2023,2023,7021,Annual value,,136.49,E
100,'356,India,1069,'21122,"Meat of ducks, fresh or chilled",5539,Producer Price Index (2014-2016 = 100),2024,2024,7021,Annual value,,148.09,E
100,'356,India,1069,'21122,"Meat of ducks, fresh or chilled",5539,Producer Price Index (2014-2016 = 100),2025,2025,7021,Annual value,,157.11,E
100,'356,India,1017,'21116,"Meat of goat, fresh or chilled",5539,Producer Price Index (2014-2016 = 100),1991,1991,7021,Annual value,,14.35,E
100,'356,India,1017,'21116,"Meat of goat, fresh or chilled",5539,Producer Price Index (2014-2016 = 100),1992,1992,7021,Annual value,,15.92,E
100,'356,India,1017,'21116,"Meat of goat, fresh or chilled",5539,Producer Price Index (2014-2016 = 100),1993,1993,7021,Annual value,,17.78,E
100,'356,India,1017,'21116,"Meat of goat, fresh or chilled",5539,Producer Price Index (2014-2016 = 100),1994,1994,7021,Annual value,,19.4,E
100,'356,India,1017,'21116,"Meat of goat, fresh or chilled",5539,Producer Price Index (2014-2016 = 100),1995,1995,7021,Annual value,,20.9,E
100,'356,India,1017,'21116,"Meat of goat, fresh or chilled",5539,Producer Price Index (2014-2016 = 100),1996,1996,7021,Annual value,,23.45,E
100,'356,India,1017,'21116,"Meat of goat, fresh or chilled",5539,Producer Price Index (2014-2016 = 100),1997,1997,7021,Annual value,,28.25,E
100,'356,India,1017,'21116,"Meat of goat, fresh or chilled",5539,Producer Price Index (2014-2016 = 100),1998,1998,7021,Annual value,,31.5,E
100,'356,India,1017,'21116,"Meat of goat, fresh or chilled",5539,Producer Price Index (2014-2016 = 100),1999,1999,7021,Annual value,,33.38,E
100,'356,India,1017,'21116,"Meat of goat, fresh or chilled",5539,Producer Price Index (2014-2016 = 100),2000,2000,7021,Annual value,,34.5,E
100,'356,India,1017,'21116,"Meat of goat, fresh or chilled",5539,Producer Price Index (2014-2016 = 100),2001,2001,7021,Annual value,,36.1,E
100,'356,India,1017,'21116,"Meat of goat, fresh or chilled",5539,Producer Price Index (2014-2016 = 100),2002,2002,7021,Annual value,,36.72,E
100,'356,India,1017,'21116,"Meat of goat, fresh or chilled",5539,Producer Price Index (2014-2016 = 100),2003,2003,7021,Annual value,,39.83,E
100,'356,India,1017,'21116,"Meat of goat, fresh or chilled",5539,Producer Price Index (2014-2016 = 100),2004,2004,7021,Annual value,,42.21,E
100,'356,India,1017,'21116,"Meat of goat, fresh or chilled",5539,Producer Price Index (2014-2016 = 100),2005,2005,7021,Annual value,,45.95,E
100,'356,India,1017,'21116,"Meat of goat, fresh or chilled",5539,Producer Price Index (2014-2016 = 100),2006,2006,7021,Annual value,,48.94,E
100,'356,India,1017,'21116,"Meat of goat, fresh or chilled",5539,Producer Price Index (2014-2016 = 100),2007,2007,7021,Annual value,,60.15,E
100,'356,India,1017,'21116,"Meat of goat, fresh or chilled",5539,Producer Price Index (2014-2016 = 100),2008,2008,7021,Annual value,,59.31,E
100,'356,India,1017,'21116,"Meat of goat, fresh or chilled",5539,Producer Price Index (2014-2016 = 100),2009,2009,7021,Annual value,,65.52,E
100,'356,India,1017,'21116,"Meat of goat, fresh or chilled",5539,Producer Price Index (2014-2016 = 100),2010,2010,7021,Annual value,,77.14,E
100,'356,India,1017,'21116,"Meat of goat, fresh or chilled",5539,Producer Price Index (2014-2016 = 100),2011,2011,7021,Annual value,,84.12,E
100,'356,India,1017,'21116,"Meat of goat, fresh or chilled",5539,Producer Price Index (2014-2016 = 100),2012,2012,7021,Annual value,,91.28,E
100,'356,India,1017,'21116,"Meat of goat, fresh or chilled",5539,Producer Price Index (2014-2016 = 100),2013,2013,7021,Annual value,,87.32,E
100,'356,India,1017,'21116,"Meat of goat, fresh or chilled",5539,Producer Price Index (2014-2016 = 100),2014,2014,7021,Annual value,,94.65,E
100,'356,India,1017,'21116,"Meat of goat, fresh or chilled",5539,Producer Price Index (2014-2016 = 100),2015,2015,7021,Annual value,,100.36,E
100,'356,India,1017,'21116,"Meat of goat, fresh or chilled",5539,Producer Price Index (2014-2016 = 100),2016,2016,7021,Annual value,,104.99,E
100,'356,India,1017,'21116,"Meat of goat, fresh or chilled",5539,Producer Price Index (2014-2016 = 100),2017,2017,7021,Annual value,,110.08,E
100,'356,India,1017,'21116,"Meat of goat, fresh or chilled",5539,Producer Price Index (2014-2016 = 100),2018,2018,7021,Annual value,,109.77,E
100,'356,India,1017,'21116,"Meat of goat, fresh or chilled",5539,Producer Price Index (2014-2016 = 100),2019,2019,7021,Annual value,,119.54,E
100,'356,India,1017,'21116,"Meat of goat, fresh or chilled",5539,Producer Price Index (2014-2016 = 100),2020,2020,7021,Annual value,,111.57,E
100,'356,India,1017,'21116,"Meat of goat, fresh or chilled",5539,Producer Price Index (2014-2016 = 100),2021,2021,7021,Annual value,,127.43,E
100,'356,India,1017,'21116,"Meat of goat, fresh or chilled",5539,Producer Price Index (2014-2016 = 100),2022,2022,7021,Annual value,,134.91,E
100,'356,India,1017,'21116,"Meat of goat, fresh or chilled",5539,Producer Price Index (2014-2016 = 100),2023,2023,7021,Annual value,,137.15,E
100,'356,India,1017,'21116,"Meat of goat, fresh or chilled",5539,Producer Price Index (2014-2016 = 100),2024,2024,7021,Annual value,,148.41,E
100,'356,India,1017,'21116,"Meat of goat, fresh or chilled",5539,Producer Price Index (2014-2016 = 100),2025,2025,7021,Annual value,,157.51,E
100,'356,India,1033,'21116b,"Meat of goat, fresh or chilled (biological)",5530,Producer Price (LCU/tonne),2001,2001,7021,Annual value,LCU,50390.0,A
100,'356,India,1033,'21116b,"Meat of goat, fresh or chilled (biological)",5531,Producer Price (SLC/tonne),2001,2001,7021,Annual value,SLC,50390.0,A
100,'356,India,1033,'21116b,"Meat of goat, fresh or chilled (biological)",5532,Producer Price (USD/tonne),2001,2001,7021,Annual value,USD,1067.9,A
100,'356,India,1033,'21116b,"Meat of goat, fresh or chilled (biological)",5539,Producer Price Index (2014-2016 = 100),1991,1991,7021,Annual value,,14.35,E
100,'356,India,1033,'21116b,"Meat of goat, fresh or chilled (biological)",5539,Producer Price Index (2014-2016 = 100),1992,1992,7021,Annual value,,15.92,E
100,'356,India,1033,'21116b,"Meat of goat, fresh or chilled (biological)",5539,Producer Price Index (2014-2016 = 100),1993,1993,7021,Annual value,,17.78,E
100,'356,India,1033,'21116b,"Meat of goat, fresh or chilled (biological)",5539,Producer Price Index (2014-2016 = 100),1994,1994,7021,Annual value,,19.4,E
100,'356,India,1033,'21116b,"Meat of goat, fresh or chilled (biological)",5539,Producer Price Index (2014-2016 = 100),1995,1995,7021,Annual value,,20.9,E
100,'356,India,1033,'21116b,"Meat of goat, fresh or chilled (biological)",5539,Producer Price Index (2014-2016 = 100),1996,1996,7021,Annual value,,23.45,E
100,'356,India,1033,'21116b,"Meat of goat, fresh or chilled (biological)",5539,Producer Price Index (2014-2016 = 100),1997,1997,7021,Annual value,,28.25,E
100,'356,India,1033,'21116b,"Meat of goat, fresh or chilled (biological)",5539,Producer Price Index (2014-2016 = 100),1998,1998,7021,Annual value,,31.49,E
100,'356,India,1033,'21116b,"Meat of goat, fresh or chilled (biological)",5539,Producer Price Index (2014-2016 = 100),1999,1999,7021,Annual value,,33.38,E
100,'356,India,1033,'21116b,"Meat of goat, fresh or chilled (biological)",5539,Producer Price Index (2014-2016 = 100),2000,2000,7021,Annual value,,34.5,E
100,'356,India,1033,'21116b,"Meat of goat, fresh or chilled (biological)",5539,Producer Price Index (2014-2016 = 100),2001,2001,7021,Annual value,,36.1,E
100,'356,India,1033,'21116b,"Meat of goat, fresh or chilled (biological)",5539,Producer Price Index (2014-2016 = 100),2002,2002,7021,Annual value,,36.72,E
100,'356,India,1033,'21116b,"Meat of goat, fresh or chilled (biological)",5539,Producer Price Index (2014-2016 = 100),2003,2003,7021,Annual value,,39.83,E
100,'356,India,1033,'21116b,"Meat of goat, fresh or chilled (biological)",5539,Producer Price Index (2014-2016 = 100),2004,2004,7021,Annual value,,42.21,E
100,'356,India,1033,'21116b,"Meat of goat, fresh or chilled (biological)",5539,Producer Price Index (2014-2016 = 100),2005,2005,7021,Annual value,,45.95,E
100,'356,India,1033,'21116b,"Meat of goat, fresh or chilled (biological)",5539,Producer Price Index (2014-2016 = 100),2006,2006,7021,Annual value,,48.94,E
100,'356,India,1033,'21116b,"Meat of goat, fresh or chilled (biological)",5539,Producer Price Index (2014-2016 = 100),2007,2007,7021,Annual value,,60.15,E
100,'356,India,1033,'21116b,"Meat of goat, fresh or chilled (biological)",5539,Producer Price Index (2014-2016 = 100),2008,2008,7021,Annual value,,59.31,E
100,'356,India,1033,'21116b,"Meat of goat, fresh or chilled (biological)",5539,Producer Price Index (2014-2016 = 100),2009,2009,7021,Annual value,,65.52,E
100,'356,India,1033,'21116b,"Meat of goat, fresh or chilled (biological)",5539,Producer Price Index (2014-2016 = 100),2010,2010,7021,Annual value,,77.14,E
100,'356,India,1033,'21116b,"Meat of goat, fresh or chilled (biological)",5539,Producer Price Index (2014-2016 = 100),2011,2011,7021,Annual value,,84.12,E
100,'356,India,1033,'21116b,"Meat of goat, fresh or chilled (biological)",5539,Producer Price Index (2014-2016 = 100),2012,2012,7021,Annual value,,91.28,E
100,'356,India,1033,'21116b,"Meat of goat, fresh or chilled (biological)",5539,Producer Price Index (2014-2016 = 100),2013,2013,7021,Annual value,,87.32,E
100,'356,India,1033,'21116b,"Meat of goat, fresh or chilled (biological)",5539,Producer Price Index (2014-2016 = 100),2014,2014,7021,Annual value,,94.65,E
100,'356,India,1033,'21116b,"Meat of goat, fresh or chilled (biological)",5539,Producer Price Index (2014-2016 = 100),2015,2015,7021,Annual value,,100.36,E
100,'356,India,1033,'21116b,"Meat of goat, fresh or chilled (biological)",5539,Producer Price Index (2014-2016 = 100),2016,2016,7021,Annual value,,104.99,E
100,'356,India,1033,'21116b,"Meat of goat, fresh or chilled (biological)",5539,Producer Price Index (2014-2016 = 100),2017,2017,7021,Annual value,,110.08,E
100,'356,India,1033,'21116b,"Meat of goat, fresh or chilled (biological)",5539,Producer Price Index (2014-2016 = 100),2018,2018,7021,Annual value,,109.77,E
100,'356,India,1033,'21116b,"Meat of goat, fresh or chilled (biological)",5539,Producer Price Index (2014-2016 = 100),2019,2019,7021,Annual value,,119.05,E
100,'356,India,1033,'21116b,"Meat of goat, fresh or chilled (biological)",5539,Producer Price Index (2014-2016 = 100),2020,2020,7021,Annual value,,120.67,E
100,'356,India,1033,'21116b,"Meat of goat, fresh or chilled (biological)",5539,Producer Price Index (2014-2016 = 100),2021,2021,7021,Annual value,,131.48,E
100,'356,India,1033,'21116b,"Meat of goat, fresh or chilled (biological)",5539,Producer Price Index (2014-2016 = 100),2022,2022,7021,Annual value,,136.2,E
100,'356,India,1033,'21116b,"Meat of goat, fresh or chilled (biological)",5539,Producer Price Index (2014-2016 = 100),2023,2023,7021,Annual value,,135.12,E
100,'356,India,1033,'21116b,"Meat of goat, fresh or chilled (biological)",5539,Producer Price Index (2014-2016 = 100),2024,2024,7021,Annual value,,147.31,E
100,'356,India,1033,'21116b,"Meat of goat, fresh or chilled (biological)",5539,Producer Price Index (2014-2016 = 100),2025,2025,7021,Annual value,,156.03,E
100,'356,India,1035,'21113.01,"Meat of pig with the bone, fresh or chilled",5530,Producer Price (LCU/tonne),1991,1991,7021,Annual value,LCU,14127.0,X
100,'356,India,1035,'21113.01,"Meat of pig with the bone, fresh or chilled",5531,Producer Price (SLC/tonne),1991,1991,7021,Annual value,SLC,14127.0,X
100,'356,India,1035,'21113.01,"Meat of pig with the bone, fresh or chilled",5532,Producer Price (USD/tonne),1991,1991,7021,Annual value,USD,621.2,X
100,'356,India,1035,'21113.01,"Meat of pig with the bone, fresh or chilled",5539,Producer Price Index (2014-2016 = 100),1991,1991,7021,Annual value,,27.91,E
100,'356,India,1035,'21113.01,"Meat of pig with the bone, fresh or chilled",5539,Producer Price Index (2014-2016 = 100),1992,1992,7021,Annual value,,31.32,E
100,'356,India,1035,'21113.01,"Meat of pig with the bone, fresh or chilled",5539,Producer Price Index (2014-2016 = 100),1993,1993,7021,Annual value,,26.19,E
100,'356,India,1035,'21113.01,"Meat of pig with the bone, fresh or chilled",5539,Producer Price Index (2014-2016 = 100),1994,1994,7021,Annual value,,28.12,E
100,'356,India,1035,'21113.01,"Meat of pig with the bone, fresh or chilled",5539,Producer Price Index (2014-2016 = 100),1995,1995,7021,Annual value,,29.68,E
100,'356,India,1035,'21113.01,"Meat of pig with the bone, fresh or chilled",5539,Producer Price Index (2014-2016 = 100),1996,1996,7021,Annual value,,31.64,E
100,'356,India,1035,'21113.01,"Meat of pig with the bone, fresh or chilled",5539,Producer Price Index (2014-2016 = 100),1997,1997,7021,Annual value,,33.78,E
100,'356,India,1035,'21113.01,"Meat of pig with the bone, fresh or chilled",5539,Producer Price Index (2014-2016 = 100),1998,1998,7021,Annual value,,34.62,E
100,'356,India,1035,'21113.01,"Meat of pig with the bone, fresh or chilled",5539,Producer Price Index (2014-2016 = 100),1999,1999,7021,Annual value,,33.42,E
100,'356,India,1035,'21113.01,"Meat of pig with the bone, fresh or chilled",5539,Producer Price Index (2014-2016 = 100),2000,2000,7021,Annual value,,35.78,E
100,'356,India,1035,'21113.01,"Meat of pig with the bone, fresh or chilled",5539,Producer Price Index (2014-2016 = 100),2001,2001,7021,Annual value,,36.17,E
100,'356,India,1035,'21113.01,"Meat of pig with the bone, fresh or chilled",5539,Producer Price Index (2014-2016 = 100),2002,2002,7021,Annual value,,36.72,E
100,'356,India,1035,'21113.01,"Meat of pig with the bone, fresh or chilled",5539,Producer Price Index (2014-2016 = 100),2003,2003,7021,Annual value,,39.83,E
100,'356,India,1035,'21113.01,"Meat of pig with the bone, fresh or chilled",5539,Producer Price Index (2014-2016 = 100),2004,2004,7021,Annual value,,42.21,E
100,'356,India,1035,'21113.01,"Meat of pig with the bone, fresh or chilled",5539,Producer Price Index (2014-2016 = 100),2005,2005,7021,Annual value,,45.95,E
100,'356,India,1035,'21113.01,"Meat of pig with the bone, fresh or chilled",5539,Producer Price Index (2014-2016 = 100),2006,2006,7021,Annual value,,48.94,E
100,'356,India,1035,'21113.01,"Meat of pig with the bone, fresh or chilled",5539,Producer Price Index (2014-2016 = 100),2007,2007,7021,Annual value,,60.15,E
100,'356,India,1035,'21113.01,"Meat of pig with the bone, fresh or chilled",5539,Producer Price Index (2014-2016 = 100),2008,2008,7021,Annual value,,59.31,E
100,'356,India,1035,'21113.01,"Meat of pig with the bone, fresh or chilled",5539,Producer Price Index (2014-2016 = 100),2009,2009,7021,Annual value,,65.52,E
100,'356,India,1035,'21113.01,"Meat of pig with the bone, fresh or chilled",5539,Producer Price Index (2014-2016 = 100),2010,2010,7021,Annual value,,77.14,E
100,'356,India,1035,'21113.01,"Meat of pig with the bone, fresh or chilled",5539,Producer Price Index (2014-2016 = 100),2011,2011,7021,Annual value,,84.12,E
100,'356,India,1035,'21113.01,"Meat of pig with the bone, fresh or chilled",5539,Producer Price Index (2014-2016 = 100),2012,2012,7021,Annual value,,91.28,E
100,'356,India,1035,'21113.01,"Meat of pig with the bone, fresh or chilled",5539,Producer Price Index (2014-2016 = 100),2013,2013,7021,Annual value,,87.32,E
100,'356,India,1035,'21113.01,"Meat of pig with the bone, fresh or chilled",5539,Producer Price Index (2014-2016 = 100),2014,2014,7021,Annual value,,94.65,E
100,'356,India,1035,'21113.01,"Meat of pig with the bone, fresh or chilled",5539,Producer Price Index (2014-2016 = 100),2015,2015,7021,Annual value,,100.36,E
100,'356,India,1035,'21113.01,"Meat of pig with the bone, fresh or chilled",5539,Producer Price Index (2014-2016 = 100),2016,2016,7021,Annual value,,104.99,E
100,'356,India,1035,'21113.01,"Meat of pig with the bone, fresh or chilled",5539,Producer Price Index (2014-2016 = 100),2017,2017,7021,Annual value,,110.08,E
100,'356,India,1035,'21113.01,"Meat of pig with the bone, fresh or chilled",5539,Producer Price Index (2014-2016 = 100),2018,2018,7021,Annual value,,109.77,E
100,'356,India,1035,'21113.01,"Meat of pig with the bone, fresh or chilled",5539,Producer Price Index (2014-2016 = 100),2019,2019,7021,Annual value,,118.2,E
100,'356,India,1035,'21113.01,"Meat of pig with the bone, fresh or chilled",5539,Producer Price Index (2014-2016 = 100),2020,2020,7021,Annual value,,120.25,E
100,'356,India,1035,'21113.01,"Meat of pig with the bone, fresh or chilled",5539,Producer Price Index (2014-2016 = 100),2021,2021,7021,Annual value,,134.32,E
100,'356,India,1035,'21113.01,"Meat of pig with the bone, fresh or chilled",5539,Producer Price Index (2014-2016 = 100),2022,2022,7021,Annual value,,137.24,E
100,'356,India,1035,'21113.01,"Meat of pig with the bone, fresh or chilled",5539,Producer Price Index (2014-2016 = 100),2023,2023,7021,Annual value,,138.68,E
100,'356,India,1035,'21113.01,"Meat of pig with the bone, fresh or chilled",5539,Producer Price Index (2014-2016 = 100),2024,2024,7021,Annual value,,149.06,E
100,'356,India,1035,'21113.01,"Meat of pig with the bone, fresh or chilled",5539,Producer Price Index (2014-2016 = 100),2025,2025,7021,Annual value,,159.44,E
100,'356,India,1056,'21113.01b,"Meat of pig with the bone, fresh or chilled (biological)",5539,Producer Price Index (2014-2016 = 100),1991,1991,7021,Annual value,,27.91,E
100,'356,India,1056,'21113.01b,"Meat of pig with the bone, fresh or chilled (biological)",5539,Producer Price Index (2014-2016 = 100),1992,1992,7021,Annual value,,31.32,E
100,'356,India,1056,'21113.01b,"Meat of pig with the bone, fresh or chilled (biological)",5539,Producer Price Index (2014-2016 = 100),1993,1993,7021,Annual value,,26.19,E
100,'356,India,1056,'21113.01b,"Meat of pig with the bone, fresh or chilled (biological)",5539,Producer Price Index (2014-2016 = 100),1994,1994,7021,Annual value,,28.12,E
100,'356,India,1056,'21113.01b,"Meat of pig with the bone, fresh or chilled (biological)",5539,Producer Price Index (2014-2016 = 100),1995,1995,7021,Annual value,,29.68,E
100,'356,India,1056,'21113.01b,"Meat of pig with the bone, fresh or chilled (biological)",5539,Producer Price Index (2014-2016 = 100),1996,1996,7021,Annual value,,31.64,E
100,'356,India,1056,'21113.01b,"Meat of pig with the bone, fresh or chilled (biological)",5539,Producer Price Index (2014-2016 = 100),1997,1997,7021,Annual value,,33.78,E
100,'356,India,1056,'21113.01b,"Meat of pig with the bone, fresh or chilled (biological)",5539,Producer Price Index (2014-2016 = 100),1998,1998,7021,Annual value,,34.62,E
100,'356,India,1056,'21113.01b,"Meat of pig with the bone, fresh or chilled (biological)",5539,Producer Price Index (2014-2016 = 100),1999,1999,7021,Annual value,,33.42,E
100,'356,India,1056,'21113.01b,"Meat of pig with the bone, fresh or chilled (biological)",5539,Producer Price Index (2014-2016 = 100),2000,2000,7021,Annual value,,35.78,E
100,'356,India,1056,'21113.01b,"Meat of pig with the bone, fresh or chilled (biological)",5539,Producer Price Index (2014-2016 = 100),2001,2001,7021,Annual value,,36.17,E
100,'356,India,1056,'21113.01b,"Meat of pig with the bone, fresh or chilled (biological)",5539,Producer Price Index (2014-2016 = 100),2002,2002,7021,Annual value,,36.72,E
100,'356,India,1056,'21113.01b,"Meat of pig with the bone, fresh or chilled (biological)",5539,Producer Price Index (2014-2016 = 100),2003,2003,7021,Annual value,,39.83,E
100,'356,India,1056,'21113.01b,"Meat of pig with the bone, fresh or chilled (biological)",5539,Producer Price Index (2014-2016 = 100),2004,2004,7021,Annual value,,42.21,E
100,'356,India,1056,'21113.01b,"Meat of pig with the bone, fresh or chilled (biological)",5539,Producer Price Index (2014-2016 = 100),2005,2005,7021,Annual value,,45.95,E
100,'356,India,1056,'21113.01b,"Meat of pig with the bone, fresh or chilled (biological)",5539,Producer Price Index (2014-2016 = 100),2006,2006,7021,Annual value,,48.94,E
100,'356,India,1056,'21113.01b,"Meat of pig with the bone, fresh or chilled (biological)",5539,Producer Price Index (2014-2016 = 100),2007,2007,7021,Annual value,,60.15,E
100,'356,India,1056,'21113.01b,"Meat of pig with the bone, fresh or chilled (biological)",5539,Producer Price Index (2014-2016 = 100),2008,2008,7021,Annual value,,59.31,E
100,'356,India,1056,'21113.01b,"Meat of pig with the bone, fresh or chilled (biological)",5539,Producer Price Index (2014-2016 = 100),2009,2009,7021,Annual value,,65.52,E
100,'356,India,1056,'21113.01b,"Meat of pig with the bone, fresh or chilled (biological)",5539,Producer Price Index (2014-2016 = 100),2010,2010,7021,Annual value,,77.14,E
100,'356,India,1056,'21113.01b,"Meat of pig with the bone, fresh or chilled (biological)",5539,Producer Price Index (2014-2016 = 100),2011,2011,7021,Annual value,,84.12,E
100,'356,India,1056,'21113.01b,"Meat of pig with the bone, fresh or chilled (biological)",5539,Producer Price Index (2014-2016 = 100),2012,2012,7021,Annual value,,91.28,E
100,'356,India,1056,'21113.01b,"Meat of pig with the bone, fresh or chilled (biological)",5539,Producer Price Index (2014-2016 = 100),2013,2013,7021,Annual value,,87.32,E
100,'356,India,1056,'21113.01b,"Meat of pig with the bone, fresh or chilled (biological)",5539,Producer Price Index (2014-2016 = 100),2014,2014,7021,Annual value,,94.65,E
100,'356,India,1056,'21113.01b,"Meat of pig with the bone, fresh or chilled (biological)",5539,Producer Price Index (2014-2016 = 100),2015,2015,7021,Annual value,,100.36,E
100,'356,India,1056,'21113.01b,"Meat of pig with the bone, fresh or chilled (biological)",5539,Producer Price Index (2014-2016 = 100),2016,2016,7021,Annual value,,104.99,E
100,'356,India,1056,'21113.01b,"Meat of pig with the bone, fresh or chilled (biological)",5539,Producer Price Index (2014-2016 = 100),2017,2017,7021,Annual value,,110.08,E
100,'356,India,1056,'21113.01b,"Meat of pig with the bone, fresh or chilled (biological)",5539,Producer Price Index (2014-2016 = 100),2018,2018,7021,Annual value,,109.77,E
100,'356,India,1056,'21113.01b,"Meat of pig with the bone, fresh or chilled (biological)",5539,Producer Price Index (2014-2016 = 100),2019,2019,7021,Annual value,,117.91,E
100,'356,India,1056,'21113.01b,"Meat of pig with the bone, fresh or chilled (biological)",5539,Producer Price Index (2014-2016 = 100),2020,2020,7021,Annual value,,123.55,E
100,'356,India,1056,'21113.01b,"Meat of pig with the bone, fresh or chilled (biological)",5539,Producer Price Index (2014-2016 = 100),2021,2021,7021,Annual value,,134.08,E
100,'356,India,1056,'21113.01b,"Meat of pig with the bone, fresh or chilled (biological)",5539,Producer Price Index (2014-2016 = 100),2022,2022,7021,Annual value,,139.02,E
100,'356,India,1056,'21113.01b,"Meat of pig with the bone, fresh or chilled (biological)",5539,Producer Price Index (2014-2016 = 100),2023,2023,7021,Annual value,,141.57,E
100,'356,India,1056,'21113.01b,"Meat of pig with the bone, fresh or chilled (biological)",5539,Producer Price Index (2014-2016 = 100),2024,2024,7021,Annual value,,151.05,E
100,'356,India,1056,'21113.01b,"Meat of pig with the bone, fresh or chilled (biological)",5539,Producer Price Index (2014-2016 = 100),2025,2025,7021,Annual value,,158.43,E
100,'356,India,977,'21115,"Meat of sheep, fresh or chilled",5530,Producer Price (LCU/tonne),1991,1991,7021,Annual value,LCU,48898.0,X
100,'356,India,977,'21115,"Meat of sheep, fresh or chilled",5531,Producer Price (SLC/tonne),1991,1991,7021,Annual value,SLC,48898.0,X
100,'356,India,977,'21115,"Meat of sheep, fresh or chilled",5532,Producer Price (USD/tonne),1991,1991,7021,Annual value,USD,2150.1,X
100,'356,India,977,'21115,"Meat of sheep, fresh or chilled",5539,Producer Price Index (2014-2016 = 100),1991,1991,7021,Annual value,,16.34,E
100,'356,India,977,'21115,"Meat of sheep, fresh or chilled",5539,Producer Price Index (2014-2016 = 100),1992,1992,7021,Annual value,,18.25,E
100,'356,India,977,'21115,"Meat of sheep, fresh or chilled",5539,Producer Price Index (2014-2016 = 100),1993,1993,7021,Annual value,,19.91,E
100,'356,India,977,'21115,"Meat of sheep, fresh or chilled",5539,Producer Price Index (2014-2016 = 100),1994,1994,7021,Annual value,,21.45,E
100,'356,India,977,'21115,"Meat of sheep, fresh or chilled",5539,Producer Price Index (2014-2016 = 100),1995,1995,7021,Annual value,,24.07,E
100,'356,India,977,'21115,"Meat of sheep, fresh or chilled",5539,Producer Price Index (2014-2016 = 100),1996,1996,7021,Annual value,,28.99,E
100,'356,India,977,'21115,"Meat of sheep, fresh or chilled",5539,Producer Price Index (2014-2016 = 100),1997,1997,7021,Annual value,,32.32,E
100,'356,India,977,'21115,"Meat of sheep, fresh or chilled",5539,Producer Price Index (2014-2016 = 100),1998,1998,7021,Annual value,,34.26,E
100,'356,India,977,'21115,"Meat of sheep, fresh or chilled",5539,Producer Price Index (2014-2016 = 100),1999,1999,7021,Annual value,,35.41,E
100,'356,India,977,'21115,"Meat of sheep, fresh or chilled",5539,Producer Price Index (2014-2016 = 100),2000,2000,7021,Annual value,,36.0,E
100,'356,India,977,'21115,"Meat of sheep, fresh or chilled",5539,Producer Price Index (2014-2016 = 100),2001,2001,7021,Annual value,,36.1,E
100,'356,India,977,'21115,"Meat of sheep, fresh or chilled",5539,Producer Price Index (2014-2016 = 100),2002,2002,7021,Annual value,,36.72,E
100,'356,India,977,'21115,"Meat of sheep, fresh or chilled",5539,Producer Price Index (2014-2016 = 100),2003,2003,7021,Annual value,,39.83,E
100,'356,India,977,'21115,"Meat of sheep, fresh or chilled",5539,Producer Price Index (2014-2016 = 100),2004,2004,7021,Annual value,,42.21,E
100,'356,India,977,'21115,"Meat of sheep, fresh or chilled",5539,Producer Price Index (2014-2016 = 100),2005,2005,7021,Annual value,,45.95,E
100,'356,India,977,'21115,"Meat of sheep, fresh or chilled",5539,Producer Price Index (2014-2016 = 100),2006,2006,7021,Annual value,,48.94,E
100,'356,India,977,'21115,"Meat of sheep, fresh or chilled",5539,Producer Price Index (2014-2016 = 100),2007,2007,7021,Annual value,,60.15,E
100,'356,India,977,'21115,"Meat of sheep, fresh or chilled",5539,Producer Price Index (2014-2016 = 100),2008,2008,7021,Annual value,,59.31,E
100,'356,India,977,'21115,"Meat of sheep, fresh or chilled",5539,Producer Price Index (2014-2016 = 100),2009,2009,7021,Annual value,,65.52,E
100,'356,India,977,'21115,"Meat of sheep, fresh or chilled",5539,Producer Price Index (2014-2016 = 100),2010,2010,7021,Annual value,,77.14,E
100,'356,India,977,'21115,"Meat of sheep, fresh or chilled",5539,Producer Price Index (2014-2016 = 100),2011,2011,7021,Annual value,,84.12,E
100,'356,India,977,'21115,"Meat of sheep, fresh or chilled",5539,Producer Price Index (2014-2016 = 100),2012,2012,7021,Annual value,,91.28,E
100,'356,India,977,'21115,"Meat of sheep, fresh or chilled",5539,Producer Price Index (2014-2016 = 100),2013,2013,7021,Annual value,,87.32,E
100,'356,India,977,'21115,"Meat of sheep, fresh or chilled",5539,Producer Price Index (2014-2016 = 100),2014,2014,7021,Annual value,,94.65,E
100,'356,India,977,'21115,"Meat of sheep, fresh or chilled",5539,Producer Price Index (2014-2016 = 100),2015,2015,7021,Annual value,,100.36,E
100,'356,India,977,'21115,"Meat of sheep, fresh or chilled",5539,Producer Price Index (2014-2016 = 100),2016,2016,7021,Annual value,,104.99,E
100,'356,India,977,'21115,"Meat of sheep, fresh or chilled",5539,Producer Price Index (2014-2016 = 100),2017,2017,7021,Annual value,,110.08,E
100,'356,India,977,'21115,"Meat of sheep, fresh or chilled",5539,Producer Price Index (2014-2016 = 100),2018,2018,7021,Annual value,,109.77,E
100,'356,India,977,'21115,"Meat of sheep, fresh or chilled",5539,Producer Price Index (2014-2016 = 100),2019,2019,7021,Annual value,,119.68,E
100,'356,India,977,'21115,"Meat of sheep, fresh or chilled",5539,Producer Price Index (2014-2016 = 100),2020,2020,7021,Annual value,,111.37,E
100,'356,India,977,'21115,"Meat of sheep, fresh or chilled",5539,Producer Price Index (2014-2016 = 100),2021,2021,7021,Annual value,,128.45,E
100,'356,India,977,'21115,"Meat of sheep, fresh or chilled",5539,Producer Price Index (2014-2016 = 100),2022,2022,7021,Annual value,,136.77,E
100,'356,India,977,'21115,"Meat of sheep, fresh or chilled",5539,Producer Price Index (2014-2016 = 100),2023,2023,7021,Annual value,,139.49,E
100,'356,India,977,'21115,"Meat of sheep, fresh or chilled",5539,Producer Price Index (2014-2016 = 100),2024,2024,7021,Annual value,,149.83,E
100,'356,India,977,'21115,"Meat of sheep, fresh or chilled",5539,Producer Price Index (2014-2016 = 100),2025,2025,7021,Annual value,,160.17,E
100,'356,India,1013,'21115b,"Meat of sheep, fresh or chilled (biological)",5539,Producer Price Index (2014-2016 = 100),1991,1991,7021,Annual value,,16.34,E
100,'356,India,1013,'21115b,"Meat of sheep, fresh or chilled (biological)",5539,Producer Price Index (2014-2016 = 100),1992,1992,7021,Annual value,,18.25,E
100,'356,India,1013,'21115b,"Meat of sheep, fresh or chilled (biological)",5539,Producer Price Index (2014-2016 = 100),1993,1993,7021,Annual value,,19.91,E
100,'356,India,1013,'21115b,"Meat of sheep, fresh or chilled (biological)",5539,Producer Price Index (2014-2016 = 100),1994,1994,7021,Annual value,,21.45,E
100,'356,India,1013,'21115b,"Meat of sheep, fresh or chilled (biological)",5539,Producer Price Index (2014-2016 = 100),1995,1995,7021,Annual value,,24.07,E
100,'356,India,1013,'21115b,"Meat of sheep, fresh or chilled (biological)",5539,Producer Price Index (2014-2016 = 100),1996,1996,7021,Annual value,,28.99,E
100,'356,India,1013,'21115b,"Meat of sheep, fresh or chilled (biological)",5539,Producer Price Index (2014-2016 = 100),1997,1997,7021,Annual value,,32.32,E
100,'356,India,1013,'21115b,"Meat of sheep, fresh or chilled (biological)",5539,Producer Price Index (2014-2016 = 100),1998,1998,7021,Annual value,,34.26,E
100,'356,India,1013,'21115b,"Meat of sheep, fresh or chilled (biological)",5539,Producer Price Index (2014-2016 = 100),1999,1999,7021,Annual value,,35.41,E
100,'356,India,1013,'21115b,"Meat of sheep, fresh or chilled (biological)",5539,Producer Price Index (2014-2016 = 100),2000,2000,7021,Annual value,,36.0,E
100,'356,India,1013,'21115b,"Meat of sheep, fresh or chilled (biological)",5539,Producer Price Index (2014-2016 = 100),2001,2001,7021,Annual value,,36.1,E
100,'356,India,1013,'21115b,"Meat of sheep, fresh or chilled (biological)",5539,Producer Price Index (2014-2016 = 100),2002,2002,7021,Annual value,,36.72,E
100,'356,India,1013,'21115b,"Meat of sheep, fresh or chilled (biological)",5539,Producer Price Index (2014-2016 = 100),2003,2003,7021,Annual value,,39.83,E
100,'356,India,1013,'21115b,"Meat of sheep, fresh or chilled (biological)",5539,Producer Price Index (2014-2016 = 100),2004,2004,7021,Annual value,,42.21,E
100,'356,India,1013,'21115b,"Meat of sheep, fresh or chilled (biological)",5539,Producer Price Index (2014-2016 = 100),2005,2005,7021,Annual value,,45.95,E
100,'356,India,1013,'21115b,"Meat of sheep, fresh or chilled (biological)",5539,Producer Price Index (2014-2016 = 100),2006,2006,7021,Annual value,,48.94,E
100,'356,India,1013,'21115b,"Meat of sheep, fresh or chilled (biological)",5539,Producer Price Index (2014-2016 = 100),2007,2007,7021,Annual value,,60.15,E
100,'356,India,1013,'21115b,"Meat of sheep, fresh or chilled (biological)",5539,Producer Price Index (2014-2016 = 100),2008,2008,7021,Annual value,,59.31,E
100,'356,India,1013,'21115b,"Meat of sheep, fresh or chilled (biological)",5539,Producer Price Index (2014-2016 = 100),2009,2009,7021,Annual value,,65.52,E
100,'356,India,1013,'21115b,"Meat of sheep, fresh or chilled (biological)",5539,Producer Price Index (2014-2016 = 100),2010,2010,7021,Annual value,,77.14,E
100,'356,India,1013,'21115b,"Meat of sheep, fresh or chilled (biological)",5539,Producer Price Index (2014-2016 = 100),2011,2011,7021,Annual value,,84.12,E
100,'356,India,1013,'21115b,"Meat of sheep, fresh or chilled (biological)",5539,Producer Price Index (2014-2016 = 100),2012,2012,7021,Annual value,,91.28,E
100,'356,India,1013,'21115b,"Meat of sheep, fresh or chilled (biological)",5539,Producer Price Index (2014-2016 = 100),2013,2013,7021,Annual value,,87.32,E
100,'356,India,1013,'21115b,"Meat of sheep, fresh or chilled (biological)",5539,Producer Price Index (2014-2016 = 100),2014,2014,7021,Annual value,,94.65,E
100,'356,India,1013,'21115b,"Meat of sheep, fresh or chilled (biological)",5539,Producer Price Index (2014-2016 = 100),2015,2015,7021,Annual value,,100.36,E
100,'356,India,1013,'21115b,"Meat of sheep, fresh or chilled (biological)",5539,Producer Price Index (2014-2016 = 100),2016,2016,7021,Annual value,,104.99,E
100,'356,India,1013,'21115b,"Meat of sheep, fresh or chilled (biological)",5539,Producer Price Index (2014-2016 = 100),2017,2017,7021,Annual value,,110.08,E
100,'356,India,1013,'21115b,"Meat of sheep, fresh or chilled (biological)",5539,Producer Price Index (2014-2016 = 100),2018,2018,7021,Annual value,,109.77,E
100,'356,India,1013,'21115b,"Meat of sheep, fresh or chilled (biological)",5539,Producer Price Index (2014-2016 = 100),2019,2019,7021,Annual value,,119.17,E
100,'356,India,1013,'21115b,"Meat of sheep, fresh or chilled (biological)",5539,Producer Price Index (2014-2016 = 100),2020,2020,7021,Annual value,,121.55,E
100,'356,India,1013,'21115b,"Meat of sheep, fresh or chilled (biological)",5539,Producer Price Index (2014-2016 = 100),2021,2021,7021,Annual value,,133.44,E
100,'356,India,1013,'21115b,"Meat of sheep, fresh or chilled (biological)",5539,Producer Price Index (2014-2016 = 100),2022,2022,7021,Annual value,,139.08,E
100,'356,India,1013,'21115b,"Meat of sheep, fresh or chilled (biological)",5539,Producer Price Index (2014-2016 = 100),2023,2023,7021,Annual value,,138.7,E
100,'356,India,1013,'21115b,"Meat of sheep, fresh or chilled (biological)",5539,Producer Price Index (2014-2016 = 100),2024,2024,7021,Annual value,,149.82,E
100,'356,India,1013,'21115b,"Meat of sheep, fresh or chilled (biological)",5539,Producer Price Index (2014-2016 = 100),2025,2025,7021,Annual value,,157.9,E
100,'356,India,79,'0118,Millet,5530,Producer Price (LCU/tonne),1991,1991,7021,Annual value,LCU,3096.0,A
100,'356,India,79,'0118,Millet,5530,Producer Price (LCU/tonne),1992,1992,7021,Annual value,LCU,2795.0,A
100,'356,India,79,'0118,Millet,5530,Producer Price (LCU/tonne),1993,1993,7021,Annual value,LCU,3189.0,A
100,'356,India,79,'0118,Millet,5530,Producer Price (LCU/tonne),1994,1994,7021,Annual value,LCU,3604.0,A
100,'356,India,79,'0118,Millet,5530,Producer Price (LCU/tonne),1995,1995,7021,Annual value,LCU,4027.0,A
100,'356,India,79,'0118,Millet,5530,Producer Price (LCU/tonne),1996,1996,7021,Annual value,LCU,4065.0,A
100,'356,India,79,'0118,Millet,5530,Producer Price (LCU/tonne),1997,1997,7021,Annual value,LCU,3397.0,A
100,'356,India,79,'0118,Millet,5530,Producer Price (LCU/tonne),1998,1998,7021,Annual value,LCU,4103.0,A
100,'356,India,79,'0118,Millet,5530,Producer Price (LCU/tonne),1999,1999,7021,Annual value,LCU,5364.0,A
100,'356,India,79,'0118,Millet,5530,Producer Price (LCU/tonne),2000,2000,7021,Annual value,LCU,4347.0,A
100,'356,India,79,'0118,Millet,5530,Producer Price (LCU/tonne),2001,2001,7021,Annual value,LCU,5124.2,A
100,'356,India,79,'0118,Millet,5530,Producer Price (LCU/tonne),2002,2002,7021,Annual value,LCU,5619.3,A
100,'356,India,79,'0118,Millet,5530,Producer Price (LCU/tonne),2003,2003,7021,Annual value,LCU,5144.6,A
100,'356,India,79,'0118,Millet,5530,Producer Price (LCU/tonne),2004,2004,7021,Annual value,LCU,4911.4,A
100,'356,India,79,'0118,Millet,5530,Producer Price (LCU/tonne),2005,2005,7021,Annual value,LCU,5536.7,A
100,'356,India,79,'0118,Millet,5530,Producer Price (LCU/tonne),2006,2006,7021,Annual value,LCU,6596.7,A
100,'356,India,79,'0118,Millet,5530,Producer Price (LCU/tonne),2008,2008,7021,Annual value,LCU,8400.0,A
100,'356,India,79,'0118,Millet,5531,Producer Price (SLC/tonne),1991,1991,7021,Annual value,SLC,3096.0,A
100,'356,India,79,'0118,Millet,5531,Producer Price (SLC/tonne),1992,1992,7021,Annual value,SLC,2795.0,A
100,'356,India,79,'0118,Millet,5531,Producer Price (SLC/tonne),1993,1993,7021,Annual value,SLC,3189.0,A
100,'356,India,79,'0118,Millet,5531,Producer Price (SLC/tonne),1994,1994,7021,Annual value,SLC,3604.0,A
100,'356,India,79,'0118,Millet,5531,Producer Price (SLC/tonne),1995,1995,7021,Annual value,SLC,4027.0,A
100,'356,India,79,'0118,Millet,5531,Producer Price (SLC/tonne),1996,1996,7021,Annual value,SLC,4065.0,A
100,'356,India,79,'0118,Millet,5531,Producer Price (SLC/tonne),1997,1997,7021,Annual value,SLC,3397.0,A
100,'356,India,79,'0118,Millet,5531,Producer Price (SLC/tonne),1998,1998,7021,Annual value,SLC,4103.0,A
100,'356,India,79,'0118,Millet,5531,Producer Price (SLC/tonne),1999,1999,7021,Annual value,SLC,5364.0,A
100,'356,India,79,'0118,Millet,5531,Producer Price (SLC/tonne),2000,2000,7021,Annual value,SLC,4347.0,A
100,'356,India,79,'0118,Millet,5531,Producer Price (SLC/tonne),2001,2001,7021,Annual value,SLC,5124.2,A
100,'356,India,79,'0118,Millet,5531,Producer Price (SLC/tonne),2002,2002,7021,Annual value,SLC,5619.3,A
100,'356,India,79,'0118,Millet,5531,Producer Price (SLC/tonne),2003,2003,7021,Annual value,SLC,5144.6,A
100,'356,India,79,'0118,Millet,5531,Producer Price (SLC/tonne),2004,2004,7021,Annual value,SLC,4911.4,A
100,'356,India,79,'0118,Millet,5531,Producer Price (SLC/tonne),2005,2005,7021,Annual value,SLC,5536.7,A
100,'356,India,79,'0118,Millet,5531,Producer Price (SLC/tonne),2006,2006,7021,Annual value,SLC,6596.7,A
100,'356,India,79,'0118,Millet,5531,Producer Price (SLC/tonne),2008,2008,7021,Annual value,SLC,8400.0,A
100,'356,India,79,'0118,Millet,5532,Producer Price (USD/tonne),1991,1991,7021,Annual value,USD,136.1,A
100,'356,India,79,'0118,Millet,5532,Producer Price (USD/tonne),1992,1992,7021,Annual value,USD,107.8,A
100,'356,India,79,'0118,Millet,5532,Producer Price (USD/tonne),1993,1993,7021,Annual value,USD,104.6,A
100,'356,India,79,'0118,Millet,5532,Producer Price (USD/tonne),1994,1994,7021,Annual value,USD,114.9,A
100,'356,India,79,'0118,Millet,5532,Producer Price (USD/tonne),1995,1995,7021,Annual value,USD,124.2,A
100,'356,India,79,'0118,Millet,5532,Producer Price (USD/tonne),1996,1996,7021,Annual value,USD,114.7,A
100,'356,India,79,'0118,Millet,5532,Producer Price (USD/tonne),1997,1997,7021,Annual value,USD,93.5,A
100,'356,India,79,'0118,Millet,5532,Producer Price (USD/tonne),1998,1998,7021,Annual value,USD,99.4,A
100,'356,India,79,'0118,Millet,5532,Producer Price (USD/tonne),1999,1999,7021,Annual value,USD,124.6,A
100,'356,India,79,'0118,Millet,5532,Producer Price (USD/tonne),2000,2000,7021,Annual value,USD,96.7,A
100,'356,India,79,'0118,Millet,5532,Producer Price (USD/tonne),2001,2001,7021,Annual value,USD,108.6,A
100,'356,India,79,'0118,Millet,5532,Producer Price (USD/tonne),2002,2002,7021,Annual value,USD,115.6,A
100,'356,India,79,'0118,Millet,5532,Producer Price (USD/tonne),2003,2003,7021,Annual value,USD,110.4,A
100,'356,India,79,'0118,Millet,5532,Producer Price (USD/tonne),2004,2004,7021,Annual value,USD,108.4,A
100,'356,India,79,'0118,Millet,5532,Producer Price (USD/tonne),2005,2005,7021,Annual value,USD,125.5,A
100,'356,India,79,'0118,Millet,5532,Producer Price (USD/tonne),2006,2006,7021,Annual value,USD,145.6,A
100,'356,India,79,'0118,Millet,5532,Producer Price (USD/tonne),2008,2008,7021,Annual value,USD,193.1,A
100,'356,India,79,'0118,Millet,5539,Producer Price Index (2014-2016 = 100),1991,1991,7021,Annual value,,21.86,E
100,'356,India,79,'0118,Millet,5539,Producer Price Index (2014-2016 = 100),1992,1992,7021,Annual value,,19.74,E
100,'356,India,79,'0118,Millet,5539,Producer Price Index (2014-2016 = 100),1993,1993,7021,Annual value,,22.52,E
100,'356,India,79,'0118,Millet,5539,Producer Price Index (2014-2016 = 100),1994,1994,7021,Annual value,,25.45,E
100,'356,India,79,'0118,Millet,5539,Producer Price Index (2014-2016 = 100),1995,1995,7021,Annual value,,28.43,E
100,'356,India,79,'0118,Millet,5539,Producer Price Index (2014-2016 = 100),1996,1996,7021,Annual value,,28.7,E
100,'356,India,79,'0118,Millet,5539,Producer Price Index (2014-2016 = 100),1997,1997,7021,Annual value,,23.99,E
100,'356,India,79,'0118,Millet,5539,Producer Price Index (2014-2016 = 100),1998,1998,7021,Annual value,,28.97,E
100,'356,India,79,'0118,Millet,5539,Producer Price Index (2014-2016 = 100),1999,1999,7021,Annual value,,37.87,E
100,'356,India,79,'0118,Millet,5539,Producer Price Index (2014-2016 = 100),2000,2000,7021,Annual value,,30.69,E
100,'356,India,79,'0118,Millet,5539,Producer Price Index (2014-2016 = 100),2001,2001,7021,Annual value,,36.18,E
100,'356,India,79,'0118,Millet,5539,Producer Price Index (2014-2016 = 100),2002,2002,7021,Annual value,,39.68,E
100,'356,India,79,'0118,Millet,5539,Producer Price Index (2014-2016 = 100),2003,2003,7021,Annual value,,36.33,E
100,'356,India,79,'0118,Millet,5539,Producer Price Index (2014-2016 = 100),2004,2004,7021,Annual value,,34.68,E
100,'356,India,79,'0118,Millet,5539,Producer Price Index (2014-2016 = 100),2005,2005,7021,Annual value,,39.09,E
100,'356,India,79,'0118,Millet,5539,Producer Price Index (2014-2016 = 100),2006,2006,7021,Annual value,,46.58,E
100,'356,India,79,'0118,Millet,5539,Producer Price Index (2014-2016 = 100),2007,2007,7021,Annual value,,52.95,E
100,'356,India,79,'0118,Millet,5539,Producer Price Index (2014-2016 = 100),2008,2008,7021,Annual value,,59.31,E
100,'356,India,79,'0118,Millet,5539,Producer Price Index (2014-2016 = 100),2009,2009,7021,Annual value,,65.52,E
100,'356,India,79,'0118,Millet,5539,Producer Price Index (2014-2016 = 100),2010,2010,7021,Annual value,,77.14,E
100,'356,India,79,'0118,Millet,5539,Producer Price Index (2014-2016 = 100),2011,2011,7021,Annual value,,84.12,E
100,'356,India,79,'0118,Millet,5539,Producer Price Index (2014-2016 = 100),2012,2012,7021,Annual value,,91.28,E
100,'356,India,79,'0118,Millet,5539,Producer Price Index (2014-2016 = 100),2013,2013,7021,Annual value,,87.32,E
100,'356,India,79,'0118,Millet,5539,Producer Price Index (2014-2016 = 100),2014,2014,7021,Annual value,,94.65,E
100,'356,India,79,'0118,Millet,5539,Producer Price Index (2014-2016 = 100),2015,2015,7021,Annual value,,100.36,E
100,'356,India,79,'0118,Millet,5539,Producer Price Index (2014-2016 = 100),2016,2016,7021,Annual value,,104.99,E
100,'356,India,79,'0118,Millet,5539,Producer Price Index (2014-2016 = 100),2017,2017,7021,Annual value,,110.08,E
100,'356,India,79,'0118,Millet,5539,Producer Price Index (2014-2016 = 100),2018,2018,7021,Annual value,,109.77,E
100,'356,India,79,'0118,Millet,5539,Producer Price Index (2014-2016 = 100),2019,2019,7021,Annual value,,119.79,E
100,'356,India,79,'0118,Millet,5539,Producer Price Index (2014-2016 = 100),2020,2020,7021,Annual value,,114.42,E
100,'356,India,79,'0118,Millet,5539,Producer Price Index (2014-2016 = 100),2021,2021,7021,Annual value,,129.23,E
100,'356,India,79,'0118,Millet,5539,Producer Price Index (2014-2016 = 100),2022,2022,7021,Annual value,,137.73,E
100,'356,India,79,'0118,Millet,5539,Producer Price Index (2014-2016 = 100),2023,2023,7021,Annual value,,140.71,E
100,'356,India,79,'0118,Millet,5539,Producer Price Index (2014-2016 = 100),2024,2024,7021,Annual value,,151.29,E
100,'356,India,79,'0118,Millet,5539,Producer Price Index (2014-2016 = 100),2025,2025,7021,Annual value,,160.16,E
100,'356,India,449,'01270,Mushrooms and truffles,5539,Producer Price Index (2014-2016 = 100),1991,1991,7021,Annual value,,22.28,E
100,'356,India,449,'01270,Mushrooms and truffles,5539,Producer Price Index (2014-2016 = 100),1992,1992,7021,Annual value,,16.88,E
100,'356,India,449,'01270,Mushrooms and truffles,5539,Producer Price Index (2014-2016 = 100),1993,1993,7021,Annual value,,20.72,E
100,'356,India,449,'01270,Mushrooms and truffles,5539,Producer Price Index (2014-2016 = 100),1994,1994,7021,Annual value,,29.66,E
100,'356,India,449,'01270,Mushrooms and truffles,5539,Producer Price Index (2014-2016 = 100),1995,1995,7021,Annual value,,22.76,E
100,'356,India,449,'01270,Mushrooms and truffles,5539,Producer Price Index (2014-2016 = 100),1996,1996,7021,Annual value,,32.66,E
100,'356,India,449,'01270,Mushrooms and truffles,5539,Producer Price Index (2014-2016 = 100),1997,1997,7021,Annual value,,30.32,E
100,'356,India,449,'01270,Mushrooms and truffles,5539,Producer Price Index (2014-2016 = 100),1998,1998,7021,Annual value,,48.37,E
100,'356,India,449,'01270,Mushrooms and truffles,5539,Producer Price Index (2014-2016 = 100),1999,1999,7021,Annual value,,57.51,E
100,'356,India,449,'01270,Mushrooms and truffles,5539,Producer Price Index (2014-2016 = 100),2000,2000,7021,Annual value,,35.79,E
100,'356,India,449,'01270,Mushrooms and truffles,5539,Producer Price Index (2014-2016 = 100),2001,2001,7021,Annual value,,35.27,E
100,'356,India,449,'01270,Mushrooms and truffles,5539,Producer Price Index (2014-2016 = 100),2002,2002,7021,Annual value,,40.83,E
100,'356,India,449,'01270,Mushrooms and truffles,5539,Producer Price Index (2014-2016 = 100),2003,2003,7021,Annual value,,39.83,E
100,'356,India,449,'01270,Mushrooms and truffles,5539,Producer Price Index (2014-2016 = 100),2004,2004,7021,Annual value,,42.21,E
100,'356,India,449,'01270,Mushrooms and truffles,5539,Producer Price Index (2014-2016 = 100),2005,2005,7021,Annual value,,45.95,E
100,'356,India,449,'01270,Mushrooms and truffles,5539,Producer Price Index (2014-2016 = 100),2006,2006,7021,Annual value,,48.94,E
100,'356,India,449,'01270,Mushrooms and truffles,5539,Producer Price Index (2014-2016 = 100),2007,2007,7021,Annual value,,60.15,E
100,'356,India,449,'01270,Mushrooms and truffles,5539,Producer Price Index (2014-2016 = 100),2008,2008,7021,Annual value,,59.31,E
100,'356,India,449,'01270,Mushrooms and truffles,5539,Producer Price Index (2014-2016 = 100),2009,2009,7021,Annual value,,65.52,E
100,'356,India,449,'01270,Mushrooms and truffles,5539,Producer Price Index (2014-2016 = 100),2010,2010,7021,Annual value,,77.14,E
100,'356,India,449,'01270,Mushrooms and truffles,5539,Producer Price Index (2014-2016 = 100),2011,2011,7021,Annual value,,84.12,E
100,'356,India,449,'01270,Mushrooms and truffles,5539,Producer Price Index (2014-2016 = 100),2012,2012,7021,Annual value,,91.28,E
100,'356,India,449,'01270,Mushrooms and truffles,5539,Producer Price Index (2014-2016 = 100),2013,2013,7021,Annual value,,87.32,E
100,'356,India,449,'01270,Mushrooms and truffles,5539,Producer Price Index (2014-2016 = 100),2014,2014,7021,Annual value,,94.65,E
100,'356,India,449,'01270,Mushrooms and truffles,5539,Producer Price Index (2014-2016 = 100),2015,2015,7021,Annual value,,100.36,E
100,'356,India,449,'01270,Mushrooms and truffles,5539,Producer Price Index (2014-2016 = 100),2016,2016,7021,Annual value,,104.99,E
100,'356,India,449,'01270,Mushrooms and truffles,5539,Producer Price Index (2014-2016 = 100),2017,2017,7021,Annual value,,110.08,E
100,'356,India,449,'01270,Mushrooms and truffles,5539,Producer Price Index (2014-2016 = 100),2018,2018,7021,Annual value,,109.77,E
100,'356,India,449,'01270,Mushrooms and truffles,5539,Producer Price Index (2014-2016 = 100),2019,2019,7021,Annual value,,118.06,E
100,'356,India,449,'01270,Mushrooms and truffles,5539,Producer Price Index (2014-2016 = 100),2020,2020,7021,Annual value,,125.24,E
100,'356,India,449,'01270,Mushrooms and truffles,5539,Producer Price Index (2014-2016 = 100),2021,2021,7021,Annual value,,139.71,E
100,'356,India,449,'01270,Mushrooms and truffles,5539,Producer Price Index (2014-2016 = 100),2022,2022,7021,Annual value,,146.81,E
100,'356,India,449,'01270,Mushrooms and truffles,5539,Producer Price Index (2014-2016 = 100),2023,2023,7021,Annual value,,148.6,E
100,'356,India,449,'01270,Mushrooms and truffles,5539,Producer Price Index (2014-2016 = 100),2024,2024,7021,Annual value,,156.81,E
100,'356,India,449,'01270,Mushrooms and truffles,5539,Producer Price Index (2014-2016 = 100),2025,2025,7021,Annual value,,165.02,E
100,'356,India,1182,'02910,Natural honey,5530,Producer Price (LCU/tonne),1991,1991,7021,Annual value,LCU,88936.0,X
100,'356,India,1182,'02910,Natural honey,5531,Producer Price (SLC/tonne),1991,1991,7021,Annual value,SLC,88936.0,X
100,'356,India,1182,'02910,Natural honey,5532,Producer Price (USD/tonne),1991,1991,7021,Annual value,USD,3910.6,X
100,'356,India,1182,'02910,Natural honey,5539,Producer Price Index (2014-2016 = 100),1991,1991,7021,Annual value,,38.18,E
100,'356,India,1182,'02910,Natural honey,5539,Producer Price Index (2014-2016 = 100),1992,1992,7021,Annual value,,32.35,E
100,'356,India,1182,'02910,Natural honey,5539,Producer Price Index (2014-2016 = 100),1993,1993,7021,Annual value,,28.6,E
100,'356,India,1182,'02910,Natural honey,5539,Producer Price Index (2014-2016 = 100),1994,1994,7021,Annual value,,36.43,E
100,'356,India,1182,'02910,Natural honey,5539,Producer Price Index (2014-2016 = 100),1995,1995,7021,Annual value,,37.7,E
100,'356,India,1182,'02910,Natural honey,5539,Producer Price Index (2014-2016 = 100),1996,1996,7021,Annual value,,41.67,E
100,'356,India,1182,'02910,Natural honey,5539,Producer Price Index (2014-2016 = 100),1997,1997,7021,Annual value,,42.14,E
100,'356,India,1182,'02910,Natural honey,5539,Producer Price Index (2014-2016 = 100),1998,1998,7021,Annual value,,42.72,E
100,'356,India,1182,'02910,Natural honey,5539,Producer Price Index (2014-2016 = 100),1999,1999,7021,Annual value,,39.7,E
100,'356,India,1182,'02910,Natural honey,5539,Producer Price Index (2014-2016 = 100),2000,2000,7021,Annual value,,39.56,E
100,'356,India,1182,'02910,Natural honey,5539,Producer Price Index (2014-2016 = 100),2001,2001,7021,Annual value,,36.69,E
100,'356,India,1182,'02910,Natural honey,5539,Producer Price Index (2014-2016 = 100),2002,2002,7021,Annual value,,36.72,E
100,'356,India,1182,'02910,Natural honey,5539,Producer Price Index (2014-2016 = 100),2003,2003,7021,Annual value,,39.83,E
100,'356,India,1182,'02910,Natural honey,5539,Producer Price Index (2014-2016 = 100),2004,2004,7021,Annual value,,42.21,E
100,'356,India,1182,'02910,Natural honey,5539,Producer Price Index (2014-2016 = 100),2005,2005,7021,Annual value,,45.95,E
100,'356,India,1182,'02910,Natural honey,5539,Producer Price Index (2014-2016 = 100),2006,2006,7021,Annual value,,48.94,E
100,'356,India,1182,'02910,Natural honey,5539,Producer Price Index (2014-2016 = 100),2007,2007,7021,Annual value,,60.15,E
100,'356,India,1182,'02910,Natural honey,5539,Producer Price Index (2014-2016 = 100),2008,2008,7021,Annual value,,59.31,E
100,'356,India,1182,'02910,Natural honey,5539,Producer Price Index (2014-2016 = 100),2009,2009,7021,Annual value,,65.52,E
100,'356,India,1182,'02910,Natural honey,5539,Producer Price Index (2014-2016 = 100),2010,2010,7021,Annual value,,77.14,E
100,'356,India,1182,'02910,Natural honey,5539,Producer Price Index (2014-2016 = 100),2011,2011,7021,Annual value,,84.12,E
100,'356,India,1182,'02910,Natural honey,5539,Producer Price Index (2014-2016 = 100),2012,2012,7021,Annual value,,91.28,E
100,'356,India,1182,'02910,Natural honey,5539,Producer Price Index (2014-2016 = 100),2013,2013,7021,Annual value,,87.32,E
100,'356,India,1182,'02910,Natural honey,5539,Producer Price Index (2014-2016 = 100),2014,2014,7021,Annual value,,94.65,E
100,'356,India,1182,'02910,Natural honey,5539,Producer Price Index (2014-2016 = 100),2015,2015,7021,Annual value,,100.36,E
100,'356,India,1182,'02910,Natural honey,5539,Producer Price Index (2014-2016 = 100),2016,2016,7021,Annual value,,104.99,E
100,'356,India,1182,'02910,Natural honey,5539,Producer Price Index (2014-2016 = 100),2017,2017,7021,Annual value,,110.08,E
100,'356,India,1182,'02910,Natural honey,5539,Producer Price Index (2014-2016 = 100),2018,2018,7021,Annual value,,109.77,E
100,'356,India,1182,'02910,Natural honey,5539,Producer Price Index (2014-2016 = 100),2019,2019,7021,Annual value,,119.29,E
100,'356,India,1182,'02910,Natural honey,5539,Producer Price Index (2014-2016 = 100),2020,2020,7021,Annual value,,130.7,E
100,'356,India,1182,'02910,Natural honey,5539,Producer Price Index (2014-2016 = 100),2021,2021,7021,Annual value,,135.61,E
100,'356,India,1182,'02910,Natural honey,5539,Producer Price Index (2014-2016 = 100),2022,2022,7021,Annual value,,137.65,E
100,'356,India,1182,'02910,Natural honey,5539,Producer Price Index (2014-2016 = 100),2023,2023,7021,Annual value,,139.15,E
100,'356,India,1182,'02910,Natural honey,5539,Producer Price Index (2014-2016 = 100),2024,2024,7021,Annual value,,152.07,E
100,'356,India,1182,'02910,Natural honey,5539,Producer Price Index (2014-2016 = 100),2025,2025,7021,Annual value,,155.05,E
100,'356,India,836,'01950.01,Natural rubber in primary forms,5530,Producer Price (LCU/tonne),2001,2001,7021,Annual value,LCU,28155.0,A
100,'356,India,836,'01950.01,Natural rubber in primary forms,5531,Producer Price (SLC/tonne),2001,2001,7021,Annual value,SLC,28155.0,A
100,'356,India,836,'01950.01,Natural rubber in primary forms,5532,Producer Price (USD/tonne),2001,2001,7021,Annual value,USD,596.7,A
100,'356,India,836,'01950.01,Natural rubber in primary forms,5539,Producer Price Index (2014-2016 = 100),1991,1991,7021,Annual value,,16.7,E
100,'356,India,836,'01950.01,Natural rubber in primary forms,5539,Producer Price Index (2014-2016 = 100),1992,1992,7021,Annual value,,17.52,E
100,'356,India,836,'01950.01,Natural rubber in primary forms,5539,Producer Price Index (2014-2016 = 100),1993,1993,7021,Annual value,,20.46,E
100,'356,India,836,'01950.01,Natural rubber in primary forms,5539,Producer Price Index (2014-2016 = 100),1994,1994,7021,Annual value,,20.73,E
100,'356,India,836,'01950.01,Natural rubber in primary forms,5539,Producer Price Index (2014-2016 = 100),1995,1995,7021,Annual value,,34.48,E
100,'356,India,836,'01950.01,Natural rubber in primary forms,5539,Producer Price Index (2014-2016 = 100),1996,1996,7021,Annual value,,56.51,E
100,'356,India,836,'01950.01,Natural rubber in primary forms,5539,Producer Price Index (2014-2016 = 100),1997,1997,7021,Annual value,,48.76,E
100,'356,India,836,'01950.01,Natural rubber in primary forms,5539,Producer Price Index (2014-2016 = 100),1998,1998,7021,Annual value,,32.96,E
100,'356,India,836,'01950.01,Natural rubber in primary forms,5539,Producer Price Index (2014-2016 = 100),1999,1999,7021,Annual value,,30.37,E
100,'356,India,836,'01950.01,Natural rubber in primary forms,5539,Producer Price Index (2014-2016 = 100),2000,2000,7021,Annual value,,31.98,E
100,'356,India,836,'01950.01,Natural rubber in primary forms,5539,Producer Price Index (2014-2016 = 100),2001,2001,7021,Annual value,,34.44,E
100,'356,India,836,'01950.01,Natural rubber in primary forms,5539,Producer Price Index (2014-2016 = 100),2002,2002,7021,Annual value,,36.72,E
100,'356,India,836,'01950.01,Natural rubber in primary forms,5539,Producer Price Index (2014-2016 = 100),2003,2003,7021,Annual value,,39.83,E
100,'356,India,836,'01950.01,Natural rubber in primary forms,5539,Producer Price Index (2014-2016 = 100),2004,2004,7021,Annual value,,42.21,E
100,'356,India,836,'01950.01,Natural rubber in primary forms,5539,Producer Price Index (2014-2016 = 100),2005,2005,7021,Annual value,,45.95,E
100,'356,India,836,'01950.01,Natural rubber in primary forms,5539,Producer Price Index (2014-2016 = 100),2006,2006,7021,Annual value,,48.94,E
100,'356,India,836,'01950.01,Natural rubber in primary forms,5539,Producer Price Index (2014-2016 = 100),2007,2007,7021,Annual value,,60.15,E
100,'356,India,836,'01950.01,Natural rubber in primary forms,5539,Producer Price Index (2014-2016 = 100),2008,2008,7021,Annual value,,59.31,E
100,'356,India,836,'01950.01,Natural rubber in primary forms,5539,Producer Price Index (2014-2016 = 100),2009,2009,7021,Annual value,,65.52,E
100,'356,India,836,'01950.01,Natural rubber in primary forms,5539,Producer Price Index (2014-2016 = 100),2010,2010,7021,Annual value,,77.14,E
100,'356,India,836,'01950.01,Natural rubber in primary forms,5539,Producer Price Index (2014-2016 = 100),2011,2011,7021,Annual value,,84.12,E
100,'356,India,836,'01950.01,Natural rubber in primary forms,5539,Producer Price Index (2014-2016 = 100),2012,2012,7021,Annual value,,91.28,E
100,'356,India,836,'01950.01,Natural rubber in primary forms,5539,Producer Price Index (2014-2016 = 100),2013,2013,7021,Annual value,,87.32,E
100,'356,India,836,'01950.01,Natural rubber in primary forms,5539,Producer Price Index (2014-2016 = 100),2014,2014,7021,Annual value,,94.65,E
100,'356,India,836,'01950.01,Natural rubber in primary forms,5539,Producer Price Index (2014-2016 = 100),2015,2015,7021,Annual value,,100.36,E
100,'356,India,836,'01950.01,Natural rubber in primary forms,5539,Producer Price Index (2014-2016 = 100),2016,2016,7021,Annual value,,104.99,E
100,'356,India,836,'01950.01,Natural rubber in primary forms,5539,Producer Price Index (2014-2016 = 100),2017,2017,7021,Annual value,,110.08,E
100,'356,India,836,'01950.01,Natural rubber in primary forms,5539,Producer Price Index (2014-2016 = 100),2018,2018,7021,Annual value,,109.77,E
100,'356,India,836,'01950.01,Natural rubber in primary forms,5539,Producer Price Index (2014-2016 = 100),2019,2019,7021,Annual value,,118.31,E
100,'356,India,836,'01950.01,Natural rubber in primary forms,5539,Producer Price Index (2014-2016 = 100),2020,2020,7021,Annual value,,127.84,E
100,'356,India,836,'01950.01,Natural rubber in primary forms,5539,Producer Price Index (2014-2016 = 100),2021,2021,7021,Annual value,,146.29,E
100,'356,India,836,'01950.01,Natural rubber in primary forms,5539,Producer Price Index (2014-2016 = 100),2022,2022,7021,Annual value,,153.57,E
100,'356,India,836,'01950.01,Natural rubber in primary forms,5539,Producer Price Index (2014-2016 = 100),2023,2023,7021,Annual value,,152.23,E
100,'356,India,836,'01950.01,Natural rubber in primary forms,5539,Producer Price Index (2014-2016 = 100),2024,2024,7021,Annual value,,161.66,E
100,'356,India,836,'01950.01,Natural rubber in primary forms,5539,Producer Price Index (2014-2016 = 100),2025,2025,7021,Annual value,,171.08,E
100,'356,India,702,'01653,"Nutmeg, mace, cardamoms, raw",5530,Producer Price (LCU/tonne),2001,2001,7021,Annual value,LCU,101355.0,A
100,'356,India,702,'01653,"Nutmeg, mace, cardamoms, raw",5531,Producer Price (SLC/tonne),2001,2001,7021,Annual value,SLC,101355.0,A
100,'356,India,702,'01653,"Nutmeg, mace, cardamoms, raw",5532,Producer Price (USD/tonne),2001,2001,7021,Annual value,USD,2148.0,A
100,'356,India,702,'01653,"Nutmeg, mace, cardamoms, raw",5539,Producer Price Index (2014-2016 = 100),1991,1991,7021,Annual value,,17.98,E
100,'356,India,702,'01653,"Nutmeg, mace, cardamoms, raw",5539,Producer Price Index (2014-2016 = 100),1992,1992,7021,Annual value,,16.94,E
100,'356,India,702,'01653,"Nutmeg, mace, cardamoms, raw",5539,Producer Price Index (2014-2016 = 100),1993,1993,7021,Annual value,,29.46,E
100,'356,India,702,'01653,"Nutmeg, mace, cardamoms, raw",5539,Producer Price Index (2014-2016 = 100),1994,1994,7021,Annual value,,27.09,E
100,'356,India,702,'01653,"Nutmeg, mace, cardamoms, raw",5539,Producer Price Index (2014-2016 = 100),1995,1995,7021,Annual value,,17.64,E
100,'356,India,702,'01653,"Nutmeg, mace, cardamoms, raw",5539,Producer Price Index (2014-2016 = 100),1996,1996,7021,Annual value,,14.9,E
100,'356,India,702,'01653,"Nutmeg, mace, cardamoms, raw",5539,Producer Price Index (2014-2016 = 100),1997,1997,7021,Annual value,,23.34,E
100,'356,India,702,'01653,"Nutmeg, mace, cardamoms, raw",5539,Producer Price Index (2014-2016 = 100),1998,1998,7021,Annual value,,18.27,E
100,'356,India,702,'01653,"Nutmeg, mace, cardamoms, raw",5539,Producer Price Index (2014-2016 = 100),1999,1999,7021,Annual value,,26.56,E
100,'356,India,702,'01653,"Nutmeg, mace, cardamoms, raw",5539,Producer Price Index (2014-2016 = 100),2000,2000,7021,Annual value,,31.98,E
100,'356,India,702,'01653,"Nutmeg, mace, cardamoms, raw",5539,Producer Price Index (2014-2016 = 100),2001,2001,7021,Annual value,,36.71,E
100,'356,India,702,'01653,"Nutmeg, mace, cardamoms, raw",5539,Producer Price Index (2014-2016 = 100),2002,2002,7021,Annual value,,36.72,E
100,'356,India,702,'01653,"Nutmeg, mace, cardamoms, raw",5539,Producer Price Index (2014-2016 = 100),2003,2003,7021,Annual value,,39.83,E
100,'356,India,702,'01653,"Nutmeg, mace, cardamoms, raw",5539,Producer Price Index (2014-2016 = 100),2004,2004,7021,Annual value,,42.21,E
100,'356,India,702,'01653,"Nutmeg, mace, cardamoms, raw",5539,Producer Price Index (2014-2016 = 100),2005,2005,7021,Annual value,,45.95,E
100,'356,India,702,'01653,"Nutmeg, mace, cardamoms, raw",5539,Producer Price Index (2014-2016 = 100),2006,2006,7021,Annual value,,48.94,E
100,'356,India,702,'01653,"Nutmeg, mace, cardamoms, raw",5539,Producer Price Index (2014-2016 = 100),2007,2007,7021,Annual value,,60.15,E
100,'356,India,702,'01653,"Nutmeg, mace, cardamoms, raw",5539,Producer Price Index (2014-2016 = 100),2008,2008,7021,Annual value,,59.31,E
100,'356,India,702,'01653,"Nutmeg, mace, cardamoms, raw",5539,Producer Price Index (2014-2016 = 100),2009,2009,7021,Annual value,,65.52,E
100,'356,India,702,'01653,"Nutmeg, mace, cardamoms, raw",5539,Producer Price Index (2014-2016 = 100),2010,2010,7021,Annual value,,77.14,E
100,'356,India,702,'01653,"Nutmeg, mace, cardamoms, raw",5539,Producer Price Index (2014-2016 = 100),2011,2011,7021,Annual value,,84.12,E
100,'356,India,702,'01653,"Nutmeg, mace, cardamoms, raw",5539,Producer Price Index (2014-2016 = 100),2012,2012,7021,Annual value,,91.28,E
100,'356,India,702,'01653,"Nutmeg, mace, cardamoms, raw",5539,Producer Price Index (2014-2016 = 100),2013,2013,7021,Annual value,,87.32,E
100,'356,India,702,'01653,"Nutmeg, mace, cardamoms, raw",5539,Producer Price Index (2014-2016 = 100),2014,2014,7021,Annual value,,94.65,E
100,'356,India,702,'01653,"Nutmeg, mace, cardamoms, raw",5539,Producer Price Index (2014-2016 = 100),2015,2015,7021,Annual value,,100.36,E
100,'356,India,702,'01653,"Nutmeg, mace, cardamoms, raw",5539,Producer Price Index (2014-2016 = 100),2016,2016,7021,Annual value,,104.99,E
100,'356,India,702,'01653,"Nutmeg, mace, cardamoms, raw",5539,Producer Price Index (2014-2016 = 100),2017,2017,7021,Annual value,,110.08,E
100,'356,India,702,'01653,"Nutmeg, mace, cardamoms, raw",5539,Producer Price Index (2014-2016 = 100),2018,2018,7021,Annual value,,109.77,E
100,'356,India,702,'01653,"Nutmeg, mace, cardamoms, raw",5539,Producer Price Index (2014-2016 = 100),2019,2019,7021,Annual value,,114.03,E
100,'356,India,702,'01653,"Nutmeg, mace, cardamoms, raw",5539,Producer Price Index (2014-2016 = 100),2020,2020,7021,Annual value,,110.28,E
100,'356,India,702,'01653,"Nutmeg, mace, cardamoms, raw",5539,Producer Price Index (2014-2016 = 100),2021,2021,7021,Annual value,,132.07,E
100,'356,India,702,'01653,"Nutmeg, mace, cardamoms, raw",5539,Producer Price Index (2014-2016 = 100),2022,2022,7021,Annual value,,142.57,E
100,'356,India,702,'01653,"Nutmeg, mace, cardamoms, raw",5539,Producer Price Index (2014-2016 = 100),2023,2023,7021,Annual value,,145.98,E
100,'356,India,702,'01653,"Nutmeg, mace, cardamoms, raw",5539,Producer Price Index (2014-2016 = 100),2024,2024,7021,Annual value,,152.75,E
100,'356,India,702,'01653,"Nutmeg, mace, cardamoms, raw",5539,Producer Price Index (2014-2016 = 100),2025,2025,7021,Annual value,,159.53,E
100,'356,India,430,'01239.01,Okra,5539,Producer Price Index (2014-2016 = 100),1991,1991,7021,Annual value,,23.59,E
100,'356,India,430,'01239.01,Okra,5539,Producer Price Index (2014-2016 = 100),1992,1992,7021,Annual value,,23.86,E
100,'356,India,430,'01239.01,Okra,5539,Producer Price Index (2014-2016 = 100),1993,1993,7021,Annual value,,25.04,E
100,'356,India,430,'01239.01,Okra,5539,Producer Price Index (2014-2016 = 100),1994,1994,7021,Annual value,,26.01,E
100,'356,India,430,'01239.01,Okra,5539,Producer Price Index (2014-2016 = 100),1995,1995,7021,Annual value,,28.84,E
100,'356,India,430,'01239.01,Okra,5539,Producer Price Index (2014-2016 = 100),1996,1996,7021,Annual value,,35.43,E
100,'356,India,430,'01239.01,Okra,5539,Producer Price Index (2014-2016 = 100),1997,1997,7021,Annual value,,33.77,E
100,'356,India,430,'01239.01,Okra,5539,Producer Price Index (2014-2016 = 100),1998,1998,7021,Annual value,,36.38,E
100,'356,India,430,'01239.01,Okra,5539,Producer Price Index (2014-2016 = 100),1999,1999,7021,Annual value,,39.0,E
100,'356,India,430,'01239.01,Okra,5539,Producer Price Index (2014-2016 = 100),2000,2000,7021,Annual value,,10.89,E
100,'356,India,430,'01239.01,Okra,5539,Producer Price Index (2014-2016 = 100),2001,2001,7021,Annual value,,40.3,E
100,'356,India,430,'01239.01,Okra,5539,Producer Price Index (2014-2016 = 100),2002,2002,7021,Annual value,,41.41,E
100,'356,India,430,'01239.01,Okra,5539,Producer Price Index (2014-2016 = 100),2003,2003,7021,Annual value,,42.72,E
100,'356,India,430,'01239.01,Okra,5539,Producer Price Index (2014-2016 = 100),2004,2004,7021,Annual value,,44.47,E
100,'356,India,430,'01239.01,Okra,5539,Producer Price Index (2014-2016 = 100),2005,2005,7021,Annual value,,45.95,E
100,'356,India,430,'01239.01,Okra,5539,Producer Price Index (2014-2016 = 100),2006,2006,7021,Annual value,,48.94,E
100,'356,India,430,'01239.01,Okra,5539,Producer Price Index (2014-2016 = 100),2007,2007,7021,Annual value,,60.15,E
100,'356,India,430,'01239.01,Okra,5539,Producer Price Index (2014-2016 = 100),2008,2008,7021,Annual value,,59.31,E
100,'356,India,430,'01239.01,Okra,5539,Producer Price Index (2014-2016 = 100),2009,2009,7021,Annual value,,65.52,E
100,'356,India,430,'01239.01,Okra,5539,Producer Price Index (2014-2016 = 100),2010,2010,7021,Annual value,,77.14,E
100,'356,India,430,'01239.01,Okra,5539,Producer Price Index (2014-2016 = 100),2011,2011,7021,Annual value,,84.12,E
100,'356,India,430,'01239.01,Okra,5539,Producer Price Index (2014-2016 = 100),2012,2012,7021,Annual value,,91.28,E
100,'356,India,430,'01239.01,Okra,5539,Producer Price Index (2014-2016 = 100),2013,2013,7021,Annual value,,87.32,E
100,'356,India,430,'01239.01,Okra,5539,Producer Price Index (2014-2016 = 100),2014,2014,7021,Annual value,,94.65,E
100,'356,India,430,'01239.01,Okra,5539,Producer Price Index (2014-2016 = 100),2015,2015,7021,Annual value,,100.36,E
100,'356,India,430,'01239.01,Okra,5539,Producer Price Index (2014-2016 = 100),2016,2016,7021,Annual value,,104.99,E
100,'356,India,430,'01239.01,Okra,5539,Producer Price Index (2014-2016 = 100),2017,2017,7021,Annual value,,110.08,E
100,'356,India,430,'01239.01,Okra,5539,Producer Price Index (2014-2016 = 100),2018,2018,7021,Annual value,,109.77,E
100,'356,India,430,'01239.01,Okra,5539,Producer Price Index (2014-2016 = 100),2019,2019,7021,Annual value,,109.46,E
100,'356,India,430,'01239.01,Okra,5539,Producer Price Index (2014-2016 = 100),2020,2020,7021,Annual value,,124.43,E
100,'356,India,430,'01239.01,Okra,5539,Producer Price Index (2014-2016 = 100),2021,2021,7021,Annual value,,135.6,E
100,'356,India,430,'01239.01,Okra,5539,Producer Price Index (2014-2016 = 100),2022,2022,7021,Annual value,,140.87,E
100,'356,India,430,'01239.01,Okra,5539,Producer Price Index (2014-2016 = 100),2023,2023,7021,Annual value,,143.58,E
100,'356,India,430,'01239.01,Okra,5539,Producer Price Index (2014-2016 = 100),2024,2024,7021,Annual value,,151.03,E
100,'356,India,430,'01239.01,Okra,5539,Producer Price Index (2014-2016 = 100),2025,2025,7021,Annual value,,158.48,E
100,'356,India,403,'01253.02,"Onions and shallots, dry (excluding dehydrated)",5530,Producer Price (LCU/tonne),2001,2001,7021,Annual value,LCU,4151.0,A
100,'356,India,403,'01253.02,"Onions and shallots, dry (excluding dehydrated)",5531,Producer Price (SLC/tonne),2001,2001,7021,Annual value,SLC,4151.0,A
100,'356,India,403,'01253.02,"Onions and shallots, dry (excluding dehydrated)",5532,Producer Price (USD/tonne),2001,2001,7021,Annual value,USD,88.0,A
100,'356,India,403,'01253.02,"Onions and shallots, dry (excluding dehydrated)",5539,Producer Price Index (2014-2016 = 100),1991,1991,7021,Annual value,,20.04,E
100,'356,India,403,'01253.02,"Onions and shallots, dry (excluding dehydrated)",5539,Producer Price Index (2014-2016 = 100),1992,1992,7021,Annual value,,15.18,E
100,'356,India,403,'01253.02,"Onions and shallots, dry (excluding dehydrated)",5539,Producer Price Index (2014-2016 = 100),1993,1993,7021,Annual value,,18.63,E
100,'356,India,403,'01253.02,"Onions and shallots, dry (excluding dehydrated)",5539,Producer Price Index (2014-2016 = 100),1994,1994,7021,Annual value,,26.67,E
100,'356,India,403,'01253.02,"Onions and shallots, dry (excluding dehydrated)",5539,Producer Price Index (2014-2016 = 100),1995,1995,7021,Annual value,,20.47,E
100,'356,India,403,'01253.02,"Onions and shallots, dry (excluding dehydrated)",5539,Producer Price Index (2014-2016 = 100),1996,1996,7021,Annual value,,29.37,E
100,'356,India,403,'01253.02,"Onions and shallots, dry (excluding dehydrated)",5539,Producer Price Index (2014-2016 = 100),1997,1997,7021,Annual value,,27.27,E
100,'356,India,403,'01253.02,"Onions and shallots, dry (excluding dehydrated)",5539,Producer Price Index (2014-2016 = 100),1998,1998,7021,Annual value,,43.5,E
100,'356,India,403,'01253.02,"Onions and shallots, dry (excluding dehydrated)",5539,Producer Price Index (2014-2016 = 100),1999,1999,7021,Annual value,,51.72,E
100,'356,India,403,'01253.02,"Onions and shallots, dry (excluding dehydrated)",5539,Producer Price Index (2014-2016 = 100),2000,2000,7021,Annual value,,32.19,E
100,'356,India,403,'01253.02,"Onions and shallots, dry (excluding dehydrated)",5539,Producer Price Index (2014-2016 = 100),2001,2001,7021,Annual value,,31.72,E
100,'356,India,403,'01253.02,"Onions and shallots, dry (excluding dehydrated)",5539,Producer Price Index (2014-2016 = 100),2002,2002,7021,Annual value,,36.72,E
100,'356,India,403,'01253.02,"Onions and shallots, dry (excluding dehydrated)",5539,Producer Price Index (2014-2016 = 100),2003,2003,7021,Annual value,,39.83,E
100,'356,India,403,'01253.02,"Onions and shallots, dry (excluding dehydrated)",5539,Producer Price Index (2014-2016 = 100),2004,2004,7021,Annual value,,42.21,E
100,'356,India,403,'01253.02,"Onions and shallots, dry (excluding dehydrated)",5539,Producer Price Index (2014-2016 = 100),2005,2005,7021,Annual value,,45.95,E
100,'356,India,403,'01253.02,"Onions and shallots, dry (excluding dehydrated)",5539,Producer Price Index (2014-2016 = 100),2006,2006,7021,Annual value,,48.94,E
100,'356,India,403,'01253.02,"Onions and shallots, dry (excluding dehydrated)",5539,Producer Price Index (2014-2016 = 100),2007,2007,7021,Annual value,,60.15,E
100,'356,India,403,'01253.02,"Onions and shallots, dry (excluding dehydrated)",5539,Producer Price Index (2014-2016 = 100),2008,2008,7021,Annual value,,59.31,E
100,'356,India,403,'01253.02,"Onions and shallots, dry (excluding dehydrated)",5539,Producer Price Index (2014-2016 = 100),2009,2009,7021,Annual value,,65.52,E
100,'356,India,403,'01253.02,"Onions and shallots, dry (excluding dehydrated)",5539,Producer Price Index (2014-2016 = 100),2010,2010,7021,Annual value,,77.14,E
100,'356,India,403,'01253.02,"Onions and shallots, dry (excluding dehydrated)",5539,Producer Price Index (2014-2016 = 100),2011,2011,7021,Annual value,,84.12,E
100,'356,India,403,'01253.02,"Onions and shallots, dry (excluding dehydrated)",5539,Producer Price Index (2014-2016 = 100),2012,2012,7021,Annual value,,91.28,E
100,'356,India,403,'01253.02,"Onions and shallots, dry (excluding dehydrated)",5539,Producer Price Index (2014-2016 = 100),2013,2013,7021,Annual value,,87.32,E
100,'356,India,403,'01253.02,"Onions and shallots, dry (excluding dehydrated)",5539,Producer Price Index (2014-2016 = 100),2014,2014,7021,Annual value,,94.65,E
100,'356,India,403,'01253.02,"Onions and shallots, dry (excluding dehydrated)",5539,Producer Price Index (2014-2016 = 100),2015,2015,7021,Annual value,,100.36,E
100,'356,India,403,'01253.02,"Onions and shallots, dry (excluding dehydrated)",5539,Producer Price Index (2014-2016 = 100),2016,2016,7021,Annual value,,104.99,E
100,'356,India,403,'01253.02,"Onions and shallots, dry (excluding dehydrated)",5539,Producer Price Index (2014-2016 = 100),2017,2017,7021,Annual value,,110.08,E
100,'356,India,403,'01253.02,"Onions and shallots, dry (excluding dehydrated)",5539,Producer Price Index (2014-2016 = 100),2018,2018,7021,Annual value,,109.77,E
100,'356,India,403,'01253.02,"Onions and shallots, dry (excluding dehydrated)",5539,Producer Price Index (2014-2016 = 100),2019,2019,7021,Annual value,,118.22,E
100,'356,India,403,'01253.02,"Onions and shallots, dry (excluding dehydrated)",5539,Producer Price Index (2014-2016 = 100),2020,2020,7021,Annual value,,125.51,E
100,'356,India,403,'01253.02,"Onions and shallots, dry (excluding dehydrated)",5539,Producer Price Index (2014-2016 = 100),2021,2021,7021,Annual value,,140.72,E
100,'356,India,403,'01253.02,"Onions and shallots, dry (excluding dehydrated)",5539,Producer Price Index (2014-2016 = 100),2022,2022,7021,Annual value,,148.24,E
100,'356,India,403,'01253.02,"Onions and shallots, dry (excluding dehydrated)",5539,Producer Price Index (2014-2016 = 100),2023,2023,7021,Annual value,,149.69,E
100,'356,India,403,'01253.02,"Onions and shallots, dry (excluding dehydrated)",5539,Producer Price Index (2014-2016 = 100),2024,2024,7021,Annual value,,157.81,E
100,'356,India,403,'01253.02,"Onions and shallots, dry (excluding dehydrated)",5539,Producer Price Index (2014-2016 = 100),2025,2025,7021,Annual value,,165.94,E
100,'356,India,490,'01323,Oranges,5530,Producer Price (LCU/tonne),2001,2001,7021,Annual value,LCU,15402.0,A
100,'356,India,490,'01323,Oranges,5531,Producer Price (SLC/tonne),2001,2001,7021,Annual value,SLC,15402.0,A
100,'356,India,490,'01323,Oranges,5532,Producer Price (USD/tonne),2001,2001,7021,Annual value,USD,326.4,A
100,'356,India,490,'01323,Oranges,5539,Producer Price Index (2014-2016 = 100),1991,1991,7021,Annual value,,14.42,E
100,'356,India,490,'01323,Oranges,5539,Producer Price Index (2014-2016 = 100),1992,1992,7021,Annual value,,16.05,E
100,'356,India,490,'01323,Oranges,5539,Producer Price Index (2014-2016 = 100),1993,1993,7021,Annual value,,21.17,E
100,'356,India,490,'01323,Oranges,5539,Producer Price Index (2014-2016 = 100),1994,1994,7021,Annual value,,22.18,E
100,'356,India,490,'01323,Oranges,5539,Producer Price Index (2014-2016 = 100),1995,1995,7021,Annual value,,22.76,E
100,'356,India,490,'01323,Oranges,5539,Producer Price Index (2014-2016 = 100),1996,1996,7021,Annual value,,28.41,E
100,'356,India,490,'01323,Oranges,5539,Producer Price Index (2014-2016 = 100),1997,1997,7021,Annual value,,31.54,E
100,'356,India,490,'01323,Oranges,5539,Producer Price Index (2014-2016 = 100),1998,1998,7021,Annual value,,32.76,E
100,'356,India,490,'01323,Oranges,5539,Producer Price Index (2014-2016 = 100),1999,1999,7021,Annual value,,31.7,E
100,'356,India,490,'01323,Oranges,5539,Producer Price Index (2014-2016 = 100),2000,2000,7021,Annual value,,30.21,E
100,'356,India,490,'01323,Oranges,5539,Producer Price Index (2014-2016 = 100),2001,2001,7021,Annual value,,32.11,E
100,'356,India,490,'01323,Oranges,5539,Producer Price Index (2014-2016 = 100),2002,2002,7021,Annual value,,36.72,E
100,'356,India,490,'01323,Oranges,5539,Producer Price Index (2014-2016 = 100),2003,2003,7021,Annual value,,39.83,E
100,'356,India,490,'01323,Oranges,5539,Producer Price Index (2014-2016 = 100),2004,2004,7021,Annual value,,42.21,E
100,'356,India,490,'01323,Oranges,5539,Producer Price Index (2014-2016 = 100),2005,2005,7021,Annual value,,45.95,E
100,'356,India,490,'01323,Oranges,5539,Producer Price Index (2014-2016 = 100),2006,2006,7021,Annual value,,48.94,E
100,'356,India,490,'01323,Oranges,5539,Producer Price Index (2014-2016 = 100),2007,2007,7021,Annual value,,60.15,E
100,'356,India,490,'01323,Oranges,5539,Producer Price Index (2014-2016 = 100),2008,2008,7021,Annual value,,59.31,E
100,'356,India,490,'01323,Oranges,5539,Producer Price Index (2014-2016 = 100),2009,2009,7021,Annual value,,65.52,E
100,'356,India,490,'01323,Oranges,5539,Producer Price Index (2014-2016 = 100),2010,2010,7021,Annual value,,77.14,E
100,'356,India,490,'01323,Oranges,5539,Producer Price Index (2014-2016 = 100),2011,2011,7021,Annual value,,84.12,E
100,'356,India,490,'01323,Oranges,5539,Producer Price Index (2014-2016 = 100),2012,2012,7021,Annual value,,91.28,E
100,'356,India,490,'01323,Oranges,5539,Producer Price Index (2014-2016 = 100),2013,2013,7021,Annual value,,87.32,E
100,'356,India,490,'01323,Oranges,5539,Producer Price Index (2014-2016 = 100),2014,2014,7021,Annual value,,94.65,E
100,'356,India,490,'01323,Oranges,5539,Producer Price Index (2014-2016 = 100),2015,2015,7021,Annual value,,100.36,E
100,'356,India,490,'01323,Oranges,5539,Producer Price Index (2014-2016 = 100),2016,2016,7021,Annual value,,104.99,E
100,'356,India,490,'01323,Oranges,5539,Producer Price Index (2014-2016 = 100),2017,2017,7021,Annual value,,110.08,E
100,'356,India,490,'01323,Oranges,5539,Producer Price Index (2014-2016 = 100),2018,2018,7021,Annual value,,109.77,E
100,'356,India,490,'01323,Oranges,5539,Producer Price Index (2014-2016 = 100),2019,2019,7021,Annual value,,117.11,E
100,'356,India,490,'01323,Oranges,5539,Producer Price Index (2014-2016 = 100),2020,2020,7021,Annual value,,107.67,E
100,'356,India,490,'01323,Oranges,5539,Producer Price Index (2014-2016 = 100),2021,2021,7021,Annual value,,131.8,E
100,'356,India,490,'01323,Oranges,5539,Producer Price Index (2014-2016 = 100),2022,2022,7021,Annual value,,138.25,E
100,'356,India,490,'01323,Oranges,5539,Producer Price Index (2014-2016 = 100),2023,2023,7021,Annual value,,142.18,E
100,'356,India,490,'01323,Oranges,5539,Producer Price Index (2014-2016 = 100),2024,2024,7021,Annual value,,150.69,E
100,'356,India,490,'01323,Oranges,5539,Producer Price Index (2014-2016 = 100),2025,2025,7021,Annual value,,159.2,E
100,'356,India,414,'01241.90,"Other beans, green",5530,Producer Price (LCU/tonne),1991,1991,7021,Annual value,LCU,3153.0,X
100,'356,India,414,'01241.90,"Other beans, green",5531,Producer Price (SLC/tonne),1991,1991,7021,Annual value,SLC,3153.0,X
100,'356,India,414,'01241.90,"Other beans, green",5532,Producer Price (USD/tonne),1991,1991,7021,Annual value,USD,138.6,X
100,'356,India,414,'01241.90,"Other beans, green",5539,Producer Price Index (2014-2016 = 100),1991,1991,7021,Annual value,,13.79,E
100,'356,India,414,'01241.90,"Other beans, green",5539,Producer Price Index (2014-2016 = 100),1992,1992,7021,Annual value,,14.63,E
100,'356,India,414,'01241.90,"Other beans, green",5539,Producer Price Index (2014-2016 = 100),1993,1993,7021,Annual value,,15.73,E
100,'356,India,414,'01241.90,"Other beans, green",5539,Producer Price Index (2014-2016 = 100),1994,1994,7021,Annual value,,17.29,E
100,'356,India,414,'01241.90,"Other beans, green",5539,Producer Price Index (2014-2016 = 100),1995,1995,7021,Annual value,,19.38,E
100,'356,India,414,'01241.90,"Other beans, green",5539,Producer Price Index (2014-2016 = 100),1996,1996,7021,Annual value,,20.31,E
100,'356,India,414,'01241.90,"Other beans, green",5539,Producer Price Index (2014-2016 = 100),1997,1997,7021,Annual value,,26.6,E
100,'356,India,414,'01241.90,"Other beans, green",5539,Producer Price Index (2014-2016 = 100),1998,1998,7021,Annual value,,26.58,E
100,'356,India,414,'01241.90,"Other beans, green",5539,Producer Price Index (2014-2016 = 100),1999,1999,7021,Annual value,,28.2,E
100,'356,India,414,'01241.90,"Other beans, green",5539,Producer Price Index (2014-2016 = 100),2000,2000,7021,Annual value,,31.14,E
100,'356,India,414,'01241.90,"Other beans, green",5539,Producer Price Index (2014-2016 = 100),2001,2001,7021,Annual value,,34.39,E
100,'356,India,414,'01241.90,"Other beans, green",5539,Producer Price Index (2014-2016 = 100),2002,2002,7021,Annual value,,37.43,E
100,'356,India,414,'01241.90,"Other beans, green",5539,Producer Price Index (2014-2016 = 100),2003,2003,7021,Annual value,,39.83,E
100,'356,India,414,'01241.90,"Other beans, green",5539,Producer Price Index (2014-2016 = 100),2004,2004,7021,Annual value,,42.21,E
100,'356,India,414,'01241.90,"Other beans, green",5539,Producer Price Index (2014-2016 = 100),2005,2005,7021,Annual value,,45.95,E
100,'356,India,414,'01241.90,"Other beans, green",5539,Producer Price Index (2014-2016 = 100),2006,2006,7021,Annual value,,48.94,E
100,'356,India,414,'01241.90,"Other beans, green",5539,Producer Price Index (2014-2016 = 100),2007,2007,7021,Annual value,,60.15,E
100,'356,India,414,'01241.90,"Other beans, green",5539,Producer Price Index (2014-2016 = 100),2008,2008,7021,Annual value,,59.31,E
100,'356,India,414,'01241.90,"Other beans, green",5539,Producer Price Index (2014-2016 = 100),2009,2009,7021,Annual value,,65.52,E
100,'356,India,414,'01241.90,"Other beans, green",5539,Producer Price Index (2014-2016 = 100),2010,2010,7021,Annual value,,77.14,E
100,'356,India,414,'01241.90,"Other beans, green",5539,Producer Price Index (2014-2016 = 100),2011,2011,7021,Annual value,,84.12,E
100,'356,India,414,'01241.90,"Other beans, green",5539,Producer Price Index (2014-2016 = 100),2012,2012,7021,Annual value,,91.28,E
100,'356,India,414,'01241.90,"Other beans, green",5539,Producer Price Index (2014-2016 = 100),2013,2013,7021,Annual value,,87.32,E
100,'356,India,414,'01241.90,"Other beans, green",5539,Producer Price Index (2014-2016 = 100),2014,2014,7021,Annual value,,94.65,E
100,'356,India,414,'01241.90,"Other beans, green",5539,Producer Price Index (2014-2016 = 100),2015,2015,7021,Annual value,,100.36,E
100,'356,India,414,'01241.90,"Other beans, green",5539,Producer Price Index (2014-2016 = 100),2016,2016,7021,Annual value,,104.99,E
100,'356,India,414,'01241.90,"Other beans, green",5539,Producer Price Index (2014-2016 = 100),2017,2017,7021,Annual value,,110.08,E
100,'356,India,414,'01241.90,"Other beans, green",5539,Producer Price Index (2014-2016 = 100),2018,2018,7021,Annual value,,109.77,E
100,'356,India,414,'01241.90,"Other beans, green",5539,Producer Price Index (2014-2016 = 100),2019,2019,7021,Annual value,,120.34,E
100,'356,India,414,'01241.90,"Other beans, green",5539,Producer Price Index (2014-2016 = 100),2020,2020,7021,Annual value,,111.42,E
100,'356,India,414,'01241.90,"Other beans, green",5539,Producer Price Index (2014-2016 = 100),2021,2021,7021,Annual value,,129.17,E
100,'356,India,414,'01241.90,"Other beans, green",5539,Producer Price Index (2014-2016 = 100),2022,2022,7021,Annual value,,137.66,E
100,'356,India,414,'01241.90,"Other beans, green",5539,Producer Price Index (2014-2016 = 100),2023,2023,7021,Annual value,,140.23,E
100,'356,India,414,'01241.90,"Other beans, green",5539,Producer Price Index (2014-2016 = 100),2024,2024,7021,Annual value,,150.6,E
100,'356,India,414,'01241.90,"Other beans, green",5539,Producer Price Index (2014-2016 = 100),2025,2025,7021,Annual value,,160.97,E
100,'356,India,512,'01329,"Other citrus fruit, n.e.c.",5530,Producer Price (LCU/tonne),2001,2001,7021,Annual value,LCU,10075.0,A
100,'356,India,512,'01329,"Other citrus fruit, n.e.c.",5531,Producer Price (SLC/tonne),2001,2001,7021,Annual value,SLC,10075.0,A
100,'356,India,512,'01329,"Other citrus fruit, n.e.c.",5532,Producer Price (USD/tonne),2001,2001,7021,Annual value,USD,213.5,A
100,'356,India,512,'01329,"Other citrus fruit, n.e.c.",5539,Producer Price Index (2014-2016 = 100),1991,1991,7021,Annual value,,14.42,E
100,'356,India,512,'01329,"Other citrus fruit, n.e.c.",5539,Producer Price Index (2014-2016 = 100),1992,1992,7021,Annual value,,16.05,E
100,'356,India,512,'01329,"Other citrus fruit, n.e.c.",5539,Producer Price Index (2014-2016 = 100),1993,1993,7021,Annual value,,21.17,E
100,'356,India,512,'01329,"Other citrus fruit, n.e.c.",5539,Producer Price Index (2014-2016 = 100),1994,1994,7021,Annual value,,22.18,E
100,'356,India,512,'01329,"Other citrus fruit, n.e.c.",5539,Producer Price Index (2014-2016 = 100),1995,1995,7021,Annual value,,22.76,E
100,'356,India,512,'01329,"Other citrus fruit, n.e.c.",5539,Producer Price Index (2014-2016 = 100),1996,1996,7021,Annual value,,28.41,E
100,'356,India,512,'01329,"Other citrus fruit, n.e.c.",5539,Producer Price Index (2014-2016 = 100),1997,1997,7021,Annual value,,31.54,E
100,'356,India,512,'01329,"Other citrus fruit, n.e.c.",5539,Producer Price Index (2014-2016 = 100),1998,1998,7021,Annual value,,32.76,E
100,'356,India,512,'01329,"Other citrus fruit, n.e.c.",5539,Producer Price Index (2014-2016 = 100),1999,1999,7021,Annual value,,31.7,E
100,'356,India,512,'01329,"Other citrus fruit, n.e.c.",5539,Producer Price Index (2014-2016 = 100),2000,2000,7021,Annual value,,30.21,E
100,'356,India,512,'01329,"Other citrus fruit, n.e.c.",5539,Producer Price Index (2014-2016 = 100),2001,2001,7021,Annual value,,32.11,E
100,'356,India,512,'01329,"Other citrus fruit, n.e.c.",5539,Producer Price Index (2014-2016 = 100),2002,2002,7021,Annual value,,36.72,E
100,'356,India,512,'01329,"Other citrus fruit, n.e.c.",5539,Producer Price Index (2014-2016 = 100),2003,2003,7021,Annual value,,39.83,E
100,'356,India,512,'01329,"Other citrus fruit, n.e.c.",5539,Producer Price Index (2014-2016 = 100),2004,2004,7021,Annual value,,42.21,E
100,'356,India,512,'01329,"Other citrus fruit, n.e.c.",5539,Producer Price Index (2014-2016 = 100),2005,2005,7021,Annual value,,45.95,E
100,'356,India,512,'01329,"Other citrus fruit, n.e.c.",5539,Producer Price Index (2014-2016 = 100),2006,2006,7021,Annual value,,48.94,E
100,'356,India,512,'01329,"Other citrus fruit, n.e.c.",5539,Producer Price Index (2014-2016 = 100),2007,2007,7021,Annual value,,60.15,E
100,'356,India,512,'01329,"Other citrus fruit, n.e.c.",5539,Producer Price Index (2014-2016 = 100),2008,2008,7021,Annual value,,59.31,E
100,'356,India,512,'01329,"Other citrus fruit, n.e.c.",5539,Producer Price Index (2014-2016 = 100),2009,2009,7021,Annual value,,65.52,E
100,'356,India,512,'01329,"Other citrus fruit, n.e.c.",5539,Producer Price Index (2014-2016 = 100),2010,2010,7021,Annual value,,77.14,E
100,'356,India,512,'01329,"Other citrus fruit, n.e.c.",5539,Producer Price Index (2014-2016 = 100),2011,2011,7021,Annual value,,84.12,E
100,'356,India,512,'01329,"Other citrus fruit, n.e.c.",5539,Producer Price Index (2014-2016 = 100),2012,2012,7021,Annual value,,91.28,E
100,'356,India,512,'01329,"Other citrus fruit, n.e.c.",5539,Producer Price Index (2014-2016 = 100),2013,2013,7021,Annual value,,87.32,E
100,'356,India,512,'01329,"Other citrus fruit, n.e.c.",5539,Producer Price Index (2014-2016 = 100),2014,2014,7021,Annual value,,94.65,E
100,'356,India,512,'01329,"Other citrus fruit, n.e.c.",5539,Producer Price Index (2014-2016 = 100),2015,2015,7021,Annual value,,100.36,E
100,'356,India,512,'01329,"Other citrus fruit, n.e.c.",5539,Producer Price Index (2014-2016 = 100),2016,2016,7021,Annual value,,104.99,E
100,'356,India,512,'01329,"Other citrus fruit, n.e.c.",5539,Producer Price Index (2014-2016 = 100),2017,2017,7021,Annual value,,110.08,E
100,'356,India,512,'01329,"Other citrus fruit, n.e.c.",5539,Producer Price Index (2014-2016 = 100),2018,2018,7021,Annual value,,109.77,E
100,'356,India,512,'01329,"Other citrus fruit, n.e.c.",5539,Producer Price Index (2014-2016 = 100),2019,2019,7021,Annual value,,108.07,E
100,'356,India,512,'01329,"Other citrus fruit, n.e.c.",5539,Producer Price Index (2014-2016 = 100),2020,2020,7021,Annual value,,89.65,E
100,'356,India,512,'01329,"Other citrus fruit, n.e.c.",5539,Producer Price Index (2014-2016 = 100),2021,2021,7021,Annual value,,106.36,E
100,'356,India,512,'01329,"Other citrus fruit, n.e.c.",5539,Producer Price Index (2014-2016 = 100),2022,2022,7021,Annual value,,120.1,E
100,'356,India,512,'01329,"Other citrus fruit, n.e.c.",5539,Producer Price Index (2014-2016 = 100),2023,2023,7021,Annual value,,121.86,E
100,'356,India,512,'01329,"Other citrus fruit, n.e.c.",5539,Producer Price Index (2014-2016 = 100),2024,2024,7021,Annual value,,134.62,E
100,'356,India,512,'01329,"Other citrus fruit, n.e.c.",5539,Producer Price Index (2014-2016 = 100),2025,2025,7021,Annual value,,145.78,E
100,'356,India,619,'01359.90,"Other fruits, n.e.c.",5530,Producer Price (LCU/tonne),1991,1991,7021,Annual value,LCU,3153.0,X
100,'356,India,619,'01359.90,"Other fruits, n.e.c.",5531,Producer Price (SLC/tonne),1991,1991,7021,Annual value,SLC,3153.0,X
100,'356,India,619,'01359.90,"Other fruits, n.e.c.",5532,Producer Price (USD/tonne),1991,1991,7021,Annual value,USD,138.6,X
100,'356,India,619,'01359.90,"Other fruits, n.e.c.",5539,Producer Price Index (2014-2016 = 100),1991,1991,7021,Annual value,,14.1,E
100,'356,India,619,'01359.90,"Other fruits, n.e.c.",5539,Producer Price Index (2014-2016 = 100),1992,1992,7021,Annual value,,18.59,E
100,'356,India,619,'01359.90,"Other fruits, n.e.c.",5539,Producer Price Index (2014-2016 = 100),1993,1993,7021,Annual value,,19.49,E
100,'356,India,619,'01359.90,"Other fruits, n.e.c.",5539,Producer Price Index (2014-2016 = 100),1994,1994,7021,Annual value,,19.99,E
100,'356,India,619,'01359.90,"Other fruits, n.e.c.",5539,Producer Price Index (2014-2016 = 100),1995,1995,7021,Annual value,,24.95,E
100,'356,India,619,'01359.90,"Other fruits, n.e.c.",5539,Producer Price Index (2014-2016 = 100),1996,1996,7021,Annual value,,27.71,E
100,'356,India,619,'01359.90,"Other fruits, n.e.c.",5539,Producer Price Index (2014-2016 = 100),1997,1997,7021,Annual value,,28.77,E
100,'356,India,619,'01359.90,"Other fruits, n.e.c.",5539,Producer Price Index (2014-2016 = 100),1998,1998,7021,Annual value,,27.84,E
100,'356,India,619,'01359.90,"Other fruits, n.e.c.",5539,Producer Price Index (2014-2016 = 100),1999,1999,7021,Annual value,,26.53,E
100,'356,India,619,'01359.90,"Other fruits, n.e.c.",5539,Producer Price Index (2014-2016 = 100),2000,2000,7021,Annual value,,28.37,E
100,'356,India,619,'01359.90,"Other fruits, n.e.c.",5539,Producer Price Index (2014-2016 = 100),2001,2001,7021,Annual value,,32.44,E
100,'356,India,619,'01359.90,"Other fruits, n.e.c.",5539,Producer Price Index (2014-2016 = 100),2002,2002,7021,Annual value,,37.09,E
100,'356,India,619,'01359.90,"Other fruits, n.e.c.",5539,Producer Price Index (2014-2016 = 100),2003,2003,7021,Annual value,,39.83,E
100,'356,India,619,'01359.90,"Other fruits, n.e.c.",5539,Producer Price Index (2014-2016 = 100),2004,2004,7021,Annual value,,42.21,E
100,'356,India,619,'01359.90,"Other fruits, n.e.c.",5539,Producer Price Index (2014-2016 = 100),2005,2005,7021,Annual value,,45.95,E
100,'356,India,619,'01359.90,"Other fruits, n.e.c.",5539,Producer Price Index (2014-2016 = 100),2006,2006,7021,Annual value,,48.94,E
100,'356,India,619,'01359.90,"Other fruits, n.e.c.",5539,Producer Price Index (2014-2016 = 100),2007,2007,7021,Annual value,,60.15,E
100,'356,India,619,'01359.90,"Other fruits, n.e.c.",5539,Producer Price Index (2014-2016 = 100),2008,2008,7021,Annual value,,59.31,E
100,'356,India,619,'01359.90,"Other fruits, n.e.c.",5539,Producer Price Index (2014-2016 = 100),2009,2009,7021,Annual value,,65.52,E
100,'356,India,619,'01359.90,"Other fruits, n.e.c.",5539,Producer Price Index (2014-2016 = 100),2010,2010,7021,Annual value,,77.14,E
100,'356,India,619,'01359.90,"Other fruits, n.e.c.",5539,Producer Price Index (2014-2016 = 100),2011,2011,7021,Annual value,,84.12,E
100,'356,India,619,'01359.90,"Other fruits, n.e.c.",5539,Producer Price Index (2014-2016 = 100),2012,2012,7021,Annual value,,91.28,E
100,'356,India,619,'01359.90,"Other fruits, n.e.c.",5539,Producer Price Index (2014-2016 = 100),2013,2013,7021,Annual value,,87.32,E
100,'356,India,619,'01359.90,"Other fruits, n.e.c.",5539,Producer Price Index (2014-2016 = 100),2014,2014,7021,Annual value,,94.65,E
100,'356,India,619,'01359.90,"Other fruits, n.e.c.",5539,Producer Price Index (2014-2016 = 100),2015,2015,7021,Annual value,,100.36,E
100,'356,India,619,'01359.90,"Other fruits, n.e.c.",5539,Producer Price Index (2014-2016 = 100),2016,2016,7021,Annual value,,104.99,E
100,'356,India,619,'01359.90,"Other fruits, n.e.c.",5539,Producer Price Index (2014-2016 = 100),2017,2017,7021,Annual value,,110.08,E
100,'356,India,619,'01359.90,"Other fruits, n.e.c.",5539,Producer Price Index (2014-2016 = 100),2018,2018,7021,Annual value,,109.77,E
100,'356,India,619,'01359.90,"Other fruits, n.e.c.",5539,Producer Price Index (2014-2016 = 100),2019,2019,7021,Annual value,,115.84,E
100,'356,India,619,'01359.90,"Other fruits, n.e.c.",5539,Producer Price Index (2014-2016 = 100),2020,2020,7021,Annual value,,110.45,E
100,'356,India,619,'01359.90,"Other fruits, n.e.c.",5539,Producer Price Index (2014-2016 = 100),2021,2021,7021,Annual value,,135.51,E
100,'356,India,619,'01359.90,"Other fruits, n.e.c.",5539,Producer Price Index (2014-2016 = 100),2022,2022,7021,Annual value,,140.52,E
100,'356,India,619,'01359.90,"Other fruits, n.e.c.",5539,Producer Price Index (2014-2016 = 100),2023,2023,7021,Annual value,,144.09,E
100,'356,India,619,'01359.90,"Other fruits, n.e.c.",5539,Producer Price Index (2014-2016 = 100),2024,2024,7021,Annual value,,152.93,E
100,'356,India,619,'01359.90,"Other fruits, n.e.c.",5539,Producer Price Index (2014-2016 = 100),2025,2025,7021,Annual value,,161.76,E
100,'356,India,1166,'21119.90,"Other meat of mammals, fresh or chilled",5539,Producer Price Index (2014-2016 = 100),1991,1991,7021,Annual value,,18.65,E
100,'356,India,1166,'21119.90,"Other meat of mammals, fresh or chilled",5539,Producer Price Index (2014-2016 = 100),1992,1992,7021,Annual value,,20.93,E
100,'356,India,1166,'21119.90,"Other meat of mammals, fresh or chilled",5539,Producer Price Index (2014-2016 = 100),1993,1993,7021,Annual value,,23.87,E
100,'356,India,1166,'21119.90,"Other meat of mammals, fresh or chilled",5539,Producer Price Index (2014-2016 = 100),1994,1994,7021,Annual value,,25.84,E
100,'356,India,1166,'21119.90,"Other meat of mammals, fresh or chilled",5539,Producer Price Index (2014-2016 = 100),1995,1995,7021,Annual value,,28.31,E
100,'356,India,1166,'21119.90,"Other meat of mammals, fresh or chilled",5539,Producer Price Index (2014-2016 = 100),1996,1996,7021,Annual value,,31.87,E
100,'356,India,1166,'21119.90,"Other meat of mammals, fresh or chilled",5539,Producer Price Index (2014-2016 = 100),1997,1997,7021,Annual value,,34.87,E
100,'356,India,1166,'21119.90,"Other meat of mammals, fresh or chilled",5539,Producer Price Index (2014-2016 = 100),1998,1998,7021,Annual value,,35.62,E
100,'356,India,1166,'21119.90,"Other meat of mammals, fresh or chilled",5539,Producer Price Index (2014-2016 = 100),1999,1999,7021,Annual value,,38.21,E
100,'356,India,1166,'21119.90,"Other meat of mammals, fresh or chilled",5539,Producer Price Index (2014-2016 = 100),2000,2000,7021,Annual value,,39.0,E
100,'356,India,1166,'21119.90,"Other meat of mammals, fresh or chilled",5539,Producer Price Index (2014-2016 = 100),2001,2001,7021,Annual value,,39.28,E
100,'356,India,1166,'21119.90,"Other meat of mammals, fresh or chilled",5539,Producer Price Index (2014-2016 = 100),2002,2002,7021,Annual value,,39.11,E
100,'356,India,1166,'21119.90,"Other meat of mammals, fresh or chilled",5539,Producer Price Index (2014-2016 = 100),2003,2003,7021,Annual value,,39.83,E
100,'356,India,1166,'21119.90,"Other meat of mammals, fresh or chilled",5539,Producer Price Index (2014-2016 = 100),2004,2004,7021,Annual value,,42.21,E
100,'356,India,1166,'21119.90,"Other meat of mammals, fresh or chilled",5539,Producer Price Index (2014-2016 = 100),2005,2005,7021,Annual value,,45.95,E
100,'356,India,1166,'21119.90,"Other meat of mammals, fresh or chilled",5539,Producer Price Index (2014-2016 = 100),2006,2006,7021,Annual value,,48.94,E
100,'356,India,1166,'21119.90,"Other meat of mammals, fresh or chilled",5539,Producer Price Index (2014-2016 = 100),2007,2007,7021,Annual value,,60.15,E
100,'356,India,1166,'21119.90,"Other meat of mammals, fresh or chilled",5539,Producer Price Index (2014-2016 = 100),2008,2008,7021,Annual value,,59.31,E
100,'356,India,1166,'21119.90,"Other meat of mammals, fresh or chilled",5539,Producer Price Index (2014-2016 = 100),2009,2009,7021,Annual value,,65.52,E
100,'356,India,1166,'21119.90,"Other meat of mammals, fresh or chilled",5539,Producer Price Index (2014-2016 = 100),2010,2010,7021,Annual value,,77.14,E
100,'356,India,1166,'21119.90,"Other meat of mammals, fresh or chilled",5539,Producer Price Index (2014-2016 = 100),2011,2011,7021,Annual value,,84.12,E
100,'356,India,1166,'21119.90,"Other meat of mammals, fresh or chilled",5539,Producer Price Index (2014-2016 = 100),2012,2012,7021,Annual value,,91.28,E
100,'356,India,1166,'21119.90,"Other meat of mammals, fresh or chilled",5539,Producer Price Index (2014-2016 = 100),2013,2013,7021,Annual value,,87.32,E
100,'356,India,1166,'21119.90,"Other meat of mammals, fresh or chilled",5539,Producer Price Index (2014-2016 = 100),2014,2014,7021,Annual value,,94.65,E
100,'356,India,1166,'21119.90,"Other meat of mammals, fresh or chilled",5539,Producer Price Index (2014-2016 = 100),2015,2015,7021,Annual value,,100.36,E
100,'356,India,1166,'21119.90,"Other meat of mammals, fresh or chilled",5539,Producer Price Index (2014-2016 = 100),2016,2016,7021,Annual value,,104.99,E
100,'356,India,1166,'21119.90,"Other meat of mammals, fresh or chilled",5539,Producer Price Index (2014-2016 = 100),2017,2017,7021,Annual value,,110.08,E
100,'356,India,1166,'21119.90,"Other meat of mammals, fresh or chilled",5539,Producer Price Index (2014-2016 = 100),2018,2018,7021,Annual value,,109.77,E
100,'356,India,1166,'21119.90,"Other meat of mammals, fresh or chilled",5539,Producer Price Index (2014-2016 = 100),2019,2019,7021,Annual value,,117.06,E
100,'356,India,1166,'21119.90,"Other meat of mammals, fresh or chilled",5539,Producer Price Index (2014-2016 = 100),2020,2020,7021,Annual value,,109.46,E
100,'356,India,1166,'21119.90,"Other meat of mammals, fresh or chilled",5539,Producer Price Index (2014-2016 = 100),2021,2021,7021,Annual value,,124.98,E
100,'356,India,1166,'21119.90,"Other meat of mammals, fresh or chilled",5539,Producer Price Index (2014-2016 = 100),2022,2022,7021,Annual value,,132.53,E
100,'356,India,1166,'21119.90,"Other meat of mammals, fresh or chilled",5539,Producer Price Index (2014-2016 = 100),2023,2023,7021,Annual value,,135.03,E
100,'356,India,1166,'21119.90,"Other meat of mammals, fresh or chilled",5539,Producer Price Index (2014-2016 = 100),2024,2024,7021,Annual value,,145.72,E
100,'356,India,1166,'21119.90,"Other meat of mammals, fresh or chilled",5539,Producer Price Index (2014-2016 = 100),2025,2025,7021,Annual value,,154.66,E
100,'356,India,339,'01449.90,"Other oil seeds, n.e.c.",5539,Producer Price Index (2014-2016 = 100),1991,1991,7021,Annual value,,31.03,E
100,'356,India,339,'01449.90,"Other oil seeds, n.e.c.",5539,Producer Price Index (2014-2016 = 100),1992,1992,7021,Annual value,,33.17,E
100,'356,India,339,'01449.90,"Other oil seeds, n.e.c.",5539,Producer Price Index (2014-2016 = 100),1993,1993,7021,Annual value,,35.31,E
100,'356,India,339,'01449.90,"Other oil seeds, n.e.c.",5539,Producer Price Index (2014-2016 = 100),1994,1994,7021,Annual value,,38.03,E
100,'356,India,339,'01449.90,"Other oil seeds, n.e.c.",5539,Producer Price Index (2014-2016 = 100),1995,1995,7021,Annual value,,39.64,E
100,'356,India,339,'01449.90,"Other oil seeds, n.e.c.",5539,Producer Price Index (2014-2016 = 100),1996,1996,7021,Annual value,,35.54,E
100,'356,India,339,'01449.90,"Other oil seeds, n.e.c.",5539,Producer Price Index (2014-2016 = 100),1997,1997,7021,Annual value,,42.4,E
100,'356,India,339,'01449.90,"Other oil seeds, n.e.c.",5539,Producer Price Index (2014-2016 = 100),1998,1998,7021,Annual value,,46.91,E
100,'356,India,339,'01449.90,"Other oil seeds, n.e.c.",5539,Producer Price Index (2014-2016 = 100),1999,1999,7021,Annual value,,50.01,E
100,'356,India,339,'01449.90,"Other oil seeds, n.e.c.",5539,Producer Price Index (2014-2016 = 100),2000,2000,7021,Annual value,,42.82,E
100,'356,India,339,'01449.90,"Other oil seeds, n.e.c.",5539,Producer Price Index (2014-2016 = 100),2001,2001,7021,Annual value,,44.6,E
100,'356,India,339,'01449.90,"Other oil seeds, n.e.c.",5539,Producer Price Index (2014-2016 = 100),2002,2002,7021,Annual value,,44.29,E
100,'356,India,339,'01449.90,"Other oil seeds, n.e.c.",5539,Producer Price Index (2014-2016 = 100),2003,2003,7021,Annual value,,44.13,E
100,'356,India,339,'01449.90,"Other oil seeds, n.e.c.",5539,Producer Price Index (2014-2016 = 100),2004,2004,7021,Annual value,,45.28,E
100,'356,India,339,'01449.90,"Other oil seeds, n.e.c.",5539,Producer Price Index (2014-2016 = 100),2005,2005,7021,Annual value,,45.95,E
100,'356,India,339,'01449.90,"Other oil seeds, n.e.c.",5539,Producer Price Index (2014-2016 = 100),2006,2006,7021,Annual value,,48.94,E
100,'356,India,339,'01449.90,"Other oil seeds, n.e.c.",5539,Producer Price Index (2014-2016 = 100),2007,2007,7021,Annual value,,60.15,E
100,'356,India,339,'01449.90,"Other oil seeds, n.e.c.",5539,Producer Price Index (2014-2016 = 100),2008,2008,7021,Annual value,,59.31,E
100,'356,India,339,'01449.90,"Other oil seeds, n.e.c.",5539,Producer Price Index (2014-2016 = 100),2009,2009,7021,Annual value,,65.52,E
100,'356,India,339,'01449.90,"Other oil seeds, n.e.c.",5539,Producer Price Index (2014-2016 = 100),2010,2010,7021,Annual value,,77.14,E
100,'356,India,339,'01449.90,"Other oil seeds, n.e.c.",5539,Producer Price Index (2014-2016 = 100),2011,2011,7021,Annual value,,84.12,E
100,'356,India,339,'01449.90,"Other oil seeds, n.e.c.",5539,Producer Price Index (2014-2016 = 100),2012,2012,7021,Annual value,,91.28,E
100,'356,India,339,'01449.90,"Other oil seeds, n.e.c.",5539,Producer Price Index (2014-2016 = 100),2013,2013,7021,Annual value,,87.32,E
100,'356,India,339,'01449.90,"Other oil seeds, n.e.c.",5539,Producer Price Index (2014-2016 = 100),2014,2014,7021,Annual value,,94.65,E
100,'356,India,339,'01449.90,"Other oil seeds, n.e.c.",5539,Producer Price Index (2014-2016 = 100),2015,2015,7021,Annual value,,100.36,E
100,'356,India,339,'01449.90,"Other oil seeds, n.e.c.",5539,Producer Price Index (2014-2016 = 100),2016,2016,7021,Annual value,,104.99,E
100,'356,India,339,'01449.90,"Other oil seeds, n.e.c.",5539,Producer Price Index (2014-2016 = 100),2017,2017,7021,Annual value,,110.08,E
100,'356,India,339,'01449.90,"Other oil seeds, n.e.c.",5539,Producer Price Index (2014-2016 = 100),2018,2018,7021,Annual value,,109.77,E
100,'356,India,339,'01449.90,"Other oil seeds, n.e.c.",5539,Producer Price Index (2014-2016 = 100),2019,2019,7021,Annual value,,116.85,E
100,'356,India,339,'01449.90,"Other oil seeds, n.e.c.",5539,Producer Price Index (2014-2016 = 100),2020,2020,7021,Annual value,,116.89,E
100,'356,India,339,'01449.90,"Other oil seeds, n.e.c.",5539,Producer Price Index (2014-2016 = 100),2021,2021,7021,Annual value,,123.9,E
100,'356,India,339,'01449.90,"Other oil seeds, n.e.c.",5539,Producer Price Index (2014-2016 = 100),2022,2022,7021,Annual value,,127.06,E
100,'356,India,339,'01449.90,"Other oil seeds, n.e.c.",5539,Producer Price Index (2014-2016 = 100),2023,2023,7021,Annual value,,127.18,E
100,'356,India,339,'01449.90,"Other oil seeds, n.e.c.",5539,Producer Price Index (2014-2016 = 100),2024,2024,7021,Annual value,,138.53,E
100,'356,India,339,'01449.90,"Other oil seeds, n.e.c.",5539,Producer Price Index (2014-2016 = 100),2025,2025,7021,Annual value,,145.21,E
100,'356,India,211,'01709.90,Other pulses n.e.c.,5539,Producer Price Index (2014-2016 = 100),1991,1991,7021,Annual value,,9.79,E
100,'356,India,211,'01709.90,Other pulses n.e.c.,5539,Producer Price Index (2014-2016 = 100),1992,1992,7021,Annual value,,10.83,E
100,'356,India,211,'01709.90,Other pulses n.e.c.,5539,Producer Price Index (2014-2016 = 100),1993,1993,7021,Annual value,,13.25,E
100,'356,India,211,'01709.90,Other pulses n.e.c.,5539,Producer Price Index (2014-2016 = 100),1994,1994,7021,Annual value,,14.82,E
100,'356,India,211,'01709.90,Other pulses n.e.c.,5539,Producer Price Index (2014-2016 = 100),1995,1995,7021,Annual value,,17.46,E
100,'356,India,211,'01709.90,Other pulses n.e.c.,5539,Producer Price Index (2014-2016 = 100),1996,1996,7021,Annual value,,17.29,E
100,'356,India,211,'01709.90,Other pulses n.e.c.,5539,Producer Price Index (2014-2016 = 100),1997,1997,7021,Annual value,,16.74,E
100,'356,India,211,'01709.90,Other pulses n.e.c.,5539,Producer Price Index (2014-2016 = 100),1998,1998,7021,Annual value,,19.94,E
100,'356,India,211,'01709.90,Other pulses n.e.c.,5539,Producer Price Index (2014-2016 = 100),1999,1999,7021,Annual value,,18.65,E
100,'356,India,211,'01709.90,Other pulses n.e.c.,5539,Producer Price Index (2014-2016 = 100),2000,2000,7021,Annual value,,32.93,E
100,'356,India,211,'01709.90,Other pulses n.e.c.,5539,Producer Price Index (2014-2016 = 100),2001,2001,7021,Annual value,,34.65,E
100,'356,India,211,'01709.90,Other pulses n.e.c.,5539,Producer Price Index (2014-2016 = 100),2002,2002,7021,Annual value,,36.72,E
100,'356,India,211,'01709.90,Other pulses n.e.c.,5539,Producer Price Index (2014-2016 = 100),2003,2003,7021,Annual value,,39.83,E
100,'356,India,211,'01709.90,Other pulses n.e.c.,5539,Producer Price Index (2014-2016 = 100),2004,2004,7021,Annual value,,42.21,E
100,'356,India,211,'01709.90,Other pulses n.e.c.,5539,Producer Price Index (2014-2016 = 100),2005,2005,7021,Annual value,,45.95,E
100,'356,India,211,'01709.90,Other pulses n.e.c.,5539,Producer Price Index (2014-2016 = 100),2006,2006,7021,Annual value,,48.94,E
100,'356,India,211,'01709.90,Other pulses n.e.c.,5539,Producer Price Index (2014-2016 = 100),2007,2007,7021,Annual value,,60.15,E
100,'356,India,211,'01709.90,Other pulses n.e.c.,5539,Producer Price Index (2014-2016 = 100),2008,2008,7021,Annual value,,59.31,E
100,'356,India,211,'01709.90,Other pulses n.e.c.,5539,Producer Price Index (2014-2016 = 100),2009,2009,7021,Annual value,,65.52,E
100,'356,India,211,'01709.90,Other pulses n.e.c.,5539,Producer Price Index (2014-2016 = 100),2010,2010,7021,Annual value,,77.14,E
100,'356,India,211,'01709.90,Other pulses n.e.c.,5539,Producer Price Index (2014-2016 = 100),2011,2011,7021,Annual value,,84.12,E
100,'356,India,211,'01709.90,Other pulses n.e.c.,5539,Producer Price Index (2014-2016 = 100),2012,2012,7021,Annual value,,91.28,E
100,'356,India,211,'01709.90,Other pulses n.e.c.,5539,Producer Price Index (2014-2016 = 100),2013,2013,7021,Annual value,,87.32,E
100,'356,India,211,'01709.90,Other pulses n.e.c.,5539,Producer Price Index (2014-2016 = 100),2014,2014,7021,Annual value,,94.65,E
100,'356,India,211,'01709.90,Other pulses n.e.c.,5539,Producer Price Index (2014-2016 = 100),2015,2015,7021,Annual value,,100.36,E
100,'356,India,211,'01709.90,Other pulses n.e.c.,5539,Producer Price Index (2014-2016 = 100),2016,2016,7021,Annual value,,104.99,E
100,'356,India,211,'01709.90,Other pulses n.e.c.,5539,Producer Price Index (2014-2016 = 100),2017,2017,7021,Annual value,,110.08,E
100,'356,India,211,'01709.90,Other pulses n.e.c.,5539,Producer Price Index (2014-2016 = 100),2018,2018,7021,Annual value,,109.77,E
100,'356,India,211,'01709.90,Other pulses n.e.c.,5539,Producer Price Index (2014-2016 = 100),2019,2019,7021,Annual value,,118.26,E
100,'356,India,211,'01709.90,Other pulses n.e.c.,5539,Producer Price Index (2014-2016 = 100),2020,2020,7021,Annual value,,109.24,E
100,'356,India,211,'01709.90,Other pulses n.e.c.,5539,Producer Price Index (2014-2016 = 100),2021,2021,7021,Annual value,,131.98,E
100,'356,India,211,'01709.90,Other pulses n.e.c.,5539,Producer Price Index (2014-2016 = 100),2022,2022,7021,Annual value,,144.0,E
100,'356,India,211,'01709.90,Other pulses n.e.c.,5539,Producer Price Index (2014-2016 = 100),2023,2023,7021,Annual value,,148.58,E
100,'356,India,211,'01709.90,Other pulses n.e.c.,5539,Producer Price Index (2014-2016 = 100),2024,2024,7021,Annual value,,154.55,E
100,'356,India,211,'01709.90,Other pulses n.e.c.,5539,Producer Price Index (2014-2016 = 100),2025,2025,7021,Annual value,,160.53,E
100,'356,India,723,'01699,"Other stimulant, spice and aromatic crops, n.e.c.",5530,Producer Price (LCU/tonne),1991,1991,7021,Annual value,LCU,18534.0,A
100,'356,India,723,'01699,"Other stimulant, spice and aromatic crops, n.e.c.",5530,Producer Price (LCU/tonne),1992,1992,7021,Annual value,LCU,15563.0,A
100,'356,India,723,'01699,"Other stimulant, spice and aromatic crops, n.e.c.",5530,Producer Price (LCU/tonne),1993,1993,7021,Annual value,LCU,12486.0,A
100,'356,India,723,'01699,"Other stimulant, spice and aromatic crops, n.e.c.",5530,Producer Price (LCU/tonne),1994,1994,7021,Annual value,LCU,14754.0,A
100,'356,India,723,'01699,"Other stimulant, spice and aromatic crops, n.e.c.",5530,Producer Price (LCU/tonne),1995,1995,7021,Annual value,LCU,18030.0,A
100,'356,India,723,'01699,"Other stimulant, spice and aromatic crops, n.e.c.",5530,Producer Price (LCU/tonne),1996,1996,7021,Annual value,LCU,16270.0,A
100,'356,India,723,'01699,"Other stimulant, spice and aromatic crops, n.e.c.",5530,Producer Price (LCU/tonne),1997,1997,7021,Annual value,LCU,16644.0,A
100,'356,India,723,'01699,"Other stimulant, spice and aromatic crops, n.e.c.",5530,Producer Price (LCU/tonne),1998,1998,7021,Annual value,LCU,21823.0,A
100,'356,India,723,'01699,"Other stimulant, spice and aromatic crops, n.e.c.",5530,Producer Price (LCU/tonne),1999,1999,7021,Annual value,LCU,25850.0,A
100,'356,India,723,'01699,"Other stimulant, spice and aromatic crops, n.e.c.",5530,Producer Price (LCU/tonne),2000,2000,7021,Annual value,LCU,24008.0,A
100,'356,India,723,'01699,"Other stimulant, spice and aromatic crops, n.e.c.",5530,Producer Price (LCU/tonne),2001,2001,7021,Annual value,LCU,18186.3,A
100,'356,India,723,'01699,"Other stimulant, spice and aromatic crops, n.e.c.",5530,Producer Price (LCU/tonne),2002,2002,7021,Annual value,LCU,18858.8,A
100,'356,India,723,'01699,"Other stimulant, spice and aromatic crops, n.e.c.",5530,Producer Price (LCU/tonne),2003,2003,7021,Annual value,LCU,20273.8,A
100,'356,India,723,'01699,"Other stimulant, spice and aromatic crops, n.e.c.",5530,Producer Price (LCU/tonne),2004,2004,7021,Annual value,LCU,20377.8,A
100,'356,India,723,'01699,"Other stimulant, spice and aromatic crops, n.e.c.",5530,Producer Price (LCU/tonne),2005,2005,7021,Annual value,LCU,19472.0,A
100,'356,India,723,'01699,"Other stimulant, spice and aromatic crops, n.e.c.",5530,Producer Price (LCU/tonne),2006,2006,7021,Annual value,LCU,22039.0,A
100,'356,India,723,'01699,"Other stimulant, spice and aromatic crops, n.e.c.",5531,Producer Price (SLC/tonne),1991,1991,7021,Annual value,SLC,18534.0,A
100,'356,India,723,'01699,"Other stimulant, spice and aromatic crops, n.e.c.",5531,Producer Price (SLC/tonne),1992,1992,7021,Annual value,SLC,15563.0,A
100,'356,India,723,'01699,"Other stimulant, spice and aromatic crops, n.e.c.",5531,Producer Price (SLC/tonne),1993,1993,7021,Annual value,SLC,12486.0,A
100,'356,India,723,'01699,"Other stimulant, spice and aromatic crops, n.e.c.",5531,Producer Price (SLC/tonne),1994,1994,7021,Annual value,SLC,14754.0,A
100,'356,India,723,'01699,"Other stimulant, spice and aromatic crops, n.e.c.",5531,Producer Price (SLC/tonne),1995,1995,7021,Annual value,SLC,18030.0,A
100,'356,India,723,'01699,"Other stimulant, spice and aromatic crops, n.e.c.",5531,Producer Price (SLC/tonne),1996,1996,7021,Annual value,SLC,16270.0,A
100,'356,India,723,'01699,"Other stimulant, spice and aromatic crops, n.e.c.",5531,Producer Price (SLC/tonne),1997,1997,7021,Annual value,SLC,16644.0,A
100,'356,India,723,'01699,"Other stimulant, spice and aromatic crops, n.e.c.",5531,Producer Price (SLC/tonne),1998,1998,7021,Annual value,SLC,21823.0,A
100,'356,India,723,'01699,"Other stimulant, spice and aromatic crops, n.e.c.",5531,Producer Price (SLC/tonne),1999,1999,7021,Annual value,SLC,25850.0,A
100,'356,India,723,'01699,"Other stimulant, spice and aromatic crops, n.e.c.",5531,Producer Price (SLC/tonne),2000,2000,7021,Annual value,SLC,24008.0,A
100,'356,India,723,'01699,"Other stimulant, spice and aromatic crops, n.e.c.",5531,Producer Price (SLC/tonne),2001,2001,7021,Annual value,SLC,18186.3,A
100,'356,India,723,'01699,"Other stimulant, spice and aromatic crops, n.e.c.",5531,Producer Price (SLC/tonne),2002,2002,7021,Annual value,SLC,18858.8,A
100,'356,India,723,'01699,"Other stimulant, spice and aromatic crops, n.e.c.",5531,Producer Price (SLC/tonne),2003,2003,7021,Annual value,SLC,20273.8,A
100,'356,India,723,'01699,"Other stimulant, spice and aromatic crops, n.e.c.",5531,Producer Price (SLC/tonne),2004,2004,7021,Annual value,SLC,20377.8,A
100,'356,India,723,'01699,"Other stimulant, spice and aromatic crops, n.e.c.",5531,Producer Price (SLC/tonne),2005,2005,7021,Annual value,SLC,19472.0,A
100,'356,India,723,'01699,"Other stimulant, spice and aromatic crops, n.e.c.",5531,Producer Price (SLC/tonne),2006,2006,7021,Annual value,SLC,22039.0,A
100,'356,India,723,'01699,"Other stimulant, spice and aromatic crops, n.e.c.",5532,Producer Price (USD/tonne),1991,1991,7021,Annual value,USD,815.0,A
100,'356,India,723,'01699,"Other stimulant, spice and aromatic crops, n.e.c.",5532,Producer Price (USD/tonne),1992,1992,7021,Annual value,USD,600.5,A
100,'356,India,723,'01699,"Other stimulant, spice and aromatic crops, n.e.c.",5532,Producer Price (USD/tonne),1993,1993,7021,Annual value,USD,409.5,A
100,'356,India,723,'01699,"Other stimulant, spice and aromatic crops, n.e.c.",5532,Producer Price (USD/tonne),1994,1994,7021,Annual value,USD,470.3,A
100,'356,India,723,'01699,"Other stimulant, spice and aromatic crops, n.e.c.",5532,Producer Price (USD/tonne),1995,1995,7021,Annual value,USD,556.0,A
100,'356,India,723,'01699,"Other stimulant, spice and aromatic crops, n.e.c.",5532,Producer Price (USD/tonne),1996,1996,7021,Annual value,USD,459.2,A
100,'356,India,723,'01699,"Other stimulant, spice and aromatic crops, n.e.c.",5532,Producer Price (USD/tonne),1997,1997,7021,Annual value,USD,458.3,A
100,'356,India,723,'01699,"Other stimulant, spice and aromatic crops, n.e.c.",5532,Producer Price (USD/tonne),1998,1998,7021,Annual value,USD,528.9,A
100,'356,India,723,'01699,"Other stimulant, spice and aromatic crops, n.e.c.",5532,Producer Price (USD/tonne),1999,1999,7021,Annual value,USD,600.4,A
100,'356,India,723,'01699,"Other stimulant, spice and aromatic crops, n.e.c.",5532,Producer Price (USD/tonne),2000,2000,7021,Annual value,USD,534.2,A
100,'356,India,723,'01699,"Other stimulant, spice and aromatic crops, n.e.c.",5532,Producer Price (USD/tonne),2001,2001,7021,Annual value,USD,385.4,A
100,'356,India,723,'01699,"Other stimulant, spice and aromatic crops, n.e.c.",5532,Producer Price (USD/tonne),2002,2002,7021,Annual value,USD,388.0,A
100,'356,India,723,'01699,"Other stimulant, spice and aromatic crops, n.e.c.",5532,Producer Price (USD/tonne),2003,2003,7021,Annual value,USD,435.2,A
100,'356,India,723,'01699,"Other stimulant, spice and aromatic crops, n.e.c.",5532,Producer Price (USD/tonne),2004,2004,7021,Annual value,USD,449.7,A
100,'356,India,723,'01699,"Other stimulant, spice and aromatic crops, n.e.c.",5532,Producer Price (USD/tonne),2005,2005,7021,Annual value,USD,441.5,A
100,'356,India,723,'01699,"Other stimulant, spice and aromatic crops, n.e.c.",5532,Producer Price (USD/tonne),2006,2006,7021,Annual value,USD,486.4,A
100,'356,India,723,'01699,"Other stimulant, spice and aromatic crops, n.e.c.",5539,Producer Price Index (2014-2016 = 100),1991,1991,7021,Annual value,,41.15,E
100,'356,India,723,'01699,"Other stimulant, spice and aromatic crops, n.e.c.",5539,Producer Price Index (2014-2016 = 100),1992,1992,7021,Annual value,,34.56,E
100,'356,India,723,'01699,"Other stimulant, spice and aromatic crops, n.e.c.",5539,Producer Price Index (2014-2016 = 100),1993,1993,7021,Annual value,,27.72,E
100,'356,India,723,'01699,"Other stimulant, spice and aromatic crops, n.e.c.",5539,Producer Price Index (2014-2016 = 100),1994,1994,7021,Annual value,,32.76,E
100,'356,India,723,'01699,"Other stimulant, spice and aromatic crops, n.e.c.",5539,Producer Price Index (2014-2016 = 100),1995,1995,7021,Annual value,,40.03,E
100,'356,India,723,'01699,"Other stimulant, spice and aromatic crops, n.e.c.",5539,Producer Price Index (2014-2016 = 100),1996,1996,7021,Annual value,,36.13,E
100,'356,India,723,'01699,"Other stimulant, spice and aromatic crops, n.e.c.",5539,Producer Price Index (2014-2016 = 100),1997,1997,7021,Annual value,,36.96,E
100,'356,India,723,'01699,"Other stimulant, spice and aromatic crops, n.e.c.",5539,Producer Price Index (2014-2016 = 100),1998,1998,7021,Annual value,,48.46,E
100,'356,India,723,'01699,"Other stimulant, spice and aromatic crops, n.e.c.",5539,Producer Price Index (2014-2016 = 100),1999,1999,7021,Annual value,,57.4,E
100,'356,India,723,'01699,"Other stimulant, spice and aromatic crops, n.e.c.",5539,Producer Price Index (2014-2016 = 100),2000,2000,7021,Annual value,,53.31,E
100,'356,India,723,'01699,"Other stimulant, spice and aromatic crops, n.e.c.",5539,Producer Price Index (2014-2016 = 100),2001,2001,7021,Annual value,,40.38,E
100,'356,India,723,'01699,"Other stimulant, spice and aromatic crops, n.e.c.",5539,Producer Price Index (2014-2016 = 100),2002,2002,7021,Annual value,,41.87,E
100,'356,India,723,'01699,"Other stimulant, spice and aromatic crops, n.e.c.",5539,Producer Price Index (2014-2016 = 100),2003,2003,7021,Annual value,,45.02,E
100,'356,India,723,'01699,"Other stimulant, spice and aromatic crops, n.e.c.",5539,Producer Price Index (2014-2016 = 100),2004,2004,7021,Annual value,,45.25,E
100,'356,India,723,'01699,"Other stimulant, spice and aromatic crops, n.e.c.",5539,Producer Price Index (2014-2016 = 100),2005,2005,7021,Annual value,,43.24,E
100,'356,India,723,'01699,"Other stimulant, spice and aromatic crops, n.e.c.",5539,Producer Price Index (2014-2016 = 100),2006,2006,7021,Annual value,,48.94,E
100,'356,India,723,'01699,"Other stimulant, spice and aromatic crops, n.e.c.",5539,Producer Price Index (2014-2016 = 100),2007,2007,7021,Annual value,,60.15,E
100,'356,India,723,'01699,"Other stimulant, spice and aromatic crops, n.e.c.",5539,Producer Price Index (2014-2016 = 100),2008,2008,7021,Annual value,,59.31,E
100,'356,India,723,'01699,"Other stimulant, spice and aromatic crops, n.e.c.",5539,Producer Price Index (2014-2016 = 100),2009,2009,7021,Annual value,,65.52,E
100,'356,India,723,'01699,"Other stimulant, spice and aromatic crops, n.e.c.",5539,Producer Price Index (2014-2016 = 100),2010,2010,7021,Annual value,,77.14,E
100,'356,India,723,'01699,"Other stimulant, spice and aromatic crops, n.e.c.",5539,Producer Price Index (2014-2016 = 100),2011,2011,7021,Annual value,,84.12,E
100,'356,India,723,'01699,"Other stimulant, spice and aromatic crops, n.e.c.",5539,Producer Price Index (2014-2016 = 100),2012,2012,7021,Annual value,,91.28,E
100,'356,India,723,'01699,"Other stimulant, spice and aromatic crops, n.e.c.",5539,Producer Price Index (2014-2016 = 100),2013,2013,7021,Annual value,,87.32,E
100,'356,India,723,'01699,"Other stimulant, spice and aromatic crops, n.e.c.",5539,Producer Price Index (2014-2016 = 100),2014,2014,7021,Annual value,,94.65,E
100,'356,India,723,'01699,"Other stimulant, spice and aromatic crops, n.e.c.",5539,Producer Price Index (2014-2016 = 100),2015,2015,7021,Annual value,,100.36,E
100,'356,India,723,'01699,"Other stimulant, spice and aromatic crops, n.e.c.",5539,Producer Price Index (2014-2016 = 100),2016,2016,7021,Annual value,,104.99,E
100,'356,India,723,'01699,"Other stimulant, spice and aromatic crops, n.e.c.",5539,Producer Price Index (2014-2016 = 100),2017,2017,7021,Annual value,,110.08,E
100,'356,India,723,'01699,"Other stimulant, spice and aromatic crops, n.e.c.",5539,Producer Price Index (2014-2016 = 100),2018,2018,7021,Annual value,,109.77,E
100,'356,India,723,'01699,"Other stimulant, spice and aromatic crops, n.e.c.",5539,Producer Price Index (2014-2016 = 100),2019,2019,7021,Annual value,,114.91,E
100,'356,India,723,'01699,"Other stimulant, spice and aromatic crops, n.e.c.",5539,Producer Price Index (2014-2016 = 100),2020,2020,7021,Annual value,,105.85,E
100,'356,India,723,'01699,"Other stimulant, spice and aromatic crops, n.e.c.",5539,Producer Price Index (2014-2016 = 100),2021,2021,7021,Annual value,,113.83,E
100,'356,India,723,'01699,"Other stimulant, spice and aromatic crops, n.e.c.",5539,Producer Price Index (2014-2016 = 100),2022,2022,7021,Annual value,,119.61,E
100,'356,India,723,'01699,"Other stimulant, spice and aromatic crops, n.e.c.",5539,Producer Price Index (2014-2016 = 100),2023,2023,7021,Annual value,,121.96,E
100,'356,India,723,'01699,"Other stimulant, spice and aromatic crops, n.e.c.",5539,Producer Price Index (2014-2016 = 100),2024,2024,7021,Annual value,,134.64,E
100,'356,India,723,'01699,"Other stimulant, spice and aromatic crops, n.e.c.",5539,Producer Price Index (2014-2016 = 100),2025,2025,7021,Annual value,,141.8,E
100,'356,India,541,'01349.20,Other stone fruits,5539,Producer Price Index (2014-2016 = 100),1991,1991,7021,Annual value,,15.0,E
100,'356,India,541,'01349.20,Other stone fruits,5539,Producer Price Index (2014-2016 = 100),1992,1992,7021,Annual value,,19.78,E
100,'356,India,541,'01349.20,Other stone fruits,5539,Producer Price Index (2014-2016 = 100),1993,1993,7021,Annual value,,20.73,E
100,'356,India,541,'01349.20,Other stone fruits,5539,Producer Price Index (2014-2016 = 100),1994,1994,7021,Annual value,,21.27,E
100,'356,India,541,'01349.20,Other stone fruits,5539,Producer Price Index (2014-2016 = 100),1995,1995,7021,Annual value,,26.55,E
100,'356,India,541,'01349.20,Other stone fruits,5539,Producer Price Index (2014-2016 = 100),1996,1996,7021,Annual value,,29.48,E
100,'356,India,541,'01349.20,Other stone fruits,5539,Producer Price Index (2014-2016 = 100),1997,1997,7021,Annual value,,30.61,E
100,'356,India,541,'01349.20,Other stone fruits,5539,Producer Price Index (2014-2016 = 100),1998,1998,7021,Annual value,,29.62,E
100,'356,India,541,'01349.20,Other stone fruits,5539,Producer Price Index (2014-2016 = 100),1999,1999,7021,Annual value,,28.23,E
100,'356,India,541,'01349.20,Other stone fruits,5539,Producer Price Index (2014-2016 = 100),2000,2000,7021,Annual value,,30.19,E
100,'356,India,541,'01349.20,Other stone fruits,5539,Producer Price Index (2014-2016 = 100),2001,2001,7021,Annual value,,40.02,E
100,'356,India,541,'01349.20,Other stone fruits,5539,Producer Price Index (2014-2016 = 100),2002,2002,7021,Annual value,,45.68,E
100,'356,India,541,'01349.20,Other stone fruits,5539,Producer Price Index (2014-2016 = 100),2003,2003,7021,Annual value,,42.38,E
100,'356,India,541,'01349.20,Other stone fruits,5539,Producer Price Index (2014-2016 = 100),2004,2004,7021,Annual value,,44.61,E
100,'356,India,541,'01349.20,Other stone fruits,5539,Producer Price Index (2014-2016 = 100),2005,2005,7021,Annual value,,45.95,E
100,'356,India,541,'01349.20,Other stone fruits,5539,Producer Price Index (2014-2016 = 100),2006,2006,7021,Annual value,,48.94,E
100,'356,India,541,'01349.20,Other stone fruits,5539,Producer Price Index (2014-2016 = 100),2007,2007,7021,Annual value,,60.15,E
100,'356,India,541,'01349.20,Other stone fruits,5539,Producer Price Index (2014-2016 = 100),2008,2008,7021,Annual value,,59.31,E
100,'356,India,541,'01349.20,Other stone fruits,5539,Producer Price Index (2014-2016 = 100),2009,2009,7021,Annual value,,65.52,E
100,'356,India,541,'01349.20,Other stone fruits,5539,Producer Price Index (2014-2016 = 100),2010,2010,7021,Annual value,,77.14,E
100,'356,India,541,'01349.20,Other stone fruits,5539,Producer Price Index (2014-2016 = 100),2011,2011,7021,Annual value,,84.12,E
100,'356,India,541,'01349.20,Other stone fruits,5539,Producer Price Index (2014-2016 = 100),2012,2012,7021,Annual value,,91.28,E
100,'356,India,541,'01349.20,Other stone fruits,5539,Producer Price Index (2014-2016 = 100),2013,2013,7021,Annual value,,87.32,E
100,'356,India,541,'01349.20,Other stone fruits,5539,Producer Price Index (2014-2016 = 100),2014,2014,7021,Annual value,,94.65,E
100,'356,India,541,'01349.20,Other stone fruits,5539,Producer Price Index (2014-2016 = 100),2015,2015,7021,Annual value,,100.36,E
100,'356,India,541,'01349.20,Other stone fruits,5539,Producer Price Index (2014-2016 = 100),2016,2016,7021,Annual value,,104.99,E
100,'356,India,541,'01349.20,Other stone fruits,5539,Producer Price Index (2014-2016 = 100),2017,2017,7021,Annual value,,110.08,E
100,'356,India,541,'01349.20,Other stone fruits,5539,Producer Price Index (2014-2016 = 100),2018,2018,7021,Annual value,,109.77,E
100,'356,India,541,'01349.20,Other stone fruits,5539,Producer Price Index (2014-2016 = 100),2019,2019,7021,Annual value,,124.14,E
100,'356,India,541,'01349.20,Other stone fruits,5539,Producer Price Index (2014-2016 = 100),2020,2020,7021,Annual value,,113.48,E
100,'356,India,541,'01349.20,Other stone fruits,5539,Producer Price Index (2014-2016 = 100),2021,2021,7021,Annual value,,133.26,E
100,'356,India,541,'01349.20,Other stone fruits,5539,Producer Price Index (2014-2016 = 100),2022,2022,7021,Annual value,,137.63,E
100,'356,India,541,'01349.20,Other stone fruits,5539,Producer Price Index (2014-2016 = 100),2023,2023,7021,Annual value,,139.6,E
100,'356,India,541,'01349.20,Other stone fruits,5539,Producer Price Index (2014-2016 = 100),2024,2024,7021,Annual value,,152.63,E
100,'356,India,541,'01349.20,Other stone fruits,5539,Producer Price Index (2014-2016 = 100),2025,2025,7021,Annual value,,165.66,E
100,'356,India,603,'01319,"Other tropical fruits, n.e.c.",5530,Producer Price (LCU/tonne),1991,1991,7021,Annual value,LCU,6821.0,X
100,'356,India,603,'01319,"Other tropical fruits, n.e.c.",5530,Producer Price (LCU/tonne),2001,2001,7021,Annual value,LCU,15190.0,A
100,'356,India,603,'01319,"Other tropical fruits, n.e.c.",5531,Producer Price (SLC/tonne),1991,1991,7021,Annual value,SLC,6821.0,X
100,'356,India,603,'01319,"Other tropical fruits, n.e.c.",5531,Producer Price (SLC/tonne),2001,2001,7021,Annual value,SLC,15190.0,A
100,'356,India,603,'01319,"Other tropical fruits, n.e.c.",5532,Producer Price (USD/tonne),1991,1991,7021,Annual value,USD,299.9,X
100,'356,India,603,'01319,"Other tropical fruits, n.e.c.",5532,Producer Price (USD/tonne),2001,2001,7021,Annual value,USD,321.9,A
100,'356,India,603,'01319,"Other tropical fruits, n.e.c.",5539,Producer Price Index (2014-2016 = 100),1991,1991,7021,Annual value,,16.07,E
100,'356,India,603,'01319,"Other tropical fruits, n.e.c.",5539,Producer Price Index (2014-2016 = 100),1992,1992,7021,Annual value,,17.89,E
100,'356,India,603,'01319,"Other tropical fruits, n.e.c.",5539,Producer Price Index (2014-2016 = 100),1993,1993,7021,Annual value,,23.58,E
100,'356,India,603,'01319,"Other tropical fruits, n.e.c.",5539,Producer Price Index (2014-2016 = 100),1994,1994,7021,Annual value,,24.72,E
100,'356,India,603,'01319,"Other tropical fruits, n.e.c.",5539,Producer Price Index (2014-2016 = 100),1995,1995,7021,Annual value,,25.36,E
100,'356,India,603,'01319,"Other tropical fruits, n.e.c.",5539,Producer Price Index (2014-2016 = 100),1996,1996,7021,Annual value,,31.65,E
100,'356,India,603,'01319,"Other tropical fruits, n.e.c.",5539,Producer Price Index (2014-2016 = 100),1997,1997,7021,Annual value,,35.14,E
100,'356,India,603,'01319,"Other tropical fruits, n.e.c.",5539,Producer Price Index (2014-2016 = 100),1998,1998,7021,Annual value,,36.5,E
100,'356,India,603,'01319,"Other tropical fruits, n.e.c.",5539,Producer Price Index (2014-2016 = 100),1999,1999,7021,Annual value,,35.32,E
100,'356,India,603,'01319,"Other tropical fruits, n.e.c.",5539,Producer Price Index (2014-2016 = 100),2000,2000,7021,Annual value,,33.66,E
100,'356,India,603,'01319,"Other tropical fruits, n.e.c.",5539,Producer Price Index (2014-2016 = 100),2001,2001,7021,Annual value,,35.78,E
100,'356,India,603,'01319,"Other tropical fruits, n.e.c.",5539,Producer Price Index (2014-2016 = 100),2002,2002,7021,Annual value,,36.72,E
100,'356,India,603,'01319,"Other tropical fruits, n.e.c.",5539,Producer Price Index (2014-2016 = 100),2003,2003,7021,Annual value,,39.83,E
100,'356,India,603,'01319,"Other tropical fruits, n.e.c.",5539,Producer Price Index (2014-2016 = 100),2004,2004,7021,Annual value,,42.21,E
100,'356,India,603,'01319,"Other tropical fruits, n.e.c.",5539,Producer Price Index (2014-2016 = 100),2005,2005,7021,Annual value,,45.95,E
100,'356,India,603,'01319,"Other tropical fruits, n.e.c.",5539,Producer Price Index (2014-2016 = 100),2006,2006,7021,Annual value,,48.94,E
100,'356,India,603,'01319,"Other tropical fruits, n.e.c.",5539,Producer Price Index (2014-2016 = 100),2007,2007,7021,Annual value,,60.15,E
100,'356,India,603,'01319,"Other tropical fruits, n.e.c.",5539,Producer Price Index (2014-2016 = 100),2008,2008,7021,Annual value,,59.31,E
100,'356,India,603,'01319,"Other tropical fruits, n.e.c.",5539,Producer Price Index (2014-2016 = 100),2009,2009,7021,Annual value,,65.52,E
100,'356,India,603,'01319,"Other tropical fruits, n.e.c.",5539,Producer Price Index (2014-2016 = 100),2010,2010,7021,Annual value,,77.14,E
100,'356,India,603,'01319,"Other tropical fruits, n.e.c.",5539,Producer Price Index (2014-2016 = 100),2011,2011,7021,Annual value,,84.12,E
100,'356,India,603,'01319,"Other tropical fruits, n.e.c.",5539,Producer Price Index (2014-2016 = 100),2012,2012,7021,Annual value,,91.28,E
100,'356,India,603,'01319,"Other tropical fruits, n.e.c.",5539,Producer Price Index (2014-2016 = 100),2013,2013,7021,Annual value,,87.32,E
100,'356,India,603,'01319,"Other tropical fruits, n.e.c.",5539,Producer Price Index (2014-2016 = 100),2014,2014,7021,Annual value,,94.65,E
100,'356,India,603,'01319,"Other tropical fruits, n.e.c.",5539,Producer Price Index (2014-2016 = 100),2015,2015,7021,Annual value,,100.36,E
100,'356,India,603,'01319,"Other tropical fruits, n.e.c.",5539,Producer Price Index (2014-2016 = 100),2016,2016,7021,Annual value,,104.99,E
100,'356,India,603,'01319,"Other tropical fruits, n.e.c.",5539,Producer Price Index (2014-2016 = 100),2017,2017,7021,Annual value,,110.08,E
100,'356,India,603,'01319,"Other tropical fruits, n.e.c.",5539,Producer Price Index (2014-2016 = 100),2018,2018,7021,Annual value,,109.77,E
100,'356,India,603,'01319,"Other tropical fruits, n.e.c.",5539,Producer Price Index (2014-2016 = 100),2019,2019,7021,Annual value,,118.09,E
100,'356,India,603,'01319,"Other tropical fruits, n.e.c.",5539,Producer Price Index (2014-2016 = 100),2020,2020,7021,Annual value,,119.22,E
100,'356,India,603,'01319,"Other tropical fruits, n.e.c.",5539,Producer Price Index (2014-2016 = 100),2021,2021,7021,Annual value,,128.61,E
100,'356,India,603,'01319,"Other tropical fruits, n.e.c.",5539,Producer Price Index (2014-2016 = 100),2022,2022,7021,Annual value,,132.64,E
100,'356,India,603,'01319,"Other tropical fruits, n.e.c.",5539,Producer Price Index (2014-2016 = 100),2023,2023,7021,Annual value,,131.86,E
100,'356,India,603,'01319,"Other tropical fruits, n.e.c.",5539,Producer Price Index (2014-2016 = 100),2024,2024,7021,Annual value,,142.87,E
100,'356,India,603,'01319,"Other tropical fruits, n.e.c.",5539,Producer Price Index (2014-2016 = 100),2025,2025,7021,Annual value,,150.77,E
100,'356,India,463,'01290.90,"Other vegetables, fresh n.e.c.",5530,Producer Price (LCU/tonne),1991,1991,7021,Annual value,LCU,3153.0,X
100,'356,India,463,'01290.90,"Other vegetables, fresh n.e.c.",5531,Producer Price (SLC/tonne),1991,1991,7021,Annual value,SLC,3153.0,X
100,'356,India,463,'01290.90,"Other vegetables, fresh n.e.c.",5532,Producer Price (USD/tonne),1991,1991,7021,Annual value,USD,138.6,X
100,'356,India,463,'01290.90,"Other vegetables, fresh n.e.c.",5539,Producer Price Index (2014-2016 = 100),1991,1991,7021,Annual value,,13.79,E
100,'356,India,463,'01290.90,"Other vegetables, fresh n.e.c.",5539,Producer Price Index (2014-2016 = 100),1992,1992,7021,Annual value,,14.63,E
100,'356,India,463,'01290.90,"Other vegetables, fresh n.e.c.",5539,Producer Price Index (2014-2016 = 100),1993,1993,7021,Annual value,,15.73,E
100,'356,India,463,'01290.90,"Other vegetables, fresh n.e.c.",5539,Producer Price Index (2014-2016 = 100),1994,1994,7021,Annual value,,17.29,E
100,'356,India,463,'01290.90,"Other vegetables, fresh n.e.c.",5539,Producer Price Index (2014-2016 = 100),1995,1995,7021,Annual value,,19.38,E
100,'356,India,463,'01290.90,"Other vegetables, fresh n.e.c.",5539,Producer Price Index (2014-2016 = 100),1996,1996,7021,Annual value,,20.31,E
100,'356,India,463,'01290.90,"Other vegetables, fresh n.e.c.",5539,Producer Price Index (2014-2016 = 100),1997,1997,7021,Annual value,,26.6,E
100,'356,India,463,'01290.90,"Other vegetables, fresh n.e.c.",5539,Producer Price Index (2014-2016 = 100),1998,1998,7021,Annual value,,26.58,E
100,'356,India,463,'01290.90,"Other vegetables, fresh n.e.c.",5539,Producer Price Index (2014-2016 = 100),1999,1999,7021,Annual value,,28.2,E
100,'356,India,463,'01290.90,"Other vegetables, fresh n.e.c.",5539,Producer Price Index (2014-2016 = 100),2000,2000,7021,Annual value,,31.14,E
100,'356,India,463,'01290.90,"Other vegetables, fresh n.e.c.",5539,Producer Price Index (2014-2016 = 100),2001,2001,7021,Annual value,,34.39,E
100,'356,India,463,'01290.90,"Other vegetables, fresh n.e.c.",5539,Producer Price Index (2014-2016 = 100),2002,2002,7021,Annual value,,37.43,E
100,'356,India,463,'01290.90,"Other vegetables, fresh n.e.c.",5539,Producer Price Index (2014-2016 = 100),2003,2003,7021,Annual value,,39.83,E
100,'356,India,463,'01290.90,"Other vegetables, fresh n.e.c.",5539,Producer Price Index (2014-2016 = 100),2004,2004,7021,Annual value,,42.21,E
100,'356,India,463,'01290.90,"Other vegetables, fresh n.e.c.",5539,Producer Price Index (2014-2016 = 100),2005,2005,7021,Annual value,,45.95,E
100,'356,India,463,'01290.90,"Other vegetables, fresh n.e.c.",5539,Producer Price Index (2014-2016 = 100),2006,2006,7021,Annual value,,48.94,E
100,'356,India,463,'01290.90,"Other vegetables, fresh n.e.c.",5539,Producer Price Index (2014-2016 = 100),2007,2007,7021,Annual value,,60.15,E
100,'356,India,463,'01290.90,"Other vegetables, fresh n.e.c.",5539,Producer Price Index (2014-2016 = 100),2008,2008,7021,Annual value,,59.31,E
100,'356,India,463,'01290.90,"Other vegetables, fresh n.e.c.",5539,Producer Price Index (2014-2016 = 100),2009,2009,7021,Annual value,,65.52,E
100,'356,India,463,'01290.90,"Other vegetables, fresh n.e.c.",5539,Producer Price Index (2014-2016 = 100),2010,2010,7021,Annual value,,77.14,E
100,'356,India,463,'01290.90,"Other vegetables, fresh n.e.c.",5539,Producer Price Index (2014-2016 = 100),2011,2011,7021,Annual value,,84.12,E
100,'356,India,463,'01290.90,"Other vegetables, fresh n.e.c.",5539,Producer Price Index (2014-2016 = 100),2012,2012,7021,Annual value,,91.28,E
100,'356,India,463,'01290.90,"Other vegetables, fresh n.e.c.",5539,Producer Price Index (2014-2016 = 100),2013,2013,7021,Annual value,,87.32,E
100,'356,India,463,'01290.90,"Other vegetables, fresh n.e.c.",5539,Producer Price Index (2014-2016 = 100),2014,2014,7021,Annual value,,94.65,E
100,'356,India,463,'01290.90,"Other vegetables, fresh n.e.c.",5539,Producer Price Index (2014-2016 = 100),2015,2015,7021,Annual value,,100.36,E
100,'356,India,463,'01290.90,"Other vegetables, fresh n.e.c.",5539,Producer Price Index (2014-2016 = 100),2016,2016,7021,Annual value,,104.99,E
100,'356,India,463,'01290.90,"Other vegetables, fresh n.e.c.",5539,Producer Price Index (2014-2016 = 100),2017,2017,7021,Annual value,,110.08,E
100,'356,India,463,'01290.90,"Other vegetables, fresh n.e.c.",5539,Producer Price Index (2014-2016 = 100),2018,2018,7021,Annual value,,109.77,E
100,'356,India,463,'01290.90,"Other vegetables, fresh n.e.c.",5539,Producer Price Index (2014-2016 = 100),2019,2019,7021,Annual value,,117.2,E
100,'356,India,463,'01290.90,"Other vegetables, fresh n.e.c.",5539,Producer Price Index (2014-2016 = 100),2020,2020,7021,Annual value,,108.77,E
100,'356,India,463,'01290.90,"Other vegetables, fresh n.e.c.",5539,Producer Price Index (2014-2016 = 100),2021,2021,7021,Annual value,,125.81,E
100,'356,India,463,'01290.90,"Other vegetables, fresh n.e.c.",5539,Producer Price Index (2014-2016 = 100),2022,2022,7021,Annual value,,133.98,E
100,'356,India,463,'01290.90,"Other vegetables, fresh n.e.c.",5539,Producer Price Index (2014-2016 = 100),2023,2023,7021,Annual value,,136.49,E
100,'356,India,463,'01290.90,"Other vegetables, fresh n.e.c.",5539,Producer Price Index (2014-2016 = 100),2024,2024,7021,Annual value,,146.66,E
100,'356,India,463,'01290.90,"Other vegetables, fresh n.e.c.",5539,Producer Price Index (2014-2016 = 100),2025,2025,7021,Annual value,,156.82,E
100,'356,India,600,'01317,Papayas,5530,Producer Price (LCU/tonne),2001,2001,7021,Annual value,LCU,7766.0,A
100,'356,India,600,'01317,Papayas,5531,Producer Price (SLC/tonne),2001,2001,7021,Annual value,SLC,7766.0,A
100,'356,India,600,'01317,Papayas,5532,Producer Price (USD/tonne),2001,2001,7021,Annual value,USD,164.6,A
100,'356,India,600,'01317,Papayas,5539,Producer Price Index (2014-2016 = 100),1991,1991,7021,Annual value,,14.42,E
100,'356,India,600,'01317,Papayas,5539,Producer Price Index (2014-2016 = 100),1992,1992,7021,Annual value,,16.05,E
100,'356,India,600,'01317,Papayas,5539,Producer Price Index (2014-2016 = 100),1993,1993,7021,Annual value,,21.17,E
100,'356,India,600,'01317,Papayas,5539,Producer Price Index (2014-2016 = 100),1994,1994,7021,Annual value,,22.18,E
100,'356,India,600,'01317,Papayas,5539,Producer Price Index (2014-2016 = 100),1995,1995,7021,Annual value,,22.76,E
100,'356,India,600,'01317,Papayas,5539,Producer Price Index (2014-2016 = 100),1996,1996,7021,Annual value,,28.41,E
100,'356,India,600,'01317,Papayas,5539,Producer Price Index (2014-2016 = 100),1997,1997,7021,Annual value,,31.54,E
100,'356,India,600,'01317,Papayas,5539,Producer Price Index (2014-2016 = 100),1998,1998,7021,Annual value,,32.76,E
100,'356,India,600,'01317,Papayas,5539,Producer Price Index (2014-2016 = 100),1999,1999,7021,Annual value,,31.7,E
100,'356,India,600,'01317,Papayas,5539,Producer Price Index (2014-2016 = 100),2000,2000,7021,Annual value,,30.21,E
100,'356,India,600,'01317,Papayas,5539,Producer Price Index (2014-2016 = 100),2001,2001,7021,Annual value,,32.11,E
100,'356,India,600,'01317,Papayas,5539,Producer Price Index (2014-2016 = 100),2002,2002,7021,Annual value,,36.72,E
100,'356,India,600,'01317,Papayas,5539,Producer Price Index (2014-2016 = 100),2003,2003,7021,Annual value,,39.83,E
100,'356,India,600,'01317,Papayas,5539,Producer Price Index (2014-2016 = 100),2004,2004,7021,Annual value,,42.21,E
100,'356,India,600,'01317,Papayas,5539,Producer Price Index (2014-2016 = 100),2005,2005,7021,Annual value,,45.95,E
100,'356,India,600,'01317,Papayas,5539,Producer Price Index (2014-2016 = 100),2006,2006,7021,Annual value,,48.94,E
100,'356,India,600,'01317,Papayas,5539,Producer Price Index (2014-2016 = 100),2007,2007,7021,Annual value,,60.15,E
100,'356,India,600,'01317,Papayas,5539,Producer Price Index (2014-2016 = 100),2008,2008,7021,Annual value,,59.31,E
100,'356,India,600,'01317,Papayas,5539,Producer Price Index (2014-2016 = 100),2009,2009,7021,Annual value,,65.52,E
100,'356,India,600,'01317,Papayas,5539,Producer Price Index (2014-2016 = 100),2010,2010,7021,Annual value,,77.14,E
100,'356,India,600,'01317,Papayas,5539,Producer Price Index (2014-2016 = 100),2011,2011,7021,Annual value,,84.12,E
100,'356,India,600,'01317,Papayas,5539,Producer Price Index (2014-2016 = 100),2012,2012,7021,Annual value,,91.28,E
100,'356,India,600,'01317,Papayas,5539,Producer Price Index (2014-2016 = 100),2013,2013,7021,Annual value,,87.32,E
100,'356,India,600,'01317,Papayas,5539,Producer Price Index (2014-2016 = 100),2014,2014,7021,Annual value,,94.65,E
100,'356,India,600,'01317,Papayas,5539,Producer Price Index (2014-2016 = 100),2015,2015,7021,Annual value,,100.36,E
100,'356,India,600,'01317,Papayas,5539,Producer Price Index (2014-2016 = 100),2016,2016,7021,Annual value,,104.99,E
100,'356,India,600,'01317,Papayas,5539,Producer Price Index (2014-2016 = 100),2017,2017,7021,Annual value,,110.08,E
100,'356,India,600,'01317,Papayas,5539,Producer Price Index (2014-2016 = 100),2018,2018,7021,Annual value,,109.77,E
100,'356,India,600,'01317,Papayas,5539,Producer Price Index (2014-2016 = 100),2019,2019,7021,Annual value,,81.92,E
100,'356,India,600,'01317,Papayas,5539,Producer Price Index (2014-2016 = 100),2020,2020,7021,Annual value,,98.05,E
100,'356,India,600,'01317,Papayas,5539,Producer Price Index (2014-2016 = 100),2021,2021,7021,Annual value,,111.34,E
100,'356,India,600,'01317,Papayas,5539,Producer Price Index (2014-2016 = 100),2022,2022,7021,Annual value,,108.83,E
100,'356,India,600,'01317,Papayas,5539,Producer Price Index (2014-2016 = 100),2023,2023,7021,Annual value,,110.58,E
100,'356,India,600,'01317,Papayas,5539,Producer Price Index (2014-2016 = 100),2024,2024,7021,Annual value,,119.77,E
100,'356,India,600,'01317,Papayas,5539,Producer Price Index (2014-2016 = 100),2025,2025,7021,Annual value,,126.17,E
100,'356,India,534,'01345,Peaches and nectarines,5539,Producer Price Index (2014-2016 = 100),1991,1991,7021,Annual value,,13.96,E
100,'356,India,534,'01345,Peaches and nectarines,5539,Producer Price Index (2014-2016 = 100),1992,1992,7021,Annual value,,18.41,E
100,'356,India,534,'01345,Peaches and nectarines,5539,Producer Price Index (2014-2016 = 100),1993,1993,7021,Annual value,,19.29,E
100,'356,India,534,'01345,Peaches and nectarines,5539,Producer Price Index (2014-2016 = 100),1994,1994,7021,Annual value,,19.79,E
100,'356,India,534,'01345,Peaches and nectarines,5539,Producer Price Index (2014-2016 = 100),1995,1995,7021,Annual value,,24.7,E
100,'356,India,534,'01345,Peaches and nectarines,5539,Producer Price Index (2014-2016 = 100),1996,1996,7021,Annual value,,27.43,E
100,'356,India,534,'01345,Peaches and nectarines,5539,Producer Price Index (2014-2016 = 100),1997,1997,7021,Annual value,,28.48,E
100,'356,India,534,'01345,Peaches and nectarines,5539,Producer Price Index (2014-2016 = 100),1998,1998,7021,Annual value,,27.56,E
100,'356,India,534,'01345,Peaches and nectarines,5539,Producer Price Index (2014-2016 = 100),1999,1999,7021,Annual value,,26.27,E
100,'356,India,534,'01345,Peaches and nectarines,5539,Producer Price Index (2014-2016 = 100),2000,2000,7021,Annual value,,28.09,E
100,'356,India,534,'01345,Peaches and nectarines,5539,Producer Price Index (2014-2016 = 100),2001,2001,7021,Annual value,,32.11,E
100,'356,India,534,'01345,Peaches and nectarines,5539,Producer Price Index (2014-2016 = 100),2002,2002,7021,Annual value,,36.72,E
100,'356,India,534,'01345,Peaches and nectarines,5539,Producer Price Index (2014-2016 = 100),2003,2003,7021,Annual value,,39.83,E
100,'356,India,534,'01345,Peaches and nectarines,5539,Producer Price Index (2014-2016 = 100),2004,2004,7021,Annual value,,42.21,E
100,'356,India,534,'01345,Peaches and nectarines,5539,Producer Price Index (2014-2016 = 100),2005,2005,7021,Annual value,,45.95,E
100,'356,India,534,'01345,Peaches and nectarines,5539,Producer Price Index (2014-2016 = 100),2006,2006,7021,Annual value,,48.94,E
100,'356,India,534,'01345,Peaches and nectarines,5539,Producer Price Index (2014-2016 = 100),2007,2007,7021,Annual value,,60.15,E
100,'356,India,534,'01345,Peaches and nectarines,5539,Producer Price Index (2014-2016 = 100),2008,2008,7021,Annual value,,59.31,E
100,'356,India,534,'01345,Peaches and nectarines,5539,Producer Price Index (2014-2016 = 100),2009,2009,7021,Annual value,,65.52,E
100,'356,India,534,'01345,Peaches and nectarines,5539,Producer Price Index (2014-2016 = 100),2010,2010,7021,Annual value,,77.14,E
100,'356,India,534,'01345,Peaches and nectarines,5539,Producer Price Index (2014-2016 = 100),2011,2011,7021,Annual value,,84.12,E
100,'356,India,534,'01345,Peaches and nectarines,5539,Producer Price Index (2014-2016 = 100),2012,2012,7021,Annual value,,91.28,E
100,'356,India,534,'01345,Peaches and nectarines,5539,Producer Price Index (2014-2016 = 100),2013,2013,7021,Annual value,,87.32,E
100,'356,India,534,'01345,Peaches and nectarines,5539,Producer Price Index (2014-2016 = 100),2014,2014,7021,Annual value,,94.65,E
100,'356,India,534,'01345,Peaches and nectarines,5539,Producer Price Index (2014-2016 = 100),2015,2015,7021,Annual value,,100.36,E
100,'356,India,534,'01345,Peaches and nectarines,5539,Producer Price Index (2014-2016 = 100),2016,2016,7021,Annual value,,104.99,E
100,'356,India,534,'01345,Peaches and nectarines,5539,Producer Price Index (2014-2016 = 100),2017,2017,7021,Annual value,,110.08,E
100,'356,India,534,'01345,Peaches and nectarines,5539,Producer Price Index (2014-2016 = 100),2018,2018,7021,Annual value,,109.77,E
100,'356,India,534,'01345,Peaches and nectarines,5539,Producer Price Index (2014-2016 = 100),2019,2019,7021,Annual value,,116.75,E
100,'356,India,534,'01345,Peaches and nectarines,5539,Producer Price Index (2014-2016 = 100),2020,2020,7021,Annual value,,111.07,E
100,'356,India,534,'01345,Peaches and nectarines,5539,Producer Price Index (2014-2016 = 100),2021,2021,7021,Annual value,,136.3,E
100,'356,India,534,'01345,Peaches and nectarines,5539,Producer Price Index (2014-2016 = 100),2022,2022,7021,Annual value,,141.37,E
100,'356,India,534,'01345,Peaches and nectarines,5539,Producer Price Index (2014-2016 = 100),2023,2023,7021,Annual value,,144.94,E
100,'356,India,534,'01345,Peaches and nectarines,5539,Producer Price Index (2014-2016 = 100),2024,2024,7021,Annual value,,153.87,E
100,'356,India,534,'01345,Peaches and nectarines,5539,Producer Price Index (2014-2016 = 100),2025,2025,7021,Annual value,,162.81,E
100,'356,India,521,'01342.01,Pears,5530,Producer Price (LCU/tonne),2001,2001,7021,Annual value,LCU,8512.0,A
100,'356,India,521,'01342.01,Pears,5531,Producer Price (SLC/tonne),2001,2001,7021,Annual value,SLC,8512.0,A
100,'356,India,521,'01342.01,Pears,5532,Producer Price (USD/tonne),2001,2001,7021,Annual value,USD,180.4,A
100,'356,India,521,'01342.01,Pears,5539,Producer Price Index (2014-2016 = 100),1991,1991,7021,Annual value,,14.42,E
100,'356,India,521,'01342.01,Pears,5539,Producer Price Index (2014-2016 = 100),1992,1992,7021,Annual value,,16.05,E
100,'356,India,521,'01342.01,Pears,5539,Producer Price Index (2014-2016 = 100),1993,1993,7021,Annual value,,21.17,E
100,'356,India,521,'01342.01,Pears,5539,Producer Price Index (2014-2016 = 100),1994,1994,7021,Annual value,,22.19,E
100,'356,India,521,'01342.01,Pears,5539,Producer Price Index (2014-2016 = 100),1995,1995,7021,Annual value,,22.76,E
100,'356,India,521,'01342.01,Pears,5539,Producer Price Index (2014-2016 = 100),1996,1996,7021,Annual value,,28.41,E
100,'356,India,521,'01342.01,Pears,5539,Producer Price Index (2014-2016 = 100),1997,1997,7021,Annual value,,31.54,E
100,'356,India,521,'01342.01,Pears,5539,Producer Price Index (2014-2016 = 100),1998,1998,7021,Annual value,,32.76,E
100,'356,India,521,'01342.01,Pears,5539,Producer Price Index (2014-2016 = 100),1999,1999,7021,Annual value,,31.7,E
100,'356,India,521,'01342.01,Pears,5539,Producer Price Index (2014-2016 = 100),2000,2000,7021,Annual value,,30.21,E
100,'356,India,521,'01342.01,Pears,5539,Producer Price Index (2014-2016 = 100),2001,2001,7021,Annual value,,32.11,E
100,'356,India,521,'01342.01,Pears,5539,Producer Price Index (2014-2016 = 100),2002,2002,7021,Annual value,,36.72,E
100,'356,India,521,'01342.01,Pears,5539,Producer Price Index (2014-2016 = 100),2003,2003,7021,Annual value,,39.83,E
100,'356,India,521,'01342.01,Pears,5539,Producer Price Index (2014-2016 = 100),2004,2004,7021,Annual value,,42.21,E
100,'356,India,521,'01342.01,Pears,5539,Producer Price Index (2014-2016 = 100),2005,2005,7021,Annual value,,45.95,E
100,'356,India,521,'01342.01,Pears,5539,Producer Price Index (2014-2016 = 100),2006,2006,7021,Annual value,,48.94,E
100,'356,India,521,'01342.01,Pears,5539,Producer Price Index (2014-2016 = 100),2007,2007,7021,Annual value,,60.15,E
100,'356,India,521,'01342.01,Pears,5539,Producer Price Index (2014-2016 = 100),2008,2008,7021,Annual value,,59.31,E
100,'356,India,521,'01342.01,Pears,5539,Producer Price Index (2014-2016 = 100),2009,2009,7021,Annual value,,65.52,E
100,'356,India,521,'01342.01,Pears,5539,Producer Price Index (2014-2016 = 100),2010,2010,7021,Annual value,,77.14,E
100,'356,India,521,'01342.01,Pears,5539,Producer Price Index (2014-2016 = 100),2011,2011,7021,Annual value,,84.12,E
100,'356,India,521,'01342.01,Pears,5539,Producer Price Index (2014-2016 = 100),2012,2012,7021,Annual value,,91.28,E
100,'356,India,521,'01342.01,Pears,5539,Producer Price Index (2014-2016 = 100),2013,2013,7021,Annual value,,87.32,E
100,'356,India,521,'01342.01,Pears,5539,Producer Price Index (2014-2016 = 100),2014,2014,7021,Annual value,,94.65,E
100,'356,India,521,'01342.01,Pears,5539,Producer Price Index (2014-2016 = 100),2015,2015,7021,Annual value,,100.36,E
100,'356,India,521,'01342.01,Pears,5539,Producer Price Index (2014-2016 = 100),2016,2016,7021,Annual value,,104.99,E
100,'356,India,521,'01342.01,Pears,5539,Producer Price Index (2014-2016 = 100),2017,2017,7021,Annual value,,110.08,E
100,'356,India,521,'01342.01,Pears,5539,Producer Price Index (2014-2016 = 100),2018,2018,7021,Annual value,,109.77,E
100,'356,India,521,'01342.01,Pears,5539,Producer Price Index (2014-2016 = 100),2019,2019,7021,Annual value,,117.73,E
100,'356,India,521,'01342.01,Pears,5539,Producer Price Index (2014-2016 = 100),2020,2020,7021,Annual value,,104.13,E
100,'356,India,521,'01342.01,Pears,5539,Producer Price Index (2014-2016 = 100),2021,2021,7021,Annual value,,113.15,E
100,'356,India,521,'01342.01,Pears,5539,Producer Price Index (2014-2016 = 100),2022,2022,7021,Annual value,,128.13,E
100,'356,India,521,'01342.01,Pears,5539,Producer Price Index (2014-2016 = 100),2023,2023,7021,Annual value,,146.74,E
100,'356,India,521,'01342.01,Pears,5539,Producer Price Index (2014-2016 = 100),2024,2024,7021,Annual value,,148.94,E
100,'356,India,521,'01342.01,Pears,5539,Producer Price Index (2014-2016 = 100),2025,2025,7021,Annual value,,158.63,E
100,'356,India,187,'01705,"Peas, dry",5530,Producer Price (LCU/tonne),2001,2001,7021,Annual value,LCU,11001.0,A
100,'356,India,187,'01705,"Peas, dry",5531,Producer Price (SLC/tonne),2001,2001,7021,Annual value,SLC,11001.0,A
100,'356,India,187,'01705,"Peas, dry",5532,Producer Price (USD/tonne),2001,2001,7021,Annual value,USD,233.1,A
100,'356,India,187,'01705,"Peas, dry",5539,Producer Price Index (2014-2016 = 100),1991,1991,7021,Annual value,,16.56,E
100,'356,India,187,'01705,"Peas, dry",5539,Producer Price Index (2014-2016 = 100),1992,1992,7021,Annual value,,19.65,E
100,'356,India,187,'01705,"Peas, dry",5539,Producer Price Index (2014-2016 = 100),1993,1993,7021,Annual value,,21.57,E
100,'356,India,187,'01705,"Peas, dry",5539,Producer Price Index (2014-2016 = 100),1994,1994,7021,Annual value,,23.21,E
100,'356,India,187,'01705,"Peas, dry",5539,Producer Price Index (2014-2016 = 100),1995,1995,7021,Annual value,,25.48,E
100,'356,India,187,'01705,"Peas, dry",5539,Producer Price Index (2014-2016 = 100),1996,1996,7021,Annual value,,27.93,E
100,'356,India,187,'01705,"Peas, dry",5539,Producer Price Index (2014-2016 = 100),1997,1997,7021,Annual value,,30.19,E
100,'356,India,187,'01705,"Peas, dry",5539,Producer Price Index (2014-2016 = 100),1998,1998,7021,Annual value,,32.35,E
100,'356,India,187,'01705,"Peas, dry",5539,Producer Price Index (2014-2016 = 100),1999,1999,7021,Annual value,,34.48,E
100,'356,India,187,'01705,"Peas, dry",5539,Producer Price Index (2014-2016 = 100),2000,2000,7021,Annual value,,36.15,E
100,'356,India,187,'01705,"Peas, dry",5539,Producer Price Index (2014-2016 = 100),2001,2001,7021,Annual value,,37.74,E
100,'356,India,187,'01705,"Peas, dry",5539,Producer Price Index (2014-2016 = 100),2002,2002,7021,Annual value,,37.75,E
100,'356,India,187,'01705,"Peas, dry",5539,Producer Price Index (2014-2016 = 100),2003,2003,7021,Annual value,,36.92,E
100,'356,India,187,'01705,"Peas, dry",5539,Producer Price Index (2014-2016 = 100),2004,2004,7021,Annual value,,39.19,E
100,'356,India,187,'01705,"Peas, dry",5539,Producer Price Index (2014-2016 = 100),2005,2005,7021,Annual value,,38.82,E
100,'356,India,187,'01705,"Peas, dry",5539,Producer Price Index (2014-2016 = 100),2006,2006,7021,Annual value,,48.94,E
100,'356,India,187,'01705,"Peas, dry",5539,Producer Price Index (2014-2016 = 100),2007,2007,7021,Annual value,,60.15,E
100,'356,India,187,'01705,"Peas, dry",5539,Producer Price Index (2014-2016 = 100),2008,2008,7021,Annual value,,59.31,E
100,'356,India,187,'01705,"Peas, dry",5539,Producer Price Index (2014-2016 = 100),2009,2009,7021,Annual value,,65.52,E
100,'356,India,187,'01705,"Peas, dry",5539,Producer Price Index (2014-2016 = 100),2010,2010,7021,Annual value,,77.14,E
100,'356,India,187,'01705,"Peas, dry",5539,Producer Price Index (2014-2016 = 100),2011,2011,7021,Annual value,,84.12,E
100,'356,India,187,'01705,"Peas, dry",5539,Producer Price Index (2014-2016 = 100),2012,2012,7021,Annual value,,91.28,E
100,'356,India,187,'01705,"Peas, dry",5539,Producer Price Index (2014-2016 = 100),2013,2013,7021,Annual value,,87.32,E
100,'356,India,187,'01705,"Peas, dry",5539,Producer Price Index (2014-2016 = 100),2014,2014,7021,Annual value,,94.65,E
100,'356,India,187,'01705,"Peas, dry",5539,Producer Price Index (2014-2016 = 100),2015,2015,7021,Annual value,,100.36,E
100,'356,India,187,'01705,"Peas, dry",5539,Producer Price Index (2014-2016 = 100),2016,2016,7021,Annual value,,104.99,E
100,'356,India,187,'01705,"Peas, dry",5539,Producer Price Index (2014-2016 = 100),2017,2017,7021,Annual value,,110.08,E
100,'356,India,187,'01705,"Peas, dry",5539,Producer Price Index (2014-2016 = 100),2018,2018,7021,Annual value,,109.77,E
100,'356,India,187,'01705,"Peas, dry",5539,Producer Price Index (2014-2016 = 100),2019,2019,7021,Annual value,,117.37,E
100,'356,India,187,'01705,"Peas, dry",5539,Producer Price Index (2014-2016 = 100),2020,2020,7021,Annual value,,111.25,E
100,'356,India,187,'01705,"Peas, dry",5539,Producer Price Index (2014-2016 = 100),2021,2021,7021,Annual value,,133.09,E
100,'356,India,187,'01705,"Peas, dry",5539,Producer Price Index (2014-2016 = 100),2022,2022,7021,Annual value,,137.86,E
100,'356,India,187,'01705,"Peas, dry",5539,Producer Price Index (2014-2016 = 100),2023,2023,7021,Annual value,,140.5,E
100,'356,India,187,'01705,"Peas, dry",5539,Producer Price Index (2014-2016 = 100),2024,2024,7021,Annual value,,151.06,E
100,'356,India,187,'01705,"Peas, dry",5539,Producer Price Index (2014-2016 = 100),2025,2025,7021,Annual value,,161.61,E
100,'356,India,417,'01242,"Peas, green",5530,Producer Price (LCU/tonne),2001,2001,7021,Annual value,LCU,12576.0,A
100,'356,India,417,'01242,"Peas, green",5531,Producer Price (SLC/tonne),2001,2001,7021,Annual value,SLC,12576.0,A
100,'356,India,417,'01242,"Peas, green",5532,Producer Price (USD/tonne),2001,2001,7021,Annual value,USD,266.5,A
100,'356,India,417,'01242,"Peas, green",5539,Producer Price Index (2014-2016 = 100),1991,1991,7021,Annual value,,13.97,E
100,'356,India,417,'01242,"Peas, green",5539,Producer Price Index (2014-2016 = 100),1992,1992,7021,Annual value,,16.61,E
100,'356,India,417,'01242,"Peas, green",5539,Producer Price Index (2014-2016 = 100),1993,1993,7021,Annual value,,17.62,E
100,'356,India,417,'01242,"Peas, green",5539,Producer Price Index (2014-2016 = 100),1994,1994,7021,Annual value,,18.95,E
100,'356,India,417,'01242,"Peas, green",5539,Producer Price Index (2014-2016 = 100),1995,1995,7021,Annual value,,20.83,E
100,'356,India,417,'01242,"Peas, green",5539,Producer Price Index (2014-2016 = 100),1996,1996,7021,Annual value,,23.35,E
100,'356,India,417,'01242,"Peas, green",5539,Producer Price Index (2014-2016 = 100),1997,1997,7021,Annual value,,24.56,E
100,'356,India,417,'01242,"Peas, green",5539,Producer Price Index (2014-2016 = 100),1998,1998,7021,Annual value,,32.05,E
100,'356,India,417,'01242,"Peas, green",5539,Producer Price Index (2014-2016 = 100),1999,1999,7021,Annual value,,32.03,E
100,'356,India,417,'01242,"Peas, green",5539,Producer Price Index (2014-2016 = 100),2000,2000,7021,Annual value,,33.97,E
100,'356,India,417,'01242,"Peas, green",5539,Producer Price Index (2014-2016 = 100),2001,2001,7021,Annual value,,33.74,E
100,'356,India,417,'01242,"Peas, green",5539,Producer Price Index (2014-2016 = 100),2002,2002,7021,Annual value,,36.72,E
100,'356,India,417,'01242,"Peas, green",5539,Producer Price Index (2014-2016 = 100),2003,2003,7021,Annual value,,39.83,E
100,'356,India,417,'01242,"Peas, green",5539,Producer Price Index (2014-2016 = 100),2004,2004,7021,Annual value,,42.21,E
100,'356,India,417,'01242,"Peas, green",5539,Producer Price Index (2014-2016 = 100),2005,2005,7021,Annual value,,45.95,E
100,'356,India,417,'01242,"Peas, green",5539,Producer Price Index (2014-2016 = 100),2006,2006,7021,Annual value,,48.94,E
100,'356,India,417,'01242,"Peas, green",5539,Producer Price Index (2014-2016 = 100),2007,2007,7021,Annual value,,60.15,E
100,'356,India,417,'01242,"Peas, green",5539,Producer Price Index (2014-2016 = 100),2008,2008,7021,Annual value,,59.31,E
100,'356,India,417,'01242,"Peas, green",5539,Producer Price Index (2014-2016 = 100),2009,2009,7021,Annual value,,65.52,E
100,'356,India,417,'01242,"Peas, green",5539,Producer Price Index (2014-2016 = 100),2010,2010,7021,Annual value,,77.14,E
100,'356,India,417,'01242,"Peas, green",5539,Producer Price Index (2014-2016 = 100),2011,2011,7021,Annual value,,84.12,E
100,'356,India,417,'01242,"Peas, green",5539,Producer Price Index (2014-2016 = 100),2012,2012,7021,Annual value,,91.28,E
100,'356,India,417,'01242,"Peas, green",5539,Producer Price Index (2014-2016 = 100),2013,2013,7021,Annual value,,87.32,E
100,'356,India,417,'01242,"Peas, green",5539,Producer Price Index (2014-2016 = 100),2014,2014,7021,Annual value,,94.65,E
100,'356,India,417,'01242,"Peas, green",5539,Producer Price Index (2014-2016 = 100),2015,2015,7021,Annual value,,100.36,E
100,'356,India,417,'01242,"Peas, green",5539,Producer Price Index (2014-2016 = 100),2016,2016,7021,Annual value,,104.99,E
100,'356,India,417,'01242,"Peas, green",5539,Producer Price Index (2014-2016 = 100),2017,2017,7021,Annual value,,110.08,E
100,'356,India,417,'01242,"Peas, green",5539,Producer Price Index (2014-2016 = 100),2018,2018,7021,Annual value,,109.77,E
100,'356,India,417,'01242,"Peas, green",5539,Producer Price Index (2014-2016 = 100),2019,2019,7021,Annual value,,117.66,E
100,'356,India,417,'01242,"Peas, green",5539,Producer Price Index (2014-2016 = 100),2020,2020,7021,Annual value,,116.62,E
100,'356,India,417,'01242,"Peas, green",5539,Producer Price Index (2014-2016 = 100),2021,2021,7021,Annual value,,125.54,E
100,'356,India,417,'01242,"Peas, green",5539,Producer Price Index (2014-2016 = 100),2022,2022,7021,Annual value,,128.14,E
100,'356,India,417,'01242,"Peas, green",5539,Producer Price Index (2014-2016 = 100),2023,2023,7021,Annual value,,125.17,E
100,'356,India,417,'01242,"Peas, green",5539,Producer Price Index (2014-2016 = 100),2024,2024,7021,Annual value,,138.78,E
100,'356,India,417,'01242,"Peas, green",5539,Producer Price Index (2014-2016 = 100),2025,2025,7021,Annual value,,147.7,E
100,'356,India,687,'01651,"Pepper (Piper spp.), raw",5530,Producer Price (LCU/tonne),1991,1991,7021,Annual value,LCU,35247.0,A
100,'356,India,687,'01651,"Pepper (Piper spp.), raw",5530,Producer Price (LCU/tonne),1992,1992,7021,Annual value,LCU,34477.0,A
100,'356,India,687,'01651,"Pepper (Piper spp.), raw",5530,Producer Price (LCU/tonne),1993,1993,7021,Annual value,LCU,43067.0,A
100,'356,India,687,'01651,"Pepper (Piper spp.), raw",5530,Producer Price (LCU/tonne),1994,1994,7021,Annual value,LCU,60680.0,A
100,'356,India,687,'01651,"Pepper (Piper spp.), raw",5530,Producer Price (LCU/tonne),1995,1995,7021,Annual value,LCU,61127.0,A
100,'356,India,687,'01651,"Pepper (Piper spp.), raw",5530,Producer Price (LCU/tonne),1997,1997,7021,Annual value,LCU,114570.0,A
100,'356,India,687,'01651,"Pepper (Piper spp.), raw",5530,Producer Price (LCU/tonne),1998,1998,7021,Annual value,LCU,150623.0,A
100,'356,India,687,'01651,"Pepper (Piper spp.), raw",5530,Producer Price (LCU/tonne),1999,1999,7021,Annual value,LCU,158080.0,A
100,'356,India,687,'01651,"Pepper (Piper spp.), raw",5530,Producer Price (LCU/tonne),2000,2000,7021,Annual value,LCU,131420.0,A
100,'356,India,687,'01651,"Pepper (Piper spp.), raw",5530,Producer Price (LCU/tonne),2001,2001,7021,Annual value,LCU,90673.3,A
100,'356,India,687,'01651,"Pepper (Piper spp.), raw",5530,Producer Price (LCU/tonne),2002,2002,7021,Annual value,LCU,76720.0,A
100,'356,India,687,'01651,"Pepper (Piper spp.), raw",5530,Producer Price (LCU/tonne),2003,2003,7021,Annual value,LCU,63280.0,A
100,'356,India,687,'01651,"Pepper (Piper spp.), raw",5530,Producer Price (LCU/tonne),2004,2004,7021,Annual value,LCU,61880.0,A
100,'356,India,687,'01651,"Pepper (Piper spp.), raw",5530,Producer Price (LCU/tonne),2005,2005,7021,Annual value,LCU,63160.0,A
100,'356,India,687,'01651,"Pepper (Piper spp.), raw",5530,Producer Price (LCU/tonne),2006,2006,7021,Annual value,LCU,85435.0,A
100,'356,India,687,'01651,"Pepper (Piper spp.), raw",5531,Producer Price (SLC/tonne),1991,1991,7021,Annual value,SLC,35247.0,A
100,'356,India,687,'01651,"Pepper (Piper spp.), raw",5531,Producer Price (SLC/tonne),1992,1992,7021,Annual value,SLC,34477.0,A
100,'356,India,687,'01651,"Pepper (Piper spp.), raw",5531,Producer Price (SLC/tonne),1993,1993,7021,Annual value,SLC,43067.0,A
100,'356,India,687,'01651,"Pepper (Piper spp.), raw",5531,Producer Price (SLC/tonne),1994,1994,7021,Annual value,SLC,60680.0,A
100,'356,India,687,'01651,"Pepper (Piper spp.), raw",5531,Producer Price (SLC/tonne),1995,1995,7021,Annual value,SLC,61127.0,A
100,'356,India,687,'01651,"Pepper (Piper spp.), raw",5531,Producer Price (SLC/tonne),1997,1997,7021,Annual value,SLC,114570.0,A
100,'356,India,687,'01651,"Pepper (Piper spp.), raw",5531,Producer Price (SLC/tonne),1998,1998,7021,Annual value,SLC,150623.0,A
100,'356,India,687,'01651,"Pepper (Piper spp.), raw",5531,Producer Price (SLC/tonne),1999,1999,7021,Annual value,SLC,158080.0,A
100,'356,India,687,'01651,"Pepper (Piper spp.), raw",5531,Producer Price (SLC/tonne),2000,2000,7021,Annual value,SLC,131420.0,A
100,'356,India,687,'01651,"Pepper (Piper spp.), raw",5531,Producer Price (SLC/tonne),2001,2001,7021,Annual value,SLC,90673.3,A
100,'356,India,687,'01651,"Pepper (Piper spp.), raw",5531,Producer Price (SLC/tonne),2002,2002,7021,Annual value,SLC,76720.0,A
100,'356,India,687,'01651,"Pepper (Piper spp.), raw",5531,Producer Price (SLC/tonne),2003,2003,7021,Annual value,SLC,63280.0,A
100,'356,India,687,'01651,"Pepper (Piper spp.), raw",5531,Producer Price (SLC/tonne),2004,2004,7021,Annual value,SLC,61880.0,A
100,'356,India,687,'01651,"Pepper (Piper spp.), raw",5531,Producer Price (SLC/tonne),2005,2005,7021,Annual value,SLC,63160.0,A
100,'356,India,687,'01651,"Pepper (Piper spp.), raw",5531,Producer Price (SLC/tonne),2006,2006,7021,Annual value,SLC,85435.0,A
100,'356,India,687,'01651,"Pepper (Piper spp.), raw",5532,Producer Price (USD/tonne),1991,1991,7021,Annual value,USD,1549.8,A
100,'356,India,687,'01651,"Pepper (Piper spp.), raw",5532,Producer Price (USD/tonne),1992,1992,7021,Annual value,USD,1330.2,A
100,'356,India,687,'01651,"Pepper (Piper spp.), raw",5532,Producer Price (USD/tonne),1993,1993,7021,Annual value,USD,1412.3,A
100,'356,India,687,'01651,"Pepper (Piper spp.), raw",5532,Producer Price (USD/tonne),1994,1994,7021,Annual value,USD,1934.1,A
100,'356,India,687,'01651,"Pepper (Piper spp.), raw",5532,Producer Price (USD/tonne),1995,1995,7021,Annual value,USD,1885.1,A
100,'356,India,687,'01651,"Pepper (Piper spp.), raw",5532,Producer Price (USD/tonne),1997,1997,7021,Annual value,USD,3155.0,A
100,'356,India,687,'01651,"Pepper (Piper spp.), raw",5532,Producer Price (USD/tonne),1998,1998,7021,Annual value,USD,3650.6,A
100,'356,India,687,'01651,"Pepper (Piper spp.), raw",5532,Producer Price (USD/tonne),1999,1999,7021,Annual value,USD,3671.5,A
100,'356,India,687,'01651,"Pepper (Piper spp.), raw",5532,Producer Price (USD/tonne),2000,2000,7021,Annual value,USD,2924.2,A
100,'356,India,687,'01651,"Pepper (Piper spp.), raw",5532,Producer Price (USD/tonne),2001,2001,7021,Annual value,USD,1921.6,A
100,'356,India,687,'01651,"Pepper (Piper spp.), raw",5532,Producer Price (USD/tonne),2002,2002,7021,Annual value,USD,1578.3,A
100,'356,India,687,'01651,"Pepper (Piper spp.), raw",5532,Producer Price (USD/tonne),2003,2003,7021,Annual value,USD,1358.4,A
100,'356,India,687,'01651,"Pepper (Piper spp.), raw",5532,Producer Price (USD/tonne),2004,2004,7021,Annual value,USD,1365.5,A
100,'356,India,687,'01651,"Pepper (Piper spp.), raw",5532,Producer Price (USD/tonne),2005,2005,7021,Annual value,USD,1432.2,A
100,'356,India,687,'01651,"Pepper (Piper spp.), raw",5532,Producer Price (USD/tonne),2006,2006,7021,Annual value,USD,1885.7,A
100,'356,India,687,'01651,"Pepper (Piper spp.), raw",5539,Producer Price Index (2014-2016 = 100),1991,1991,7021,Annual value,,20.19,E
100,'356,India,687,'01651,"Pepper (Piper spp.), raw",5539,Producer Price Index (2014-2016 = 100),1992,1992,7021,Annual value,,19.75,E
100,'356,India,687,'01651,"Pepper (Piper spp.), raw",5539,Producer Price Index (2014-2016 = 100),1993,1993,7021,Annual value,,24.67,E
100,'356,India,687,'01651,"Pepper (Piper spp.), raw",5539,Producer Price Index (2014-2016 = 100),1994,1994,7021,Annual value,,34.76,E
100,'356,India,687,'01651,"Pepper (Piper spp.), raw",5539,Producer Price Index (2014-2016 = 100),1995,1995,7021,Annual value,,35.01,E
100,'356,India,687,'01651,"Pepper (Piper spp.), raw",5539,Producer Price Index (2014-2016 = 100),1996,1996,7021,Annual value,,44.65,E
100,'356,India,687,'01651,"Pepper (Piper spp.), raw",5539,Producer Price Index (2014-2016 = 100),1997,1997,7021,Annual value,,65.62,E
100,'356,India,687,'01651,"Pepper (Piper spp.), raw",5539,Producer Price Index (2014-2016 = 100),1998,1998,7021,Annual value,,86.27,E
100,'356,India,687,'01651,"Pepper (Piper spp.), raw",5539,Producer Price Index (2014-2016 = 100),1999,1999,7021,Annual value,,90.55,E
100,'356,India,687,'01651,"Pepper (Piper spp.), raw",5539,Producer Price Index (2014-2016 = 100),2000,2000,7021,Annual value,,75.27,E
100,'356,India,687,'01651,"Pepper (Piper spp.), raw",5539,Producer Price Index (2014-2016 = 100),2001,2001,7021,Annual value,,51.94,E
100,'356,India,687,'01651,"Pepper (Piper spp.), raw",5539,Producer Price Index (2014-2016 = 100),2002,2002,7021,Annual value,,43.94,E
100,'356,India,687,'01651,"Pepper (Piper spp.), raw",5539,Producer Price Index (2014-2016 = 100),2003,2003,7021,Annual value,,36.25,E
100,'356,India,687,'01651,"Pepper (Piper spp.), raw",5539,Producer Price Index (2014-2016 = 100),2004,2004,7021,Annual value,,35.44,E
100,'356,India,687,'01651,"Pepper (Piper spp.), raw",5539,Producer Price Index (2014-2016 = 100),2005,2005,7021,Annual value,,36.18,E
100,'356,India,687,'01651,"Pepper (Piper spp.), raw",5539,Producer Price Index (2014-2016 = 100),2006,2006,7021,Annual value,,48.94,E
100,'356,India,687,'01651,"Pepper (Piper spp.), raw",5539,Producer Price Index (2014-2016 = 100),2007,2007,7021,Annual value,,60.15,E
100,'356,India,687,'01651,"Pepper (Piper spp.), raw",5539,Producer Price Index (2014-2016 = 100),2008,2008,7021,Annual value,,59.31,E
100,'356,India,687,'01651,"Pepper (Piper spp.), raw",5539,Producer Price Index (2014-2016 = 100),2009,2009,7021,Annual value,,65.52,E
100,'356,India,687,'01651,"Pepper (Piper spp.), raw",5539,Producer Price Index (2014-2016 = 100),2010,2010,7021,Annual value,,77.14,E
100,'356,India,687,'01651,"Pepper (Piper spp.), raw",5539,Producer Price Index (2014-2016 = 100),2011,2011,7021,Annual value,,84.12,E
100,'356,India,687,'01651,"Pepper (Piper spp.), raw",5539,Producer Price Index (2014-2016 = 100),2012,2012,7021,Annual value,,91.28,E
100,'356,India,687,'01651,"Pepper (Piper spp.), raw",5539,Producer Price Index (2014-2016 = 100),2013,2013,7021,Annual value,,87.32,E
100,'356,India,687,'01651,"Pepper (Piper spp.), raw",5539,Producer Price Index (2014-2016 = 100),2014,2014,7021,Annual value,,94.65,E
100,'356,India,687,'01651,"Pepper (Piper spp.), raw",5539,Producer Price Index (2014-2016 = 100),2015,2015,7021,Annual value,,100.36,E
100,'356,India,687,'01651,"Pepper (Piper spp.), raw",5539,Producer Price Index (2014-2016 = 100),2016,2016,7021,Annual value,,104.99,E
100,'356,India,687,'01651,"Pepper (Piper spp.), raw",5539,Producer Price Index (2014-2016 = 100),2017,2017,7021,Annual value,,110.08,E
100,'356,India,687,'01651,"Pepper (Piper spp.), raw",5539,Producer Price Index (2014-2016 = 100),2018,2018,7021,Annual value,,109.77,E
100,'356,India,687,'01651,"Pepper (Piper spp.), raw",5539,Producer Price Index (2014-2016 = 100),2019,2019,7021,Annual value,,106.93,E
100,'356,India,687,'01651,"Pepper (Piper spp.), raw",5539,Producer Price Index (2014-2016 = 100),2020,2020,7021,Annual value,,98.37,E
100,'356,India,687,'01651,"Pepper (Piper spp.), raw",5539,Producer Price Index (2014-2016 = 100),2021,2021,7021,Annual value,,104.56,E
100,'356,India,687,'01651,"Pepper (Piper spp.), raw",5539,Producer Price Index (2014-2016 = 100),2022,2022,7021,Annual value,,106.85,E
100,'356,India,687,'01651,"Pepper (Piper spp.), raw",5539,Producer Price Index (2014-2016 = 100),2023,2023,7021,Annual value,,107.52,E
100,'356,India,687,'01651,"Pepper (Piper spp.), raw",5539,Producer Price Index (2014-2016 = 100),2024,2024,7021,Annual value,,121.89,E
100,'356,India,687,'01651,"Pepper (Piper spp.), raw",5539,Producer Price Index (2014-2016 = 100),2025,2025,7021,Annual value,,126.15,E
100,'356,India,197,'01707,"Pigeon peas, dry",5530,Producer Price (LCU/tonne),1991,1991,7021,Annual value,LCU,9058.0,A
100,'356,India,197,'01707,"Pigeon peas, dry",5530,Producer Price (LCU/tonne),1992,1992,7021,Annual value,LCU,9180.0,A
100,'356,India,197,'01707,"Pigeon peas, dry",5530,Producer Price (LCU/tonne),1993,1993,7021,Annual value,LCU,9736.0,A
100,'356,India,197,'01707,"Pigeon peas, dry",5530,Producer Price (LCU/tonne),1994,1994,7021,Annual value,LCU,12575.0,A
100,'356,India,197,'01707,"Pigeon peas, dry",5530,Producer Price (LCU/tonne),1995,1995,7021,Annual value,LCU,15407.0,A
100,'356,India,197,'01707,"Pigeon peas, dry",5530,Producer Price (LCU/tonne),1996,1996,7021,Annual value,LCU,12940.0,A
100,'356,India,197,'01707,"Pigeon peas, dry",5530,Producer Price (LCU/tonne),1997,1997,7021,Annual value,LCU,14000.0,A
100,'356,India,197,'01707,"Pigeon peas, dry",5530,Producer Price (LCU/tonne),1998,1998,7021,Annual value,LCU,18605.0,A
100,'356,India,197,'01707,"Pigeon peas, dry",5530,Producer Price (LCU/tonne),1999,1999,7021,Annual value,LCU,16616.0,A
100,'356,India,197,'01707,"Pigeon peas, dry",5530,Producer Price (LCU/tonne),2000,2000,7021,Annual value,LCU,15208.0,A
100,'356,India,197,'01707,"Pigeon peas, dry",5530,Producer Price (LCU/tonne),2001,2001,7021,Annual value,LCU,17173.6,A
100,'356,India,197,'01707,"Pigeon peas, dry",5530,Producer Price (LCU/tonne),2002,2002,7021,Annual value,LCU,17841.4,A
100,'356,India,197,'01707,"Pigeon peas, dry",5530,Producer Price (LCU/tonne),2003,2003,7021,Annual value,LCU,18234.3,A
100,'356,India,197,'01707,"Pigeon peas, dry",5530,Producer Price (LCU/tonne),2004,2004,7021,Annual value,LCU,18304.6,A
100,'356,India,197,'01707,"Pigeon peas, dry",5530,Producer Price (LCU/tonne),2005,2005,7021,Annual value,LCU,19184.3,A
100,'356,India,197,'01707,"Pigeon peas, dry",5530,Producer Price (LCU/tonne),2006,2006,7021,Annual value,LCU,21924.0,A
100,'356,India,197,'01707,"Pigeon peas, dry",5531,Producer Price (SLC/tonne),1991,1991,7021,Annual value,SLC,9058.0,A
100,'356,India,197,'01707,"Pigeon peas, dry",5531,Producer Price (SLC/tonne),1992,1992,7021,Annual value,SLC,9180.0,A
100,'356,India,197,'01707,"Pigeon peas, dry",5531,Producer Price (SLC/tonne),1993,1993,7021,Annual value,SLC,9736.0,A
100,'356,India,197,'01707,"Pigeon peas, dry",5531,Producer Price (SLC/tonne),1994,1994,7021,Annual value,SLC,12575.0,A
100,'356,India,197,'01707,"Pigeon peas, dry",5531,Producer Price (SLC/tonne),1995,1995,7021,Annual value,SLC,15407.0,A
100,'356,India,197,'01707,"Pigeon peas, dry",5531,Producer Price (SLC/tonne),1996,1996,7021,Annual value,SLC,12940.0,A
100,'356,India,197,'01707,"Pigeon peas, dry",5531,Producer Price (SLC/tonne),1997,1997,7021,Annual value,SLC,14000.0,A
100,'356,India,197,'01707,"Pigeon peas, dry",5531,Producer Price (SLC/tonne),1998,1998,7021,Annual value,SLC,18605.0,A
100,'356,India,197,'01707,"Pigeon peas, dry",5531,Producer Price (SLC/tonne),1999,1999,7021,Annual value,SLC,16616.0,A
100,'356,India,197,'01707,"Pigeon peas, dry",5531,Producer Price (SLC/tonne),2000,2000,7021,Annual value,SLC,15208.0,A
100,'356,India,197,'01707,"Pigeon peas, dry",5531,Producer Price (SLC/tonne),2001,2001,7021,Annual value,SLC,17173.6,A
100,'356,India,197,'01707,"Pigeon peas, dry",5531,Producer Price (SLC/tonne),2002,2002,7021,Annual value,SLC,17841.4,A
100,'356,India,197,'01707,"Pigeon peas, dry",5531,Producer Price (SLC/tonne),2003,2003,7021,Annual value,SLC,18234.3,A
100,'356,India,197,'01707,"Pigeon peas, dry",5531,Producer Price (SLC/tonne),2004,2004,7021,Annual value,SLC,18304.6,A
100,'356,India,197,'01707,"Pigeon peas, dry",5531,Producer Price (SLC/tonne),2005,2005,7021,Annual value,SLC,19184.3,A
100,'356,India,197,'01707,"Pigeon peas, dry",5531,Producer Price (SLC/tonne),2006,2006,7021,Annual value,SLC,21924.0,A
100,'356,India,197,'01707,"Pigeon peas, dry",5532,Producer Price (USD/tonne),1991,1991,7021,Annual value,USD,398.3,A
100,'356,India,197,'01707,"Pigeon peas, dry",5532,Producer Price (USD/tonne),1992,1992,7021,Annual value,USD,354.2,A
100,'356,India,197,'01707,"Pigeon peas, dry",5532,Producer Price (USD/tonne),1993,1993,7021,Annual value,USD,319.3,A
100,'356,India,197,'01707,"Pigeon peas, dry",5532,Producer Price (USD/tonne),1994,1994,7021,Annual value,USD,400.8,A
100,'356,India,197,'01707,"Pigeon peas, dry",5532,Producer Price (USD/tonne),1995,1995,7021,Annual value,USD,475.1,A
100,'356,India,197,'01707,"Pigeon peas, dry",5532,Producer Price (USD/tonne),1996,1996,7021,Annual value,USD,365.2,A
100,'356,India,197,'01707,"Pigeon peas, dry",5532,Producer Price (USD/tonne),1997,1997,7021,Annual value,USD,385.5,A
100,'356,India,197,'01707,"Pigeon peas, dry",5532,Producer Price (USD/tonne),1998,1998,7021,Annual value,USD,450.9,A
100,'356,India,197,'01707,"Pigeon peas, dry",5532,Producer Price (USD/tonne),1999,1999,7021,Annual value,USD,385.9,A
100,'356,India,197,'01707,"Pigeon peas, dry",5532,Producer Price (USD/tonne),2000,2000,7021,Annual value,USD,338.4,A
100,'356,India,197,'01707,"Pigeon peas, dry",5532,Producer Price (USD/tonne),2001,2001,7021,Annual value,USD,364.0,A
100,'356,India,197,'01707,"Pigeon peas, dry",5532,Producer Price (USD/tonne),2002,2002,7021,Annual value,USD,367.0,A
100,'356,India,197,'01707,"Pigeon peas, dry",5532,Producer Price (USD/tonne),2003,2003,7021,Annual value,USD,391.4,A
100,'356,India,197,'01707,"Pigeon peas, dry",5532,Producer Price (USD/tonne),2004,2004,7021,Annual value,USD,403.9,A
100,'356,India,197,'01707,"Pigeon peas, dry",5532,Producer Price (USD/tonne),2005,2005,7021,Annual value,USD,435.0,A
100,'356,India,197,'01707,"Pigeon peas, dry",5532,Producer Price (USD/tonne),2006,2006,7021,Annual value,USD,483.9,A
100,'356,India,197,'01707,"Pigeon peas, dry",5539,Producer Price Index (2014-2016 = 100),1991,1991,7021,Annual value,,20.22,E
100,'356,India,197,'01707,"Pigeon peas, dry",5539,Producer Price Index (2014-2016 = 100),1992,1992,7021,Annual value,,20.49,E
100,'356,India,197,'01707,"Pigeon peas, dry",5539,Producer Price Index (2014-2016 = 100),1993,1993,7021,Annual value,,21.73,E
100,'356,India,197,'01707,"Pigeon peas, dry",5539,Producer Price Index (2014-2016 = 100),1994,1994,7021,Annual value,,28.07,E
100,'356,India,197,'01707,"Pigeon peas, dry",5539,Producer Price Index (2014-2016 = 100),1995,1995,7021,Annual value,,34.39,E
100,'356,India,197,'01707,"Pigeon peas, dry",5539,Producer Price Index (2014-2016 = 100),1996,1996,7021,Annual value,,28.88,E
100,'356,India,197,'01707,"Pigeon peas, dry",5539,Producer Price Index (2014-2016 = 100),1997,1997,7021,Annual value,,31.25,E
100,'356,India,197,'01707,"Pigeon peas, dry",5539,Producer Price Index (2014-2016 = 100),1998,1998,7021,Annual value,,41.53,E
100,'356,India,197,'01707,"Pigeon peas, dry",5539,Producer Price Index (2014-2016 = 100),1999,1999,7021,Annual value,,37.09,E
100,'356,India,197,'01707,"Pigeon peas, dry",5539,Producer Price Index (2014-2016 = 100),2000,2000,7021,Annual value,,33.95,E
100,'356,India,197,'01707,"Pigeon peas, dry",5539,Producer Price Index (2014-2016 = 100),2001,2001,7021,Annual value,,38.33,E
100,'356,India,197,'01707,"Pigeon peas, dry",5539,Producer Price Index (2014-2016 = 100),2002,2002,7021,Annual value,,39.82,E
100,'356,India,197,'01707,"Pigeon peas, dry",5539,Producer Price Index (2014-2016 = 100),2003,2003,7021,Annual value,,40.7,E
100,'356,India,197,'01707,"Pigeon peas, dry",5539,Producer Price Index (2014-2016 = 100),2004,2004,7021,Annual value,,40.86,E
100,'356,India,197,'01707,"Pigeon peas, dry",5539,Producer Price Index (2014-2016 = 100),2005,2005,7021,Annual value,,42.82,E
100,'356,India,197,'01707,"Pigeon peas, dry",5539,Producer Price Index (2014-2016 = 100),2006,2006,7021,Annual value,,48.94,E
100,'356,India,197,'01707,"Pigeon peas, dry",5539,Producer Price Index (2014-2016 = 100),2007,2007,7021,Annual value,,60.15,E
100,'356,India,197,'01707,"Pigeon peas, dry",5539,Producer Price Index (2014-2016 = 100),2008,2008,7021,Annual value,,59.31,E
100,'356,India,197,'01707,"Pigeon peas, dry",5539,Producer Price Index (2014-2016 = 100),2009,2009,7021,Annual value,,65.52,E
100,'356,India,197,'01707,"Pigeon peas, dry",5539,Producer Price Index (2014-2016 = 100),2010,2010,7021,Annual value,,77.14,E
100,'356,India,197,'01707,"Pigeon peas, dry",5539,Producer Price Index (2014-2016 = 100),2011,2011,7021,Annual value,,84.12,E
100,'356,India,197,'01707,"Pigeon peas, dry",5539,Producer Price Index (2014-2016 = 100),2012,2012,7021,Annual value,,91.28,E
100,'356,India,197,'01707,"Pigeon peas, dry",5539,Producer Price Index (2014-2016 = 100),2013,2013,7021,Annual value,,87.32,E
100,'356,India,197,'01707,"Pigeon peas, dry",5539,Producer Price Index (2014-2016 = 100),2014,2014,7021,Annual value,,94.65,E
100,'356,India,197,'01707,"Pigeon peas, dry",5539,Producer Price Index (2014-2016 = 100),2015,2015,7021,Annual value,,100.36,E
100,'356,India,197,'01707,"Pigeon peas, dry",5539,Producer Price Index (2014-2016 = 100),2016,2016,7021,Annual value,,104.99,E
100,'356,India,197,'01707,"Pigeon peas, dry",5539,Producer Price Index (2014-2016 = 100),2017,2017,7021,Annual value,,110.08,E
100,'356,India,197,'01707,"Pigeon peas, dry",5539,Producer Price Index (2014-2016 = 100),2018,2018,7021,Annual value,,109.77,E
100,'356,India,197,'01707,"Pigeon peas, dry",5539,Producer Price Index (2014-2016 = 100),2019,2019,7021,Annual value,,116.74,E
100,'356,India,197,'01707,"Pigeon peas, dry",5539,Producer Price Index (2014-2016 = 100),2020,2020,7021,Annual value,,105.7,E
100,'356,India,197,'01707,"Pigeon peas, dry",5539,Producer Price Index (2014-2016 = 100),2021,2021,7021,Annual value,,125.29,E
100,'356,India,197,'01707,"Pigeon peas, dry",5539,Producer Price Index (2014-2016 = 100),2022,2022,7021,Annual value,,130.33,E
100,'356,India,197,'01707,"Pigeon peas, dry",5539,Producer Price Index (2014-2016 = 100),2023,2023,7021,Annual value,,130.5,E
100,'356,India,197,'01707,"Pigeon peas, dry",5539,Producer Price Index (2014-2016 = 100),2024,2024,7021,Annual value,,143.23,E
100,'356,India,197,'01707,"Pigeon peas, dry",5539,Producer Price Index (2014-2016 = 100),2025,2025,7021,Annual value,,155.96,E
100,'356,India,574,'01318,Pineapples,5530,Producer Price (LCU/tonne),2001,2001,7021,Annual value,LCU,8126.0,A
100,'356,India,574,'01318,Pineapples,5531,Producer Price (SLC/tonne),2001,2001,7021,Annual value,SLC,8126.0,A
100,'356,India,574,'01318,Pineapples,5532,Producer Price (USD/tonne),2001,2001,7021,Annual value,USD,172.2,A
100,'356,India,574,'01318,Pineapples,5539,Producer Price Index (2014-2016 = 100),1991,1991,7021,Annual value,,13.85,E
100,'356,India,574,'01318,Pineapples,5539,Producer Price Index (2014-2016 = 100),1992,1992,7021,Annual value,,15.42,E
100,'356,India,574,'01318,Pineapples,5539,Producer Price Index (2014-2016 = 100),1993,1993,7021,Annual value,,20.33,E
100,'356,India,574,'01318,Pineapples,5539,Producer Price Index (2014-2016 = 100),1994,1994,7021,Annual value,,21.31,E
100,'356,India,574,'01318,Pineapples,5539,Producer Price Index (2014-2016 = 100),1995,1995,7021,Annual value,,21.86,E
100,'356,India,574,'01318,Pineapples,5539,Producer Price Index (2014-2016 = 100),1996,1996,7021,Annual value,,27.29,E
100,'356,India,574,'01318,Pineapples,5539,Producer Price Index (2014-2016 = 100),1997,1997,7021,Annual value,,30.3,E
100,'356,India,574,'01318,Pineapples,5539,Producer Price Index (2014-2016 = 100),1998,1998,7021,Annual value,,31.46,E
100,'356,India,574,'01318,Pineapples,5539,Producer Price Index (2014-2016 = 100),1999,1999,7021,Annual value,,30.45,E
100,'356,India,574,'01318,Pineapples,5539,Producer Price Index (2014-2016 = 100),2000,2000,7021,Annual value,,29.02,E
100,'356,India,574,'01318,Pineapples,5539,Producer Price Index (2014-2016 = 100),2001,2001,7021,Annual value,,30.85,E
100,'356,India,574,'01318,Pineapples,5539,Producer Price Index (2014-2016 = 100),2002,2002,7021,Annual value,,35.27,E
100,'356,India,574,'01318,Pineapples,5539,Producer Price Index (2014-2016 = 100),2003,2003,7021,Annual value,,39.83,E
100,'356,India,574,'01318,Pineapples,5539,Producer Price Index (2014-2016 = 100),2004,2004,7021,Annual value,,42.21,E
100,'356,India,574,'01318,Pineapples,5539,Producer Price Index (2014-2016 = 100),2005,2005,7021,Annual value,,45.95,E
100,'356,India,574,'01318,Pineapples,5539,Producer Price Index (2014-2016 = 100),2006,2006,7021,Annual value,,48.94,E
100,'356,India,574,'01318,Pineapples,5539,Producer Price Index (2014-2016 = 100),2007,2007,7021,Annual value,,60.15,E
100,'356,India,574,'01318,Pineapples,5539,Producer Price Index (2014-2016 = 100),2008,2008,7021,Annual value,,59.31,E
100,'356,India,574,'01318,Pineapples,5539,Producer Price Index (2014-2016 = 100),2009,2009,7021,Annual value,,65.52,E
100,'356,India,574,'01318,Pineapples,5539,Producer Price Index (2014-2016 = 100),2010,2010,7021,Annual value,,77.14,E
100,'356,India,574,'01318,Pineapples,5539,Producer Price Index (2014-2016 = 100),2011,2011,7021,Annual value,,84.12,E
100,'356,India,574,'01318,Pineapples,5539,Producer Price Index (2014-2016 = 100),2012,2012,7021,Annual value,,91.28,E
100,'356,India,574,'01318,Pineapples,5539,Producer Price Index (2014-2016 = 100),2013,2013,7021,Annual value,,87.32,E
100,'356,India,574,'01318,Pineapples,5539,Producer Price Index (2014-2016 = 100),2014,2014,7021,Annual value,,94.65,E
100,'356,India,574,'01318,Pineapples,5539,Producer Price Index (2014-2016 = 100),2015,2015,7021,Annual value,,100.36,E
100,'356,India,574,'01318,Pineapples,5539,Producer Price Index (2014-2016 = 100),2016,2016,7021,Annual value,,104.99,E
100,'356,India,574,'01318,Pineapples,5539,Producer Price Index (2014-2016 = 100),2017,2017,7021,Annual value,,110.08,E
100,'356,India,574,'01318,Pineapples,5539,Producer Price Index (2014-2016 = 100),2018,2018,7021,Annual value,,109.77,E
100,'356,India,574,'01318,Pineapples,5539,Producer Price Index (2014-2016 = 100),2019,2019,7021,Annual value,,118.55,E
100,'356,India,574,'01318,Pineapples,5539,Producer Price Index (2014-2016 = 100),2020,2020,7021,Annual value,,121.38,E
100,'356,India,574,'01318,Pineapples,5539,Producer Price Index (2014-2016 = 100),2021,2021,7021,Annual value,,141.14,E
100,'356,India,574,'01318,Pineapples,5539,Producer Price Index (2014-2016 = 100),2022,2022,7021,Annual value,,142.18,E
100,'356,India,574,'01318,Pineapples,5539,Producer Price Index (2014-2016 = 100),2023,2023,7021,Annual value,,139.57,E
100,'356,India,574,'01318,Pineapples,5539,Producer Price Index (2014-2016 = 100),2024,2024,7021,Annual value,,152.33,E
100,'356,India,574,'01318,Pineapples,5539,Producer Price Index (2014-2016 = 100),2025,2025,7021,Annual value,,165.1,E
100,'356,India,536,'01346,Plums and sloes,5539,Producer Price Index (2014-2016 = 100),1991,1991,7021,Annual value,,13.96,E
100,'356,India,536,'01346,Plums and sloes,5539,Producer Price Index (2014-2016 = 100),1992,1992,7021,Annual value,,18.41,E
100,'356,India,536,'01346,Plums and sloes,5539,Producer Price Index (2014-2016 = 100),1993,1993,7021,Annual value,,19.29,E
100,'356,India,536,'01346,Plums and sloes,5539,Producer Price Index (2014-2016 = 100),1994,1994,7021,Annual value,,19.79,E
100,'356,India,536,'01346,Plums and sloes,5539,Producer Price Index (2014-2016 = 100),1995,1995,7021,Annual value,,24.7,E
100,'356,India,536,'01346,Plums and sloes,5539,Producer Price Index (2014-2016 = 100),1996,1996,7021,Annual value,,27.43,E
100,'356,India,536,'01346,Plums and sloes,5539,Producer Price Index (2014-2016 = 100),1997,1997,7021,Annual value,,28.48,E
100,'356,India,536,'01346,Plums and sloes,5539,Producer Price Index (2014-2016 = 100),1998,1998,7021,Annual value,,27.56,E
100,'356,India,536,'01346,Plums and sloes,5539,Producer Price Index (2014-2016 = 100),1999,1999,7021,Annual value,,26.27,E
100,'356,India,536,'01346,Plums and sloes,5539,Producer Price Index (2014-2016 = 100),2000,2000,7021,Annual value,,28.09,E
100,'356,India,536,'01346,Plums and sloes,5539,Producer Price Index (2014-2016 = 100),2001,2001,7021,Annual value,,32.11,E
100,'356,India,536,'01346,Plums and sloes,5539,Producer Price Index (2014-2016 = 100),2002,2002,7021,Annual value,,36.72,E
100,'356,India,536,'01346,Plums and sloes,5539,Producer Price Index (2014-2016 = 100),2003,2003,7021,Annual value,,39.83,E
100,'356,India,536,'01346,Plums and sloes,5539,Producer Price Index (2014-2016 = 100),2004,2004,7021,Annual value,,42.21,E
100,'356,India,536,'01346,Plums and sloes,5539,Producer Price Index (2014-2016 = 100),2005,2005,7021,Annual value,,45.95,E
100,'356,India,536,'01346,Plums and sloes,5539,Producer Price Index (2014-2016 = 100),2006,2006,7021,Annual value,,48.94,E
100,'356,India,536,'01346,Plums and sloes,5539,Producer Price Index (2014-2016 = 100),2007,2007,7021,Annual value,,60.15,E
100,'356,India,536,'01346,Plums and sloes,5539,Producer Price Index (2014-2016 = 100),2008,2008,7021,Annual value,,59.31,E
100,'356,India,536,'01346,Plums and sloes,5539,Producer Price Index (2014-2016 = 100),2009,2009,7021,Annual value,,65.52,E
100,'356,India,536,'01346,Plums and sloes,5539,Producer Price Index (2014-2016 = 100),2010,2010,7021,Annual value,,77.14,E
100,'356,India,536,'01346,Plums and sloes,5539,Producer Price Index (2014-2016 = 100),2011,2011,7021,Annual value,,84.12,E
100,'356,India,536,'01346,Plums and sloes,5539,Producer Price Index (2014-2016 = 100),2012,2012,7021,Annual value,,91.28,E
100,'356,India,536,'01346,Plums and sloes,5539,Producer Price Index (2014-2016 = 100),2013,2013,7021,Annual value,,87.32,E
100,'356,India,536,'01346,Plums and sloes,5539,Producer Price Index (2014-2016 = 100),2014,2014,7021,Annual value,,94.65,E
100,'356,India,536,'01346,Plums and sloes,5539,Producer Price Index (2014-2016 = 100),2015,2015,7021,Annual value,,100.36,E
100,'356,India,536,'01346,Plums and sloes,5539,Producer Price Index (2014-2016 = 100),2016,2016,7021,Annual value,,104.99,E
100,'356,India,536,'01346,Plums and sloes,5539,Producer Price Index (2014-2016 = 100),2017,2017,7021,Annual value,,110.08,E
100,'356,India,536,'01346,Plums and sloes,5539,Producer Price Index (2014-2016 = 100),2018,2018,7021,Annual value,,109.77,E
100,'356,India,536,'01346,Plums and sloes,5539,Producer Price Index (2014-2016 = 100),2019,2019,7021,Annual value,,116.75,E
100,'356,India,536,'01346,Plums and sloes,5539,Producer Price Index (2014-2016 = 100),2020,2020,7021,Annual value,,111.07,E
100,'356,India,536,'01346,Plums and sloes,5539,Producer Price Index (2014-2016 = 100),2021,2021,7021,Annual value,,136.3,E
100,'356,India,536,'01346,Plums and sloes,5539,Producer Price Index (2014-2016 = 100),2022,2022,7021,Annual value,,141.37,E
100,'356,India,536,'01346,Plums and sloes,5539,Producer Price Index (2014-2016 = 100),2023,2023,7021,Annual value,,144.94,E
100,'356,India,536,'01346,Plums and sloes,5539,Producer Price Index (2014-2016 = 100),2024,2024,7021,Annual value,,153.87,E
100,'356,India,536,'01346,Plums and sloes,5539,Producer Price Index (2014-2016 = 100),2025,2025,7021,Annual value,,162.81,E
100,'356,India,507,'01321,Pomelos and grapefruits,5539,Producer Price Index (2014-2016 = 100),1991,1991,7021,Annual value,,17.54,E
100,'356,India,507,'01321,Pomelos and grapefruits,5539,Producer Price Index (2014-2016 = 100),1992,1992,7021,Annual value,,18.41,E
100,'356,India,507,'01321,Pomelos and grapefruits,5539,Producer Price Index (2014-2016 = 100),1993,1993,7021,Annual value,,19.29,E
100,'356,India,507,'01321,Pomelos and grapefruits,5539,Producer Price Index (2014-2016 = 100),1994,1994,7021,Annual value,,19.79,E
100,'356,India,507,'01321,Pomelos and grapefruits,5539,Producer Price Index (2014-2016 = 100),1995,1995,7021,Annual value,,24.7,E
100,'356,India,507,'01321,Pomelos and grapefruits,5539,Producer Price Index (2014-2016 = 100),1996,1996,7021,Annual value,,27.43,E
100,'356,India,507,'01321,Pomelos and grapefruits,5539,Producer Price Index (2014-2016 = 100),1997,1997,7021,Annual value,,28.48,E
100,'356,India,507,'01321,Pomelos and grapefruits,5539,Producer Price Index (2014-2016 = 100),1998,1998,7021,Annual value,,27.56,E
100,'356,India,507,'01321,Pomelos and grapefruits,5539,Producer Price Index (2014-2016 = 100),1999,1999,7021,Annual value,,26.27,E
100,'356,India,507,'01321,Pomelos and grapefruits,5539,Producer Price Index (2014-2016 = 100),2000,2000,7021,Annual value,,28.09,E
100,'356,India,507,'01321,Pomelos and grapefruits,5539,Producer Price Index (2014-2016 = 100),2001,2001,7021,Annual value,,32.11,E
100,'356,India,507,'01321,Pomelos and grapefruits,5539,Producer Price Index (2014-2016 = 100),2002,2002,7021,Annual value,,36.72,E
100,'356,India,507,'01321,Pomelos and grapefruits,5539,Producer Price Index (2014-2016 = 100),2003,2003,7021,Annual value,,39.83,E
100,'356,India,507,'01321,Pomelos and grapefruits,5539,Producer Price Index (2014-2016 = 100),2004,2004,7021,Annual value,,42.21,E
100,'356,India,507,'01321,Pomelos and grapefruits,5539,Producer Price Index (2014-2016 = 100),2005,2005,7021,Annual value,,45.95,E
100,'356,India,507,'01321,Pomelos and grapefruits,5539,Producer Price Index (2014-2016 = 100),2006,2006,7021,Annual value,,48.94,E
100,'356,India,507,'01321,Pomelos and grapefruits,5539,Producer Price Index (2014-2016 = 100),2007,2007,7021,Annual value,,60.15,E
100,'356,India,507,'01321,Pomelos and grapefruits,5539,Producer Price Index (2014-2016 = 100),2008,2008,7021,Annual value,,59.31,E
100,'356,India,507,'01321,Pomelos and grapefruits,5539,Producer Price Index (2014-2016 = 100),2009,2009,7021,Annual value,,65.52,E
100,'356,India,507,'01321,Pomelos and grapefruits,5539,Producer Price Index (2014-2016 = 100),2010,2010,7021,Annual value,,77.14,E
100,'356,India,507,'01321,Pomelos and grapefruits,5539,Producer Price Index (2014-2016 = 100),2011,2011,7021,Annual value,,84.12,E
100,'356,India,507,'01321,Pomelos and grapefruits,5539,Producer Price Index (2014-2016 = 100),2012,2012,7021,Annual value,,91.28,E
100,'356,India,507,'01321,Pomelos and grapefruits,5539,Producer Price Index (2014-2016 = 100),2013,2013,7021,Annual value,,87.32,E
100,'356,India,507,'01321,Pomelos and grapefruits,5539,Producer Price Index (2014-2016 = 100),2014,2014,7021,Annual value,,94.65,E
100,'356,India,507,'01321,Pomelos and grapefruits,5539,Producer Price Index (2014-2016 = 100),2015,2015,7021,Annual value,,100.36,E
100,'356,India,507,'01321,Pomelos and grapefruits,5539,Producer Price Index (2014-2016 = 100),2016,2016,7021,Annual value,,104.99,E
100,'356,India,507,'01321,Pomelos and grapefruits,5539,Producer Price Index (2014-2016 = 100),2017,2017,7021,Annual value,,110.08,E
100,'356,India,507,'01321,Pomelos and grapefruits,5539,Producer Price Index (2014-2016 = 100),2018,2018,7021,Annual value,,109.77,E
100,'356,India,507,'01321,Pomelos and grapefruits,5539,Producer Price Index (2014-2016 = 100),2019,2019,7021,Annual value,,116.75,E
100,'356,India,507,'01321,Pomelos and grapefruits,5539,Producer Price Index (2014-2016 = 100),2020,2020,7021,Annual value,,111.07,E
100,'356,India,507,'01321,Pomelos and grapefruits,5539,Producer Price Index (2014-2016 = 100),2021,2021,7021,Annual value,,136.3,E
100,'356,India,507,'01321,Pomelos and grapefruits,5539,Producer Price Index (2014-2016 = 100),2022,2022,7021,Annual value,,141.37,E
100,'356,India,507,'01321,Pomelos and grapefruits,5539,Producer Price Index (2014-2016 = 100),2023,2023,7021,Annual value,,144.94,E
100,'356,India,507,'01321,Pomelos and grapefruits,5539,Producer Price Index (2014-2016 = 100),2024,2024,7021,Annual value,,153.87,E
100,'356,India,507,'01321,Pomelos and grapefruits,5539,Producer Price Index (2014-2016 = 100),2025,2025,7021,Annual value,,162.81,E
100,'356,India,116,'01510,Potatoes,5530,Producer Price (LCU/tonne),1991,1991,7021,Annual value,LCU,2924.0,A
100,'356,India,116,'01510,Potatoes,5530,Producer Price (LCU/tonne),1992,1992,7021,Annual value,LCU,2488.0,A
100,'356,India,116,'01510,Potatoes,5530,Producer Price (LCU/tonne),1993,1993,7021,Annual value,LCU,2822.0,A
100,'356,India,116,'01510,Potatoes,5530,Producer Price (LCU/tonne),1994,1994,7021,Annual value,LCU,3161.0,A
100,'356,India,116,'01510,Potatoes,5530,Producer Price (LCU/tonne),1995,1995,7021,Annual value,LCU,3801.0,A
100,'356,India,116,'01510,Potatoes,5530,Producer Price (LCU/tonne),1996,1996,7021,Annual value,LCU,4040.0,A
100,'356,India,116,'01510,Potatoes,5530,Producer Price (LCU/tonne),1997,1997,7021,Annual value,LCU,4174.0,A
100,'356,India,116,'01510,Potatoes,5530,Producer Price (LCU/tonne),1998,1998,7021,Annual value,LCU,4810.0,A
100,'356,India,116,'01510,Potatoes,5530,Producer Price (LCU/tonne),1999,1999,7021,Annual value,LCU,3751.0,A
100,'356,India,116,'01510,Potatoes,5530,Producer Price (LCU/tonne),2000,2000,7021,Annual value,LCU,4220.0,A
100,'356,India,116,'01510,Potatoes,5530,Producer Price (LCU/tonne),2001,2001,7021,Annual value,LCU,4821.8,A
100,'356,India,116,'01510,Potatoes,5530,Producer Price (LCU/tonne),2002,2002,7021,Annual value,LCU,4644.7,A
100,'356,India,116,'01510,Potatoes,5530,Producer Price (LCU/tonne),2003,2003,7021,Annual value,LCU,4448.2,A
100,'356,India,116,'01510,Potatoes,5530,Producer Price (LCU/tonne),2004,2004,7021,Annual value,LCU,5694.4,A
100,'356,India,116,'01510,Potatoes,5530,Producer Price (LCU/tonne),2005,2005,7021,Annual value,LCU,5770.0,A
100,'356,India,116,'01510,Potatoes,5530,Producer Price (LCU/tonne),2006,2006,7021,Annual value,LCU,5890.0,A
100,'356,India,116,'01510,Potatoes,5531,Producer Price (SLC/tonne),1991,1991,7021,Annual value,SLC,2924.0,A
100,'356,India,116,'01510,Potatoes,5531,Producer Price (SLC/tonne),1992,1992,7021,Annual value,SLC,2488.0,A
100,'356,India,116,'01510,Potatoes,5531,Producer Price (SLC/tonne),1993,1993,7021,Annual value,SLC,2822.0,A
100,'356,India,116,'01510,Potatoes,5531,Producer Price (SLC/tonne),1994,1994,7021,Annual value,SLC,3161.0,A
100,'356,India,116,'01510,Potatoes,5531,Producer Price (SLC/tonne),1995,1995,7021,Annual value,SLC,3801.0,A
100,'356,India,116,'01510,Potatoes,5531,Producer Price (SLC/tonne),1996,1996,7021,Annual value,SLC,4040.0,A
100,'356,India,116,'01510,Potatoes,5531,Producer Price (SLC/tonne),1997,1997,7021,Annual value,SLC,4174.0,A
100,'356,India,116,'01510,Potatoes,5531,Producer Price (SLC/tonne),1998,1998,7021,Annual value,SLC,4810.0,A
100,'356,India,116,'01510,Potatoes,5531,Producer Price (SLC/tonne),1999,1999,7021,Annual value,SLC,3751.0,A
100,'356,India,116,'01510,Potatoes,5531,Producer Price (SLC/tonne),2000,2000,7021,Annual value,SLC,4220.0,A
100,'356,India,116,'01510,Potatoes,5531,Producer Price (SLC/tonne),2001,2001,7021,Annual value,SLC,4821.8,A
100,'356,India,116,'01510,Potatoes,5531,Producer Price (SLC/tonne),2002,2002,7021,Annual value,SLC,4644.7,A
100,'356,India,116,'01510,Potatoes,5531,Producer Price (SLC/tonne),2003,2003,7021,Annual value,SLC,4448.2,A
100,'356,India,116,'01510,Potatoes,5531,Producer Price (SLC/tonne),2004,2004,7021,Annual value,SLC,5694.4,A
100,'356,India,116,'01510,Potatoes,5531,Producer Price (SLC/tonne),2005,2005,7021,Annual value,SLC,5770.0,A
100,'356,India,116,'01510,Potatoes,5531,Producer Price (SLC/tonne),2006,2006,7021,Annual value,SLC,5890.0,A
100,'356,India,116,'01510,Potatoes,5532,Producer Price (USD/tonne),1991,1991,7021,Annual value,USD,128.6,A
100,'356,India,116,'01510,Potatoes,5532,Producer Price (USD/tonne),1992,1992,7021,Annual value,USD,96.0,A
100,'356,India,116,'01510,Potatoes,5532,Producer Price (USD/tonne),1993,1993,7021,Annual value,USD,92.5,A
100,'356,India,116,'01510,Potatoes,5532,Producer Price (USD/tonne),1994,1994,7021,Annual value,USD,100.8,A
100,'356,India,116,'01510,Potatoes,5532,Producer Price (USD/tonne),1995,1995,7021,Annual value,USD,117.2,A
100,'356,India,116,'01510,Potatoes,5532,Producer Price (USD/tonne),1996,1996,7021,Annual value,USD,114.0,A
100,'356,India,116,'01510,Potatoes,5532,Producer Price (USD/tonne),1997,1997,7021,Annual value,USD,114.9,A
100,'356,India,116,'01510,Potatoes,5532,Producer Price (USD/tonne),1998,1998,7021,Annual value,USD,116.6,A
100,'356,India,116,'01510,Potatoes,5532,Producer Price (USD/tonne),1999,1999,7021,Annual value,USD,87.1,A
100,'356,India,116,'01510,Potatoes,5532,Producer Price (USD/tonne),2000,2000,7021,Annual value,USD,93.9,A
100,'356,India,116,'01510,Potatoes,5532,Producer Price (USD/tonne),2001,2001,7021,Annual value,USD,102.2,A
100,'356,India,116,'01510,Potatoes,5532,Producer Price (USD/tonne),2002,2002,7021,Annual value,USD,95.5,A
100,'356,India,116,'01510,Potatoes,5532,Producer Price (USD/tonne),2003,2003,7021,Annual value,USD,95.5,A
100,'356,India,116,'01510,Potatoes,5532,Producer Price (USD/tonne),2004,2004,7021,Annual value,USD,125.7,A
100,'356,India,116,'01510,Potatoes,5532,Producer Price (USD/tonne),2005,2005,7021,Annual value,USD,130.8,A
100,'356,India,116,'01510,Potatoes,5532,Producer Price (USD/tonne),2006,2006,7021,Annual value,USD,130.0,A
100,'356,India,116,'01510,Potatoes,5539,Producer Price Index (2014-2016 = 100),1991,1991,7021,Annual value,,24.29,E
100,'356,India,116,'01510,Potatoes,5539,Producer Price Index (2014-2016 = 100),1992,1992,7021,Annual value,,20.67,E
100,'356,India,116,'01510,Potatoes,5539,Producer Price Index (2014-2016 = 100),1993,1993,7021,Annual value,,23.45,E
100,'356,India,116,'01510,Potatoes,5539,Producer Price Index (2014-2016 = 100),1994,1994,7021,Annual value,,26.26,E
100,'356,India,116,'01510,Potatoes,5539,Producer Price Index (2014-2016 = 100),1995,1995,7021,Annual value,,31.58,E
100,'356,India,116,'01510,Potatoes,5539,Producer Price Index (2014-2016 = 100),1996,1996,7021,Annual value,,33.57,E
100,'356,India,116,'01510,Potatoes,5539,Producer Price Index (2014-2016 = 100),1997,1997,7021,Annual value,,34.68,E
100,'356,India,116,'01510,Potatoes,5539,Producer Price Index (2014-2016 = 100),1998,1998,7021,Annual value,,39.96,E
100,'356,India,116,'01510,Potatoes,5539,Producer Price Index (2014-2016 = 100),1999,1999,7021,Annual value,,31.16,E
100,'356,India,116,'01510,Potatoes,5539,Producer Price Index (2014-2016 = 100),2000,2000,7021,Annual value,,35.06,E
100,'356,India,116,'01510,Potatoes,5539,Producer Price Index (2014-2016 = 100),2001,2001,7021,Annual value,,40.06,E
100,'356,India,116,'01510,Potatoes,5539,Producer Price Index (2014-2016 = 100),2002,2002,7021,Annual value,,38.59,E
100,'356,India,116,'01510,Potatoes,5539,Producer Price Index (2014-2016 = 100),2003,2003,7021,Annual value,,36.96,E
100,'356,India,116,'01510,Potatoes,5539,Producer Price Index (2014-2016 = 100),2004,2004,7021,Annual value,,47.31,E
100,'356,India,116,'01510,Potatoes,5539,Producer Price Index (2014-2016 = 100),2005,2005,7021,Annual value,,47.94,E
100,'356,India,116,'01510,Potatoes,5539,Producer Price Index (2014-2016 = 100),2006,2006,7021,Annual value,,48.94,E
100,'356,India,116,'01510,Potatoes,5539,Producer Price Index (2014-2016 = 100),2007,2007,7021,Annual value,,60.15,E
100,'356,India,116,'01510,Potatoes,5539,Producer Price Index (2014-2016 = 100),2008,2008,7021,Annual value,,59.31,E
100,'356,India,116,'01510,Potatoes,5539,Producer Price Index (2014-2016 = 100),2009,2009,7021,Annual value,,65.52,E
100,'356,India,116,'01510,Potatoes,5539,Producer Price Index (2014-2016 = 100),2010,2010,7021,Annual value,,77.14,E
100,'356,India,116,'01510,Potatoes,5539,Producer Price Index (2014-2016 = 100),2011,2011,7021,Annual value,,84.12,E
100,'356,India,116,'01510,Potatoes,5539,Producer Price Index (2014-2016 = 100),2012,2012,7021,Annual value,,91.28,E
100,'356,India,116,'01510,Potatoes,5539,Producer Price Index (2014-2016 = 100),2013,2013,7021,Annual value,,87.32,E
100,'356,India,116,'01510,Potatoes,5539,Producer Price Index (2014-2016 = 100),2014,2014,7021,Annual value,,94.65,E
100,'356,India,116,'01510,Potatoes,5539,Producer Price Index (2014-2016 = 100),2015,2015,7021,Annual value,,100.36,E
100,'356,India,116,'01510,Potatoes,5539,Producer Price Index (2014-2016 = 100),2016,2016,7021,Annual value,,104.99,E
100,'356,India,116,'01510,Potatoes,5539,Producer Price Index (2014-2016 = 100),2017,2017,7021,Annual value,,110.08,E
100,'356,India,116,'01510,Potatoes,5539,Producer Price Index (2014-2016 = 100),2018,2018,7021,Annual value,,109.77,E
100,'356,India,116,'01510,Potatoes,5539,Producer Price Index (2014-2016 = 100),2019,2019,7021,Annual value,,117.02,E
100,'356,India,116,'01510,Potatoes,5539,Producer Price Index (2014-2016 = 100),2020,2020,7021,Annual value,,118.74,E
100,'356,India,116,'01510,Potatoes,5539,Producer Price Index (2014-2016 = 100),2021,2021,7021,Annual value,,137.81,E
100,'356,India,116,'01510,Potatoes,5539,Producer Price Index (2014-2016 = 100),2022,2022,7021,Annual value,,138.43,E
100,'356,India,116,'01510,Potatoes,5539,Producer Price Index (2014-2016 = 100),2023,2023,7021,Annual value,,142.22,E
100,'356,India,116,'01510,Potatoes,5539,Producer Price Index (2014-2016 = 100),2024,2024,7021,Annual value,,154.15,E
100,'356,India,116,'01510,Potatoes,5539,Producer Price Index (2014-2016 = 100),2025,2025,7021,Annual value,,163.52,E
100,'356,India,394,'01235,"Pumpkins, squash and gourds",5539,Producer Price Index (2014-2016 = 100),1991,1991,7021,Annual value,,22.28,E
100,'356,India,394,'01235,"Pumpkins, squash and gourds",5539,Producer Price Index (2014-2016 = 100),1992,1992,7021,Annual value,,16.88,E
100,'356,India,394,'01235,"Pumpkins, squash and gourds",5539,Producer Price Index (2014-2016 = 100),1993,1993,7021,Annual value,,20.72,E
100,'356,India,394,'01235,"Pumpkins, squash and gourds",5539,Producer Price Index (2014-2016 = 100),1994,1994,7021,Annual value,,29.66,E
100,'356,India,394,'01235,"Pumpkins, squash and gourds",5539,Producer Price Index (2014-2016 = 100),1995,1995,7021,Annual value,,22.76,E
100,'356,India,394,'01235,"Pumpkins, squash and gourds",5539,Producer Price Index (2014-2016 = 100),1996,1996,7021,Annual value,,32.66,E
100,'356,India,394,'01235,"Pumpkins, squash and gourds",5539,Producer Price Index (2014-2016 = 100),1997,1997,7021,Annual value,,30.32,E
100,'356,India,394,'01235,"Pumpkins, squash and gourds",5539,Producer Price Index (2014-2016 = 100),1998,1998,7021,Annual value,,48.38,E
100,'356,India,394,'01235,"Pumpkins, squash and gourds",5539,Producer Price Index (2014-2016 = 100),1999,1999,7021,Annual value,,57.51,E
100,'356,India,394,'01235,"Pumpkins, squash and gourds",5539,Producer Price Index (2014-2016 = 100),2000,2000,7021,Annual value,,35.79,E
100,'356,India,394,'01235,"Pumpkins, squash and gourds",5539,Producer Price Index (2014-2016 = 100),2001,2001,7021,Annual value,,35.27,E
100,'356,India,394,'01235,"Pumpkins, squash and gourds",5539,Producer Price Index (2014-2016 = 100),2002,2002,7021,Annual value,,40.83,E
100,'356,India,394,'01235,"Pumpkins, squash and gourds",5539,Producer Price Index (2014-2016 = 100),2003,2003,7021,Annual value,,39.83,E
100,'356,India,394,'01235,"Pumpkins, squash and gourds",5539,Producer Price Index (2014-2016 = 100),2004,2004,7021,Annual value,,42.21,E
100,'356,India,394,'01235,"Pumpkins, squash and gourds",5539,Producer Price Index (2014-2016 = 100),2005,2005,7021,Annual value,,45.95,E
100,'356,India,394,'01235,"Pumpkins, squash and gourds",5539,Producer Price Index (2014-2016 = 100),2006,2006,7021,Annual value,,48.94,E
100,'356,India,394,'01235,"Pumpkins, squash and gourds",5539,Producer Price Index (2014-2016 = 100),2007,2007,7021,Annual value,,60.15,E
100,'356,India,394,'01235,"Pumpkins, squash and gourds",5539,Producer Price Index (2014-2016 = 100),2008,2008,7021,Annual value,,59.31,E
100,'356,India,394,'01235,"Pumpkins, squash and gourds",5539,Producer Price Index (2014-2016 = 100),2009,2009,7021,Annual value,,65.52,E
100,'356,India,394,'01235,"Pumpkins, squash and gourds",5539,Producer Price Index (2014-2016 = 100),2010,2010,7021,Annual value,,77.14,E
100,'356,India,394,'01235,"Pumpkins, squash and gourds",5539,Producer Price Index (2014-2016 = 100),2011,2011,7021,Annual value,,84.12,E
100,'356,India,394,'01235,"Pumpkins, squash and gourds",5539,Producer Price Index (2014-2016 = 100),2012,2012,7021,Annual value,,91.28,E
100,'356,India,394,'01235,"Pumpkins, squash and gourds",5539,Producer Price Index (2014-2016 = 100),2013,2013,7021,Annual value,,87.32,E
100,'356,India,394,'01235,"Pumpkins, squash and gourds",5539,Producer Price Index (2014-2016 = 100),2014,2014,7021,Annual value,,94.65,E
100,'356,India,394,'01235,"Pumpkins, squash and gourds",5539,Producer Price Index (2014-2016 = 100),2015,2015,7021,Annual value,,100.36,E
100,'356,India,394,'01235,"Pumpkins, squash and gourds",5539,Producer Price Index (2014-2016 = 100),2016,2016,7021,Annual value,,104.99,E
100,'356,India,394,'01235,"Pumpkins, squash and gourds",5539,Producer Price Index (2014-2016 = 100),2017,2017,7021,Annual value,,110.08,E
100,'356,India,394,'01235,"Pumpkins, squash and gourds",5539,Producer Price Index (2014-2016 = 100),2018,2018,7021,Annual value,,109.77,E
100,'356,India,394,'01235,"Pumpkins, squash and gourds",5539,Producer Price Index (2014-2016 = 100),2019,2019,7021,Annual value,,111.16,E
100,'356,India,394,'01235,"Pumpkins, squash and gourds",5539,Producer Price Index (2014-2016 = 100),2020,2020,7021,Annual value,,110.55,E
100,'356,India,394,'01235,"Pumpkins, squash and gourds",5539,Producer Price Index (2014-2016 = 100),2021,2021,7021,Annual value,,117.17,E
100,'356,India,394,'01235,"Pumpkins, squash and gourds",5539,Producer Price Index (2014-2016 = 100),2022,2022,7021,Annual value,,119.98,E
100,'356,India,394,'01235,"Pumpkins, squash and gourds",5539,Producer Price Index (2014-2016 = 100),2023,2023,7021,Annual value,,119.88,E
100,'356,India,394,'01235,"Pumpkins, squash and gourds",5539,Producer Price Index (2014-2016 = 100),2024,2024,7021,Annual value,,134.94,E
100,'356,India,394,'01235,"Pumpkins, squash and gourds",5539,Producer Price Index (2014-2016 = 100),2025,2025,7021,Annual value,,139.74,E
100,'356,India,270,'01443,Rape or colza seed,5530,Producer Price (LCU/tonne),1991,1991,7021,Annual value,LCU,9465.0,A
100,'356,India,270,'01443,Rape or colza seed,5530,Producer Price (LCU/tonne),1992,1992,7021,Annual value,LCU,9747.0,A
100,'356,India,270,'01443,Rape or colza seed,5530,Producer Price (LCU/tonne),1993,1993,7021,Annual value,LCU,10803.0,A
100,'356,India,270,'01443,Rape or colza seed,5530,Producer Price (LCU/tonne),1994,1994,7021,Annual value,LCU,11599.0,A
100,'356,India,270,'01443,Rape or colza seed,5530,Producer Price (LCU/tonne),1995,1995,7021,Annual value,LCU,12091.0,A
100,'356,India,270,'01443,Rape or colza seed,5530,Producer Price (LCU/tonne),1996,1996,7021,Annual value,LCU,10840.0,A
100,'356,India,270,'01443,Rape or colza seed,5530,Producer Price (LCU/tonne),1997,1997,7021,Annual value,LCU,12932.0,A
100,'356,India,270,'01443,Rape or colza seed,5530,Producer Price (LCU/tonne),1998,1998,7021,Annual value,LCU,14308.0,A
100,'356,India,270,'01443,Rape or colza seed,5530,Producer Price (LCU/tonne),1999,1999,7021,Annual value,LCU,13132.0,A
100,'356,India,270,'01443,Rape or colza seed,5530,Producer Price (LCU/tonne),2000,2000,7021,Annual value,LCU,13059.0,A
100,'356,India,270,'01443,Rape or colza seed,5530,Producer Price (LCU/tonne),2001,2001,7021,Annual value,LCU,12676.4,A
100,'356,India,270,'01443,Rape or colza seed,5530,Producer Price (LCU/tonne),2002,2002,7021,Annual value,LCU,14782.7,A
100,'356,India,270,'01443,Rape or colza seed,5530,Producer Price (LCU/tonne),2003,2003,7021,Annual value,LCU,16348.7,A
100,'356,India,270,'01443,Rape or colza seed,5530,Producer Price (LCU/tonne),2004,2004,7021,Annual value,LCU,16861.2,A
100,'356,India,270,'01443,Rape or colza seed,5530,Producer Price (LCU/tonne),2005,2005,7021,Annual value,LCU,17328.8,A
100,'356,India,270,'01443,Rape or colza seed,5530,Producer Price (LCU/tonne),2006,2006,7021,Annual value,LCU,18254.4,A
100,'356,India,270,'01443,Rape or colza seed,5530,Producer Price (LCU/tonne),2008,2008,7021,Annual value,LCU,18300.0,A
100,'356,India,270,'01443,Rape or colza seed,5531,Producer Price (SLC/tonne),1991,1991,7021,Annual value,SLC,9465.0,A
100,'356,India,270,'01443,Rape or colza seed,5531,Producer Price (SLC/tonne),1992,1992,7021,Annual value,SLC,9747.0,A
100,'356,India,270,'01443,Rape or colza seed,5531,Producer Price (SLC/tonne),1993,1993,7021,Annual value,SLC,10803.0,A
100,'356,India,270,'01443,Rape or colza seed,5531,Producer Price (SLC/tonne),1994,1994,7021,Annual value,SLC,11599.0,A
100,'356,India,270,'01443,Rape or colza seed,5531,Producer Price (SLC/tonne),1995,1995,7021,Annual value,SLC,12091.0,A
100,'356,India,270,'01443,Rape or colza seed,5531,Producer Price (SLC/tonne),1996,1996,7021,Annual value,SLC,10840.0,A
100,'356,India,270,'01443,Rape or colza seed,5531,Producer Price (SLC/tonne),1997,1997,7021,Annual value,SLC,12932.0,A
100,'356,India,270,'01443,Rape or colza seed,5531,Producer Price (SLC/tonne),1998,1998,7021,Annual value,SLC,14308.0,A
100,'356,India,270,'01443,Rape or colza seed,5531,Producer Price (SLC/tonne),1999,1999,7021,Annual value,SLC,13132.0,A
100,'356,India,270,'01443,Rape or colza seed,5531,Producer Price (SLC/tonne),2000,2000,7021,Annual value,SLC,13059.0,A
100,'356,India,270,'01443,Rape or colza seed,5531,Producer Price (SLC/tonne),2001,2001,7021,Annual value,SLC,12676.4,A
100,'356,India,270,'01443,Rape or colza seed,5531,Producer Price (SLC/tonne),2002,2002,7021,Annual value,SLC,14782.7,A
100,'356,India,270,'01443,Rape or colza seed,5531,Producer Price (SLC/tonne),2003,2003,7021,Annual value,SLC,16348.7,A
100,'356,India,270,'01443,Rape or colza seed,5531,Producer Price (SLC/tonne),2004,2004,7021,Annual value,SLC,16861.2,A
100,'356,India,270,'01443,Rape or colza seed,5531,Producer Price (SLC/tonne),2005,2005,7021,Annual value,SLC,17328.8,A
100,'356,India,270,'01443,Rape or colza seed,5531,Producer Price (SLC/tonne),2006,2006,7021,Annual value,SLC,18254.4,A
100,'356,India,270,'01443,Rape or colza seed,5531,Producer Price (SLC/tonne),2008,2008,7021,Annual value,SLC,18300.0,A
100,'356,India,270,'01443,Rape or colza seed,5532,Producer Price (USD/tonne),1991,1991,7021,Annual value,USD,416.2,A
100,'356,India,270,'01443,Rape or colza seed,5532,Producer Price (USD/tonne),1992,1992,7021,Annual value,USD,376.1,A
100,'356,India,270,'01443,Rape or colza seed,5532,Producer Price (USD/tonne),1993,1993,7021,Annual value,USD,354.3,A
100,'356,India,270,'01443,Rape or colza seed,5532,Producer Price (USD/tonne),1994,1994,7021,Annual value,USD,369.7,A
100,'356,India,270,'01443,Rape or colza seed,5532,Producer Price (USD/tonne),1995,1995,7021,Annual value,USD,372.9,A
100,'356,India,270,'01443,Rape or colza seed,5532,Producer Price (USD/tonne),1996,1996,7021,Annual value,USD,305.9,A
100,'356,India,270,'01443,Rape or colza seed,5532,Producer Price (USD/tonne),1997,1997,7021,Annual value,USD,356.1,A
100,'356,India,270,'01443,Rape or colza seed,5532,Producer Price (USD/tonne),1998,1998,7021,Annual value,USD,346.8,A
100,'356,India,270,'01443,Rape or colza seed,5532,Producer Price (USD/tonne),1999,1999,7021,Annual value,USD,305.0,A
100,'356,India,270,'01443,Rape or colza seed,5532,Producer Price (USD/tonne),2000,2000,7021,Annual value,USD,290.6,A
100,'356,India,270,'01443,Rape or colza seed,5532,Producer Price (USD/tonne),2001,2001,7021,Annual value,USD,268.6,A
100,'356,India,270,'01443,Rape or colza seed,5532,Producer Price (USD/tonne),2002,2002,7021,Annual value,USD,304.1,A
100,'356,India,270,'01443,Rape or colza seed,5532,Producer Price (USD/tonne),2003,2003,7021,Annual value,USD,351.0,A
100,'356,India,270,'01443,Rape or colza seed,5532,Producer Price (USD/tonne),2004,2004,7021,Annual value,USD,372.1,A
100,'356,India,270,'01443,Rape or colza seed,5532,Producer Price (USD/tonne),2005,2005,7021,Annual value,USD,392.9,A
100,'356,India,270,'01443,Rape or colza seed,5532,Producer Price (USD/tonne),2006,2006,7021,Annual value,USD,402.9,A
100,'356,India,270,'01443,Rape or colza seed,5532,Producer Price (USD/tonne),2008,2008,7021,Annual value,USD,420.6,A
100,'356,India,270,'01443,Rape or colza seed,5539,Producer Price Index (2014-2016 = 100),1991,1991,7021,Annual value,,30.68,E
100,'356,India,270,'01443,Rape or colza seed,5539,Producer Price Index (2014-2016 = 100),1992,1992,7021,Annual value,,31.59,E
100,'356,India,270,'01443,Rape or colza seed,5539,Producer Price Index (2014-2016 = 100),1993,1993,7021,Annual value,,35.01,E
100,'356,India,270,'01443,Rape or colza seed,5539,Producer Price Index (2014-2016 = 100),1994,1994,7021,Annual value,,37.59,E
100,'356,India,270,'01443,Rape or colza seed,5539,Producer Price Index (2014-2016 = 100),1995,1995,7021,Annual value,,39.19,E
100,'356,India,270,'01443,Rape or colza seed,5539,Producer Price Index (2014-2016 = 100),1996,1996,7021,Annual value,,35.13,E
100,'356,India,270,'01443,Rape or colza seed,5539,Producer Price Index (2014-2016 = 100),1997,1997,7021,Annual value,,41.91,E
100,'356,India,270,'01443,Rape or colza seed,5539,Producer Price Index (2014-2016 = 100),1998,1998,7021,Annual value,,46.37,E
100,'356,India,270,'01443,Rape or colza seed,5539,Producer Price Index (2014-2016 = 100),1999,1999,7021,Annual value,,42.56,E
100,'356,India,270,'01443,Rape or colza seed,5539,Producer Price Index (2014-2016 = 100),2000,2000,7021,Annual value,,42.33,E
100,'356,India,270,'01443,Rape or colza seed,5539,Producer Price Index (2014-2016 = 100),2001,2001,7021,Annual value,,41.09,E
100,'356,India,270,'01443,Rape or colza seed,5539,Producer Price Index (2014-2016 = 100),2002,2002,7021,Annual value,,47.91,E
100,'356,India,270,'01443,Rape or colza seed,5539,Producer Price Index (2014-2016 = 100),2003,2003,7021,Annual value,,52.99,E
100,'356,India,270,'01443,Rape or colza seed,5539,Producer Price Index (2014-2016 = 100),2004,2004,7021,Annual value,,54.65,E
100,'356,India,270,'01443,Rape or colza seed,5539,Producer Price Index (2014-2016 = 100),2005,2005,7021,Annual value,,56.16,E
100,'356,India,270,'01443,Rape or colza seed,5539,Producer Price Index (2014-2016 = 100),2006,2006,7021,Annual value,,59.16,E
100,'356,India,270,'01443,Rape or colza seed,5539,Producer Price Index (2014-2016 = 100),2007,2007,7021,Annual value,,59.24,E
100,'356,India,270,'01443,Rape or colza seed,5539,Producer Price Index (2014-2016 = 100),2008,2008,7021,Annual value,,59.31,E
100,'356,India,270,'01443,Rape or colza seed,5539,Producer Price Index (2014-2016 = 100),2009,2009,7021,Annual value,,65.52,E
100,'356,India,270,'01443,Rape or colza seed,5539,Producer Price Index (2014-2016 = 100),2010,2010,7021,Annual value,,77.14,E
100,'356,India,270,'01443,Rape or colza seed,5539,Producer Price Index (2014-2016 = 100),2011,2011,7021,Annual value,,84.12,E
100,'356,India,270,'01443,Rape or colza seed,5539,Producer Price Index (2014-2016 = 100),2012,2012,7021,Annual value,,91.28,E
100,'356,India,270,'01443,Rape or colza seed,5539,Producer Price Index (2014-2016 = 100),2013,2013,7021,Annual value,,87.32,E
100,'356,India,270,'01443,Rape or colza seed,5539,Producer Price Index (2014-2016 = 100),2014,2014,7021,Annual value,,94.65,E
100,'356,India,270,'01443,Rape or colza seed,5539,Producer Price Index (2014-2016 = 100),2015,2015,7021,Annual value,,100.36,E
100,'356,India,270,'01443,Rape or colza seed,5539,Producer Price Index (2014-2016 = 100),2016,2016,7021,Annual value,,104.99,E
100,'356,India,270,'01443,Rape or colza seed,5539,Producer Price Index (2014-2016 = 100),2017,2017,7021,Annual value,,110.08,E
100,'356,India,270,'01443,Rape or colza seed,5539,Producer Price Index (2014-2016 = 100),2018,2018,7021,Annual value,,109.77,E
100,'356,India,270,'01443,Rape or colza seed,5539,Producer Price Index (2014-2016 = 100),2019,2019,7021,Annual value,,115.92,E
100,'356,India,270,'01443,Rape or colza seed,5539,Producer Price Index (2014-2016 = 100),2020,2020,7021,Annual value,,107.31,E
100,'356,India,270,'01443,Rape or colza seed,5539,Producer Price Index (2014-2016 = 100),2021,2021,7021,Annual value,,115.62,E
100,'356,India,270,'01443,Rape or colza seed,5539,Producer Price Index (2014-2016 = 100),2022,2022,7021,Annual value,,121.44,E
100,'356,India,270,'01443,Rape or colza seed,5539,Producer Price Index (2014-2016 = 100),2023,2023,7021,Annual value,,123.27,E
100,'356,India,270,'01443,Rape or colza seed,5539,Producer Price Index (2014-2016 = 100),2024,2024,7021,Annual value,,136.39,E
100,'356,India,270,'01443,Rape or colza seed,5539,Producer Price Index (2014-2016 = 100),2025,2025,7021,Annual value,,143.92,E
100,'356,India,547,'01353.01,Raspberries,5539,Producer Price Index (2014-2016 = 100),1991,1991,7021,Annual value,,15.02,E
100,'356,India,547,'01353.01,Raspberries,5539,Producer Price Index (2014-2016 = 100),1992,1992,7021,Annual value,,16.72,E
100,'356,India,547,'01353.01,Raspberries,5539,Producer Price Index (2014-2016 = 100),1993,1993,7021,Annual value,,22.05,E
100,'356,India,547,'01353.01,Raspberries,5539,Producer Price Index (2014-2016 = 100),1994,1994,7021,Annual value,,23.11,E
100,'356,India,547,'01353.01,Raspberries,5539,Producer Price Index (2014-2016 = 100),1995,1995,7021,Annual value,,23.71,E
100,'356,India,547,'01353.01,Raspberries,5539,Producer Price Index (2014-2016 = 100),1996,1996,7021,Annual value,,29.6,E
100,'356,India,547,'01353.01,Raspberries,5539,Producer Price Index (2014-2016 = 100),1997,1997,7021,Annual value,,32.86,E
100,'356,India,547,'01353.01,Raspberries,5539,Producer Price Index (2014-2016 = 100),1998,1998,7021,Annual value,,34.13,E
100,'356,India,547,'01353.01,Raspberries,5539,Producer Price Index (2014-2016 = 100),1999,1999,7021,Annual value,,33.03,E
100,'356,India,547,'01353.01,Raspberries,5539,Producer Price Index (2014-2016 = 100),2000,2000,7021,Annual value,,31.47,E
100,'356,India,547,'01353.01,Raspberries,5539,Producer Price Index (2014-2016 = 100),2001,2001,7021,Annual value,,33.45,E
100,'356,India,547,'01353.01,Raspberries,5539,Producer Price Index (2014-2016 = 100),2002,2002,7021,Annual value,,38.25,E
100,'356,India,547,'01353.01,Raspberries,5539,Producer Price Index (2014-2016 = 100),2003,2003,7021,Annual value,,39.83,E
100,'356,India,547,'01353.01,Raspberries,5539,Producer Price Index (2014-2016 = 100),2004,2004,7021,Annual value,,42.21,E
100,'356,India,547,'01353.01,Raspberries,5539,Producer Price Index (2014-2016 = 100),2005,2005,7021,Annual value,,45.95,E
100,'356,India,547,'01353.01,Raspberries,5539,Producer Price Index (2014-2016 = 100),2006,2006,7021,Annual value,,48.94,E
100,'356,India,547,'01353.01,Raspberries,5539,Producer Price Index (2014-2016 = 100),2007,2007,7021,Annual value,,60.15,E
100,'356,India,547,'01353.01,Raspberries,5539,Producer Price Index (2014-2016 = 100),2008,2008,7021,Annual value,,59.31,E
100,'356,India,547,'01353.01,Raspberries,5539,Producer Price Index (2014-2016 = 100),2009,2009,7021,Annual value,,65.52,E
100,'356,India,547,'01353.01,Raspberries,5539,Producer Price Index (2014-2016 = 100),2010,2010,7021,Annual value,,77.14,E
100,'356,India,547,'01353.01,Raspberries,5539,Producer Price Index (2014-2016 = 100),2011,2011,7021,Annual value,,84.12,E
100,'356,India,547,'01353.01,Raspberries,5539,Producer Price Index (2014-2016 = 100),2012,2012,7021,Annual value,,91.28,E
100,'356,India,547,'01353.01,Raspberries,5539,Producer Price Index (2014-2016 = 100),2013,2013,7021,Annual value,,87.32,E
100,'356,India,547,'01353.01,Raspberries,5539,Producer Price Index (2014-2016 = 100),2014,2014,7021,Annual value,,94.65,E
100,'356,India,547,'01353.01,Raspberries,5539,Producer Price Index (2014-2016 = 100),2015,2015,7021,Annual value,,100.36,E
100,'356,India,547,'01353.01,Raspberries,5539,Producer Price Index (2014-2016 = 100),2016,2016,7021,Annual value,,104.99,E
100,'356,India,547,'01353.01,Raspberries,5539,Producer Price Index (2014-2016 = 100),2017,2017,7021,Annual value,,110.08,E
100,'356,India,547,'01353.01,Raspberries,5539,Producer Price Index (2014-2016 = 100),2018,2018,7021,Annual value,,109.77,E
100,'356,India,547,'01353.01,Raspberries,5539,Producer Price Index (2014-2016 = 100),2019,2019,7021,Annual value,,118.16,E
100,'356,India,547,'01353.01,Raspberries,5539,Producer Price Index (2014-2016 = 100),2020,2020,7021,Annual value,,109.58,E
100,'356,India,547,'01353.01,Raspberries,5539,Producer Price Index (2014-2016 = 100),2021,2021,7021,Annual value,,127.89,E
100,'356,India,547,'01353.01,Raspberries,5539,Producer Price Index (2014-2016 = 100),2022,2022,7021,Annual value,,137.12,E
100,'356,India,547,'01353.01,Raspberries,5539,Producer Price Index (2014-2016 = 100),2023,2023,7021,Annual value,,140.62,E
100,'356,India,547,'01353.01,Raspberries,5539,Producer Price Index (2014-2016 = 100),2024,2024,7021,Annual value,,149.51,E
100,'356,India,547,'01353.01,Raspberries,5539,Producer Price Index (2014-2016 = 100),2025,2025,7021,Annual value,,158.4,E
100,'356,India,951,'02212,Raw milk of buffalo,5530,Producer Price (LCU/tonne),1991,1991,7021,Annual value,LCU,6370.0,A
100,'356,India,951,'02212,Raw milk of buffalo,5530,Producer Price (LCU/tonne),1992,1992,7021,Annual value,LCU,7210.0,A
100,'356,India,951,'02212,Raw milk of buffalo,5530,Producer Price (LCU/tonne),1993,1993,7021,Annual value,LCU,6990.0,A
100,'356,India,951,'02212,Raw milk of buffalo,5530,Producer Price (LCU/tonne),1994,1994,7021,Annual value,LCU,8160.0,A
100,'356,India,951,'02212,Raw milk of buffalo,5531,Producer Price (SLC/tonne),1991,1991,7021,Annual value,SLC,6370.0,A
100,'356,India,951,'02212,Raw milk of buffalo,5531,Producer Price (SLC/tonne),1992,1992,7021,Annual value,SLC,7210.0,A
100,'356,India,951,'02212,Raw milk of buffalo,5531,Producer Price (SLC/tonne),1993,1993,7021,Annual value,SLC,6990.0,A
100,'356,India,951,'02212,Raw milk of buffalo,5531,Producer Price (SLC/tonne),1994,1994,7021,Annual value,SLC,8160.0,A
100,'356,India,951,'02212,Raw milk of buffalo,5532,Producer Price (USD/tonne),1991,1991,7021,Annual value,USD,280.1,A
100,'356,India,951,'02212,Raw milk of buffalo,5532,Producer Price (USD/tonne),1992,1992,7021,Annual value,USD,278.2,A
100,'356,India,951,'02212,Raw milk of buffalo,5532,Producer Price (USD/tonne),1993,1993,7021,Annual value,USD,229.2,A
100,'356,India,951,'02212,Raw milk of buffalo,5532,Producer Price (USD/tonne),1994,1994,7021,Annual value,USD,260.1,A
100,'356,India,951,'02212,Raw milk of buffalo,5539,Producer Price Index (2014-2016 = 100),1991,1991,7021,Annual value,,18.02,E
100,'356,India,951,'02212,Raw milk of buffalo,5539,Producer Price Index (2014-2016 = 100),1992,1992,7021,Annual value,,20.39,E
100,'356,India,951,'02212,Raw milk of buffalo,5539,Producer Price Index (2014-2016 = 100),1993,1993,7021,Annual value,,19.77,E
100,'356,India,951,'02212,Raw milk of buffalo,5539,Producer Price Index (2014-2016 = 100),1994,1994,7021,Annual value,,23.08,E
100,'356,India,951,'02212,Raw milk of buffalo,5539,Producer Price Index (2014-2016 = 100),1995,1995,7021,Annual value,,25.3,E
100,'356,India,951,'02212,Raw milk of buffalo,5539,Producer Price Index (2014-2016 = 100),1996,1996,7021,Annual value,,27.35,E
100,'356,India,951,'02212,Raw milk of buffalo,5539,Producer Price Index (2014-2016 = 100),1997,1997,7021,Annual value,,29.31,E
100,'356,India,951,'02212,Raw milk of buffalo,5539,Producer Price Index (2014-2016 = 100),1998,1998,7021,Annual value,,31.23,E
100,'356,India,951,'02212,Raw milk of buffalo,5539,Producer Price Index (2014-2016 = 100),1999,1999,7021,Annual value,,32.74,E
100,'356,India,951,'02212,Raw milk of buffalo,5539,Producer Price Index (2014-2016 = 100),2000,2000,7021,Annual value,,35.51,E
100,'356,India,951,'02212,Raw milk of buffalo,5539,Producer Price Index (2014-2016 = 100),2001,2001,7021,Annual value,,36.17,E
100,'356,India,951,'02212,Raw milk of buffalo,5539,Producer Price Index (2014-2016 = 100),2002,2002,7021,Annual value,,36.72,E
100,'356,India,951,'02212,Raw milk of buffalo,5539,Producer Price Index (2014-2016 = 100),2003,2003,7021,Annual value,,39.83,E
100,'356,India,951,'02212,Raw milk of buffalo,5539,Producer Price Index (2014-2016 = 100),2004,2004,7021,Annual value,,42.21,E
100,'356,India,951,'02212,Raw milk of buffalo,5539,Producer Price Index (2014-2016 = 100),2005,2005,7021,Annual value,,45.95,E
100,'356,India,951,'02212,Raw milk of buffalo,5539,Producer Price Index (2014-2016 = 100),2006,2006,7021,Annual value,,48.94,E
100,'356,India,951,'02212,Raw milk of buffalo,5539,Producer Price Index (2014-2016 = 100),2007,2007,7021,Annual value,,60.15,E
100,'356,India,951,'02212,Raw milk of buffalo,5539,Producer Price Index (2014-2016 = 100),2008,2008,7021,Annual value,,59.31,E
100,'356,India,951,'02212,Raw milk of buffalo,5539,Producer Price Index (2014-2016 = 100),2009,2009,7021,Annual value,,65.52,E
100,'356,India,951,'02212,Raw milk of buffalo,5539,Producer Price Index (2014-2016 = 100),2010,2010,7021,Annual value,,77.14,E
100,'356,India,951,'02212,Raw milk of buffalo,5539,Producer Price Index (2014-2016 = 100),2011,2011,7021,Annual value,,84.12,E
100,'356,India,951,'02212,Raw milk of buffalo,5539,Producer Price Index (2014-2016 = 100),2012,2012,7021,Annual value,,91.28,E
100,'356,India,951,'02212,Raw milk of buffalo,5539,Producer Price Index (2014-2016 = 100),2013,2013,7021,Annual value,,87.32,E
100,'356,India,951,'02212,Raw milk of buffalo,5539,Producer Price Index (2014-2016 = 100),2014,2014,7021,Annual value,,94.65,E
100,'356,India,951,'02212,Raw milk of buffalo,5539,Producer Price Index (2014-2016 = 100),2015,2015,7021,Annual value,,100.36,E
100,'356,India,951,'02212,Raw milk of buffalo,5539,Producer Price Index (2014-2016 = 100),2016,2016,7021,Annual value,,104.99,E
100,'356,India,951,'02212,Raw milk of buffalo,5539,Producer Price Index (2014-2016 = 100),2017,2017,7021,Annual value,,110.08,E
100,'356,India,951,'02212,Raw milk of buffalo,5539,Producer Price Index (2014-2016 = 100),2018,2018,7021,Annual value,,109.77,E
100,'356,India,951,'02212,Raw milk of buffalo,5539,Producer Price Index (2014-2016 = 100),2019,2019,7021,Annual value,,117.91,E
100,'356,India,951,'02212,Raw milk of buffalo,5539,Producer Price Index (2014-2016 = 100),2020,2020,7021,Annual value,,110.06,E
100,'356,India,951,'02212,Raw milk of buffalo,5539,Producer Price Index (2014-2016 = 100),2021,2021,7021,Annual value,,127.37,E
100,'356,India,951,'02212,Raw milk of buffalo,5539,Producer Price Index (2014-2016 = 100),2022,2022,7021,Annual value,,136.03,E
100,'356,India,951,'02212,Raw milk of buffalo,5539,Producer Price Index (2014-2016 = 100),2023,2023,7021,Annual value,,139.09,E
100,'356,India,951,'02212,Raw milk of buffalo,5539,Producer Price Index (2014-2016 = 100),2024,2024,7021,Annual value,,148.68,E
100,'356,India,951,'02212,Raw milk of buffalo,5539,Producer Price Index (2014-2016 = 100),2025,2025,7021,Annual value,,158.28,E
100,'356,India,882,'02211,Raw milk of cattle,5530,Producer Price (LCU/tonne),1991,1991,7021,Annual value,LCU,4310.0,A
100,'356,India,882,'02211,Raw milk of cattle,5530,Producer Price (LCU/tonne),1992,1992,7021,Annual value,LCU,5150.0,A
100,'356,India,882,'02211,Raw milk of cattle,5530,Producer Price (LCU/tonne),1993,1993,7021,Annual value,LCU,5680.0,A
100,'356,India,882,'02211,Raw milk of cattle,5530,Producer Price (LCU/tonne),1994,1994,7021,Annual value,LCU,6210.0,A
100,'356,India,882,'02211,Raw milk of cattle,5531,Producer Price (SLC/tonne),1991,1991,7021,Annual value,SLC,4310.0,A
100,'356,India,882,'02211,Raw milk of cattle,5531,Producer Price (SLC/tonne),1992,1992,7021,Annual value,SLC,5150.0,A
100,'356,India,882,'02211,Raw milk of cattle,5531,Producer Price (SLC/tonne),1993,1993,7021,Annual value,SLC,5680.0,A
100,'356,India,882,'02211,Raw milk of cattle,5531,Producer Price (SLC/tonne),1994,1994,7021,Annual value,SLC,6210.0,A
100,'356,India,882,'02211,Raw milk of cattle,5532,Producer Price (USD/tonne),1991,1991,7021,Annual value,USD,189.5,A
100,'356,India,882,'02211,Raw milk of cattle,5532,Producer Price (USD/tonne),1992,1992,7021,Annual value,USD,198.7,A
100,'356,India,882,'02211,Raw milk of cattle,5532,Producer Price (USD/tonne),1993,1993,7021,Annual value,USD,186.3,A
100,'356,India,882,'02211,Raw milk of cattle,5532,Producer Price (USD/tonne),1994,1994,7021,Annual value,USD,197.9,A
100,'356,India,882,'02211,Raw milk of cattle,5539,Producer Price Index (2014-2016 = 100),1991,1991,7021,Annual value,,16.02,E
100,'356,India,882,'02211,Raw milk of cattle,5539,Producer Price Index (2014-2016 = 100),1992,1992,7021,Annual value,,19.14,E
100,'356,India,882,'02211,Raw milk of cattle,5539,Producer Price Index (2014-2016 = 100),1993,1993,7021,Annual value,,21.11,E
100,'356,India,882,'02211,Raw milk of cattle,5539,Producer Price Index (2014-2016 = 100),1994,1994,7021,Annual value,,23.08,E
100,'356,India,882,'02211,Raw milk of cattle,5539,Producer Price Index (2014-2016 = 100),1995,1995,7021,Annual value,,25.31,E
100,'356,India,882,'02211,Raw milk of cattle,5539,Producer Price Index (2014-2016 = 100),1996,1996,7021,Annual value,,27.35,E
100,'356,India,882,'02211,Raw milk of cattle,5539,Producer Price Index (2014-2016 = 100),1997,1997,7021,Annual value,,29.31,E
100,'356,India,882,'02211,Raw milk of cattle,5539,Producer Price Index (2014-2016 = 100),1998,1998,7021,Annual value,,31.24,E
100,'356,India,882,'02211,Raw milk of cattle,5539,Producer Price Index (2014-2016 = 100),1999,1999,7021,Annual value,,32.75,E
100,'356,India,882,'02211,Raw milk of cattle,5539,Producer Price Index (2014-2016 = 100),2000,2000,7021,Annual value,,35.51,E
100,'356,India,882,'02211,Raw milk of cattle,5539,Producer Price Index (2014-2016 = 100),2001,2001,7021,Annual value,,36.17,E
100,'356,India,882,'02211,Raw milk of cattle,5539,Producer Price Index (2014-2016 = 100),2002,2002,7021,Annual value,,36.72,E
100,'356,India,882,'02211,Raw milk of cattle,5539,Producer Price Index (2014-2016 = 100),2003,2003,7021,Annual value,,39.83,E
100,'356,India,882,'02211,Raw milk of cattle,5539,Producer Price Index (2014-2016 = 100),2004,2004,7021,Annual value,,42.21,E
100,'356,India,882,'02211,Raw milk of cattle,5539,Producer Price Index (2014-2016 = 100),2005,2005,7021,Annual value,,45.95,E
100,'356,India,882,'02211,Raw milk of cattle,5539,Producer Price Index (2014-2016 = 100),2006,2006,7021,Annual value,,48.94,E
100,'356,India,882,'02211,Raw milk of cattle,5539,Producer Price Index (2014-2016 = 100),2007,2007,7021,Annual value,,60.15,E
100,'356,India,882,'02211,Raw milk of cattle,5539,Producer Price Index (2014-2016 = 100),2008,2008,7021,Annual value,,59.31,E
100,'356,India,882,'02211,Raw milk of cattle,5539,Producer Price Index (2014-2016 = 100),2009,2009,7021,Annual value,,65.52,E
100,'356,India,882,'02211,Raw milk of cattle,5539,Producer Price Index (2014-2016 = 100),2010,2010,7021,Annual value,,77.14,E
100,'356,India,882,'02211,Raw milk of cattle,5539,Producer Price Index (2014-2016 = 100),2011,2011,7021,Annual value,,84.12,E
100,'356,India,882,'02211,Raw milk of cattle,5539,Producer Price Index (2014-2016 = 100),2012,2012,7021,Annual value,,91.28,E
100,'356,India,882,'02211,Raw milk of cattle,5539,Producer Price Index (2014-2016 = 100),2013,2013,7021,Annual value,,87.32,E
100,'356,India,882,'02211,Raw milk of cattle,5539,Producer Price Index (2014-2016 = 100),2014,2014,7021,Annual value,,94.65,E
100,'356,India,882,'02211,Raw milk of cattle,5539,Producer Price Index (2014-2016 = 100),2015,2015,7021,Annual value,,100.36,E
100,'356,India,882,'02211,Raw milk of cattle,5539,Producer Price Index (2014-2016 = 100),2016,2016,7021,Annual value,,104.99,E
100,'356,India,882,'02211,Raw milk of cattle,5539,Producer Price Index (2014-2016 = 100),2017,2017,7021,Annual value,,110.08,E
100,'356,India,882,'02211,Raw milk of cattle,5539,Producer Price Index (2014-2016 = 100),2018,2018,7021,Annual value,,109.77,E
100,'356,India,882,'02211,Raw milk of cattle,5539,Producer Price Index (2014-2016 = 100),2019,2019,7021,Annual value,,118.49,E
100,'356,India,882,'02211,Raw milk of cattle,5539,Producer Price Index (2014-2016 = 100),2020,2020,7021,Annual value,,110.35,E
100,'356,India,882,'02211,Raw milk of cattle,5539,Producer Price Index (2014-2016 = 100),2021,2021,7021,Annual value,,127.46,E
100,'356,India,882,'02211,Raw milk of cattle,5539,Producer Price Index (2014-2016 = 100),2022,2022,7021,Annual value,,135.91,E
100,'356,India,882,'02211,Raw milk of cattle,5539,Producer Price Index (2014-2016 = 100),2023,2023,7021,Annual value,,138.8,E
100,'356,India,882,'02211,Raw milk of cattle,5539,Producer Price Index (2014-2016 = 100),2024,2024,7021,Annual value,,148.75,E
100,'356,India,882,'02211,Raw milk of cattle,5539,Producer Price Index (2014-2016 = 100),2025,2025,7021,Annual value,,158.71,E
100,'356,India,1020,'02292,Raw milk of goats,5539,Producer Price Index (2014-2016 = 100),1991,1991,7021,Annual value,,17.8,E
100,'356,India,1020,'02292,Raw milk of goats,5539,Producer Price Index (2014-2016 = 100),1992,1992,7021,Annual value,,19.54,E
100,'356,India,1020,'02292,Raw milk of goats,5539,Producer Price Index (2014-2016 = 100),1993,1993,7021,Annual value,,21.02,E
100,'356,India,1020,'02292,Raw milk of goats,5539,Producer Price Index (2014-2016 = 100),1994,1994,7021,Annual value,,23.08,E
100,'356,India,1020,'02292,Raw milk of goats,5539,Producer Price Index (2014-2016 = 100),1995,1995,7021,Annual value,,25.3,E
100,'356,India,1020,'02292,Raw milk of goats,5539,Producer Price Index (2014-2016 = 100),1996,1996,7021,Annual value,,27.35,E
100,'356,India,1020,'02292,Raw milk of goats,5539,Producer Price Index (2014-2016 = 100),1997,1997,7021,Annual value,,29.31,E
100,'356,India,1020,'02292,Raw milk of goats,5539,Producer Price Index (2014-2016 = 100),1998,1998,7021,Annual value,,31.24,E
100,'356,India,1020,'02292,Raw milk of goats,5539,Producer Price Index (2014-2016 = 100),1999,1999,7021,Annual value,,32.74,E
100,'356,India,1020,'02292,Raw milk of goats,5539,Producer Price Index (2014-2016 = 100),2000,2000,7021,Annual value,,35.51,E
100,'356,India,1020,'02292,Raw milk of goats,5539,Producer Price Index (2014-2016 = 100),2001,2001,7021,Annual value,,36.17,E
100,'356,India,1020,'02292,Raw milk of goats,5539,Producer Price Index (2014-2016 = 100),2002,2002,7021,Annual value,,36.72,E
100,'356,India,1020,'02292,Raw milk of goats,5539,Producer Price Index (2014-2016 = 100),2003,2003,7021,Annual value,,39.83,E
100,'356,India,1020,'02292,Raw milk of goats,5539,Producer Price Index (2014-2016 = 100),2004,2004,7021,Annual value,,42.21,E
100,'356,India,1020,'02292,Raw milk of goats,5539,Producer Price Index (2014-2016 = 100),2005,2005,7021,Annual value,,45.95,E
100,'356,India,1020,'02292,Raw milk of goats,5539,Producer Price Index (2014-2016 = 100),2006,2006,7021,Annual value,,48.94,E
100,'356,India,1020,'02292,Raw milk of goats,5539,Producer Price Index (2014-2016 = 100),2007,2007,7021,Annual value,,60.15,E
100,'356,India,1020,'02292,Raw milk of goats,5539,Producer Price Index (2014-2016 = 100),2008,2008,7021,Annual value,,59.31,E
100,'356,India,1020,'02292,Raw milk of goats,5539,Producer Price Index (2014-2016 = 100),2009,2009,7021,Annual value,,65.52,E
100,'356,India,1020,'02292,Raw milk of goats,5539,Producer Price Index (2014-2016 = 100),2010,2010,7021,Annual value,,77.14,E
100,'356,India,1020,'02292,Raw milk of goats,5539,Producer Price Index (2014-2016 = 100),2011,2011,7021,Annual value,,84.12,E
100,'356,India,1020,'02292,Raw milk of goats,5539,Producer Price Index (2014-2016 = 100),2012,2012,7021,Annual value,,91.28,E
100,'356,India,1020,'02292,Raw milk of goats,5539,Producer Price Index (2014-2016 = 100),2013,2013,7021,Annual value,,87.32,E
100,'356,India,1020,'02292,Raw milk of goats,5539,Producer Price Index (2014-2016 = 100),2014,2014,7021,Annual value,,94.65,E
100,'356,India,1020,'02292,Raw milk of goats,5539,Producer Price Index (2014-2016 = 100),2015,2015,7021,Annual value,,100.36,E
100,'356,India,1020,'02292,Raw milk of goats,5539,Producer Price Index (2014-2016 = 100),2016,2016,7021,Annual value,,104.99,E
100,'356,India,1020,'02292,Raw milk of goats,5539,Producer Price Index (2014-2016 = 100),2017,2017,7021,Annual value,,110.08,E
100,'356,India,1020,'02292,Raw milk of goats,5539,Producer Price Index (2014-2016 = 100),2018,2018,7021,Annual value,,109.77,E
100,'356,India,1020,'02292,Raw milk of goats,5539,Producer Price Index (2014-2016 = 100),2019,2019,7021,Annual value,,117.77,E
100,'356,India,1020,'02292,Raw milk of goats,5539,Producer Price Index (2014-2016 = 100),2020,2020,7021,Annual value,,109.79,E
100,'356,India,1020,'02292,Raw milk of goats,5539,Producer Price Index (2014-2016 = 100),2021,2021,7021,Annual value,,126.77,E
100,'356,India,1020,'02292,Raw milk of goats,5539,Producer Price Index (2014-2016 = 100),2022,2022,7021,Annual value,,135.18,E
100,'356,India,1020,'02292,Raw milk of goats,5539,Producer Price Index (2014-2016 = 100),2023,2023,7021,Annual value,,138.07,E
100,'356,India,1020,'02292,Raw milk of goats,5539,Producer Price Index (2014-2016 = 100),2024,2024,7021,Annual value,,147.94,E
100,'356,India,1020,'02292,Raw milk of goats,5539,Producer Price Index (2014-2016 = 100),2025,2025,7021,Annual value,,157.82,E
100,'356,India,27,'0113,Rice,5530,Producer Price (LCU/tonne),1991,1991,7021,Annual value,LCU,3648.0,A
100,'356,India,27,'0113,Rice,5530,Producer Price (LCU/tonne),1992,1992,7021,Annual value,LCU,3962.0,A
100,'356,India,27,'0113,Rice,5530,Producer Price (LCU/tonne),1993,1993,7021,Annual value,LCU,4311.0,A
100,'356,India,27,'0113,Rice,5530,Producer Price (LCU/tonne),1994,1994,7021,Annual value,LCU,4410.0,A
100,'356,India,27,'0113,Rice,5530,Producer Price (LCU/tonne),1995,1995,7021,Annual value,LCU,4890.0,A
100,'356,India,27,'0113,Rice,5530,Producer Price (LCU/tonne),1996,1996,7021,Annual value,LCU,5474.0,X
100,'356,India,27,'0113,Rice,5530,Producer Price (LCU/tonne),1997,1997,7021,Annual value,LCU,4336.0,A
100,'356,India,27,'0113,Rice,5530,Producer Price (LCU/tonne),1998,1998,7021,Annual value,LCU,4940.0,A
100,'356,India,27,'0113,Rice,5530,Producer Price (LCU/tonne),1999,1999,7021,Annual value,LCU,6224.0,A
100,'356,India,27,'0113,Rice,5530,Producer Price (LCU/tonne),2000,2000,7021,Annual value,LCU,5960.0,A
100,'356,India,27,'0113,Rice,5530,Producer Price (LCU/tonne),2001,2001,7021,Annual value,LCU,5877.3,A
100,'356,India,27,'0113,Rice,5530,Producer Price (LCU/tonne),2002,2002,7021,Annual value,LCU,6033.5,A
100,'356,India,27,'0113,Rice,5530,Producer Price (LCU/tonne),2003,2003,7021,Annual value,LCU,6251.9,A
100,'356,India,27,'0113,Rice,5530,Producer Price (LCU/tonne),2004,2004,7021,Annual value,LCU,9410.0,A
100,'356,India,27,'0113,Rice,5530,Producer Price (LCU/tonne),2005,2005,7021,Annual value,LCU,8980.0,A
100,'356,India,27,'0113,Rice,5530,Producer Price (LCU/tonne),2006,2006,7021,Annual value,LCU,11731.3,A
100,'356,India,27,'0113,Rice,5530,Producer Price (LCU/tonne),2008,2008,7021,Annual value,LCU,16780.4,A
100,'356,India,27,'0113,Rice,5531,Producer Price (SLC/tonne),1991,1991,7021,Annual value,SLC,3648.0,A
100,'356,India,27,'0113,Rice,5531,Producer Price (SLC/tonne),1992,1992,7021,Annual value,SLC,3962.0,A
100,'356,India,27,'0113,Rice,5531,Producer Price (SLC/tonne),1993,1993,7021,Annual value,SLC,4311.0,A
100,'356,India,27,'0113,Rice,5531,Producer Price (SLC/tonne),1994,1994,7021,Annual value,SLC,4410.0,A
100,'356,India,27,'0113,Rice,5531,Producer Price (SLC/tonne),1995,1995,7021,Annual value,SLC,4890.0,A
100,'356,India,27,'0113,Rice,5531,Producer Price (SLC/tonne),1996,1996,7021,Annual value,SLC,5474.0,X
100,'356,India,27,'0113,Rice,5531,Producer Price (SLC/tonne),1997,1997,7021,Annual value,SLC,4336.0,A
100,'356,India,27,'0113,Rice,5531,Producer Price (SLC/tonne),1998,1998,7021,Annual value,SLC,4940.0,A
100,'356,India,27,'0113,Rice,5531,Producer Price (SLC/tonne),1999,1999,7021,Annual value,SLC,6224.0,A
100,'356,India,27,'0113,Rice,5531,Producer Price (SLC/tonne),2000,2000,7021,Annual value,SLC,5960.0,A
100,'356,India,27,'0113,Rice,5531,Producer Price (SLC/tonne),2001,2001,7021,Annual value,SLC,5877.3,A
100,'356,India,27,'0113,Rice,5531,Producer Price (SLC/tonne),2002,2002,7021,Annual value,SLC,6033.5,A
100,'356,India,27,'0113,Rice,5531,Producer Price (SLC/tonne),2003,2003,7021,Annual value,SLC,6251.9,A
100,'356,India,27,'0113,Rice,5531,Producer Price (SLC/tonne),2004,2004,7021,Annual value,SLC,9410.0,A
100,'356,India,27,'0113,Rice,5531,Producer Price (SLC/tonne),2005,2005,7021,Annual value,SLC,8980.0,A
100,'356,India,27,'0113,Rice,5531,Producer Price (SLC/tonne),2006,2006,7021,Annual value,SLC,11731.3,A
100,'356,India,27,'0113,Rice,5531,Producer Price (SLC/tonne),2008,2008,7021,Annual value,SLC,16780.4,A
100,'356,India,27,'0113,Rice,5532,Producer Price (USD/tonne),1991,1991,7021,Annual value,USD,160.4,A
100,'356,India,27,'0113,Rice,5532,Producer Price (USD/tonne),1992,1992,7021,Annual value,USD,152.9,A
100,'356,India,27,'0113,Rice,5532,Producer Price (USD/tonne),1993,1993,7021,Annual value,USD,141.4,A
100,'356,India,27,'0113,Rice,5532,Producer Price (USD/tonne),1994,1994,7021,Annual value,USD,140.6,A
100,'356,India,27,'0113,Rice,5532,Producer Price (USD/tonne),1995,1995,7021,Annual value,USD,150.8,A
100,'356,India,27,'0113,Rice,5532,Producer Price (USD/tonne),1996,1996,7021,Annual value,USD,154.5,X
100,'356,India,27,'0113,Rice,5532,Producer Price (USD/tonne),1997,1997,7021,Annual value,USD,119.4,A
100,'356,India,27,'0113,Rice,5532,Producer Price (USD/tonne),1998,1998,7021,Annual value,USD,119.7,A
100,'356,India,27,'0113,Rice,5532,Producer Price (USD/tonne),1999,1999,7021,Annual value,USD,144.6,A
100,'356,India,27,'0113,Rice,5532,Producer Price (USD/tonne),2000,2000,7021,Annual value,USD,132.6,A
100,'356,India,27,'0113,Rice,5532,Producer Price (USD/tonne),2001,2001,7021,Annual value,USD,124.6,A
100,'356,India,27,'0113,Rice,5532,Producer Price (USD/tonne),2002,2002,7021,Annual value,USD,124.1,A
100,'356,India,27,'0113,Rice,5532,Producer Price (USD/tonne),2003,2003,7021,Annual value,USD,134.2,A
100,'356,India,27,'0113,Rice,5532,Producer Price (USD/tonne),2004,2004,7021,Annual value,USD,207.7,A
100,'356,India,27,'0113,Rice,5532,Producer Price (USD/tonne),2005,2005,7021,Annual value,USD,203.6,A
100,'356,India,27,'0113,Rice,5532,Producer Price (USD/tonne),2006,2006,7021,Annual value,USD,258.9,A
100,'356,India,27,'0113,Rice,5532,Producer Price (USD/tonne),2008,2008,7021,Annual value,USD,385.7,A
100,'356,India,27,'0113,Rice,5539,Producer Price Index (2014-2016 = 100),1991,1991,7021,Annual value,,12.89,E
100,'356,India,27,'0113,Rice,5539,Producer Price Index (2014-2016 = 100),1992,1992,7021,Annual value,,14.0,E
100,'356,India,27,'0113,Rice,5539,Producer Price Index (2014-2016 = 100),1993,1993,7021,Annual value,,15.24,E
100,'356,India,27,'0113,Rice,5539,Producer Price Index (2014-2016 = 100),1994,1994,7021,Annual value,,15.59,E
100,'356,India,27,'0113,Rice,5539,Producer Price Index (2014-2016 = 100),1995,1995,7021,Annual value,,17.28,E
100,'356,India,27,'0113,Rice,5539,Producer Price Index (2014-2016 = 100),1996,1996,7021,Annual value,,19.35,E
100,'356,India,27,'0113,Rice,5539,Producer Price Index (2014-2016 = 100),1997,1997,7021,Annual value,,15.33,E
100,'356,India,27,'0113,Rice,5539,Producer Price Index (2014-2016 = 100),1998,1998,7021,Annual value,,17.46,E
100,'356,India,27,'0113,Rice,5539,Producer Price Index (2014-2016 = 100),1999,1999,7021,Annual value,,22.0,E
100,'356,India,27,'0113,Rice,5539,Producer Price Index (2014-2016 = 100),2000,2000,7021,Annual value,,21.07,E
100,'356,India,27,'0113,Rice,5539,Producer Price Index (2014-2016 = 100),2001,2001,7021,Annual value,,20.77,E
100,'356,India,27,'0113,Rice,5539,Producer Price Index (2014-2016 = 100),2002,2002,7021,Annual value,,21.33,E
100,'356,India,27,'0113,Rice,5539,Producer Price Index (2014-2016 = 100),2003,2003,7021,Annual value,,22.1,E
100,'356,India,27,'0113,Rice,5539,Producer Price Index (2014-2016 = 100),2004,2004,7021,Annual value,,33.26,E
100,'356,India,27,'0113,Rice,5539,Producer Price Index (2014-2016 = 100),2005,2005,7021,Annual value,,31.74,E
100,'356,India,27,'0113,Rice,5539,Producer Price Index (2014-2016 = 100),2006,2006,7021,Annual value,,41.47,E
100,'356,India,27,'0113,Rice,5539,Producer Price Index (2014-2016 = 100),2007,2007,7021,Annual value,,50.39,E
100,'356,India,27,'0113,Rice,5539,Producer Price Index (2014-2016 = 100),2008,2008,7021,Annual value,,59.31,E
100,'356,India,27,'0113,Rice,5539,Producer Price Index (2014-2016 = 100),2009,2009,7021,Annual value,,65.52,E
100,'356,India,27,'0113,Rice,5539,Producer Price Index (2014-2016 = 100),2010,2010,7021,Annual value,,77.14,E
100,'356,India,27,'0113,Rice,5539,Producer Price Index (2014-2016 = 100),2011,2011,7021,Annual value,,84.12,E
100,'356,India,27,'0113,Rice,5539,Producer Price Index (2014-2016 = 100),2012,2012,7021,Annual value,,91.28,E
100,'356,India,27,'0113,Rice,5539,Producer Price Index (2014-2016 = 100),2013,2013,7021,Annual value,,87.32,E
100,'356,India,27,'0113,Rice,5539,Producer Price Index (2014-2016 = 100),2014,2014,7021,Annual value,,94.65,E
100,'356,India,27,'0113,Rice,5539,Producer Price Index (2014-2016 = 100),2015,2015,7021,Annual value,,100.36,E
100,'356,India,27,'0113,Rice,5539,Producer Price Index (2014-2016 = 100),2016,2016,7021,Annual value,,104.99,E
100,'356,India,27,'0113,Rice,5539,Producer Price Index (2014-2016 = 100),2017,2017,7021,Annual value,,110.08,E
100,'356,India,27,'0113,Rice,5539,Producer Price Index (2014-2016 = 100),2018,2018,7021,Annual value,,109.77,E
100,'356,India,27,'0113,Rice,5539,Producer Price Index (2014-2016 = 100),2019,2019,7021,Annual value,,108.68,E
100,'356,India,27,'0113,Rice,5539,Producer Price Index (2014-2016 = 100),2020,2020,7021,Annual value,,113.94,E
100,'356,India,27,'0113,Rice,5539,Producer Price Index (2014-2016 = 100),2021,2021,7021,Annual value,,139.65,E
100,'356,India,27,'0113,Rice,5539,Producer Price Index (2014-2016 = 100),2022,2022,7021,Annual value,,153.33,E
100,'356,India,27,'0113,Rice,5539,Producer Price Index (2014-2016 = 100),2023,2023,7021,Annual value,,157.63,E
100,'356,India,27,'0113,Rice,5539,Producer Price Index (2014-2016 = 100),2024,2024,7021,Annual value,,160.01,E
100,'356,India,27,'0113,Rice,5539,Producer Price Index (2014-2016 = 100),2025,2025,7021,Annual value,,162.39,E
100,'356,India,280,'01446,Safflower seed,5530,Producer Price (LCU/tonne),2001,2001,7021,Annual value,LCU,11155.0,A
100,'356,India,280,'01446,Safflower seed,5530,Producer Price (LCU/tonne),2003,2003,7021,Annual value,LCU,15000.0,A
100,'356,India,280,'01446,Safflower seed,5530,Producer Price (LCU/tonne),2004,2004,7021,Annual value,LCU,15500.0,A
100,'356,India,280,'01446,Safflower seed,5530,Producer Price (LCU/tonne),2005,2005,7021,Annual value,LCU,15650.0,A
100,'356,India,280,'01446,Safflower seed,5530,Producer Price (LCU/tonne),2006,2006,7021,Annual value,LCU,15650.0,A
100,'356,India,280,'01446,Safflower seed,5530,Producer Price (LCU/tonne),2008,2008,7021,Annual value,LCU,16500.0,A
100,'356,India,280,'01446,Safflower seed,5531,Producer Price (SLC/tonne),2001,2001,7021,Annual value,SLC,11155.0,A
100,'356,India,280,'01446,Safflower seed,5531,Producer Price (SLC/tonne),2003,2003,7021,Annual value,SLC,15000.0,A
100,'356,India,280,'01446,Safflower seed,5531,Producer Price (SLC/tonne),2004,2004,7021,Annual value,SLC,15500.0,A
100,'356,India,280,'01446,Safflower seed,5531,Producer Price (SLC/tonne),2005,2005,7021,Annual value,SLC,15650.0,A
100,'356,India,280,'01446,Safflower seed,5531,Producer Price (SLC/tonne),2006,2006,7021,Annual value,SLC,15650.0,A
100,'356,India,280,'01446,Safflower seed,5531,Producer Price (SLC/tonne),2008,2008,7021,Annual value,SLC,16500.0,A
100,'356,India,280,'01446,Safflower seed,5532,Producer Price (USD/tonne),2001,2001,7021,Annual value,USD,236.4,A
100,'356,India,280,'01446,Safflower seed,5532,Producer Price (USD/tonne),2003,2003,7021,Annual value,USD,322.0,A
100,'356,India,280,'01446,Safflower seed,5532,Producer Price (USD/tonne),2004,2004,7021,Annual value,USD,342.0,A
100,'356,India,280,'01446,Safflower seed,5532,Producer Price (USD/tonne),2005,2005,7021,Annual value,USD,354.9,A
100,'356,India,280,'01446,Safflower seed,5532,Producer Price (USD/tonne),2006,2006,7021,Annual value,USD,345.4,A
100,'356,India,280,'01446,Safflower seed,5532,Producer Price (USD/tonne),2008,2008,7021,Annual value,USD,379.3,A
100,'356,India,280,'01446,Safflower seed,5539,Producer Price Index (2014-2016 = 100),1991,1991,7021,Annual value,,34.95,E
100,'356,India,280,'01446,Safflower seed,5539,Producer Price Index (2014-2016 = 100),1992,1992,7021,Annual value,,36.36,E
100,'356,India,280,'01446,Safflower seed,5539,Producer Price Index (2014-2016 = 100),1993,1993,7021,Annual value,,28.03,E
100,'356,India,280,'01446,Safflower seed,5539,Producer Price Index (2014-2016 = 100),1994,1994,7021,Annual value,,32.21,E
100,'356,India,280,'01446,Safflower seed,5539,Producer Price Index (2014-2016 = 100),1995,1995,7021,Annual value,,38.01,E
100,'356,India,280,'01446,Safflower seed,5539,Producer Price Index (2014-2016 = 100),1996,1996,7021,Annual value,,38.57,E
100,'356,India,280,'01446,Safflower seed,5539,Producer Price Index (2014-2016 = 100),1997,1997,7021,Annual value,,39.62,E
100,'356,India,280,'01446,Safflower seed,5539,Producer Price Index (2014-2016 = 100),1998,1998,7021,Annual value,,46.01,E
100,'356,India,280,'01446,Safflower seed,5539,Producer Price Index (2014-2016 = 100),1999,1999,7021,Annual value,,54.83,E
100,'356,India,280,'01446,Safflower seed,5539,Producer Price Index (2014-2016 = 100),2000,2000,7021,Annual value,,43.77,E
100,'356,India,280,'01446,Safflower seed,5539,Producer Price Index (2014-2016 = 100),2001,2001,7021,Annual value,,40.1,E
100,'356,India,280,'01446,Safflower seed,5539,Producer Price Index (2014-2016 = 100),2002,2002,7021,Annual value,,47.01,E
100,'356,India,280,'01446,Safflower seed,5539,Producer Price Index (2014-2016 = 100),2003,2003,7021,Annual value,,53.92,E
100,'356,India,280,'01446,Safflower seed,5539,Producer Price Index (2014-2016 = 100),2004,2004,7021,Annual value,,55.72,E
100,'356,India,280,'01446,Safflower seed,5539,Producer Price Index (2014-2016 = 100),2005,2005,7021,Annual value,,56.26,E
100,'356,India,280,'01446,Safflower seed,5539,Producer Price Index (2014-2016 = 100),2006,2006,7021,Annual value,,56.26,E
100,'356,India,280,'01446,Safflower seed,5539,Producer Price Index (2014-2016 = 100),2007,2007,7021,Annual value,,57.78,E
100,'356,India,280,'01446,Safflower seed,5539,Producer Price Index (2014-2016 = 100),2008,2008,7021,Annual value,,59.31,E
100,'356,India,280,'01446,Safflower seed,5539,Producer Price Index (2014-2016 = 100),2009,2009,7021,Annual value,,65.52,E
100,'356,India,280,'01446,Safflower seed,5539,Producer Price Index (2014-2016 = 100),2010,2010,7021,Annual value,,77.14,E
100,'356,India,280,'01446,Safflower seed,5539,Producer Price Index (2014-2016 = 100),2011,2011,7021,Annual value,,84.12,E
100,'356,India,280,'01446,Safflower seed,5539,Producer Price Index (2014-2016 = 100),2012,2012,7021,Annual value,,91.28,E
100,'356,India,280,'01446,Safflower seed,5539,Producer Price Index (2014-2016 = 100),2013,2013,7021,Annual value,,87.32,E
100,'356,India,280,'01446,Safflower seed,5539,Producer Price Index (2014-2016 = 100),2014,2014,7021,Annual value,,94.65,E
100,'356,India,280,'01446,Safflower seed,5539,Producer Price Index (2014-2016 = 100),2015,2015,7021,Annual value,,100.36,E
100,'356,India,280,'01446,Safflower seed,5539,Producer Price Index (2014-2016 = 100),2016,2016,7021,Annual value,,104.99,E
100,'356,India,280,'01446,Safflower seed,5539,Producer Price Index (2014-2016 = 100),2017,2017,7021,Annual value,,110.08,E
100,'356,India,280,'01446,Safflower seed,5539,Producer Price Index (2014-2016 = 100),2018,2018,7021,Annual value,,109.77,E
100,'356,India,280,'01446,Safflower seed,5539,Producer Price Index (2014-2016 = 100),2019,2019,7021,Annual value,,108.24,E
100,'356,India,280,'01446,Safflower seed,5539,Producer Price Index (2014-2016 = 100),2020,2020,7021,Annual value,,99.93,E
100,'356,India,280,'01446,Safflower seed,5539,Producer Price Index (2014-2016 = 100),2021,2021,7021,Annual value,,113.71,E
100,'356,India,280,'01446,Safflower seed,5539,Producer Price Index (2014-2016 = 100),2022,2022,7021,Annual value,,119.29,E
100,'356,India,280,'01446,Safflower seed,5539,Producer Price Index (2014-2016 = 100),2023,2023,7021,Annual value,,121.0,E
100,'356,India,280,'01446,Safflower seed,5539,Producer Price Index (2014-2016 = 100),2024,2024,7021,Annual value,,132.06,E
100,'356,India,280,'01446,Safflower seed,5539,Producer Price Index (2014-2016 = 100),2025,2025,7021,Annual value,,140.43,E
100,'356,India,328,'01921.01,"Seed cotton, unginned",5530,Producer Price (LCU/tonne),1991,1991,7021,Annual value,LCU,10516.0,A
100,'356,India,328,'01921.01,"Seed cotton, unginned",5530,Producer Price (LCU/tonne),1992,1992,7021,Annual value,LCU,11316.0,A
100,'356,India,328,'01921.01,"Seed cotton, unginned",5530,Producer Price (LCU/tonne),1993,1993,7021,Annual value,LCU,14640.0,A
100,'356,India,328,'01921.01,"Seed cotton, unginned",5530,Producer Price (LCU/tonne),1994,1994,7021,Annual value,LCU,17369.0,A
100,'356,India,328,'01921.01,"Seed cotton, unginned",5530,Producer Price (LCU/tonne),1995,1995,7021,Annual value,LCU,17831.0,A
100,'356,India,328,'01921.01,"Seed cotton, unginned",5530,Producer Price (LCU/tonne),1996,1996,7021,Annual value,LCU,17265.0,A
100,'356,India,328,'01921.01,"Seed cotton, unginned",5530,Producer Price (LCU/tonne),1997,1997,7021,Annual value,LCU,18791.0,A
100,'356,India,328,'01921.01,"Seed cotton, unginned",5530,Producer Price (LCU/tonne),1998,1998,7021,Annual value,LCU,21824.0,A
100,'356,India,328,'01921.01,"Seed cotton, unginned",5530,Producer Price (LCU/tonne),1999,1999,7021,Annual value,LCU,19854.0,A
100,'356,India,328,'01921.01,"Seed cotton, unginned",5530,Producer Price (LCU/tonne),2000,2000,7021,Annual value,LCU,19765.0,A
100,'356,India,328,'01921.01,"Seed cotton, unginned",5530,Producer Price (LCU/tonne),2001,2001,7021,Annual value,LCU,20877.7,A
100,'356,India,328,'01921.01,"Seed cotton, unginned",5530,Producer Price (LCU/tonne),2002,2002,7021,Annual value,LCU,21632.1,A
100,'356,India,328,'01921.01,"Seed cotton, unginned",5530,Producer Price (LCU/tonne),2003,2003,7021,Annual value,LCU,22670.8,A
100,'356,India,328,'01921.01,"Seed cotton, unginned",5530,Producer Price (LCU/tonne),2004,2004,7021,Annual value,LCU,24378.3,A
100,'356,India,328,'01921.01,"Seed cotton, unginned",5530,Producer Price (LCU/tonne),2005,2005,7021,Annual value,LCU,22619.2,A
100,'356,India,328,'01921.01,"Seed cotton, unginned",5530,Producer Price (LCU/tonne),2006,2006,7021,Annual value,LCU,24343.8,A
100,'356,India,328,'01921.01,"Seed cotton, unginned",5530,Producer Price (LCU/tonne),2008,2008,7021,Annual value,LCU,30000.0,A
100,'356,India,328,'01921.01,"Seed cotton, unginned",5531,Producer Price (SLC/tonne),1991,1991,7021,Annual value,SLC,10516.0,A
100,'356,India,328,'01921.01,"Seed cotton, unginned",5531,Producer Price (SLC/tonne),1992,1992,7021,Annual value,SLC,11316.0,A
100,'356,India,328,'01921.01,"Seed cotton, unginned",5531,Producer Price (SLC/tonne),1993,1993,7021,Annual value,SLC,14640.0,A
100,'356,India,328,'01921.01,"Seed cotton, unginned",5531,Producer Price (SLC/tonne),1994,1994,7021,Annual value,SLC,17369.0,A
100,'356,India,328,'01921.01,"Seed cotton, unginned",5531,Producer Price (SLC/tonne),1995,1995,7021,Annual value,SLC,17831.0,A
100,'356,India,328,'01921.01,"Seed cotton, unginned",5531,Producer Price (SLC/tonne),1996,1996,7021,Annual value,SLC,17265.0,A
100,'356,India,328,'01921.01,"Seed cotton, unginned",5531,Producer Price (SLC/tonne),1997,1997,7021,Annual value,SLC,18791.0,A
100,'356,India,328,'01921.01,"Seed cotton, unginned",5531,Producer Price (SLC/tonne),1998,1998,7021,Annual value,SLC,21824.0,A
100,'356,India,328,'01921.01,"Seed cotton, unginned",5531,Producer Price (SLC/tonne),1999,1999,7021,Annual value,SLC,19854.0,A
100,'356,India,328,'01921.01,"Seed cotton, unginned",5531,Producer Price (SLC/tonne),2000,2000,7021,Annual value,SLC,19765.0,A
100,'356,India,328,'01921.01,"Seed cotton, unginned",5531,Producer Price (SLC/tonne),2001,2001,7021,Annual value,SLC,20877.7,A
100,'356,India,328,'01921.01,"Seed cotton, unginned",5531,Producer Price (SLC/tonne),2002,2002,7021,Annual value,SLC,21632.1,A
100,'356,India,328,'01921.01,"Seed cotton, unginned",5531,Producer Price (SLC/tonne),2003,2003,7021,Annual value,SLC,22670.8,A
100,'356,India,328,'01921.01,"Seed cotton, unginned",5531,Producer Price (SLC/tonne),2004,2004,7021,Annual value,SLC,24378.3,A
100,'356,India,328,'01921.01,"Seed cotton, unginned",5531,Producer Price (SLC/tonne),2005,2005,7021,Annual value,SLC,22619.2,A
100,'356,India,328,'01921.01,"Seed cotton, unginned",5531,Producer Price (SLC/tonne),2006,2006,7021,Annual value,SLC,24343.8,A
100,'356,India,328,'01921.01,"Seed cotton, unginned",5531,Producer Price (SLC/tonne),2008,2008,7021,Annual value,SLC,30000.0,A
100,'356,India,328,'01921.01,"Seed cotton, unginned",5532,Producer Price (USD/tonne),1991,1991,7021,Annual value,USD,462.4,A
100,'356,India,328,'01921.01,"Seed cotton, unginned",5532,Producer Price (USD/tonne),1992,1992,7021,Annual value,USD,436.6,A
100,'356,India,328,'01921.01,"Seed cotton, unginned",5532,Producer Price (USD/tonne),1993,1993,7021,Annual value,USD,480.1,A
100,'356,India,328,'01921.01,"Seed cotton, unginned",5532,Producer Price (USD/tonne),1994,1994,7021,Annual value,USD,553.6,A
100,'356,India,328,'01921.01,"Seed cotton, unginned",5532,Producer Price (USD/tonne),1995,1995,7021,Annual value,USD,549.9,A
100,'356,India,328,'01921.01,"Seed cotton, unginned",5532,Producer Price (USD/tonne),1996,1996,7021,Annual value,USD,487.3,A
100,'356,India,328,'01921.01,"Seed cotton, unginned",5532,Producer Price (USD/tonne),1997,1997,7021,Annual value,USD,517.5,A
100,'356,India,328,'01921.01,"Seed cotton, unginned",5532,Producer Price (USD/tonne),1998,1998,7021,Annual value,USD,528.9,A
100,'356,India,328,'01921.01,"Seed cotton, unginned",5532,Producer Price (USD/tonne),1999,1999,7021,Annual value,USD,461.1,A
100,'356,India,328,'01921.01,"Seed cotton, unginned",5532,Producer Price (USD/tonne),2000,2000,7021,Annual value,USD,439.8,A
100,'356,India,328,'01921.01,"Seed cotton, unginned",5532,Producer Price (USD/tonne),2001,2001,7021,Annual value,USD,442.5,A
100,'356,India,328,'01921.01,"Seed cotton, unginned",5532,Producer Price (USD/tonne),2002,2002,7021,Annual value,USD,445.0,A
100,'356,India,328,'01921.01,"Seed cotton, unginned",5532,Producer Price (USD/tonne),2003,2003,7021,Annual value,USD,486.7,A
100,'356,India,328,'01921.01,"Seed cotton, unginned",5532,Producer Price (USD/tonne),2004,2004,7021,Annual value,USD,538.0,A
100,'356,India,328,'01921.01,"Seed cotton, unginned",5532,Producer Price (USD/tonne),2005,2005,7021,Annual value,USD,512.9,A
100,'356,India,328,'01921.01,"Seed cotton, unginned",5532,Producer Price (USD/tonne),2006,2006,7021,Annual value,USD,537.3,A
100,'356,India,328,'01921.01,"Seed cotton, unginned",5532,Producer Price (USD/tonne),2008,2008,7021,Annual value,USD,689.6,A
100,'356,India,328,'01921.01,"Seed cotton, unginned",5539,Producer Price Index (2014-2016 = 100),1991,1991,7021,Annual value,,20.79,E
100,'356,India,328,'01921.01,"Seed cotton, unginned",5539,Producer Price Index (2014-2016 = 100),1992,1992,7021,Annual value,,22.37,E
100,'356,India,328,'01921.01,"Seed cotton, unginned",5539,Producer Price Index (2014-2016 = 100),1993,1993,7021,Annual value,,28.94,E
100,'356,India,328,'01921.01,"Seed cotton, unginned",5539,Producer Price Index (2014-2016 = 100),1994,1994,7021,Annual value,,34.34,E
100,'356,India,328,'01921.01,"Seed cotton, unginned",5539,Producer Price Index (2014-2016 = 100),1995,1995,7021,Annual value,,35.25,E
100,'356,India,328,'01921.01,"Seed cotton, unginned",5539,Producer Price Index (2014-2016 = 100),1996,1996,7021,Annual value,,34.13,E
100,'356,India,328,'01921.01,"Seed cotton, unginned",5539,Producer Price Index (2014-2016 = 100),1997,1997,7021,Annual value,,37.15,E
100,'356,India,328,'01921.01,"Seed cotton, unginned",5539,Producer Price Index (2014-2016 = 100),1998,1998,7021,Annual value,,43.15,E
100,'356,India,328,'01921.01,"Seed cotton, unginned",5539,Producer Price Index (2014-2016 = 100),1999,1999,7021,Annual value,,39.25,E
100,'356,India,328,'01921.01,"Seed cotton, unginned",5539,Producer Price Index (2014-2016 = 100),2000,2000,7021,Annual value,,39.08,E
100,'356,India,328,'01921.01,"Seed cotton, unginned",5539,Producer Price Index (2014-2016 = 100),2001,2001,7021,Annual value,,41.28,E
100,'356,India,328,'01921.01,"Seed cotton, unginned",5539,Producer Price Index (2014-2016 = 100),2002,2002,7021,Annual value,,42.77,E
100,'356,India,328,'01921.01,"Seed cotton, unginned",5539,Producer Price Index (2014-2016 = 100),2003,2003,7021,Annual value,,44.82,E
100,'356,India,328,'01921.01,"Seed cotton, unginned",5539,Producer Price Index (2014-2016 = 100),2004,2004,7021,Annual value,,48.2,E
100,'356,India,328,'01921.01,"Seed cotton, unginned",5539,Producer Price Index (2014-2016 = 100),2005,2005,7021,Annual value,,44.72,E
100,'356,India,328,'01921.01,"Seed cotton, unginned",5539,Producer Price Index (2014-2016 = 100),2006,2006,7021,Annual value,,48.13,E
100,'356,India,328,'01921.01,"Seed cotton, unginned",5539,Producer Price Index (2014-2016 = 100),2007,2007,7021,Annual value,,53.72,E
100,'356,India,328,'01921.01,"Seed cotton, unginned",5539,Producer Price Index (2014-2016 = 100),2008,2008,7021,Annual value,,59.31,E
100,'356,India,328,'01921.01,"Seed cotton, unginned",5539,Producer Price Index (2014-2016 = 100),2009,2009,7021,Annual value,,65.52,E
100,'356,India,328,'01921.01,"Seed cotton, unginned",5539,Producer Price Index (2014-2016 = 100),2010,2010,7021,Annual value,,77.14,E
100,'356,India,328,'01921.01,"Seed cotton, unginned",5539,Producer Price Index (2014-2016 = 100),2011,2011,7021,Annual value,,84.12,E
100,'356,India,328,'01921.01,"Seed cotton, unginned",5539,Producer Price Index (2014-2016 = 100),2012,2012,7021,Annual value,,91.28,E
100,'356,India,328,'01921.01,"Seed cotton, unginned",5539,Producer Price Index (2014-2016 = 100),2013,2013,7021,Annual value,,87.32,E
100,'356,India,328,'01921.01,"Seed cotton, unginned",5539,Producer Price Index (2014-2016 = 100),2014,2014,7021,Annual value,,94.65,E
100,'356,India,328,'01921.01,"Seed cotton, unginned",5539,Producer Price Index (2014-2016 = 100),2015,2015,7021,Annual value,,100.36,E
100,'356,India,328,'01921.01,"Seed cotton, unginned",5539,Producer Price Index (2014-2016 = 100),2016,2016,7021,Annual value,,104.99,E
100,'356,India,328,'01921.01,"Seed cotton, unginned",5539,Producer Price Index (2014-2016 = 100),2017,2017,7021,Annual value,,110.08,E
100,'356,India,328,'01921.01,"Seed cotton, unginned",5539,Producer Price Index (2014-2016 = 100),2018,2018,7021,Annual value,,109.77,E
100,'356,India,328,'01921.01,"Seed cotton, unginned",5539,Producer Price Index (2014-2016 = 100),2019,2019,7021,Annual value,,132.88,E
100,'356,India,328,'01921.01,"Seed cotton, unginned",5539,Producer Price Index (2014-2016 = 100),2020,2020,7021,Annual value,,133.95,E
100,'356,India,328,'01921.01,"Seed cotton, unginned",5539,Producer Price Index (2014-2016 = 100),2021,2021,7021,Annual value,,144.9,E
100,'356,India,328,'01921.01,"Seed cotton, unginned",5539,Producer Price Index (2014-2016 = 100),2022,2022,7021,Annual value,,149.85,E
100,'356,India,328,'01921.01,"Seed cotton, unginned",5539,Producer Price Index (2014-2016 = 100),2023,2023,7021,Annual value,,152.37,E
100,'356,India,328,'01921.01,"Seed cotton, unginned",5539,Producer Price Index (2014-2016 = 100),2024,2024,7021,Annual value,,164.59,E
100,'356,India,328,'01921.01,"Seed cotton, unginned",5539,Producer Price Index (2014-2016 = 100),2025,2025,7021,Annual value,,173.85,E
100,'356,India,289,'01444,Sesame seed,5530,Producer Price (LCU/tonne),1991,1991,7021,Annual value,LCU,12921.0,A
100,'356,India,289,'01444,Sesame seed,5530,Producer Price (LCU/tonne),1992,1992,7021,Annual value,LCU,12178.0,A
100,'356,India,289,'01444,Sesame seed,5530,Producer Price (LCU/tonne),1993,1993,7021,Annual value,LCU,13145.0,A
100,'356,India,289,'01444,Sesame seed,5530,Producer Price (LCU/tonne),1994,1994,7021,Annual value,LCU,15524.0,A
100,'356,India,289,'01444,Sesame seed,5530,Producer Price (LCU/tonne),1995,1995,7021,Annual value,LCU,18056.0,A
100,'356,India,289,'01444,Sesame seed,5530,Producer Price (LCU/tonne),1996,1996,7021,Annual value,LCU,15873.0,A
100,'356,India,289,'01444,Sesame seed,5530,Producer Price (LCU/tonne),1997,1997,7021,Annual value,LCU,15967.0,A
100,'356,India,289,'01444,Sesame seed,5530,Producer Price (LCU/tonne),1998,1998,7021,Annual value,LCU,20832.0,A
100,'356,India,289,'01444,Sesame seed,5530,Producer Price (LCU/tonne),1999,1999,7021,Annual value,LCU,19359.0,A
100,'356,India,289,'01444,Sesame seed,5530,Producer Price (LCU/tonne),2000,2000,7021,Annual value,LCU,18845.0,A
100,'356,India,289,'01444,Sesame seed,5530,Producer Price (LCU/tonne),2001,2001,7021,Annual value,LCU,18977.9,A
100,'356,India,289,'01444,Sesame seed,5530,Producer Price (LCU/tonne),2002,2002,7021,Annual value,LCU,21311.4,A
100,'356,India,289,'01444,Sesame seed,5530,Producer Price (LCU/tonne),2003,2003,7021,Annual value,LCU,23989.3,A
100,'356,India,289,'01444,Sesame seed,5530,Producer Price (LCU/tonne),2004,2004,7021,Annual value,LCU,23253.9,A
100,'356,India,289,'01444,Sesame seed,5530,Producer Price (LCU/tonne),2005,2005,7021,Annual value,LCU,24244.4,A
100,'356,India,289,'01444,Sesame seed,5530,Producer Price (LCU/tonne),2006,2006,7021,Annual value,LCU,25271.6,A
100,'356,India,289,'01444,Sesame seed,5530,Producer Price (LCU/tonne),2008,2008,7021,Annual value,LCU,27500.0,A
100,'356,India,289,'01444,Sesame seed,5531,Producer Price (SLC/tonne),1991,1991,7021,Annual value,SLC,12921.0,A
100,'356,India,289,'01444,Sesame seed,5531,Producer Price (SLC/tonne),1992,1992,7021,Annual value,SLC,12178.0,A
100,'356,India,289,'01444,Sesame seed,5531,Producer Price (SLC/tonne),1993,1993,7021,Annual value,SLC,13145.0,A
100,'356,India,289,'01444,Sesame seed,5531,Producer Price (SLC/tonne),1994,1994,7021,Annual value,SLC,15524.0,A
100,'356,India,289,'01444,Sesame seed,5531,Producer Price (SLC/tonne),1995,1995,7021,Annual value,SLC,18056.0,A
100,'356,India,289,'01444,Sesame seed,5531,Producer Price (SLC/tonne),1996,1996,7021,Annual value,SLC,15873.0,A
100,'356,India,289,'01444,Sesame seed,5531,Producer Price (SLC/tonne),1997,1997,7021,Annual value,SLC,15967.0,A
100,'356,India,289,'01444,Sesame seed,5531,Producer Price (SLC/tonne),1998,1998,7021,Annual value,SLC,20832.0,A
100,'356,India,289,'01444,Sesame seed,5531,Producer Price (SLC/tonne),1999,1999,7021,Annual value,SLC,19359.0,A
100,'356,India,289,'01444,Sesame seed,5531,Producer Price (SLC/tonne),2000,2000,7021,Annual value,SLC,18845.0,A
100,'356,India,289,'01444,Sesame seed,5531,Producer Price (SLC/tonne),2001,2001,7021,Annual value,SLC,18977.9,A
100,'356,India,289,'01444,Sesame seed,5531,Producer Price (SLC/tonne),2002,2002,7021,Annual value,SLC,21311.4,A
100,'356,India,289,'01444,Sesame seed,5531,Producer Price (SLC/tonne),2003,2003,7021,Annual value,SLC,23989.3,A
100,'356,India,289,'01444,Sesame seed,5531,Producer Price (SLC/tonne),2004,2004,7021,Annual value,SLC,23253.9,A
100,'356,India,289,'01444,Sesame seed,5531,Producer Price (SLC/tonne),2005,2005,7021,Annual value,SLC,24244.4,A
100,'356,India,289,'01444,Sesame seed,5531,Producer Price (SLC/tonne),2006,2006,7021,Annual value,SLC,25271.6,A
100,'356,India,289,'01444,Sesame seed,5531,Producer Price (SLC/tonne),2008,2008,7021,Annual value,SLC,27500.0,A
100,'356,India,289,'01444,Sesame seed,5532,Producer Price (USD/tonne),1991,1991,7021,Annual value,USD,568.1,A
100,'356,India,289,'01444,Sesame seed,5532,Producer Price (USD/tonne),1992,1992,7021,Annual value,USD,469.9,A
100,'356,India,289,'01444,Sesame seed,5532,Producer Price (USD/tonne),1993,1993,7021,Annual value,USD,431.1,A
100,'356,India,289,'01444,Sesame seed,5532,Producer Price (USD/tonne),1994,1994,7021,Annual value,USD,494.8,A
100,'356,India,289,'01444,Sesame seed,5532,Producer Price (USD/tonne),1995,1995,7021,Annual value,USD,556.8,A
100,'356,India,289,'01444,Sesame seed,5532,Producer Price (USD/tonne),1996,1996,7021,Annual value,USD,448.0,A
100,'356,India,289,'01444,Sesame seed,5532,Producer Price (USD/tonne),1997,1997,7021,Annual value,USD,439.7,A
100,'356,India,289,'01444,Sesame seed,5532,Producer Price (USD/tonne),1998,1998,7021,Annual value,USD,504.9,A
100,'356,India,289,'01444,Sesame seed,5532,Producer Price (USD/tonne),1999,1999,7021,Annual value,USD,449.6,A
100,'356,India,289,'01444,Sesame seed,5532,Producer Price (USD/tonne),2000,2000,7021,Annual value,USD,419.3,A
100,'356,India,289,'01444,Sesame seed,5532,Producer Price (USD/tonne),2001,2001,7021,Annual value,USD,402.2,A
100,'356,India,289,'01444,Sesame seed,5532,Producer Price (USD/tonne),2002,2002,7021,Annual value,USD,438.4,A
100,'356,India,289,'01444,Sesame seed,5532,Producer Price (USD/tonne),2003,2003,7021,Annual value,USD,515.0,A
100,'356,India,289,'01444,Sesame seed,5532,Producer Price (USD/tonne),2004,2004,7021,Annual value,USD,513.1,A
100,'356,India,289,'01444,Sesame seed,5532,Producer Price (USD/tonne),2005,2005,7021,Annual value,USD,549.8,A
100,'356,India,289,'01444,Sesame seed,5532,Producer Price (USD/tonne),2006,2006,7021,Annual value,USD,557.8,A
100,'356,India,289,'01444,Sesame seed,5532,Producer Price (USD/tonne),2008,2008,7021,Annual value,USD,632.1,A
100,'356,India,289,'01444,Sesame seed,5539,Producer Price Index (2014-2016 = 100),1991,1991,7021,Annual value,,27.87,E
100,'356,India,289,'01444,Sesame seed,5539,Producer Price Index (2014-2016 = 100),1992,1992,7021,Annual value,,26.27,E
100,'356,India,289,'01444,Sesame seed,5539,Producer Price Index (2014-2016 = 100),1993,1993,7021,Annual value,,28.35,E
100,'356,India,289,'01444,Sesame seed,5539,Producer Price Index (2014-2016 = 100),1994,1994,7021,Annual value,,33.48,E
100,'356,India,289,'01444,Sesame seed,5539,Producer Price Index (2014-2016 = 100),1995,1995,7021,Annual value,,38.94,E
100,'356,India,289,'01444,Sesame seed,5539,Producer Price Index (2014-2016 = 100),1996,1996,7021,Annual value,,34.23,E
100,'356,India,289,'01444,Sesame seed,5539,Producer Price Index (2014-2016 = 100),1997,1997,7021,Annual value,,34.44,E
100,'356,India,289,'01444,Sesame seed,5539,Producer Price Index (2014-2016 = 100),1998,1998,7021,Annual value,,44.93,E
100,'356,India,289,'01444,Sesame seed,5539,Producer Price Index (2014-2016 = 100),1999,1999,7021,Annual value,,41.75,E
100,'356,India,289,'01444,Sesame seed,5539,Producer Price Index (2014-2016 = 100),2000,2000,7021,Annual value,,40.64,E
100,'356,India,289,'01444,Sesame seed,5539,Producer Price Index (2014-2016 = 100),2001,2001,7021,Annual value,,40.93,E
100,'356,India,289,'01444,Sesame seed,5539,Producer Price Index (2014-2016 = 100),2002,2002,7021,Annual value,,45.96,E
100,'356,India,289,'01444,Sesame seed,5539,Producer Price Index (2014-2016 = 100),2003,2003,7021,Annual value,,51.74,E
100,'356,India,289,'01444,Sesame seed,5539,Producer Price Index (2014-2016 = 100),2004,2004,7021,Annual value,,50.15,E
100,'356,India,289,'01444,Sesame seed,5539,Producer Price Index (2014-2016 = 100),2005,2005,7021,Annual value,,52.29,E
100,'356,India,289,'01444,Sesame seed,5539,Producer Price Index (2014-2016 = 100),2006,2006,7021,Annual value,,54.51,E
100,'356,India,289,'01444,Sesame seed,5539,Producer Price Index (2014-2016 = 100),2007,2007,7021,Annual value,,56.91,E
100,'356,India,289,'01444,Sesame seed,5539,Producer Price Index (2014-2016 = 100),2008,2008,7021,Annual value,,59.31,E
100,'356,India,289,'01444,Sesame seed,5539,Producer Price Index (2014-2016 = 100),2009,2009,7021,Annual value,,65.52,E
100,'356,India,289,'01444,Sesame seed,5539,Producer Price Index (2014-2016 = 100),2010,2010,7021,Annual value,,77.14,E
100,'356,India,289,'01444,Sesame seed,5539,Producer Price Index (2014-2016 = 100),2011,2011,7021,Annual value,,84.12,E
100,'356,India,289,'01444,Sesame seed,5539,Producer Price Index (2014-2016 = 100),2012,2012,7021,Annual value,,91.28,E
100,'356,India,289,'01444,Sesame seed,5539,Producer Price Index (2014-2016 = 100),2013,2013,7021,Annual value,,87.32,E
100,'356,India,289,'01444,Sesame seed,5539,Producer Price Index (2014-2016 = 100),2014,2014,7021,Annual value,,94.65,E
100,'356,India,289,'01444,Sesame seed,5539,Producer Price Index (2014-2016 = 100),2015,2015,7021,Annual value,,100.36,E
100,'356,India,289,'01444,Sesame seed,5539,Producer Price Index (2014-2016 = 100),2016,2016,7021,Annual value,,104.99,E
100,'356,India,289,'01444,Sesame seed,5539,Producer Price Index (2014-2016 = 100),2017,2017,7021,Annual value,,110.08,E
100,'356,India,289,'01444,Sesame seed,5539,Producer Price Index (2014-2016 = 100),2018,2018,7021,Annual value,,109.77,E
100,'356,India,289,'01444,Sesame seed,5539,Producer Price Index (2014-2016 = 100),2019,2019,7021,Annual value,,116.43,E
100,'356,India,289,'01444,Sesame seed,5539,Producer Price Index (2014-2016 = 100),2020,2020,7021,Annual value,,108.4,E
100,'356,India,289,'01444,Sesame seed,5539,Producer Price Index (2014-2016 = 100),2021,2021,7021,Annual value,,118.31,E
100,'356,India,289,'01444,Sesame seed,5539,Producer Price Index (2014-2016 = 100),2022,2022,7021,Annual value,,124.89,E
100,'356,India,289,'01444,Sesame seed,5539,Producer Price Index (2014-2016 = 100),2023,2023,7021,Annual value,,126.93,E
100,'356,India,289,'01444,Sesame seed,5539,Producer Price Index (2014-2016 = 100),2024,2024,7021,Annual value,,139.35,E
100,'356,India,289,'01444,Sesame seed,5539,Producer Price Index (2014-2016 = 100),2025,2025,7021,Annual value,,149.26,E
100,'356,India,987,'02941,"Shorn wool, greasy, including fleece-washed shorn wool",5530,Producer Price (LCU/tonne),1991,1991,7021,Annual value,LCU,26392.0,X
100,'356,India,987,'02941,"Shorn wool, greasy, including fleece-washed shorn wool",5531,Producer Price (SLC/tonne),1991,1991,7021,Annual value,SLC,26392.0,X
100,'356,India,987,'02941,"Shorn wool, greasy, including fleece-washed shorn wool",5532,Producer Price (USD/tonne),1991,1991,7021,Annual value,USD,1160.5,X
100,'356,India,987,'02941,"Shorn wool, greasy, including fleece-washed shorn wool",5539,Producer Price Index (2014-2016 = 100),1991,1991,7021,Annual value,,24.24,E
100,'356,India,987,'02941,"Shorn wool, greasy, including fleece-washed shorn wool",5539,Producer Price Index (2014-2016 = 100),1992,1992,7021,Annual value,,24.26,E
100,'356,India,987,'02941,"Shorn wool, greasy, including fleece-washed shorn wool",5539,Producer Price Index (2014-2016 = 100),1993,1993,7021,Annual value,,25.58,E
100,'356,India,987,'02941,"Shorn wool, greasy, including fleece-washed shorn wool",5539,Producer Price Index (2014-2016 = 100),1994,1994,7021,Annual value,,28.39,E
100,'356,India,987,'02941,"Shorn wool, greasy, including fleece-washed shorn wool",5539,Producer Price Index (2014-2016 = 100),1995,1995,7021,Annual value,,29.71,E
100,'356,India,987,'02941,"Shorn wool, greasy, including fleece-washed shorn wool",5539,Producer Price Index (2014-2016 = 100),1996,1996,7021,Annual value,,32.46,E
100,'356,India,987,'02941,"Shorn wool, greasy, including fleece-washed shorn wool",5539,Producer Price Index (2014-2016 = 100),1997,1997,7021,Annual value,,40.2,E
100,'356,India,987,'02941,"Shorn wool, greasy, including fleece-washed shorn wool",5539,Producer Price Index (2014-2016 = 100),1998,1998,7021,Annual value,,33.45,E
100,'356,India,987,'02941,"Shorn wool, greasy, including fleece-washed shorn wool",5539,Producer Price Index (2014-2016 = 100),1999,1999,7021,Annual value,,33.72,E
100,'356,India,987,'02941,"Shorn wool, greasy, including fleece-washed shorn wool",5539,Producer Price Index (2014-2016 = 100),2000,2000,7021,Annual value,,35.46,E
100,'356,India,987,'02941,"Shorn wool, greasy, including fleece-washed shorn wool",5539,Producer Price Index (2014-2016 = 100),2001,2001,7021,Annual value,,40.33,E
100,'356,India,987,'02941,"Shorn wool, greasy, including fleece-washed shorn wool",5539,Producer Price Index (2014-2016 = 100),2002,2002,7021,Annual value,,36.72,E
100,'356,India,987,'02941,"Shorn wool, greasy, including fleece-washed shorn wool",5539,Producer Price Index (2014-2016 = 100),2003,2003,7021,Annual value,,39.83,E
100,'356,India,987,'02941,"Shorn wool, greasy, including fleece-washed shorn wool",5539,Producer Price Index (2014-2016 = 100),2004,2004,7021,Annual value,,42.21,E
100,'356,India,987,'02941,"Shorn wool, greasy, including fleece-washed shorn wool",5539,Producer Price Index (2014-2016 = 100),2005,2005,7021,Annual value,,45.95,E
100,'356,India,987,'02941,"Shorn wool, greasy, including fleece-washed shorn wool",5539,Producer Price Index (2014-2016 = 100),2006,2006,7021,Annual value,,48.94,E
100,'356,India,987,'02941,"Shorn wool, greasy, including fleece-washed shorn wool",5539,Producer Price Index (2014-2016 = 100),2007,2007,7021,Annual value,,60.15,E
100,'356,India,987,'02941,"Shorn wool, greasy, including fleece-washed shorn wool",5539,Producer Price Index (2014-2016 = 100),2008,2008,7021,Annual value,,59.31,E
100,'356,India,987,'02941,"Shorn wool, greasy, including fleece-washed shorn wool",5539,Producer Price Index (2014-2016 = 100),2009,2009,7021,Annual value,,65.52,E
100,'356,India,987,'02941,"Shorn wool, greasy, including fleece-washed shorn wool",5539,Producer Price Index (2014-2016 = 100),2010,2010,7021,Annual value,,77.14,E
100,'356,India,987,'02941,"Shorn wool, greasy, including fleece-washed shorn wool",5539,Producer Price Index (2014-2016 = 100),2011,2011,7021,Annual value,,84.12,E
100,'356,India,987,'02941,"Shorn wool, greasy, including fleece-washed shorn wool",5539,Producer Price Index (2014-2016 = 100),2012,2012,7021,Annual value,,91.28,E
100,'356,India,987,'02941,"Shorn wool, greasy, including fleece-washed shorn wool",5539,Producer Price Index (2014-2016 = 100),2013,2013,7021,Annual value,,87.32,E
100,'356,India,987,'02941,"Shorn wool, greasy, including fleece-washed shorn wool",5539,Producer Price Index (2014-2016 = 100),2014,2014,7021,Annual value,,94.65,E
100,'356,India,987,'02941,"Shorn wool, greasy, including fleece-washed shorn wool",5539,Producer Price Index (2014-2016 = 100),2015,2015,7021,Annual value,,100.36,E
100,'356,India,987,'02941,"Shorn wool, greasy, including fleece-washed shorn wool",5539,Producer Price Index (2014-2016 = 100),2016,2016,7021,Annual value,,104.99,E
100,'356,India,987,'02941,"Shorn wool, greasy, including fleece-washed shorn wool",5539,Producer Price Index (2014-2016 = 100),2017,2017,7021,Annual value,,110.08,E
100,'356,India,987,'02941,"Shorn wool, greasy, including fleece-washed shorn wool",5539,Producer Price Index (2014-2016 = 100),2018,2018,7021,Annual value,,109.77,E
100,'356,India,987,'02941,"Shorn wool, greasy, including fleece-washed shorn wool",5539,Producer Price Index (2014-2016 = 100),2019,2019,7021,Annual value,,117.64,E
100,'356,India,987,'02941,"Shorn wool, greasy, including fleece-washed shorn wool",5539,Producer Price Index (2014-2016 = 100),2020,2020,7021,Annual value,,120.2,E
100,'356,India,987,'02941,"Shorn wool, greasy, including fleece-washed shorn wool",5539,Producer Price Index (2014-2016 = 100),2021,2021,7021,Annual value,,135.54,E
100,'356,India,987,'02941,"Shorn wool, greasy, including fleece-washed shorn wool",5539,Producer Price Index (2014-2016 = 100),2022,2022,7021,Annual value,,137.92,E
100,'356,India,987,'02941,"Shorn wool, greasy, including fleece-washed shorn wool",5539,Producer Price Index (2014-2016 = 100),2023,2023,7021,Annual value,,139.57,E
100,'356,India,987,'02941,"Shorn wool, greasy, including fleece-washed shorn wool",5539,Producer Price Index (2014-2016 = 100),2024,2024,7021,Annual value,,149.65,E
100,'356,India,987,'02941,"Shorn wool, greasy, including fleece-washed shorn wool",5539,Producer Price Index (2014-2016 = 100),2025,2025,7021,Annual value,,159.74,E
100,'356,India,1185,'02944,Silk-worm cocoons suitable for reeling,5530,Producer Price (LCU/tonne),1991,1991,7021,Annual value,LCU,88936.0,X
100,'356,India,1185,'02944,Silk-worm cocoons suitable for reeling,5531,Producer Price (SLC/tonne),1991,1991,7021,Annual value,SLC,88936.0,X
100,'356,India,1185,'02944,Silk-worm cocoons suitable for reeling,5532,Producer Price (USD/tonne),1991,1991,7021,Annual value,USD,3910.6,X
100,'356,India,1185,'02944,Silk-worm cocoons suitable for reeling,5539,Producer Price Index (2014-2016 = 100),1991,1991,7021,Annual value,,38.18,E
100,'356,India,1185,'02944,Silk-worm cocoons suitable for reeling,5539,Producer Price Index (2014-2016 = 100),1992,1992,7021,Annual value,,32.35,E
100,'356,India,1185,'02944,Silk-worm cocoons suitable for reeling,5539,Producer Price Index (2014-2016 = 100),1993,1993,7021,Annual value,,28.6,E
100,'356,India,1185,'02944,Silk-worm cocoons suitable for reeling,5539,Producer Price Index (2014-2016 = 100),1994,1994,7021,Annual value,,36.43,E
100,'356,India,1185,'02944,Silk-worm cocoons suitable for reeling,5539,Producer Price Index (2014-2016 = 100),1995,1995,7021,Annual value,,37.7,E
100,'356,India,1185,'02944,Silk-worm cocoons suitable for reeling,5539,Producer Price Index (2014-2016 = 100),1996,1996,7021,Annual value,,41.67,E
100,'356,India,1185,'02944,Silk-worm cocoons suitable for reeling,5539,Producer Price Index (2014-2016 = 100),1997,1997,7021,Annual value,,42.14,E
100,'356,India,1185,'02944,Silk-worm cocoons suitable for reeling,5539,Producer Price Index (2014-2016 = 100),1998,1998,7021,Annual value,,42.72,E
100,'356,India,1185,'02944,Silk-worm cocoons suitable for reeling,5539,Producer Price Index (2014-2016 = 100),1999,1999,7021,Annual value,,39.7,E
100,'356,India,1185,'02944,Silk-worm cocoons suitable for reeling,5539,Producer Price Index (2014-2016 = 100),2000,2000,7021,Annual value,,39.56,E
100,'356,India,1185,'02944,Silk-worm cocoons suitable for reeling,5539,Producer Price Index (2014-2016 = 100),2001,2001,7021,Annual value,,36.69,E
100,'356,India,1185,'02944,Silk-worm cocoons suitable for reeling,5539,Producer Price Index (2014-2016 = 100),2002,2002,7021,Annual value,,36.72,E
100,'356,India,1185,'02944,Silk-worm cocoons suitable for reeling,5539,Producer Price Index (2014-2016 = 100),2003,2003,7021,Annual value,,39.83,E
100,'356,India,1185,'02944,Silk-worm cocoons suitable for reeling,5539,Producer Price Index (2014-2016 = 100),2004,2004,7021,Annual value,,42.21,E
100,'356,India,1185,'02944,Silk-worm cocoons suitable for reeling,5539,Producer Price Index (2014-2016 = 100),2005,2005,7021,Annual value,,45.95,E
100,'356,India,1185,'02944,Silk-worm cocoons suitable for reeling,5539,Producer Price Index (2014-2016 = 100),2006,2006,7021,Annual value,,48.94,E
100,'356,India,1185,'02944,Silk-worm cocoons suitable for reeling,5539,Producer Price Index (2014-2016 = 100),2007,2007,7021,Annual value,,60.15,E
100,'356,India,1185,'02944,Silk-worm cocoons suitable for reeling,5539,Producer Price Index (2014-2016 = 100),2008,2008,7021,Annual value,,59.31,E
100,'356,India,1185,'02944,Silk-worm cocoons suitable for reeling,5539,Producer Price Index (2014-2016 = 100),2009,2009,7021,Annual value,,65.52,E
100,'356,India,1185,'02944,Silk-worm cocoons suitable for reeling,5539,Producer Price Index (2014-2016 = 100),2010,2010,7021,Annual value,,77.14,E
100,'356,India,1185,'02944,Silk-worm cocoons suitable for reeling,5539,Producer Price Index (2014-2016 = 100),2011,2011,7021,Annual value,,84.12,E
100,'356,India,1185,'02944,Silk-worm cocoons suitable for reeling,5539,Producer Price Index (2014-2016 = 100),2012,2012,7021,Annual value,,91.28,E
100,'356,India,1185,'02944,Silk-worm cocoons suitable for reeling,5539,Producer Price Index (2014-2016 = 100),2013,2013,7021,Annual value,,87.32,E
100,'356,India,1185,'02944,Silk-worm cocoons suitable for reeling,5539,Producer Price Index (2014-2016 = 100),2014,2014,7021,Annual value,,94.65,E
100,'356,India,1185,'02944,Silk-worm cocoons suitable for reeling,5539,Producer Price Index (2014-2016 = 100),2015,2015,7021,Annual value,,100.36,E
100,'356,India,1185,'02944,Silk-worm cocoons suitable for reeling,5539,Producer Price Index (2014-2016 = 100),2016,2016,7021,Annual value,,104.99,E
100,'356,India,1185,'02944,Silk-worm cocoons suitable for reeling,5539,Producer Price Index (2014-2016 = 100),2017,2017,7021,Annual value,,110.08,E
100,'356,India,1185,'02944,Silk-worm cocoons suitable for reeling,5539,Producer Price Index (2014-2016 = 100),2018,2018,7021,Annual value,,109.77,E
100,'356,India,1185,'02944,Silk-worm cocoons suitable for reeling,5539,Producer Price Index (2014-2016 = 100),2019,2019,7021,Annual value,,119.29,E
100,'356,India,1185,'02944,Silk-worm cocoons suitable for reeling,5539,Producer Price Index (2014-2016 = 100),2020,2020,7021,Annual value,,130.7,E
100,'356,India,1185,'02944,Silk-worm cocoons suitable for reeling,5539,Producer Price Index (2014-2016 = 100),2021,2021,7021,Annual value,,135.61,E
100,'356,India,1185,'02944,Silk-worm cocoons suitable for reeling,5539,Producer Price Index (2014-2016 = 100),2022,2022,7021,Annual value,,137.65,E
100,'356,India,1185,'02944,Silk-worm cocoons suitable for reeling,5539,Producer Price Index (2014-2016 = 100),2023,2023,7021,Annual value,,139.15,E
100,'356,India,1185,'02944,Silk-worm cocoons suitable for reeling,5539,Producer Price Index (2014-2016 = 100),2024,2024,7021,Annual value,,152.07,E
100,'356,India,1185,'02944,Silk-worm cocoons suitable for reeling,5539,Producer Price Index (2014-2016 = 100),2025,2025,7021,Annual value,,155.05,E
100,'356,India,83,'0114,Sorghum,5530,Producer Price (LCU/tonne),1991,1991,7021,Annual value,LCU,3114.0,A
100,'356,India,83,'0114,Sorghum,5530,Producer Price (LCU/tonne),1992,1992,7021,Annual value,LCU,3322.0,A
100,'356,India,83,'0114,Sorghum,5530,Producer Price (LCU/tonne),1993,1993,7021,Annual value,LCU,3658.0,A
100,'356,India,83,'0114,Sorghum,5530,Producer Price (LCU/tonne),1994,1994,7021,Annual value,LCU,4210.0,A
100,'356,India,83,'0114,Sorghum,5530,Producer Price (LCU/tonne),1995,1995,7021,Annual value,LCU,4344.0,A
100,'356,India,83,'0114,Sorghum,5530,Producer Price (LCU/tonne),1996,1996,7021,Annual value,LCU,4850.0,A
100,'356,India,83,'0114,Sorghum,5530,Producer Price (LCU/tonne),1997,1997,7021,Annual value,LCU,4020.0,A
100,'356,India,83,'0114,Sorghum,5530,Producer Price (LCU/tonne),1998,1998,7021,Annual value,LCU,4445.0,A
100,'356,India,83,'0114,Sorghum,5530,Producer Price (LCU/tonne),1999,1999,7021,Annual value,LCU,5736.0,A
100,'356,India,83,'0114,Sorghum,5530,Producer Price (LCU/tonne),2000,2000,7021,Annual value,LCU,5439.0,A
100,'356,India,83,'0114,Sorghum,5530,Producer Price (LCU/tonne),2001,2001,7021,Annual value,LCU,5090.0,A
100,'356,India,83,'0114,Sorghum,5530,Producer Price (LCU/tonne),2002,2002,7021,Annual value,LCU,5460.0,A
100,'356,India,83,'0114,Sorghum,5530,Producer Price (LCU/tonne),2003,2003,7021,Annual value,LCU,5486.3,A
100,'356,India,83,'0114,Sorghum,5530,Producer Price (LCU/tonne),2004,2004,7021,Annual value,LCU,5464.0,A
100,'356,India,83,'0114,Sorghum,5530,Producer Price (LCU/tonne),2005,2005,7021,Annual value,LCU,5932.0,A
100,'356,India,83,'0114,Sorghum,5530,Producer Price (LCU/tonne),2006,2006,7021,Annual value,LCU,7746.0,A
100,'356,India,83,'0114,Sorghum,5530,Producer Price (LCU/tonne),2008,2008,7021,Annual value,LCU,8600.0,A
100,'356,India,83,'0114,Sorghum,5531,Producer Price (SLC/tonne),1991,1991,7021,Annual value,SLC,3114.0,A
100,'356,India,83,'0114,Sorghum,5531,Producer Price (SLC/tonne),1992,1992,7021,Annual value,SLC,3322.0,A
100,'356,India,83,'0114,Sorghum,5531,Producer Price (SLC/tonne),1993,1993,7021,Annual value,SLC,3658.0,A
100,'356,India,83,'0114,Sorghum,5531,Producer Price (SLC/tonne),1994,1994,7021,Annual value,SLC,4210.0,A
100,'356,India,83,'0114,Sorghum,5531,Producer Price (SLC/tonne),1995,1995,7021,Annual value,SLC,4344.0,A
100,'356,India,83,'0114,Sorghum,5531,Producer Price (SLC/tonne),1996,1996,7021,Annual value,SLC,4850.0,A
100,'356,India,83,'0114,Sorghum,5531,Producer Price (SLC/tonne),1997,1997,7021,Annual value,SLC,4020.0,A
100,'356,India,83,'0114,Sorghum,5531,Producer Price (SLC/tonne),1998,1998,7021,Annual value,SLC,4445.0,A
100,'356,India,83,'0114,Sorghum,5531,Producer Price (SLC/tonne),1999,1999,7021,Annual value,SLC,5736.0,A
100,'356,India,83,'0114,Sorghum,5531,Producer Price (SLC/tonne),2000,2000,7021,Annual value,SLC,5439.0,A
100,'356,India,83,'0114,Sorghum,5531,Producer Price (SLC/tonne),2001,2001,7021,Annual value,SLC,5090.0,A
100,'356,India,83,'0114,Sorghum,5531,Producer Price (SLC/tonne),2002,2002,7021,Annual value,SLC,5460.0,A
100,'356,India,83,'0114,Sorghum,5531,Producer Price (SLC/tonne),2003,2003,7021,Annual value,SLC,5486.3,A
100,'356,India,83,'0114,Sorghum,5531,Producer Price (SLC/tonne),2004,2004,7021,Annual value,SLC,5464.0,A
100,'356,India,83,'0114,Sorghum,5531,Producer Price (SLC/tonne),2005,2005,7021,Annual value,SLC,5932.0,A
100,'356,India,83,'0114,Sorghum,5531,Producer Price (SLC/tonne),2006,2006,7021,Annual value,SLC,7746.0,A
100,'356,India,83,'0114,Sorghum,5531,Producer Price (SLC/tonne),2008,2008,7021,Annual value,SLC,8600.0,A
100,'356,India,83,'0114,Sorghum,5532,Producer Price (USD/tonne),1991,1991,7021,Annual value,USD,136.9,A
100,'356,India,83,'0114,Sorghum,5532,Producer Price (USD/tonne),1992,1992,7021,Annual value,USD,128.2,A
100,'356,India,83,'0114,Sorghum,5532,Producer Price (USD/tonne),1993,1993,7021,Annual value,USD,120.0,A
100,'356,India,83,'0114,Sorghum,5532,Producer Price (USD/tonne),1994,1994,7021,Annual value,USD,134.2,A
100,'356,India,83,'0114,Sorghum,5532,Producer Price (USD/tonne),1995,1995,7021,Annual value,USD,134.0,A
100,'356,India,83,'0114,Sorghum,5532,Producer Price (USD/tonne),1996,1996,7021,Annual value,USD,136.9,A
100,'356,India,83,'0114,Sorghum,5532,Producer Price (USD/tonne),1997,1997,7021,Annual value,USD,110.7,A
100,'356,India,83,'0114,Sorghum,5532,Producer Price (USD/tonne),1998,1998,7021,Annual value,USD,107.7,A
100,'356,India,83,'0114,Sorghum,5532,Producer Price (USD/tonne),1999,1999,7021,Annual value,USD,133.2,A
100,'356,India,83,'0114,Sorghum,5532,Producer Price (USD/tonne),2000,2000,7021,Annual value,USD,121.0,A
100,'356,India,83,'0114,Sorghum,5532,Producer Price (USD/tonne),2001,2001,7021,Annual value,USD,107.9,A
100,'356,India,83,'0114,Sorghum,5532,Producer Price (USD/tonne),2002,2002,7021,Annual value,USD,112.3,A
100,'356,India,83,'0114,Sorghum,5532,Producer Price (USD/tonne),2003,2003,7021,Annual value,USD,117.8,A
100,'356,India,83,'0114,Sorghum,5532,Producer Price (USD/tonne),2004,2004,7021,Annual value,USD,120.6,A
100,'356,India,83,'0114,Sorghum,5532,Producer Price (USD/tonne),2005,2005,7021,Annual value,USD,134.5,A
100,'356,India,83,'0114,Sorghum,5532,Producer Price (USD/tonne),2006,2006,7021,Annual value,USD,171.0,A
100,'356,India,83,'0114,Sorghum,5532,Producer Price (USD/tonne),2008,2008,7021,Annual value,USD,197.7,A
100,'356,India,83,'0114,Sorghum,5539,Producer Price Index (2014-2016 = 100),1991,1991,7021,Annual value,,21.48,E
100,'356,India,83,'0114,Sorghum,5539,Producer Price Index (2014-2016 = 100),1992,1992,7021,Annual value,,22.91,E
100,'356,India,83,'0114,Sorghum,5539,Producer Price Index (2014-2016 = 100),1993,1993,7021,Annual value,,25.23,E
100,'356,India,83,'0114,Sorghum,5539,Producer Price Index (2014-2016 = 100),1994,1994,7021,Annual value,,29.04,E
100,'356,India,83,'0114,Sorghum,5539,Producer Price Index (2014-2016 = 100),1995,1995,7021,Annual value,,29.96,E
100,'356,India,83,'0114,Sorghum,5539,Producer Price Index (2014-2016 = 100),1996,1996,7021,Annual value,,33.45,E
100,'356,India,83,'0114,Sorghum,5539,Producer Price Index (2014-2016 = 100),1997,1997,7021,Annual value,,27.72,E
100,'356,India,83,'0114,Sorghum,5539,Producer Price Index (2014-2016 = 100),1998,1998,7021,Annual value,,30.66,E
100,'356,India,83,'0114,Sorghum,5539,Producer Price Index (2014-2016 = 100),1999,1999,7021,Annual value,,39.56,E
100,'356,India,83,'0114,Sorghum,5539,Producer Price Index (2014-2016 = 100),2000,2000,7021,Annual value,,37.51,E
100,'356,India,83,'0114,Sorghum,5539,Producer Price Index (2014-2016 = 100),2001,2001,7021,Annual value,,35.1,E
100,'356,India,83,'0114,Sorghum,5539,Producer Price Index (2014-2016 = 100),2002,2002,7021,Annual value,,37.66,E
100,'356,India,83,'0114,Sorghum,5539,Producer Price Index (2014-2016 = 100),2003,2003,7021,Annual value,,37.84,E
100,'356,India,83,'0114,Sorghum,5539,Producer Price Index (2014-2016 = 100),2004,2004,7021,Annual value,,37.68,E
100,'356,India,83,'0114,Sorghum,5539,Producer Price Index (2014-2016 = 100),2005,2005,7021,Annual value,,40.91,E
100,'356,India,83,'0114,Sorghum,5539,Producer Price Index (2014-2016 = 100),2006,2006,7021,Annual value,,53.42,E
100,'356,India,83,'0114,Sorghum,5539,Producer Price Index (2014-2016 = 100),2007,2007,7021,Annual value,,56.37,E
100,'356,India,83,'0114,Sorghum,5539,Producer Price Index (2014-2016 = 100),2008,2008,7021,Annual value,,59.31,E
100,'356,India,83,'0114,Sorghum,5539,Producer Price Index (2014-2016 = 100),2009,2009,7021,Annual value,,65.52,E
100,'356,India,83,'0114,Sorghum,5539,Producer Price Index (2014-2016 = 100),2010,2010,7021,Annual value,,77.14,E
100,'356,India,83,'0114,Sorghum,5539,Producer Price Index (2014-2016 = 100),2011,2011,7021,Annual value,,84.12,E
100,'356,India,83,'0114,Sorghum,5539,Producer Price Index (2014-2016 = 100),2012,2012,7021,Annual value,,91.28,E
100,'356,India,83,'0114,Sorghum,5539,Producer Price Index (2014-2016 = 100),2013,2013,7021,Annual value,,87.32,E
100,'356,India,83,'0114,Sorghum,5539,Producer Price Index (2014-2016 = 100),2014,2014,7021,Annual value,,94.65,E
100,'356,India,83,'0114,Sorghum,5539,Producer Price Index (2014-2016 = 100),2015,2015,7021,Annual value,,100.36,E
100,'356,India,83,'0114,Sorghum,5539,Producer Price Index (2014-2016 = 100),2016,2016,7021,Annual value,,104.99,E
100,'356,India,83,'0114,Sorghum,5539,Producer Price Index (2014-2016 = 100),2017,2017,7021,Annual value,,110.08,E
100,'356,India,83,'0114,Sorghum,5539,Producer Price Index (2014-2016 = 100),2018,2018,7021,Annual value,,109.77,E
100,'356,India,83,'0114,Sorghum,5539,Producer Price Index (2014-2016 = 100),2019,2019,7021,Annual value,,111.29,E
100,'356,India,83,'0114,Sorghum,5539,Producer Price Index (2014-2016 = 100),2020,2020,7021,Annual value,,117.36,E
100,'356,India,83,'0114,Sorghum,5539,Producer Price Index (2014-2016 = 100),2021,2021,7021,Annual value,,135.0,E
100,'356,India,83,'0114,Sorghum,5539,Producer Price Index (2014-2016 = 100),2022,2022,7021,Annual value,,136.21,E
100,'356,India,83,'0114,Sorghum,5539,Producer Price Index (2014-2016 = 100),2023,2023,7021,Annual value,,139.95,E
100,'356,India,83,'0114,Sorghum,5539,Producer Price Index (2014-2016 = 100),2024,2024,7021,Annual value,,150.78,E
100,'356,India,83,'0114,Sorghum,5539,Producer Price Index (2014-2016 = 100),2025,2025,7021,Annual value,,159.5,E
100,'356,India,236,'0141,Soya beans,5530,Producer Price (LCU/tonne),1998,1998,7021,Annual value,LCU,7950.0,A
100,'356,India,236,'0141,Soya beans,5530,Producer Price (LCU/tonne),1999,1999,7021,Annual value,LCU,8450.0,A
100,'356,India,236,'0141,Soya beans,5530,Producer Price (LCU/tonne),2000,2000,7021,Annual value,LCU,8650.0,A
100,'356,India,236,'0141,Soya beans,5530,Producer Price (LCU/tonne),2001,2001,7021,Annual value,LCU,8850.0,A
100,'356,India,236,'0141,Soya beans,5530,Producer Price (LCU/tonne),2002,2002,7021,Annual value,LCU,8850.0,A
100,'356,India,236,'0141,Soya beans,5530,Producer Price (LCU/tonne),2003,2003,7021,Annual value,LCU,9300.0,A
100,'356,India,236,'0141,Soya beans,5530,Producer Price (LCU/tonne),2004,2004,7021,Annual value,LCU,10000.0,A
100,'356,India,236,'0141,Soya beans,5530,Producer Price (LCU/tonne),2005,2005,7021,Annual value,LCU,10100.0,A
100,'356,India,236,'0141,Soya beans,5530,Producer Price (LCU/tonne),2006,2006,7021,Annual value,LCU,10200.0,A
100,'356,India,236,'0141,Soya beans,5530,Producer Price (LCU/tonne),2007,2007,7021,Annual value,LCU,10741.9,A
100,'356,India,236,'0141,Soya beans,5530,Producer Price (LCU/tonne),2008,2008,7021,Annual value,LCU,13900.0,A
100,'356,India,236,'0141,Soya beans,5531,Producer Price (SLC/tonne),1998,1998,7021,Annual value,SLC,7950.0,A
100,'356,India,236,'0141,Soya beans,5531,Producer Price (SLC/tonne),1999,1999,7021,Annual value,SLC,8450.0,A
100,'356,India,236,'0141,Soya beans,5531,Producer Price (SLC/tonne),2000,2000,7021,Annual value,SLC,8650.0,A
100,'356,India,236,'0141,Soya beans,5531,Producer Price (SLC/tonne),2001,2001,7021,Annual value,SLC,8850.0,A
100,'356,India,236,'0141,Soya beans,5531,Producer Price (SLC/tonne),2002,2002,7021,Annual value,SLC,8850.0,A
100,'356,India,236,'0141,Soya beans,5531,Producer Price (SLC/tonne),2003,2003,7021,Annual value,SLC,9300.0,A
100,'356,India,236,'0141,Soya beans,5531,Producer Price (SLC/tonne),2004,2004,7021,Annual value,SLC,10000.0,A
100,'356,India,236,'0141,Soya beans,5531,Producer Price (SLC/tonne),2005,2005,7021,Annual value,SLC,10100.0,A
100,'356,India,236,'0141,Soya beans,5531,Producer Price (SLC/tonne),2006,2006,7021,Annual value,SLC,10200.0,A
100,'356,India,236,'0141,Soya beans,5531,Producer Price (SLC/tonne),2007,2007,7021,Annual value,SLC,10741.9,A
100,'356,India,236,'0141,Soya beans,5531,Producer Price (SLC/tonne),2008,2008,7021,Annual value,SLC,13900.0,A
100,'356,India,236,'0141,Soya beans,5532,Producer Price (USD/tonne),1998,1998,7021,Annual value,USD,192.7,A
100,'356,India,236,'0141,Soya beans,5532,Producer Price (USD/tonne),1999,1999,7021,Annual value,USD,196.3,A
100,'356,India,236,'0141,Soya beans,5532,Producer Price (USD/tonne),2000,2000,7021,Annual value,USD,192.5,A
100,'356,India,236,'0141,Soya beans,5532,Producer Price (USD/tonne),2001,2001,7021,Annual value,USD,187.6,A
100,'356,India,236,'0141,Soya beans,5532,Producer Price (USD/tonne),2002,2002,7021,Annual value,USD,182.1,A
100,'356,India,236,'0141,Soya beans,5532,Producer Price (USD/tonne),2003,2003,7021,Annual value,USD,199.6,A
100,'356,India,236,'0141,Soya beans,5532,Producer Price (USD/tonne),2004,2004,7021,Annual value,USD,220.7,A
100,'356,India,236,'0141,Soya beans,5532,Producer Price (USD/tonne),2005,2005,7021,Annual value,USD,229.0,A
100,'356,India,236,'0141,Soya beans,5532,Producer Price (USD/tonne),2006,2006,7021,Annual value,USD,225.1,A
100,'356,India,236,'0141,Soya beans,5532,Producer Price (USD/tonne),2007,2007,7021,Annual value,USD,259.8,A
100,'356,India,236,'0141,Soya beans,5532,Producer Price (USD/tonne),2008,2008,7021,Annual value,USD,319.5,A
100,'356,India,236,'0141,Soya beans,5539,Producer Price Index (2014-2016 = 100),1991,1991,7021,Annual value,,27.16,E
100,'356,India,236,'0141,Soya beans,5539,Producer Price Index (2014-2016 = 100),1992,1992,7021,Annual value,,36.36,E
100,'356,India,236,'0141,Soya beans,5539,Producer Price Index (2014-2016 = 100),1993,1993,7021,Annual value,,29.25,E
100,'356,India,236,'0141,Soya beans,5539,Producer Price Index (2014-2016 = 100),1994,1994,7021,Annual value,,34.14,E
100,'356,India,236,'0141,Soya beans,5539,Producer Price Index (2014-2016 = 100),1995,1995,7021,Annual value,,38.37,E
100,'356,India,236,'0141,Soya beans,5539,Producer Price Index (2014-2016 = 100),1996,1996,7021,Annual value,,38.4,E
100,'356,India,236,'0141,Soya beans,5539,Producer Price Index (2014-2016 = 100),1997,1997,7021,Annual value,,45.59,E
100,'356,India,236,'0141,Soya beans,5539,Producer Price Index (2014-2016 = 100),1998,1998,7021,Annual value,,33.92,E
100,'356,India,236,'0141,Soya beans,5539,Producer Price Index (2014-2016 = 100),1999,1999,7021,Annual value,,36.06,E
100,'356,India,236,'0141,Soya beans,5539,Producer Price Index (2014-2016 = 100),2000,2000,7021,Annual value,,36.91,E
100,'356,India,236,'0141,Soya beans,5539,Producer Price Index (2014-2016 = 100),2001,2001,7021,Annual value,,37.76,E
100,'356,India,236,'0141,Soya beans,5539,Producer Price Index (2014-2016 = 100),2002,2002,7021,Annual value,,37.76,E
100,'356,India,236,'0141,Soya beans,5539,Producer Price Index (2014-2016 = 100),2003,2003,7021,Annual value,,39.68,E
100,'356,India,236,'0141,Soya beans,5539,Producer Price Index (2014-2016 = 100),2004,2004,7021,Annual value,,42.67,E
100,'356,India,236,'0141,Soya beans,5539,Producer Price Index (2014-2016 = 100),2005,2005,7021,Annual value,,43.1,E
100,'356,India,236,'0141,Soya beans,5539,Producer Price Index (2014-2016 = 100),2006,2006,7021,Annual value,,43.52,E
100,'356,India,236,'0141,Soya beans,5539,Producer Price Index (2014-2016 = 100),2007,2007,7021,Annual value,,45.84,E
100,'356,India,236,'0141,Soya beans,5539,Producer Price Index (2014-2016 = 100),2008,2008,7021,Annual value,,59.31,E
100,'356,India,236,'0141,Soya beans,5539,Producer Price Index (2014-2016 = 100),2009,2009,7021,Annual value,,65.52,E
100,'356,India,236,'0141,Soya beans,5539,Producer Price Index (2014-2016 = 100),2010,2010,7021,Annual value,,77.14,E
100,'356,India,236,'0141,Soya beans,5539,Producer Price Index (2014-2016 = 100),2011,2011,7021,Annual value,,84.12,E
100,'356,India,236,'0141,Soya beans,5539,Producer Price Index (2014-2016 = 100),2012,2012,7021,Annual value,,91.28,E
100,'356,India,236,'0141,Soya beans,5539,Producer Price Index (2014-2016 = 100),2013,2013,7021,Annual value,,87.32,E
100,'356,India,236,'0141,Soya beans,5539,Producer Price Index (2014-2016 = 100),2014,2014,7021,Annual value,,94.65,E
100,'356,India,236,'0141,Soya beans,5539,Producer Price Index (2014-2016 = 100),2015,2015,7021,Annual value,,100.36,E
100,'356,India,236,'0141,Soya beans,5539,Producer Price Index (2014-2016 = 100),2016,2016,7021,Annual value,,104.99,E
100,'356,India,236,'0141,Soya beans,5539,Producer Price Index (2014-2016 = 100),2017,2017,7021,Annual value,,110.08,E
100,'356,India,236,'0141,Soya beans,5539,Producer Price Index (2014-2016 = 100),2018,2018,7021,Annual value,,109.77,E
100,'356,India,236,'0141,Soya beans,5539,Producer Price Index (2014-2016 = 100),2019,2019,7021,Annual value,,117.23,E
100,'356,India,236,'0141,Soya beans,5539,Producer Price Index (2014-2016 = 100),2020,2020,7021,Annual value,,141.77,E
100,'356,India,236,'0141,Soya beans,5539,Producer Price Index (2014-2016 = 100),2021,2021,7021,Annual value,,143.23,E
100,'356,India,236,'0141,Soya beans,5539,Producer Price Index (2014-2016 = 100),2022,2022,7021,Annual value,,141.3,E
100,'356,India,236,'0141,Soya beans,5539,Producer Price Index (2014-2016 = 100),2023,2023,7021,Annual value,,139.55,E
100,'356,India,236,'0141,Soya beans,5539,Producer Price Index (2014-2016 = 100),2024,2024,7021,Annual value,,151.78,E
100,'356,India,236,'0141,Soya beans,5539,Producer Price Index (2014-2016 = 100),2025,2025,7021,Annual value,,149.07,E
100,'356,India,156,'01802,Sugar cane,5530,Producer Price (LCU/tonne),1991,1991,7021,Annual value,LCU,373.0,A
100,'356,India,156,'01802,Sugar cane,5530,Producer Price (LCU/tonne),1992,1992,7021,Annual value,LCU,535.0,A
100,'356,India,156,'01802,Sugar cane,5530,Producer Price (LCU/tonne),1993,1993,7021,Annual value,LCU,648.0,A
100,'356,India,156,'01802,Sugar cane,5530,Producer Price (LCU/tonne),1994,1994,7021,Annual value,LCU,678.0,A
100,'356,India,156,'01802,Sugar cane,5530,Producer Price (LCU/tonne),1995,1995,7021,Annual value,LCU,748.0,A
100,'356,India,156,'01802,Sugar cane,5530,Producer Price (LCU/tonne),1998,1998,7021,Annual value,LCU,527.0,A
100,'356,India,156,'01802,Sugar cane,5530,Producer Price (LCU/tonne),1999,1999,7021,Annual value,LCU,561.0,A
100,'356,India,156,'01802,Sugar cane,5530,Producer Price (LCU/tonne),2000,2000,7021,Annual value,LCU,595.0,A
100,'356,India,156,'01802,Sugar cane,5530,Producer Price (LCU/tonne),2001,2001,7021,Annual value,LCU,620.0,A
100,'356,India,156,'01802,Sugar cane,5530,Producer Price (LCU/tonne),2002,2002,7021,Annual value,LCU,695.0,A
100,'356,India,156,'01802,Sugar cane,5530,Producer Price (LCU/tonne),2003,2003,7021,Annual value,LCU,730.0,A
100,'356,India,156,'01802,Sugar cane,5530,Producer Price (LCU/tonne),2004,2004,7021,Annual value,LCU,745.0,A
100,'356,India,156,'01802,Sugar cane,5530,Producer Price (LCU/tonne),2005,2005,7021,Annual value,LCU,759.0,A
100,'356,India,156,'01802,Sugar cane,5530,Producer Price (LCU/tonne),2006,2006,7021,Annual value,LCU,803.0,A
100,'356,India,156,'01802,Sugar cane,5530,Producer Price (LCU/tonne),2007,2007,7021,Annual value,LCU,810.0,A
100,'356,India,156,'01802,Sugar cane,5530,Producer Price (LCU/tonne),2008,2008,7021,Annual value,LCU,810.0,A
100,'356,India,156,'01802,Sugar cane,5531,Producer Price (SLC/tonne),1991,1991,7021,Annual value,SLC,373.0,A
100,'356,India,156,'01802,Sugar cane,5531,Producer Price (SLC/tonne),1992,1992,7021,Annual value,SLC,535.0,A
100,'356,India,156,'01802,Sugar cane,5531,Producer Price (SLC/tonne),1993,1993,7021,Annual value,SLC,648.0,A
100,'356,India,156,'01802,Sugar cane,5531,Producer Price (SLC/tonne),1994,1994,7021,Annual value,SLC,678.0,A
100,'356,India,156,'01802,Sugar cane,5531,Producer Price (SLC/tonne),1995,1995,7021,Annual value,SLC,748.0,A
100,'356,India,156,'01802,Sugar cane,5531,Producer Price (SLC/tonne),1998,1998,7021,Annual value,SLC,527.0,A
100,'356,India,156,'01802,Sugar cane,5531,Producer Price (SLC/tonne),1999,1999,7021,Annual value,SLC,561.0,A
100,'356,India,156,'01802,Sugar cane,5531,Producer Price (SLC/tonne),2000,2000,7021,Annual value,SLC,595.0,A
100,'356,India,156,'01802,Sugar cane,5531,Producer Price (SLC/tonne),2001,2001,7021,Annual value,SLC,620.0,A
100,'356,India,156,'01802,Sugar cane,5531,Producer Price (SLC/tonne),2002,2002,7021,Annual value,SLC,695.0,A
100,'356,India,156,'01802,Sugar cane,5531,Producer Price (SLC/tonne),2003,2003,7021,Annual value,SLC,730.0,A
100,'356,India,156,'01802,Sugar cane,5531,Producer Price (SLC/tonne),2004,2004,7021,Annual value,SLC,745.0,A
100,'356,India,156,'01802,Sugar cane,5531,Producer Price (SLC/tonne),2005,2005,7021,Annual value,SLC,759.0,A
100,'356,India,156,'01802,Sugar cane,5531,Producer Price (SLC/tonne),2006,2006,7021,Annual value,SLC,803.0,A
100,'356,India,156,'01802,Sugar cane,5531,Producer Price (SLC/tonne),2007,2007,7021,Annual value,SLC,810.0,A
100,'356,India,156,'01802,Sugar cane,5531,Producer Price (SLC/tonne),2008,2008,7021,Annual value,SLC,810.0,A
100,'356,India,156,'01802,Sugar cane,5532,Producer Price (USD/tonne),1991,1991,7021,Annual value,USD,16.4,A
100,'356,India,156,'01802,Sugar cane,5532,Producer Price (USD/tonne),1992,1992,7021,Annual value,USD,20.6,A
100,'356,India,156,'01802,Sugar cane,5532,Producer Price (USD/tonne),1993,1993,7021,Annual value,USD,21.3,A
100,'356,India,156,'01802,Sugar cane,5532,Producer Price (USD/tonne),1994,1994,7021,Annual value,USD,21.6,A
100,'356,India,156,'01802,Sugar cane,5532,Producer Price (USD/tonne),1995,1995,7021,Annual value,USD,23.1,A
100,'356,India,156,'01802,Sugar cane,5532,Producer Price (USD/tonne),1998,1998,7021,Annual value,USD,12.8,A
100,'356,India,156,'01802,Sugar cane,5532,Producer Price (USD/tonne),1999,1999,7021,Annual value,USD,13.0,A
100,'356,India,156,'01802,Sugar cane,5532,Producer Price (USD/tonne),2000,2000,7021,Annual value,USD,13.2,A
100,'356,India,156,'01802,Sugar cane,5532,Producer Price (USD/tonne),2001,2001,7021,Annual value,USD,13.1,A
100,'356,India,156,'01802,Sugar cane,5532,Producer Price (USD/tonne),2002,2002,7021,Annual value,USD,14.3,A
100,'356,India,156,'01802,Sugar cane,5532,Producer Price (USD/tonne),2003,2003,7021,Annual value,USD,15.7,A
100,'356,India,156,'01802,Sugar cane,5532,Producer Price (USD/tonne),2004,2004,7021,Annual value,USD,16.4,A
100,'356,India,156,'01802,Sugar cane,5532,Producer Price (USD/tonne),2005,2005,7021,Annual value,USD,17.2,A
100,'356,India,156,'01802,Sugar cane,5532,Producer Price (USD/tonne),2006,2006,7021,Annual value,USD,17.7,A
100,'356,India,156,'01802,Sugar cane,5532,Producer Price (USD/tonne),2007,2007,7021,Annual value,USD,19.6,A
100,'356,India,156,'01802,Sugar cane,5532,Producer Price (USD/tonne),2008,2008,7021,Annual value,USD,18.6,A
100,'356,India,156,'01802,Sugar cane,5539,Producer Price Index (2014-2016 = 100),1991,1991,7021,Annual value,,27.31,E
100,'356,India,156,'01802,Sugar cane,5539,Producer Price Index (2014-2016 = 100),1992,1992,7021,Annual value,,39.18,E
100,'356,India,156,'01802,Sugar cane,5539,Producer Price Index (2014-2016 = 100),1993,1993,7021,Annual value,,47.45,E
100,'356,India,156,'01802,Sugar cane,5539,Producer Price Index (2014-2016 = 100),1994,1994,7021,Annual value,,49.65,E
100,'356,India,156,'01802,Sugar cane,5539,Producer Price Index (2014-2016 = 100),1995,1995,7021,Annual value,,54.77,E
100,'356,India,156,'01802,Sugar cane,5539,Producer Price Index (2014-2016 = 100),1996,1996,7021,Annual value,,46.06,E
100,'356,India,156,'01802,Sugar cane,5539,Producer Price Index (2014-2016 = 100),1997,1997,7021,Annual value,,49.21,E
100,'356,India,156,'01802,Sugar cane,5539,Producer Price Index (2014-2016 = 100),1998,1998,7021,Annual value,,38.59,E
100,'356,India,156,'01802,Sugar cane,5539,Producer Price Index (2014-2016 = 100),1999,1999,7021,Annual value,,41.08,E
100,'356,India,156,'01802,Sugar cane,5539,Producer Price Index (2014-2016 = 100),2000,2000,7021,Annual value,,43.57,E
100,'356,India,156,'01802,Sugar cane,5539,Producer Price Index (2014-2016 = 100),2001,2001,7021,Annual value,,45.4,E
100,'356,India,156,'01802,Sugar cane,5539,Producer Price Index (2014-2016 = 100),2002,2002,7021,Annual value,,50.89,E
100,'356,India,156,'01802,Sugar cane,5539,Producer Price Index (2014-2016 = 100),2003,2003,7021,Annual value,,53.45,E
100,'356,India,156,'01802,Sugar cane,5539,Producer Price Index (2014-2016 = 100),2004,2004,7021,Annual value,,54.55,E
100,'356,India,156,'01802,Sugar cane,5539,Producer Price Index (2014-2016 = 100),2005,2005,7021,Annual value,,55.58,E
100,'356,India,156,'01802,Sugar cane,5539,Producer Price Index (2014-2016 = 100),2006,2006,7021,Annual value,,58.8,E
100,'356,India,156,'01802,Sugar cane,5539,Producer Price Index (2014-2016 = 100),2007,2007,7021,Annual value,,59.31,E
100,'356,India,156,'01802,Sugar cane,5539,Producer Price Index (2014-2016 = 100),2008,2008,7021,Annual value,,59.31,E
100,'356,India,156,'01802,Sugar cane,5539,Producer Price Index (2014-2016 = 100),2009,2009,7021,Annual value,,65.52,E
100,'356,India,156,'01802,Sugar cane,5539,Producer Price Index (2014-2016 = 100),2010,2010,7021,Annual value,,77.14,E
100,'356,India,156,'01802,Sugar cane,5539,Producer Price Index (2014-2016 = 100),2011,2011,7021,Annual value,,84.12,E
100,'356,India,156,'01802,Sugar cane,5539,Producer Price Index (2014-2016 = 100),2012,2012,7021,Annual value,,91.28,E
100,'356,India,156,'01802,Sugar cane,5539,Producer Price Index (2014-2016 = 100),2013,2013,7021,Annual value,,87.32,E
100,'356,India,156,'01802,Sugar cane,5539,Producer Price Index (2014-2016 = 100),2014,2014,7021,Annual value,,94.65,E
100,'356,India,156,'01802,Sugar cane,5539,Producer Price Index (2014-2016 = 100),2015,2015,7021,Annual value,,100.36,E
100,'356,India,156,'01802,Sugar cane,5539,Producer Price Index (2014-2016 = 100),2016,2016,7021,Annual value,,104.99,E
100,'356,India,156,'01802,Sugar cane,5539,Producer Price Index (2014-2016 = 100),2017,2017,7021,Annual value,,110.08,E
100,'356,India,156,'01802,Sugar cane,5539,Producer Price Index (2014-2016 = 100),2018,2018,7021,Annual value,,109.77,E
100,'356,India,156,'01802,Sugar cane,5539,Producer Price Index (2014-2016 = 100),2019,2019,7021,Annual value,,115.47,E
100,'356,India,156,'01802,Sugar cane,5539,Producer Price Index (2014-2016 = 100),2020,2020,7021,Annual value,,114.82,E
100,'356,India,156,'01802,Sugar cane,5539,Producer Price Index (2014-2016 = 100),2021,2021,7021,Annual value,,120.3,E
100,'356,India,156,'01802,Sugar cane,5539,Producer Price Index (2014-2016 = 100),2022,2022,7021,Annual value,,122.69,E
100,'356,India,156,'01802,Sugar cane,5539,Producer Price Index (2014-2016 = 100),2023,2023,7021,Annual value,,122.85,E
100,'356,India,156,'01802,Sugar cane,5539,Producer Price Index (2014-2016 = 100),2024,2024,7021,Annual value,,134.86,E
100,'356,India,156,'01802,Sugar cane,5539,Producer Price Index (2014-2016 = 100),2025,2025,7021,Annual value,,138.92,E
100,'356,India,267,'01445,Sunflower seed,5530,Producer Price (LCU/tonne),2001,2001,7021,Annual value,LCU,15655.0,A
100,'356,India,267,'01445,Sunflower seed,5530,Producer Price (LCU/tonne),2003,2003,7021,Annual value,LCU,12500.0,A
100,'356,India,267,'01445,Sunflower seed,5530,Producer Price (LCU/tonne),2004,2004,7021,Annual value,LCU,13400.0,A
100,'356,India,267,'01445,Sunflower seed,5530,Producer Price (LCU/tonne),2005,2005,7021,Annual value,LCU,15000.0,A
100,'356,India,267,'01445,Sunflower seed,5530,Producer Price (LCU/tonne),2006,2006,7021,Annual value,LCU,15000.0,A
100,'356,India,267,'01445,Sunflower seed,5530,Producer Price (LCU/tonne),2008,2008,7021,Annual value,LCU,22150.0,A
100,'356,India,267,'01445,Sunflower seed,5531,Producer Price (SLC/tonne),2001,2001,7021,Annual value,SLC,15655.0,A
100,'356,India,267,'01445,Sunflower seed,5531,Producer Price (SLC/tonne),2003,2003,7021,Annual value,SLC,12500.0,A
100,'356,India,267,'01445,Sunflower seed,5531,Producer Price (SLC/tonne),2004,2004,7021,Annual value,SLC,13400.0,A
100,'356,India,267,'01445,Sunflower seed,5531,Producer Price (SLC/tonne),2005,2005,7021,Annual value,SLC,15000.0,A
100,'356,India,267,'01445,Sunflower seed,5531,Producer Price (SLC/tonne),2006,2006,7021,Annual value,SLC,15000.0,A
100,'356,India,267,'01445,Sunflower seed,5531,Producer Price (SLC/tonne),2008,2008,7021,Annual value,SLC,22150.0,A
100,'356,India,267,'01445,Sunflower seed,5532,Producer Price (USD/tonne),2001,2001,7021,Annual value,USD,331.8,A
100,'356,India,267,'01445,Sunflower seed,5532,Producer Price (USD/tonne),2003,2003,7021,Annual value,USD,268.3,A
100,'356,India,267,'01445,Sunflower seed,5532,Producer Price (USD/tonne),2004,2004,7021,Annual value,USD,295.7,A
100,'356,India,267,'01445,Sunflower seed,5532,Producer Price (USD/tonne),2005,2005,7021,Annual value,USD,340.1,A
100,'356,India,267,'01445,Sunflower seed,5532,Producer Price (USD/tonne),2006,2006,7021,Annual value,USD,331.1,A
100,'356,India,267,'01445,Sunflower seed,5532,Producer Price (USD/tonne),2008,2008,7021,Annual value,USD,509.1,A
100,'356,India,267,'01445,Sunflower seed,5539,Producer Price Index (2014-2016 = 100),1991,1991,7021,Annual value,,31.78,E
100,'356,India,267,'01445,Sunflower seed,5539,Producer Price Index (2014-2016 = 100),1992,1992,7021,Annual value,,36.88,E
100,'356,India,267,'01445,Sunflower seed,5539,Producer Price Index (2014-2016 = 100),1993,1993,7021,Annual value,,3.35,E
100,'356,India,267,'01445,Sunflower seed,5539,Producer Price Index (2014-2016 = 100),1994,1994,7021,Annual value,,33.62,E
100,'356,India,267,'01445,Sunflower seed,5539,Producer Price Index (2014-2016 = 100),1995,1995,7021,Annual value,,39.52,E
100,'356,India,267,'01445,Sunflower seed,5539,Producer Price Index (2014-2016 = 100),1996,1996,7021,Annual value,,41.33,E
100,'356,India,267,'01445,Sunflower seed,5539,Producer Price Index (2014-2016 = 100),1997,1997,7021,Annual value,,41.0,E
100,'356,India,267,'01445,Sunflower seed,5539,Producer Price Index (2014-2016 = 100),1998,1998,7021,Annual value,,41.74,E
100,'356,India,267,'01445,Sunflower seed,5539,Producer Price Index (2014-2016 = 100),1999,1999,7021,Annual value,,43.39,E
100,'356,India,267,'01445,Sunflower seed,5539,Producer Price Index (2014-2016 = 100),2000,2000,7021,Annual value,,42.19,E
100,'356,India,267,'01445,Sunflower seed,5539,Producer Price Index (2014-2016 = 100),2001,2001,7021,Annual value,,41.92,E
100,'356,India,267,'01445,Sunflower seed,5539,Producer Price Index (2014-2016 = 100),2002,2002,7021,Annual value,,37.7,E
100,'356,India,267,'01445,Sunflower seed,5539,Producer Price Index (2014-2016 = 100),2003,2003,7021,Annual value,,33.47,E
100,'356,India,267,'01445,Sunflower seed,5539,Producer Price Index (2014-2016 = 100),2004,2004,7021,Annual value,,35.88,E
100,'356,India,267,'01445,Sunflower seed,5539,Producer Price Index (2014-2016 = 100),2005,2005,7021,Annual value,,40.17,E
100,'356,India,267,'01445,Sunflower seed,5539,Producer Price Index (2014-2016 = 100),2006,2006,7021,Annual value,,40.17,E
100,'356,India,267,'01445,Sunflower seed,5539,Producer Price Index (2014-2016 = 100),2007,2007,7021,Annual value,,49.74,E
100,'356,India,267,'01445,Sunflower seed,5539,Producer Price Index (2014-2016 = 100),2008,2008,7021,Annual value,,59.31,E
100,'356,India,267,'01445,Sunflower seed,5539,Producer Price Index (2014-2016 = 100),2009,2009,7021,Annual value,,65.52,E
100,'356,India,267,'01445,Sunflower seed,5539,Producer Price Index (2014-2016 = 100),2010,2010,7021,Annual value,,77.14,E
100,'356,India,267,'01445,Sunflower seed,5539,Producer Price Index (2014-2016 = 100),2011,2011,7021,Annual value,,84.12,E
100,'356,India,267,'01445,Sunflower seed,5539,Producer Price Index (2014-2016 = 100),2012,2012,7021,Annual value,,91.28,E
100,'356,India,267,'01445,Sunflower seed,5539,Producer Price Index (2014-2016 = 100),2013,2013,7021,Annual value,,87.32,E
100,'356,India,267,'01445,Sunflower seed,5539,Producer Price Index (2014-2016 = 100),2014,2014,7021,Annual value,,94.65,E
100,'356,India,267,'01445,Sunflower seed,5539,Producer Price Index (2014-2016 = 100),2015,2015,7021,Annual value,,100.36,E
100,'356,India,267,'01445,Sunflower seed,5539,Producer Price Index (2014-2016 = 100),2016,2016,7021,Annual value,,104.99,E
100,'356,India,267,'01445,Sunflower seed,5539,Producer Price Index (2014-2016 = 100),2017,2017,7021,Annual value,,110.08,E
100,'356,India,267,'01445,Sunflower seed,5539,Producer Price Index (2014-2016 = 100),2018,2018,7021,Annual value,,109.77,E
100,'356,India,267,'01445,Sunflower seed,5539,Producer Price Index (2014-2016 = 100),2019,2019,7021,Annual value,,108.58,E
100,'356,India,267,'01445,Sunflower seed,5539,Producer Price Index (2014-2016 = 100),2020,2020,7021,Annual value,,119.07,E
100,'356,India,267,'01445,Sunflower seed,5539,Producer Price Index (2014-2016 = 100),2021,2021,7021,Annual value,,129.23,E
100,'356,India,267,'01445,Sunflower seed,5539,Producer Price Index (2014-2016 = 100),2022,2022,7021,Annual value,,134.01,E
100,'356,India,267,'01445,Sunflower seed,5539,Producer Price Index (2014-2016 = 100),2023,2023,7021,Annual value,,136.46,E
100,'356,India,267,'01445,Sunflower seed,5539,Producer Price Index (2014-2016 = 100),2024,2024,7021,Annual value,,147.47,E
100,'356,India,267,'01445,Sunflower seed,5539,Producer Price Index (2014-2016 = 100),2025,2025,7021,Annual value,,155.88,E
100,'356,India,122,'01530,Sweet potatoes,5530,Producer Price (LCU/tonne),1991,1991,7021,Annual value,LCU,2575.0,X
100,'356,India,122,'01530,Sweet potatoes,5530,Producer Price (LCU/tonne),2001,2001,7021,Annual value,LCU,4892.0,A
100,'356,India,122,'01530,Sweet potatoes,5531,Producer Price (SLC/tonne),1991,1991,7021,Annual value,SLC,2575.0,X
100,'356,India,122,'01530,Sweet potatoes,5531,Producer Price (SLC/tonne),2001,2001,7021,Annual value,SLC,4892.0,A
100,'356,India,122,'01530,Sweet potatoes,5532,Producer Price (USD/tonne),1991,1991,7021,Annual value,USD,113.2,X
100,'356,India,122,'01530,Sweet potatoes,5532,Producer Price (USD/tonne),2001,2001,7021,Annual value,USD,103.7,A
100,'356,India,122,'01530,Sweet potatoes,5539,Producer Price Index (2014-2016 = 100),1991,1991,7021,Annual value,,19.87,E
100,'356,India,122,'01530,Sweet potatoes,5539,Producer Price Index (2014-2016 = 100),1992,1992,7021,Annual value,,22.74,E
100,'356,India,122,'01530,Sweet potatoes,5539,Producer Price Index (2014-2016 = 100),1993,1993,7021,Annual value,,19.79,E
100,'356,India,122,'01530,Sweet potatoes,5539,Producer Price Index (2014-2016 = 100),1994,1994,7021,Annual value,,23.06,E
100,'356,India,122,'01530,Sweet potatoes,5539,Producer Price Index (2014-2016 = 100),1995,1995,7021,Annual value,,25.83,E
100,'356,India,122,'01530,Sweet potatoes,5539,Producer Price Index (2014-2016 = 100),1996,1996,7021,Annual value,,33.88,E
100,'356,India,122,'01530,Sweet potatoes,5539,Producer Price Index (2014-2016 = 100),1997,1997,7021,Annual value,,27.47,E
100,'356,India,122,'01530,Sweet potatoes,5539,Producer Price Index (2014-2016 = 100),1998,1998,7021,Annual value,,40.99,E
100,'356,India,122,'01530,Sweet potatoes,5539,Producer Price Index (2014-2016 = 100),1999,1999,7021,Annual value,,39.13,E
100,'356,India,122,'01530,Sweet potatoes,5539,Producer Price Index (2014-2016 = 100),2000,2000,7021,Annual value,,31.55,E
100,'356,India,122,'01530,Sweet potatoes,5539,Producer Price Index (2014-2016 = 100),2001,2001,7021,Annual value,,37.74,E
100,'356,India,122,'01530,Sweet potatoes,5539,Producer Price Index (2014-2016 = 100),2002,2002,7021,Annual value,,37.75,E
100,'356,India,122,'01530,Sweet potatoes,5539,Producer Price Index (2014-2016 = 100),2003,2003,7021,Annual value,,36.92,E
100,'356,India,122,'01530,Sweet potatoes,5539,Producer Price Index (2014-2016 = 100),2004,2004,7021,Annual value,,39.19,E
100,'356,India,122,'01530,Sweet potatoes,5539,Producer Price Index (2014-2016 = 100),2005,2005,7021,Annual value,,38.82,E
100,'356,India,122,'01530,Sweet potatoes,5539,Producer Price Index (2014-2016 = 100),2006,2006,7021,Annual value,,48.94,E
100,'356,India,122,'01530,Sweet potatoes,5539,Producer Price Index (2014-2016 = 100),2007,2007,7021,Annual value,,60.15,E
100,'356,India,122,'01530,Sweet potatoes,5539,Producer Price Index (2014-2016 = 100),2008,2008,7021,Annual value,,59.31,E
100,'356,India,122,'01530,Sweet potatoes,5539,Producer Price Index (2014-2016 = 100),2009,2009,7021,Annual value,,65.52,E
100,'356,India,122,'01530,Sweet potatoes,5539,Producer Price Index (2014-2016 = 100),2010,2010,7021,Annual value,,77.14,E
100,'356,India,122,'01530,Sweet potatoes,5539,Producer Price Index (2014-2016 = 100),2011,2011,7021,Annual value,,84.12,E
100,'356,India,122,'01530,Sweet potatoes,5539,Producer Price Index (2014-2016 = 100),2012,2012,7021,Annual value,,91.28,E
100,'356,India,122,'01530,Sweet potatoes,5539,Producer Price Index (2014-2016 = 100),2013,2013,7021,Annual value,,87.32,E
100,'356,India,122,'01530,Sweet potatoes,5539,Producer Price Index (2014-2016 = 100),2014,2014,7021,Annual value,,94.65,E
100,'356,India,122,'01530,Sweet potatoes,5539,Producer Price Index (2014-2016 = 100),2015,2015,7021,Annual value,,100.36,E
100,'356,India,122,'01530,Sweet potatoes,5539,Producer Price Index (2014-2016 = 100),2016,2016,7021,Annual value,,104.99,E
100,'356,India,122,'01530,Sweet potatoes,5539,Producer Price Index (2014-2016 = 100),2017,2017,7021,Annual value,,110.08,E
100,'356,India,122,'01530,Sweet potatoes,5539,Producer Price Index (2014-2016 = 100),2018,2018,7021,Annual value,,109.77,E
100,'356,India,122,'01530,Sweet potatoes,5539,Producer Price Index (2014-2016 = 100),2019,2019,7021,Annual value,,119.74,E
100,'356,India,122,'01530,Sweet potatoes,5539,Producer Price Index (2014-2016 = 100),2020,2020,7021,Annual value,,117.35,E
100,'356,India,122,'01530,Sweet potatoes,5539,Producer Price Index (2014-2016 = 100),2021,2021,7021,Annual value,,139.49,E
100,'356,India,122,'01530,Sweet potatoes,5539,Producer Price Index (2014-2016 = 100),2022,2022,7021,Annual value,,138.95,E
100,'356,India,122,'01530,Sweet potatoes,5539,Producer Price Index (2014-2016 = 100),2023,2023,7021,Annual value,,143.77,E
100,'356,India,122,'01530,Sweet potatoes,5539,Producer Price Index (2014-2016 = 100),2024,2024,7021,Annual value,,155.48,E
100,'356,India,122,'01530,Sweet potatoes,5539,Producer Price Index (2014-2016 = 100),2025,2025,7021,Annual value,,165.07,E
100,'356,India,667,'01620,Tea leaves,5530,Producer Price (LCU/tonne),2001,2001,7021,Annual value,LCU,10824.0,A
100,'356,India,667,'01620,Tea leaves,5531,Producer Price (SLC/tonne),2001,2001,7021,Annual value,SLC,10824.0,A
100,'356,India,667,'01620,Tea leaves,5532,Producer Price (USD/tonne),2001,2001,7021,Annual value,USD,229.4,A
100,'356,India,667,'01620,Tea leaves,5539,Producer Price Index (2014-2016 = 100),1991,1991,7021,Annual value,,15.76,E
100,'356,India,667,'01620,Tea leaves,5539,Producer Price Index (2014-2016 = 100),1992,1992,7021,Annual value,,15.56,E
100,'356,India,667,'01620,Tea leaves,5539,Producer Price Index (2014-2016 = 100),1993,1993,7021,Annual value,,17.28,E
100,'356,India,667,'01620,Tea leaves,5539,Producer Price Index (2014-2016 = 100),1994,1994,7021,Annual value,,18.95,E
100,'356,India,667,'01620,Tea leaves,5539,Producer Price Index (2014-2016 = 100),1995,1995,7021,Annual value,,15.07,E
100,'356,India,667,'01620,Tea leaves,5539,Producer Price Index (2014-2016 = 100),1996,1996,7021,Annual value,,16.58,E
100,'356,India,667,'01620,Tea leaves,5539,Producer Price Index (2014-2016 = 100),1997,1997,7021,Annual value,,18.25,E
100,'356,India,667,'01620,Tea leaves,5539,Producer Price Index (2014-2016 = 100),1998,1998,7021,Annual value,,24.45,E
100,'356,India,667,'01620,Tea leaves,5539,Producer Price Index (2014-2016 = 100),1999,1999,7021,Annual value,,25.34,E
100,'356,India,667,'01620,Tea leaves,5539,Producer Price Index (2014-2016 = 100),2000,2000,7021,Annual value,,26.83,E
100,'356,India,667,'01620,Tea leaves,5539,Producer Price Index (2014-2016 = 100),2001,2001,7021,Annual value,,35.13,E
100,'356,India,667,'01620,Tea leaves,5539,Producer Price Index (2014-2016 = 100),2002,2002,7021,Annual value,,36.72,E
100,'356,India,667,'01620,Tea leaves,5539,Producer Price Index (2014-2016 = 100),2003,2003,7021,Annual value,,39.83,E
100,'356,India,667,'01620,Tea leaves,5539,Producer Price Index (2014-2016 = 100),2004,2004,7021,Annual value,,42.21,E
100,'356,India,667,'01620,Tea leaves,5539,Producer Price Index (2014-2016 = 100),2005,2005,7021,Annual value,,45.95,E
100,'356,India,667,'01620,Tea leaves,5539,Producer Price Index (2014-2016 = 100),2006,2006,7021,Annual value,,48.94,E
100,'356,India,667,'01620,Tea leaves,5539,Producer Price Index (2014-2016 = 100),2007,2007,7021,Annual value,,60.15,E
100,'356,India,667,'01620,Tea leaves,5539,Producer Price Index (2014-2016 = 100),2008,2008,7021,Annual value,,59.31,E
100,'356,India,667,'01620,Tea leaves,5539,Producer Price Index (2014-2016 = 100),2009,2009,7021,Annual value,,65.52,E
100,'356,India,667,'01620,Tea leaves,5539,Producer Price Index (2014-2016 = 100),2010,2010,7021,Annual value,,77.14,E
100,'356,India,667,'01620,Tea leaves,5539,Producer Price Index (2014-2016 = 100),2011,2011,7021,Annual value,,84.12,E
100,'356,India,667,'01620,Tea leaves,5539,Producer Price Index (2014-2016 = 100),2012,2012,7021,Annual value,,91.28,E
100,'356,India,667,'01620,Tea leaves,5539,Producer Price Index (2014-2016 = 100),2013,2013,7021,Annual value,,87.32,E
100,'356,India,667,'01620,Tea leaves,5539,Producer Price Index (2014-2016 = 100),2014,2014,7021,Annual value,,94.65,E
100,'356,India,667,'01620,Tea leaves,5539,Producer Price Index (2014-2016 = 100),2015,2015,7021,Annual value,,100.36,E
100,'356,India,667,'01620,Tea leaves,5539,Producer Price Index (2014-2016 = 100),2016,2016,7021,Annual value,,104.99,E
100,'356,India,667,'01620,Tea leaves,5539,Producer Price Index (2014-2016 = 100),2017,2017,7021,Annual value,,110.08,E
100,'356,India,667,'01620,Tea leaves,5539,Producer Price Index (2014-2016 = 100),2018,2018,7021,Annual value,,109.77,E
100,'356,India,667,'01620,Tea leaves,5539,Producer Price Index (2014-2016 = 100),2019,2019,7021,Annual value,,119.21,E
100,'356,India,667,'01620,Tea leaves,5539,Producer Price Index (2014-2016 = 100),2020,2020,7021,Annual value,,119.39,E
100,'356,India,667,'01620,Tea leaves,5539,Producer Price Index (2014-2016 = 100),2021,2021,7021,Annual value,,127.35,E
100,'356,India,667,'01620,Tea leaves,5539,Producer Price Index (2014-2016 = 100),2022,2022,7021,Annual value,,130.13,E
100,'356,India,667,'01620,Tea leaves,5539,Producer Price Index (2014-2016 = 100),2023,2023,7021,Annual value,,128.23,E
100,'356,India,667,'01620,Tea leaves,5539,Producer Price Index (2014-2016 = 100),2024,2024,7021,Annual value,,141.3,E
100,'356,India,667,'01620,Tea leaves,5539,Producer Price Index (2014-2016 = 100),2025,2025,7021,Annual value,,149.25,E
100,'356,India,388,'01234,Tomatoes,5530,Producer Price (LCU/tonne),2001,2001,7021,Annual value,LCU,6854.0,A
100,'356,India,388,'01234,Tomatoes,5531,Producer Price (SLC/tonne),2001,2001,7021,Annual value,SLC,6854.0,A
100,'356,India,388,'01234,Tomatoes,5532,Producer Price (USD/tonne),2001,2001,7021,Annual value,USD,145.3,A
100,'356,India,388,'01234,Tomatoes,5539,Producer Price Index (2014-2016 = 100),1991,1991,7021,Annual value,,16.18,E
100,'356,India,388,'01234,Tomatoes,5539,Producer Price Index (2014-2016 = 100),1992,1992,7021,Annual value,,17.61,E
100,'356,India,388,'01234,Tomatoes,5539,Producer Price Index (2014-2016 = 100),1993,1993,7021,Annual value,,18.69,E
100,'356,India,388,'01234,Tomatoes,5539,Producer Price Index (2014-2016 = 100),1994,1994,7021,Annual value,,20.1,E
100,'356,India,388,'01234,Tomatoes,5539,Producer Price Index (2014-2016 = 100),1995,1995,7021,Annual value,,22.09,E
100,'356,India,388,'01234,Tomatoes,5539,Producer Price Index (2014-2016 = 100),1996,1996,7021,Annual value,,24.76,E
100,'356,India,388,'01234,Tomatoes,5539,Producer Price Index (2014-2016 = 100),1997,1997,7021,Annual value,,26.05,E
100,'356,India,388,'01234,Tomatoes,5539,Producer Price Index (2014-2016 = 100),1998,1998,7021,Annual value,,33.98,E
100,'356,India,388,'01234,Tomatoes,5539,Producer Price Index (2014-2016 = 100),1999,1999,7021,Annual value,,33.96,E
100,'356,India,388,'01234,Tomatoes,5539,Producer Price Index (2014-2016 = 100),2000,2000,7021,Annual value,,36.02,E
100,'356,India,388,'01234,Tomatoes,5539,Producer Price Index (2014-2016 = 100),2001,2001,7021,Annual value,,35.78,E
100,'356,India,388,'01234,Tomatoes,5539,Producer Price Index (2014-2016 = 100),2002,2002,7021,Annual value,,36.72,E
100,'356,India,388,'01234,Tomatoes,5539,Producer Price Index (2014-2016 = 100),2003,2003,7021,Annual value,,39.83,E
100,'356,India,388,'01234,Tomatoes,5539,Producer Price Index (2014-2016 = 100),2004,2004,7021,Annual value,,42.21,E
100,'356,India,388,'01234,Tomatoes,5539,Producer Price Index (2014-2016 = 100),2005,2005,7021,Annual value,,45.95,E
100,'356,India,388,'01234,Tomatoes,5539,Producer Price Index (2014-2016 = 100),2006,2006,7021,Annual value,,48.94,E
100,'356,India,388,'01234,Tomatoes,5539,Producer Price Index (2014-2016 = 100),2007,2007,7021,Annual value,,60.15,E
100,'356,India,388,'01234,Tomatoes,5539,Producer Price Index (2014-2016 = 100),2008,2008,7021,Annual value,,59.31,E
100,'356,India,388,'01234,Tomatoes,5539,Producer Price Index (2014-2016 = 100),2009,2009,7021,Annual value,,65.52,E
100,'356,India,388,'01234,Tomatoes,5539,Producer Price Index (2014-2016 = 100),2010,2010,7021,Annual value,,77.14,E
100,'356,India,388,'01234,Tomatoes,5539,Producer Price Index (2014-2016 = 100),2011,2011,7021,Annual value,,84.12,E
100,'356,India,388,'01234,Tomatoes,5539,Producer Price Index (2014-2016 = 100),2012,2012,7021,Annual value,,91.28,E
100,'356,India,388,'01234,Tomatoes,5539,Producer Price Index (2014-2016 = 100),2013,2013,7021,Annual value,,87.32,E
100,'356,India,388,'01234,Tomatoes,5539,Producer Price Index (2014-2016 = 100),2014,2014,7021,Annual value,,94.65,E
100,'356,India,388,'01234,Tomatoes,5539,Producer Price Index (2014-2016 = 100),2015,2015,7021,Annual value,,100.36,E
100,'356,India,388,'01234,Tomatoes,5539,Producer Price Index (2014-2016 = 100),2016,2016,7021,Annual value,,104.99,E
100,'356,India,388,'01234,Tomatoes,5539,Producer Price Index (2014-2016 = 100),2017,2017,7021,Annual value,,110.08,E
100,'356,India,388,'01234,Tomatoes,5539,Producer Price Index (2014-2016 = 100),2018,2018,7021,Annual value,,109.77,E
100,'356,India,388,'01234,Tomatoes,5539,Producer Price Index (2014-2016 = 100),2019,2019,7021,Annual value,,118.92,E
100,'356,India,388,'01234,Tomatoes,5539,Producer Price Index (2014-2016 = 100),2020,2020,7021,Annual value,,119.73,E
100,'356,India,388,'01234,Tomatoes,5539,Producer Price Index (2014-2016 = 100),2021,2021,7021,Annual value,,127.96,E
100,'356,India,388,'01234,Tomatoes,5539,Producer Price Index (2014-2016 = 100),2022,2022,7021,Annual value,,131.2,E
100,'356,India,388,'01234,Tomatoes,5539,Producer Price Index (2014-2016 = 100),2023,2023,7021,Annual value,,129.83,E
100,'356,India,388,'01234,Tomatoes,5539,Producer Price Index (2014-2016 = 100),2024,2024,7021,Annual value,,142.12,E
100,'356,India,388,'01234,Tomatoes,5539,Producer Price Index (2014-2016 = 100),2025,2025,7021,Annual value,,150.35,E
100,'356,India,826,'01970,Unmanufactured tobacco,5530,Producer Price (LCU/tonne),1991,1991,7021,Annual value,LCU,16011.0,A
100,'356,India,826,'01970,Unmanufactured tobacco,5530,Producer Price (LCU/tonne),1992,1992,7021,Annual value,LCU,14982.0,A
100,'356,India,826,'01970,Unmanufactured tobacco,5530,Producer Price (LCU/tonne),1993,1993,7021,Annual value,LCU,18418.0,A
100,'356,India,826,'01970,Unmanufactured tobacco,5530,Producer Price (LCU/tonne),1994,1994,7021,Annual value,LCU,16442.0,A
100,'356,India,826,'01970,Unmanufactured tobacco,5530,Producer Price (LCU/tonne),1995,1995,7021,Annual value,LCU,21388.0,A
100,'356,India,826,'01970,Unmanufactured tobacco,5530,Producer Price (LCU/tonne),1996,1996,7021,Annual value,LCU,24905.0,A
100,'356,India,826,'01970,Unmanufactured tobacco,5530,Producer Price (LCU/tonne),1997,1997,7021,Annual value,LCU,12550.0,A
100,'356,India,826,'01970,Unmanufactured tobacco,5530,Producer Price (LCU/tonne),1998,1998,7021,Annual value,LCU,20655.0,A
100,'356,India,826,'01970,Unmanufactured tobacco,5530,Producer Price (LCU/tonne),1999,1999,7021,Annual value,LCU,24350.0,A
100,'356,India,826,'01970,Unmanufactured tobacco,5530,Producer Price (LCU/tonne),2000,2000,7021,Annual value,LCU,28564.0,A
100,'356,India,826,'01970,Unmanufactured tobacco,5530,Producer Price (LCU/tonne),2001,2001,7021,Annual value,LCU,25212.2,A
100,'356,India,826,'01970,Unmanufactured tobacco,5530,Producer Price (LCU/tonne),2002,2002,7021,Annual value,LCU,30695.0,A
100,'356,India,826,'01970,Unmanufactured tobacco,5530,Producer Price (LCU/tonne),2003,2003,7021,Annual value,LCU,28132.2,A
100,'356,India,826,'01970,Unmanufactured tobacco,5530,Producer Price (LCU/tonne),2004,2004,7021,Annual value,LCU,34702.0,A
100,'356,India,826,'01970,Unmanufactured tobacco,5530,Producer Price (LCU/tonne),2005,2005,7021,Annual value,LCU,34613.0,A
100,'356,India,826,'01970,Unmanufactured tobacco,5530,Producer Price (LCU/tonne),2006,2006,7021,Annual value,LCU,39800.0,A
100,'356,India,826,'01970,Unmanufactured tobacco,5531,Producer Price (SLC/tonne),1991,1991,7021,Annual value,SLC,16011.0,A
100,'356,India,826,'01970,Unmanufactured tobacco,5531,Producer Price (SLC/tonne),1992,1992,7021,Annual value,SLC,14982.0,A
100,'356,India,826,'01970,Unmanufactured tobacco,5531,Producer Price (SLC/tonne),1993,1993,7021,Annual value,SLC,18418.0,A
100,'356,India,826,'01970,Unmanufactured tobacco,5531,Producer Price (SLC/tonne),1994,1994,7021,Annual value,SLC,16442.0,A
100,'356,India,826,'01970,Unmanufactured tobacco,5531,Producer Price (SLC/tonne),1995,1995,7021,Annual value,SLC,21388.0,A
100,'356,India,826,'01970,Unmanufactured tobacco,5531,Producer Price (SLC/tonne),1996,1996,7021,Annual value,SLC,24905.0,A
100,'356,India,826,'01970,Unmanufactured tobacco,5531,Producer Price (SLC/tonne),1997,1997,7021,Annual value,SLC,12550.0,A
100,'356,India,826,'01970,Unmanufactured tobacco,5531,Producer Price (SLC/tonne),1998,1998,7021,Annual value,SLC,20655.0,A
100,'356,India,826,'01970,Unmanufactured tobacco,5531,Producer Price (SLC/tonne),1999,1999,7021,Annual value,SLC,24350.0,A
100,'356,India,826,'01970,Unmanufactured tobacco,5531,Producer Price (SLC/tonne),2000,2000,7021,Annual value,SLC,28564.0,A
100,'356,India,826,'01970,Unmanufactured tobacco,5531,Producer Price (SLC/tonne),2001,2001,7021,Annual value,SLC,25212.2,A
100,'356,India,826,'01970,Unmanufactured tobacco,5531,Producer Price (SLC/tonne),2002,2002,7021,Annual value,SLC,30695.0,A
100,'356,India,826,'01970,Unmanufactured tobacco,5531,Producer Price (SLC/tonne),2003,2003,7021,Annual value,SLC,28132.2,A
100,'356,India,826,'01970,Unmanufactured tobacco,5531,Producer Price (SLC/tonne),2004,2004,7021,Annual value,SLC,34702.0,A
100,'356,India,826,'01970,Unmanufactured tobacco,5531,Producer Price (SLC/tonne),2005,2005,7021,Annual value,SLC,34613.0,A
100,'356,India,826,'01970,Unmanufactured tobacco,5531,Producer Price (SLC/tonne),2006,2006,7021,Annual value,SLC,39800.0,A
100,'356,India,826,'01970,Unmanufactured tobacco,5532,Producer Price (USD/tonne),1991,1991,7021,Annual value,USD,704.0,A
100,'356,India,826,'01970,Unmanufactured tobacco,5532,Producer Price (USD/tonne),1992,1992,7021,Annual value,USD,578.1,A
100,'356,India,826,'01970,Unmanufactured tobacco,5532,Producer Price (USD/tonne),1993,1993,7021,Annual value,USD,604.0,A
100,'356,India,826,'01970,Unmanufactured tobacco,5532,Producer Price (USD/tonne),1994,1994,7021,Annual value,USD,524.1,A
100,'356,India,826,'01970,Unmanufactured tobacco,5532,Producer Price (USD/tonne),1995,1995,7021,Annual value,USD,659.6,A
100,'356,India,826,'01970,Unmanufactured tobacco,5532,Producer Price (USD/tonne),1996,1996,7021,Annual value,USD,702.9,A
100,'356,India,826,'01970,Unmanufactured tobacco,5532,Producer Price (USD/tonne),1997,1997,7021,Annual value,USD,345.6,A
100,'356,India,826,'01970,Unmanufactured tobacco,5532,Producer Price (USD/tonne),1998,1998,7021,Annual value,USD,500.6,A
100,'356,India,826,'01970,Unmanufactured tobacco,5532,Producer Price (USD/tonne),1999,1999,7021,Annual value,USD,565.6,A
100,'356,India,826,'01970,Unmanufactured tobacco,5532,Producer Price (USD/tonne),2000,2000,7021,Annual value,USD,635.6,A
100,'356,India,826,'01970,Unmanufactured tobacco,5532,Producer Price (USD/tonne),2001,2001,7021,Annual value,USD,534.3,A
100,'356,India,826,'01970,Unmanufactured tobacco,5532,Producer Price (USD/tonne),2002,2002,7021,Annual value,USD,631.5,A
100,'356,India,826,'01970,Unmanufactured tobacco,5532,Producer Price (USD/tonne),2003,2003,7021,Annual value,USD,603.9,A
100,'356,India,826,'01970,Unmanufactured tobacco,5532,Producer Price (USD/tonne),2004,2004,7021,Annual value,USD,765.8,A
100,'356,India,826,'01970,Unmanufactured tobacco,5532,Producer Price (USD/tonne),2005,2005,7021,Annual value,USD,784.9,A
100,'356,India,826,'01970,Unmanufactured tobacco,5532,Producer Price (USD/tonne),2006,2006,7021,Annual value,USD,878.5,A
100,'356,India,826,'01970,Unmanufactured tobacco,5539,Producer Price Index (2014-2016 = 100),1991,1991,7021,Annual value,,19.69,E
100,'356,India,826,'01970,Unmanufactured tobacco,5539,Producer Price Index (2014-2016 = 100),1992,1992,7021,Annual value,,18.42,E
100,'356,India,826,'01970,Unmanufactured tobacco,5539,Producer Price Index (2014-2016 = 100),1993,1993,7021,Annual value,,22.65,E
100,'356,India,826,'01970,Unmanufactured tobacco,5539,Producer Price Index (2014-2016 = 100),1994,1994,7021,Annual value,,20.22,E
100,'356,India,826,'01970,Unmanufactured tobacco,5539,Producer Price Index (2014-2016 = 100),1995,1995,7021,Annual value,,26.3,E
100,'356,India,826,'01970,Unmanufactured tobacco,5539,Producer Price Index (2014-2016 = 100),1996,1996,7021,Annual value,,30.62,E
100,'356,India,826,'01970,Unmanufactured tobacco,5539,Producer Price Index (2014-2016 = 100),1997,1997,7021,Annual value,,15.43,E
100,'356,India,826,'01970,Unmanufactured tobacco,5539,Producer Price Index (2014-2016 = 100),1998,1998,7021,Annual value,,25.4,E
100,'356,India,826,'01970,Unmanufactured tobacco,5539,Producer Price Index (2014-2016 = 100),1999,1999,7021,Annual value,,29.94,E
100,'356,India,826,'01970,Unmanufactured tobacco,5539,Producer Price Index (2014-2016 = 100),2000,2000,7021,Annual value,,35.12,E
100,'356,India,826,'01970,Unmanufactured tobacco,5539,Producer Price Index (2014-2016 = 100),2001,2001,7021,Annual value,,31.0,E
100,'356,India,826,'01970,Unmanufactured tobacco,5539,Producer Price Index (2014-2016 = 100),2002,2002,7021,Annual value,,37.74,E
100,'356,India,826,'01970,Unmanufactured tobacco,5539,Producer Price Index (2014-2016 = 100),2003,2003,7021,Annual value,,34.59,E
100,'356,India,826,'01970,Unmanufactured tobacco,5539,Producer Price Index (2014-2016 = 100),2004,2004,7021,Annual value,,42.67,E
100,'356,India,826,'01970,Unmanufactured tobacco,5539,Producer Price Index (2014-2016 = 100),2005,2005,7021,Annual value,,42.56,E
100,'356,India,826,'01970,Unmanufactured tobacco,5539,Producer Price Index (2014-2016 = 100),2006,2006,7021,Annual value,,48.94,E
100,'356,India,826,'01970,Unmanufactured tobacco,5539,Producer Price Index (2014-2016 = 100),2007,2007,7021,Annual value,,60.15,E
100,'356,India,826,'01970,Unmanufactured tobacco,5539,Producer Price Index (2014-2016 = 100),2008,2008,7021,Annual value,,59.31,E
100,'356,India,826,'01970,Unmanufactured tobacco,5539,Producer Price Index (2014-2016 = 100),2009,2009,7021,Annual value,,65.52,E
100,'356,India,826,'01970,Unmanufactured tobacco,5539,Producer Price Index (2014-2016 = 100),2010,2010,7021,Annual value,,77.14,E
100,'356,India,826,'01970,Unmanufactured tobacco,5539,Producer Price Index (2014-2016 = 100),2011,2011,7021,Annual value,,84.12,E
100,'356,India,826,'01970,Unmanufactured tobacco,5539,Producer Price Index (2014-2016 = 100),2012,2012,7021,Annual value,,91.28,E
100,'356,India,826,'01970,Unmanufactured tobacco,5539,Producer Price Index (2014-2016 = 100),2013,2013,7021,Annual value,,87.32,E
100,'356,India,826,'01970,Unmanufactured tobacco,5539,Producer Price Index (2014-2016 = 100),2014,2014,7021,Annual value,,94.65,E
100,'356,India,826,'01970,Unmanufactured tobacco,5539,Producer Price Index (2014-2016 = 100),2015,2015,7021,Annual value,,100.36,E
100,'356,India,826,'01970,Unmanufactured tobacco,5539,Producer Price Index (2014-2016 = 100),2016,2016,7021,Annual value,,104.99,E
100,'356,India,826,'01970,Unmanufactured tobacco,5539,Producer Price Index (2014-2016 = 100),2017,2017,7021,Annual value,,110.08,E
100,'356,India,826,'01970,Unmanufactured tobacco,5539,Producer Price Index (2014-2016 = 100),2018,2018,7021,Annual value,,109.77,E
100,'356,India,826,'01970,Unmanufactured tobacco,5539,Producer Price Index (2014-2016 = 100),2019,2019,7021,Annual value,,119.79,E
100,'356,India,826,'01970,Unmanufactured tobacco,5539,Producer Price Index (2014-2016 = 100),2020,2020,7021,Annual value,,111.35,E
100,'356,India,826,'01970,Unmanufactured tobacco,5539,Producer Price Index (2014-2016 = 100),2021,2021,7021,Annual value,,130.85,E
100,'356,India,826,'01970,Unmanufactured tobacco,5539,Producer Price Index (2014-2016 = 100),2022,2022,7021,Annual value,,140.91,E
100,'356,India,826,'01970,Unmanufactured tobacco,5539,Producer Price Index (2014-2016 = 100),2023,2023,7021,Annual value,,144.04,E
100,'356,India,826,'01970,Unmanufactured tobacco,5539,Producer Price Index (2014-2016 = 100),2024,2024,7021,Annual value,,152.97,E
100,'356,India,826,'01970,Unmanufactured tobacco,5539,Producer Price Index (2014-2016 = 100),2025,2025,7021,Annual value,,161.91,E
100,'356,India,222,'01376,"Walnuts, in shell",5530,Producer Price (LCU/tonne),2001,2001,7021,Annual value,LCU,48090.0,A
100,'356,India,222,'01376,"Walnuts, in shell",5531,Producer Price (SLC/tonne),2001,2001,7021,Annual value,SLC,48090.0,A
100,'356,India,222,'01376,"Walnuts, in shell",5532,Producer Price (USD/tonne),2001,2001,7021,Annual value,USD,1019.1,A
100,'356,India,222,'01376,"Walnuts, in shell",5539,Producer Price Index (2014-2016 = 100),1991,1991,7021,Annual value,,16.89,E
100,'356,India,222,'01376,"Walnuts, in shell",5539,Producer Price Index (2014-2016 = 100),1992,1992,7021,Annual value,,25.26,E
100,'356,India,222,'01376,"Walnuts, in shell",5539,Producer Price Index (2014-2016 = 100),1993,1993,7021,Annual value,,23.44,E
100,'356,India,222,'01376,"Walnuts, in shell",5539,Producer Price Index (2014-2016 = 100),1994,1994,7021,Annual value,,25.32,E
100,'356,India,222,'01376,"Walnuts, in shell",5539,Producer Price Index (2014-2016 = 100),1995,1995,7021,Annual value,,30.64,E
100,'356,India,222,'01376,"Walnuts, in shell",5539,Producer Price Index (2014-2016 = 100),1996,1996,7021,Annual value,,32.89,E
100,'356,India,222,'01376,"Walnuts, in shell",5539,Producer Price Index (2014-2016 = 100),1997,1997,7021,Annual value,,32.31,E
100,'356,India,222,'01376,"Walnuts, in shell",5539,Producer Price Index (2014-2016 = 100),1998,1998,7021,Annual value,,32.57,E
100,'356,India,222,'01376,"Walnuts, in shell",5539,Producer Price Index (2014-2016 = 100),1999,1999,7021,Annual value,,38.07,E
100,'356,India,222,'01376,"Walnuts, in shell",5539,Producer Price Index (2014-2016 = 100),2000,2000,7021,Annual value,,39.12,E
100,'356,India,222,'01376,"Walnuts, in shell",5539,Producer Price Index (2014-2016 = 100),2001,2001,7021,Annual value,,37.85,E
100,'356,India,222,'01376,"Walnuts, in shell",5539,Producer Price Index (2014-2016 = 100),2002,2002,7021,Annual value,,38.27,E
100,'356,India,222,'01376,"Walnuts, in shell",5539,Producer Price Index (2014-2016 = 100),2003,2003,7021,Annual value,,39.54,E
100,'356,India,222,'01376,"Walnuts, in shell",5539,Producer Price Index (2014-2016 = 100),2004,2004,7021,Annual value,,42.37,E
100,'356,India,222,'01376,"Walnuts, in shell",5539,Producer Price Index (2014-2016 = 100),2005,2005,7021,Annual value,,42.93,E
100,'356,India,222,'01376,"Walnuts, in shell",5539,Producer Price Index (2014-2016 = 100),2006,2006,7021,Annual value,,42.93,E
100,'356,India,222,'01376,"Walnuts, in shell",5539,Producer Price Index (2014-2016 = 100),2007,2007,7021,Annual value,,43.78,E
100,'356,India,222,'01376,"Walnuts, in shell",5539,Producer Price Index (2014-2016 = 100),2008,2008,7021,Annual value,,59.31,E
100,'356,India,222,'01376,"Walnuts, in shell",5539,Producer Price Index (2014-2016 = 100),2009,2009,7021,Annual value,,65.52,E
100,'356,India,222,'01376,"Walnuts, in shell",5539,Producer Price Index (2014-2016 = 100),2010,2010,7021,Annual value,,77.14,E
100,'356,India,222,'01376,"Walnuts, in shell",5539,Producer Price Index (2014-2016 = 100),2011,2011,7021,Annual value,,84.12,E
100,'356,India,222,'01376,"Walnuts, in shell",5539,Producer Price Index (2014-2016 = 100),2012,2012,7021,Annual value,,91.28,E
100,'356,India,222,'01376,"Walnuts, in shell",5539,Producer Price Index (2014-2016 = 100),2013,2013,7021,Annual value,,87.32,E
100,'356,India,222,'01376,"Walnuts, in shell",5539,Producer Price Index (2014-2016 = 100),2014,2014,7021,Annual value,,94.65,E
100,'356,India,222,'01376,"Walnuts, in shell",5539,Producer Price Index (2014-2016 = 100),2015,2015,7021,Annual value,,100.36,E
100,'356,India,222,'01376,"Walnuts, in shell",5539,Producer Price Index (2014-2016 = 100),2016,2016,7021,Annual value,,104.99,E
100,'356,India,222,'01376,"Walnuts, in shell",5539,Producer Price Index (2014-2016 = 100),2017,2017,7021,Annual value,,110.08,E
100,'356,India,222,'01376,"Walnuts, in shell",5539,Producer Price Index (2014-2016 = 100),2018,2018,7021,Annual value,,109.77,E
100,'356,India,222,'01376,"Walnuts, in shell",5539,Producer Price Index (2014-2016 = 100),2019,2019,7021,Annual value,,120.81,E
100,'356,India,222,'01376,"Walnuts, in shell",5539,Producer Price Index (2014-2016 = 100),2020,2020,7021,Annual value,,111.04,E
100,'356,India,222,'01376,"Walnuts, in shell",5539,Producer Price Index (2014-2016 = 100),2021,2021,7021,Annual value,,124.68,E
100,'356,India,222,'01376,"Walnuts, in shell",5539,Producer Price Index (2014-2016 = 100),2022,2022,7021,Annual value,,130.93,E
100,'356,India,222,'01376,"Walnuts, in shell",5539,Producer Price Index (2014-2016 = 100),2023,2023,7021,Annual value,,132.62,E
100,'356,India,222,'01376,"Walnuts, in shell",5539,Producer Price Index (2014-2016 = 100),2024,2024,7021,Annual value,,145.5,E
100,'356,India,222,'01376,"Walnuts, in shell",5539,Producer Price Index (2014-2016 = 100),2025,2025,7021,Annual value,,155.13,E
100,'356,India,567,'01221,Watermelons,5539,Producer Price Index (2014-2016 = 100),1991,1991,7021,Annual value,,22.1,E
100,'356,India,567,'01221,Watermelons,5539,Producer Price Index (2014-2016 = 100),1992,1992,7021,Annual value,,24.54,E
100,'356,India,567,'01221,Watermelons,5539,Producer Price Index (2014-2016 = 100),1993,1993,7021,Annual value,,26.92,E
100,'356,India,567,'01221,Watermelons,5539,Producer Price Index (2014-2016 = 100),1994,1994,7021,Annual value,,21.4,E
100,'356,India,567,'01221,Watermelons,5539,Producer Price Index (2014-2016 = 100),1995,1995,7021,Annual value,,23.55,E
100,'356,India,567,'01221,Watermelons,5539,Producer Price Index (2014-2016 = 100),1996,1996,7021,Annual value,,25.91,E
100,'356,India,567,'01221,Watermelons,5539,Producer Price Index (2014-2016 = 100),1997,1997,7021,Annual value,,34.72,E
100,'356,India,567,'01221,Watermelons,5539,Producer Price Index (2014-2016 = 100),1998,1998,7021,Annual value,,35.98,E
100,'356,India,567,'01221,Watermelons,5539,Producer Price Index (2014-2016 = 100),1999,1999,7021,Annual value,,38.1,E
100,'356,India,567,'01221,Watermelons,5539,Producer Price Index (2014-2016 = 100),2000,2000,7021,Annual value,,35.2,E
100,'356,India,567,'01221,Watermelons,5539,Producer Price Index (2014-2016 = 100),2001,2001,7021,Annual value,,32.12,E
100,'356,India,567,'01221,Watermelons,5539,Producer Price Index (2014-2016 = 100),2002,2002,7021,Annual value,,36.72,E
100,'356,India,567,'01221,Watermelons,5539,Producer Price Index (2014-2016 = 100),2003,2003,7021,Annual value,,39.83,E
100,'356,India,567,'01221,Watermelons,5539,Producer Price Index (2014-2016 = 100),2004,2004,7021,Annual value,,42.21,E
100,'356,India,567,'01221,Watermelons,5539,Producer Price Index (2014-2016 = 100),2005,2005,7021,Annual value,,45.95,E
100,'356,India,567,'01221,Watermelons,5539,Producer Price Index (2014-2016 = 100),2006,2006,7021,Annual value,,48.94,E
100,'356,India,567,'01221,Watermelons,5539,Producer Price Index (2014-2016 = 100),2007,2007,7021,Annual value,,60.15,E
100,'356,India,567,'01221,Watermelons,5539,Producer Price Index (2014-2016 = 100),2008,2008,7021,Annual value,,59.31,E
100,'356,India,567,'01221,Watermelons,5539,Producer Price Index (2014-2016 = 100),2009,2009,7021,Annual value,,65.52,E
100,'356,India,567,'01221,Watermelons,5539,Producer Price Index (2014-2016 = 100),2010,2010,7021,Annual value,,77.14,E
100,'356,India,567,'01221,Watermelons,5539,Producer Price Index (2014-2016 = 100),2011,2011,7021,Annual value,,84.12,E
100,'356,India,567,'01221,Watermelons,5539,Producer Price Index (2014-2016 = 100),2012,2012,7021,Annual value,,91.28,E
100,'356,India,567,'01221,Watermelons,5539,Producer Price Index (2014-2016 = 100),2013,2013,7021,Annual value,,87.32,E
100,'356,India,567,'01221,Watermelons,5539,Producer Price Index (2014-2016 = 100),2014,2014,7021,Annual value,,94.65,E
100,'356,India,567,'01221,Watermelons,5539,Producer Price Index (2014-2016 = 100),2015,2015,7021,Annual value,,100.36,E
100,'356,India,567,'01221,Watermelons,5539,Producer Price Index (2014-2016 = 100),2016,2016,7021,Annual value,,104.99,E
100,'356,India,567,'01221,Watermelons,5539,Producer Price Index (2014-2016 = 100),2017,2017,7021,Annual value,,110.08,E
100,'356,India,567,'01221,Watermelons,5539,Producer Price Index (2014-2016 = 100),2018,2018,7021,Annual value,,109.77,E
100,'356,India,567,'01221,Watermelons,5539,Producer Price Index (2014-2016 = 100),2019,2019,7021,Annual value,,117.97,E
100,'356,India,567,'01221,Watermelons,5539,Producer Price Index (2014-2016 = 100),2020,2020,7021,Annual value,,109.26,E
100,'356,India,567,'01221,Watermelons,5539,Producer Price Index (2014-2016 = 100),2021,2021,7021,Annual value,,125.14,E
100,'356,India,567,'01221,Watermelons,5539,Producer Price Index (2014-2016 = 100),2022,2022,7021,Annual value,,133.22,E
100,'356,India,567,'01221,Watermelons,5539,Producer Price Index (2014-2016 = 100),2023,2023,7021,Annual value,,135.96,E
100,'356,India,567,'01221,Watermelons,5539,Producer Price Index (2014-2016 = 100),2024,2024,7021,Annual value,,146.37,E
100,'356,India,567,'01221,Watermelons,5539,Producer Price Index (2014-2016 = 100),2025,2025,7021,Annual value,,156.77,E
100,'356,India,15,'0111,Wheat,5530,Producer Price (LCU/tonne),1991,1991,7021,Annual value,LCU,3855.0,A
100,'356,India,15,'0111,Wheat,5530,Producer Price (LCU/tonne),1992,1992,7021,Annual value,LCU,3899.0,A
100,'356,India,15,'0111,Wheat,5530,Producer Price (LCU/tonne),1993,1993,7021,Annual value,LCU,4091.0,A
100,'356,India,15,'0111,Wheat,5530,Producer Price (LCU/tonne),1994,1994,7021,Annual value,LCU,4250.0,A
100,'356,India,15,'0111,Wheat,5530,Producer Price (LCU/tonne),1995,1995,7021,Annual value,LCU,4713.0,A
100,'356,India,15,'0111,Wheat,5530,Producer Price (LCU/tonne),1996,1996,7021,Annual value,LCU,5790.0,A
100,'356,India,15,'0111,Wheat,5530,Producer Price (LCU/tonne),1997,1997,7021,Annual value,LCU,5518.0,A
100,'356,India,15,'0111,Wheat,5530,Producer Price (LCU/tonne),1998,1998,7021,Annual value,LCU,5945.0,A
100,'356,India,15,'0111,Wheat,5530,Producer Price (LCU/tonne),1999,1999,7021,Annual value,LCU,6373.0,A
100,'356,India,15,'0111,Wheat,5530,Producer Price (LCU/tonne),2000,2000,7021,Annual value,LCU,6649.0,A
100,'356,India,15,'0111,Wheat,5530,Producer Price (LCU/tonne),2001,2001,7021,Annual value,LCU,6584.3,A
100,'356,India,15,'0111,Wheat,5530,Producer Price (LCU/tonne),2002,2002,7021,Annual value,LCU,6765.7,A
100,'356,India,15,'0111,Wheat,5530,Producer Price (LCU/tonne),2003,2003,7021,Annual value,LCU,6980.0,A
100,'356,India,15,'0111,Wheat,5530,Producer Price (LCU/tonne),2004,2004,7021,Annual value,LCU,7104.0,A
100,'356,India,15,'0111,Wheat,5530,Producer Price (LCU/tonne),2005,2005,7021,Annual value,LCU,8312.0,A
100,'356,India,15,'0111,Wheat,5530,Producer Price (LCU/tonne),2006,2006,7021,Annual value,LCU,8880.0,A
100,'356,India,15,'0111,Wheat,5530,Producer Price (LCU/tonne),2007,2007,7021,Annual value,LCU,10000.0,A
100,'356,India,15,'0111,Wheat,5530,Producer Price (LCU/tonne),2008,2008,7021,Annual value,LCU,10800.0,A
100,'356,India,15,'0111,Wheat,5531,Producer Price (SLC/tonne),1991,1991,7021,Annual value,SLC,3855.0,A
100,'356,India,15,'0111,Wheat,5531,Producer Price (SLC/tonne),1992,1992,7021,Annual value,SLC,3899.0,A
100,'356,India,15,'0111,Wheat,5531,Producer Price (SLC/tonne),1993,1993,7021,Annual value,SLC,4091.0,A
100,'356,India,15,'0111,Wheat,5531,Producer Price (SLC/tonne),1994,1994,7021,Annual value,SLC,4250.0,A
100,'356,India,15,'0111,Wheat,5531,Producer Price (SLC/tonne),1995,1995,7021,Annual value,SLC,4713.0,A
100,'356,India,15,'0111,Wheat,5531,Producer Price (SLC/tonne),1996,1996,7021,Annual value,SLC,5790.0,A
100,'356,India,15,'0111,Wheat,5531,Producer Price (SLC/tonne),1997,1997,7021,Annual value,SLC,5518.0,A
100,'356,India,15,'0111,Wheat,5531,Producer Price (SLC/tonne),1998,1998,7021,Annual value,SLC,5945.0,A
100,'356,India,15,'0111,Wheat,5531,Producer Price (SLC/tonne),1999,1999,7021,Annual value,SLC,6373.0,A
100,'356,India,15,'0111,Wheat,5531,Producer Price (SLC/tonne),2000,2000,7021,Annual value,SLC,6649.0,A
100,'356,India,15,'0111,Wheat,5531,Producer Price (SLC/tonne),2001,2001,7021,Annual value,SLC,6584.3,A
100,'356,India,15,'0111,Wheat,5531,Producer Price (SLC/tonne),2002,2002,7021,Annual value,SLC,6765.7,A
100,'356,India,15,'0111,Wheat,5531,Producer Price (SLC/tonne),2003,2003,7021,Annual value,SLC,6980.0,A
100,'356,India,15,'0111,Wheat,5531,Producer Price (SLC/tonne),2004,2004,7021,Annual value,SLC,7104.0,A
100,'356,India,15,'0111,Wheat,5531,Producer Price (SLC/tonne),2005,2005,7021,Annual value,SLC,8312.0,A
100,'356,India,15,'0111,Wheat,5531,Producer Price (SLC/tonne),2006,2006,7021,Annual value,SLC,8880.0,A
100,'356,India,15,'0111,Wheat,5531,Producer Price (SLC/tonne),2007,2007,7021,Annual value,SLC,10000.0,A
100,'356,India,15,'0111,Wheat,5531,Producer Price (SLC/tonne),2008,2008,7021,Annual value,SLC,10800.0,A
100,'356,India,15,'0111,Wheat,5532,Producer Price (USD/tonne),1991,1991,7021,Annual value,USD,169.5,A
100,'356,India,15,'0111,Wheat,5532,Producer Price (USD/tonne),1992,1992,7021,Annual value,USD,150.4,A
100,'356,India,15,'0111,Wheat,5532,Producer Price (USD/tonne),1993,1993,7021,Annual value,USD,134.2,A
100,'356,India,15,'0111,Wheat,5532,Producer Price (USD/tonne),1994,1994,7021,Annual value,USD,135.5,A
100,'356,India,15,'0111,Wheat,5532,Producer Price (USD/tonne),1995,1995,7021,Annual value,USD,145.3,A
100,'356,India,15,'0111,Wheat,5532,Producer Price (USD/tonne),1996,1996,7021,Annual value,USD,163.4,A
100,'356,India,15,'0111,Wheat,5532,Producer Price (USD/tonne),1997,1997,7021,Annual value,USD,152.0,A
100,'356,India,15,'0111,Wheat,5532,Producer Price (USD/tonne),1998,1998,7021,Annual value,USD,144.1,A
100,'356,India,15,'0111,Wheat,5532,Producer Price (USD/tonne),1999,1999,7021,Annual value,USD,148.0,A
100,'356,India,15,'0111,Wheat,5532,Producer Price (USD/tonne),2000,2000,7021,Annual value,USD,147.9,A
100,'356,India,15,'0111,Wheat,5532,Producer Price (USD/tonne),2001,2001,7021,Annual value,USD,139.5,A
100,'356,India,15,'0111,Wheat,5532,Producer Price (USD/tonne),2002,2002,7021,Annual value,USD,139.2,A
100,'356,India,15,'0111,Wheat,5532,Producer Price (USD/tonne),2003,2003,7021,Annual value,USD,149.8,A
100,'356,India,15,'0111,Wheat,5532,Producer Price (USD/tonne),2004,2004,7021,Annual value,USD,156.8,A
100,'356,India,15,'0111,Wheat,5532,Producer Price (USD/tonne),2005,2005,7021,Annual value,USD,188.5,A
100,'356,India,15,'0111,Wheat,5532,Producer Price (USD/tonne),2006,2006,7021,Annual value,USD,196.0,A
100,'356,India,15,'0111,Wheat,5532,Producer Price (USD/tonne),2007,2007,7021,Annual value,USD,241.8,A
100,'356,India,15,'0111,Wheat,5532,Producer Price (USD/tonne),2008,2008,7021,Annual value,USD,248.2,A
100,'356,India,15,'0111,Wheat,5539,Producer Price Index (2014-2016 = 100),1991,1991,7021,Annual value,,21.17,E
100,'356,India,15,'0111,Wheat,5539,Producer Price Index (2014-2016 = 100),1992,1992,7021,Annual value,,21.41,E
100,'356,India,15,'0111,Wheat,5539,Producer Price Index (2014-2016 = 100),1993,1993,7021,Annual value,,22.47,E
100,'356,India,15,'0111,Wheat,5539,Producer Price Index (2014-2016 = 100),1994,1994,7021,Annual value,,23.34,E
100,'356,India,15,'0111,Wheat,5539,Producer Price Index (2014-2016 = 100),1995,1995,7021,Annual value,,25.88,E
100,'356,India,15,'0111,Wheat,5539,Producer Price Index (2014-2016 = 100),1996,1996,7021,Annual value,,31.8,E
100,'356,India,15,'0111,Wheat,5539,Producer Price Index (2014-2016 = 100),1997,1997,7021,Annual value,,30.3,E
100,'356,India,15,'0111,Wheat,5539,Producer Price Index (2014-2016 = 100),1998,1998,7021,Annual value,,32.65,E
100,'356,India,15,'0111,Wheat,5539,Producer Price Index (2014-2016 = 100),1999,1999,7021,Annual value,,35.0,E
100,'356,India,15,'0111,Wheat,5539,Producer Price Index (2014-2016 = 100),2000,2000,7021,Annual value,,36.52,E
100,'356,India,15,'0111,Wheat,5539,Producer Price Index (2014-2016 = 100),2001,2001,7021,Annual value,,36.16,E
100,'356,India,15,'0111,Wheat,5539,Producer Price Index (2014-2016 = 100),2002,2002,7021,Annual value,,37.16,E
100,'356,India,15,'0111,Wheat,5539,Producer Price Index (2014-2016 = 100),2003,2003,7021,Annual value,,38.33,E
100,'356,India,15,'0111,Wheat,5539,Producer Price Index (2014-2016 = 100),2004,2004,7021,Annual value,,39.01,E
100,'356,India,15,'0111,Wheat,5539,Producer Price Index (2014-2016 = 100),2005,2005,7021,Annual value,,45.65,E
100,'356,India,15,'0111,Wheat,5539,Producer Price Index (2014-2016 = 100),2006,2006,7021,Annual value,,48.77,E
100,'356,India,15,'0111,Wheat,5539,Producer Price Index (2014-2016 = 100),2007,2007,7021,Annual value,,54.92,E
100,'356,India,15,'0111,Wheat,5539,Producer Price Index (2014-2016 = 100),2008,2008,7021,Annual value,,59.31,E
100,'356,India,15,'0111,Wheat,5539,Producer Price Index (2014-2016 = 100),2009,2009,7021,Annual value,,65.52,E
100,'356,India,15,'0111,Wheat,5539,Producer Price Index (2014-2016 = 100),2010,2010,7021,Annual value,,77.14,E
100,'356,India,15,'0111,Wheat,5539,Producer Price Index (2014-2016 = 100),2011,2011,7021,Annual value,,84.12,E
100,'356,India,15,'0111,Wheat,5539,Producer Price Index (2014-2016 = 100),2012,2012,7021,Annual value,,91.28,E
100,'356,India,15,'0111,Wheat,5539,Producer Price Index (2014-2016 = 100),2013,2013,7021,Annual value,,87.32,E
100,'356,India,15,'0111,Wheat,5539,Producer Price Index (2014-2016 = 100),2014,2014,7021,Annual value,,94.65,E
100,'356,India,15,'0111,Wheat,5539,Producer Price Index (2014-2016 = 100),2015,2015,7021,Annual value,,100.36,E
100,'356,India,15,'0111,Wheat,5539,Producer Price Index (2014-2016 = 100),2016,2016,7021,Annual value,,104.99,E
100,'356,India,15,'0111,Wheat,5539,Producer Price Index (2014-2016 = 100),2017,2017,7021,Annual value,,110.08,E
100,'356,India,15,'0111,Wheat,5539,Producer Price Index (2014-2016 = 100),2018,2018,7021,Annual value,,109.77,E
100,'356,India,15,'0111,Wheat,5539,Producer Price Index (2014-2016 = 100),2019,2019,7021,Annual value,,116.53,E
100,'356,India,15,'0111,Wheat,5539,Producer Price Index (2014-2016 = 100),2020,2020,7021,Annual value,,108.64,E
100,'356,India,15,'0111,Wheat,5539,Producer Price Index (2014-2016 = 100),2021,2021,7021,Annual value,,124.87,E
100,'356,India,15,'0111,Wheat,5539,Producer Price Index (2014-2016 = 100),2022,2022,7021,Annual value,,133.0,E
100,'356,India,15,'0111,Wheat,5539,Producer Price Index (2014-2016 = 100),2023,2023,7021,Annual value,,135.8,E
100,'356,India,15,'0111,Wheat,5539,Producer Price Index (2014-2016 = 100),2024,2024,7021,Annual value,,145.81,E
100,'356,India,15,'0111,Wheat,5539,Producer Price Index (2014-2016 = 100),2025,2025,7021,Annual value,,155.81,E
100,'356,India,2051,'F2051,Agriculture,5539,Producer Price Index (2014-2016 = 100),1991,1991,7021,Annual value,,17.44,E
100,'356,India,2051,'F2051,Agriculture,5539,Producer Price Index (2014-2016 = 100),1992,1992,7021,Annual value,,18.74,E
100,'356,India,2051,'F2051,Agriculture,5539,Producer Price Index (2014-2016 = 100),1993,1993,7021,Annual value,,20.63,E
100,'356,India,2051,'F2051,Agriculture,5539,Producer Price Index (2014-2016 = 100),1994,1994,7021,Annual value,,22.65,E
100,'356,India,2051,'F2051,Agriculture,5539,Producer Price Index (2014-2016 = 100),1995,1995,7021,Annual value,,24.66,E
100,'356,India,2051,'F2051,Agriculture,5539,Producer Price Index (2014-2016 = 100),1996,1996,7021,Annual value,,27.06,E
100,'356,India,2051,'F2051,Agriculture,5539,Producer Price Index (2014-2016 = 100),1997,1997,7021,Annual value,,27.53,E
100,'356,India,2051,'F2051,Agriculture,5539,Producer Price Index (2014-2016 = 100),1998,1998,7021,Annual value,,29.96,E
100,'356,India,2051,'F2051,Agriculture,5539,Producer Price Index (2014-2016 = 100),1999,1999,7021,Annual value,,31.57,E
100,'356,India,2051,'F2051,Agriculture,5539,Producer Price Index (2014-2016 = 100),2000,2000,7021,Annual value,,31.68,E
100,'356,India,2051,'F2051,Agriculture,5539,Producer Price Index (2014-2016 = 100),2001,2001,7021,Annual value,,32.76,E
100,'356,India,2051,'F2051,Agriculture,5539,Producer Price Index (2014-2016 = 100),2002,2002,7021,Annual value,,34.4,E
100,'356,India,2051,'F2051,Agriculture,5539,Producer Price Index (2014-2016 = 100),2003,2003,7021,Annual value,,36.29,E
100,'356,India,2051,'F2051,Agriculture,5539,Producer Price Index (2014-2016 = 100),2004,2004,7021,Annual value,,40.59,E
100,'356,India,2051,'F2051,Agriculture,5539,Producer Price Index (2014-2016 = 100),2005,2005,7021,Annual value,,42.79,E
100,'356,India,2051,'F2051,Agriculture,5539,Producer Price Index (2014-2016 = 100),2006,2006,7021,Annual value,,47.55,E
100,'356,India,2051,'F2051,Agriculture,5539,Producer Price Index (2014-2016 = 100),2007,2007,7021,Annual value,,56.99,E
100,'356,India,2051,'F2051,Agriculture,5539,Producer Price Index (2014-2016 = 100),2008,2008,7021,Annual value,,59.31,E
100,'356,India,2051,'F2051,Agriculture,5539,Producer Price Index (2014-2016 = 100),2009,2009,7021,Annual value,,65.52,E
100,'356,India,2051,'F2051,Agriculture,5539,Producer Price Index (2014-2016 = 100),2010,2010,7021,Annual value,,77.14,E
100,'356,India,2051,'F2051,Agriculture,5539,Producer Price Index (2014-2016 = 100),2011,2011,7021,Annual value,,84.12,E
100,'356,India,2051,'F2051,Agriculture,5539,Producer Price Index (2014-2016 = 100),2012,2012,7021,Annual value,,91.28,E
100,'356,India,2051,'F2051,Agriculture,5539,Producer Price Index (2014-2016 = 100),2013,2013,7021,Annual value,,87.32,E
100,'356,India,2051,'F2051,Agriculture,5539,Producer Price Index (2014-2016 = 100),2014,2014,7021,Annual value,,94.65,E
100,'356,India,2051,'F2051,Agriculture,5539,Producer Price Index (2014-2016 = 100),2015,2015,7021,Annual value,,100.36,E
100,'356,India,2051,'F2051,Agriculture,5539,Producer Price Index (2014-2016 = 100),2016,2016,7021,Annual value,,104.99,E
100,'356,India,2051,'F2051,Agriculture,5539,Producer Price Index (2014-2016 = 100),2017,2017,7021,Annual value,,110.08,E
100,'356,India,2051,'F2051,Agriculture,5539,Producer Price Index (2014-2016 = 100),2018,2018,7021,Annual value,,109.77,E
100,'356,India,2051,'F2051,Agriculture,5539,Producer Price Index (2014-2016 = 100),2019,2019,7021,Annual value,,115.69,E
100,'356,India,2051,'F2051,Agriculture,5539,Producer Price Index (2014-2016 = 100),2020,2020,7021,Annual value,,113.36,E
100,'356,India,2051,'F2051,Agriculture,5539,Producer Price Index (2014-2016 = 100),2021,2021,7021,Annual value,,131.66,E
100,'356,India,2051,'F2051,Agriculture,5539,Producer Price Index (2014-2016 = 100),2022,2022,7021,Annual value,,139.83,E
100,'356,India,2051,'F2051,Agriculture,5539,Producer Price Index (2014-2016 = 100),2023,2023,7021,Annual value,,142.39,E
100,'356,India,2051,'F2051,Agriculture,5539,Producer Price Index (2014-2016 = 100),2024,2024,7021,Annual value,,150.97,E
100,'356,India,2051,'F2051,Agriculture,5539,Producer Price Index (2014-2016 = 100),2025,2025,7021,Annual value,,158.59,E
100,'356,India,1717,'F1717,"Cereals, primary",5539,Producer Price Index (2014-2016 = 100),1991,1991,7021,Annual value,,15.73,E
100,'356,India,1717,'F1717,"Cereals, primary",5539,Producer Price Index (2014-2016 = 100),1992,1992,7021,Annual value,,16.51,E
100,'356,India,1717,'F1717,"Cereals, primary",5539,Producer Price Index (2014-2016 = 100),1993,1993,7021,Annual value,,17.74,E
100,'356,India,1717,'F1717,"Cereals, primary",5539,Producer Price Index (2014-2016 = 100),1994,1994,7021,Annual value,,18.46,E
100,'356,India,1717,'F1717,"Cereals, primary",5539,Producer Price Index (2014-2016 = 100),1995,1995,7021,Annual value,,20.35,E
100,'356,India,1717,'F1717,"Cereals, primary",5539,Producer Price Index (2014-2016 = 100),1996,1996,7021,Annual value,,23.22,E
100,'356,India,1717,'F1717,"Cereals, primary",5539,Producer Price Index (2014-2016 = 100),1997,1997,7021,Annual value,,20.08,E
100,'356,India,1717,'F1717,"Cereals, primary",5539,Producer Price Index (2014-2016 = 100),1998,1998,7021,Annual value,,22.41,E
100,'356,India,1717,'F1717,"Cereals, primary",5539,Producer Price Index (2014-2016 = 100),1999,1999,7021,Annual value,,26.49,E
100,'356,India,1717,'F1717,"Cereals, primary",5539,Producer Price Index (2014-2016 = 100),2000,2000,7021,Annual value,,26.01,E
100,'356,India,1717,'F1717,"Cereals, primary",5539,Producer Price Index (2014-2016 = 100),2001,2001,7021,Annual value,,25.73,E
100,'356,India,1717,'F1717,"Cereals, primary",5539,Producer Price Index (2014-2016 = 100),2002,2002,7021,Annual value,,26.6,E
100,'356,India,1717,'F1717,"Cereals, primary",5539,Producer Price Index (2014-2016 = 100),2003,2003,7021,Annual value,,27.31,E
100,'356,India,1717,'F1717,"Cereals, primary",5539,Producer Price Index (2014-2016 = 100),2004,2004,7021,Annual value,,35.22,E
100,'356,India,1717,'F1717,"Cereals, primary",5539,Producer Price Index (2014-2016 = 100),2005,2005,7021,Annual value,,35.89,E
100,'356,India,1717,'F1717,"Cereals, primary",5539,Producer Price Index (2014-2016 = 100),2006,2006,7021,Annual value,,44.17,E
100,'356,India,1717,'F1717,"Cereals, primary",5539,Producer Price Index (2014-2016 = 100),2007,2007,7021,Annual value,,51.96,E
100,'356,India,1717,'F1717,"Cereals, primary",5539,Producer Price Index (2014-2016 = 100),2008,2008,7021,Annual value,,59.31,E
100,'356,India,1717,'F1717,"Cereals, primary",5539,Producer Price Index (2014-2016 = 100),2009,2009,7021,Annual value,,65.52,E
100,'356,India,1717,'F1717,"Cereals, primary",5539,Producer Price Index (2014-2016 = 100),2010,2010,7021,Annual value,,77.14,E
100,'356,India,1717,'F1717,"Cereals, primary",5539,Producer Price Index (2014-2016 = 100),2011,2011,7021,Annual value,,84.12,E
100,'356,India,1717,'F1717,"Cereals, primary",5539,Producer Price Index (2014-2016 = 100),2012,2012,7021,Annual value,,91.28,E
100,'356,India,1717,'F1717,"Cereals, primary",5539,Producer Price Index (2014-2016 = 100),2013,2013,7021,Annual value,,87.32,E
100,'356,India,1717,'F1717,"Cereals, primary",5539,Producer Price Index (2014-2016 = 100),2014,2014,7021,Annual value,,94.65,E
100,'356,India,1717,'F1717,"Cereals, primary",5539,Producer Price Index (2014-2016 = 100),2015,2015,7021,Annual value,,100.36,E
100,'356,India,1717,'F1717,"Cereals, primary",5539,Producer Price Index (2014-2016 = 100),2016,2016,7021,Annual value,,104.99,E
100,'356,India,1717,'F1717,"Cereals, primary",5539,Producer Price Index (2014-2016 = 100),2017,2017,7021,Annual value,,110.08,E
100,'356,India,1717,'F1717,"Cereals, primary",5539,Producer Price Index (2014-2016 = 100),2018,2018,7021,Annual value,,109.77,E
100,'356,India,1717,'F1717,"Cereals, primary",5539,Producer Price Index (2014-2016 = 100),2019,2019,7021,Annual value,,110.86,E
100,'356,India,1717,'F1717,"Cereals, primary",5539,Producer Price Index (2014-2016 = 100),2020,2020,7021,Annual value,,112.36,E
100,'356,India,1717,'F1717,"Cereals, primary",5539,Producer Price Index (2014-2016 = 100),2021,2021,7021,Annual value,,134.89,E
100,'356,India,1717,'F1717,"Cereals, primary",5539,Producer Price Index (2014-2016 = 100),2022,2022,7021,Annual value,,146.66,E
100,'356,India,1717,'F1717,"Cereals, primary",5539,Producer Price Index (2014-2016 = 100),2023,2023,7021,Annual value,,150.47,E
100,'356,India,1717,'F1717,"Cereals, primary",5539,Producer Price Index (2014-2016 = 100),2024,2024,7021,Annual value,,155.33,E
100,'356,India,1717,'F1717,"Cereals, primary",5539,Producer Price Index (2014-2016 = 100),2025,2025,7021,Annual value,,160.11,E
100,'356,India,1804,'F1804,"Citrus Fruit, Total",5539,Producer Price Index (2014-2016 = 100),1991,1991,7021,Annual value,,14.5,E
100,'356,India,1804,'F1804,"Citrus Fruit, Total",5539,Producer Price Index (2014-2016 = 100),1992,1992,7021,Annual value,,16.11,E
100,'356,India,1804,'F1804,"Citrus Fruit, Total",5539,Producer Price Index (2014-2016 = 100),1993,1993,7021,Annual value,,21.12,E
100,'356,India,1804,'F1804,"Citrus Fruit, Total",5539,Producer Price Index (2014-2016 = 100),1994,1994,7021,Annual value,,22.13,E
100,'356,India,1804,'F1804,"Citrus Fruit, Total",5539,Producer Price Index (2014-2016 = 100),1995,1995,7021,Annual value,,22.81,E
100,'356,India,1804,'F1804,"Citrus Fruit, Total",5539,Producer Price Index (2014-2016 = 100),1996,1996,7021,Annual value,,28.39,E
100,'356,India,1804,'F1804,"Citrus Fruit, Total",5539,Producer Price Index (2014-2016 = 100),1997,1997,7021,Annual value,,31.47,E
100,'356,India,1804,'F1804,"Citrus Fruit, Total",5539,Producer Price Index (2014-2016 = 100),1998,1998,7021,Annual value,,32.63,E
100,'356,India,1804,'F1804,"Citrus Fruit, Total",5539,Producer Price Index (2014-2016 = 100),1999,1999,7021,Annual value,,31.57,E
100,'356,India,1804,'F1804,"Citrus Fruit, Total",5539,Producer Price Index (2014-2016 = 100),2000,2000,7021,Annual value,,30.16,E
100,'356,India,1804,'F1804,"Citrus Fruit, Total",5539,Producer Price Index (2014-2016 = 100),2001,2001,7021,Annual value,,32.11,E
100,'356,India,1804,'F1804,"Citrus Fruit, Total",5539,Producer Price Index (2014-2016 = 100),2002,2002,7021,Annual value,,36.72,E
100,'356,India,1804,'F1804,"Citrus Fruit, Total",5539,Producer Price Index (2014-2016 = 100),2003,2003,7021,Annual value,,39.83,E
100,'356,India,1804,'F1804,"Citrus Fruit, Total",5539,Producer Price Index (2014-2016 = 100),2004,2004,7021,Annual value,,42.21,E
100,'356,India,1804,'F1804,"Citrus Fruit, Total",5539,Producer Price Index (2014-2016 = 100),2005,2005,7021,Annual value,,45.95,E
100,'356,India,1804,'F1804,"Citrus Fruit, Total",5539,Producer Price Index (2014-2016 = 100),2006,2006,7021,Annual value,,48.94,E
100,'356,India,1804,'F1804,"Citrus Fruit, Total",5539,Producer Price Index (2014-2016 = 100),2007,2007,7021,Annual value,,60.15,E
100,'356,India,1804,'F1804,"Citrus Fruit, Total",5539,Producer Price Index (2014-2016 = 100),2008,2008,7021,Annual value,,59.31,E
100,'356,India,1804,'F1804,"Citrus Fruit, Total",5539,Producer Price Index (2014-2016 = 100),2009,2009,7021,Annual value,,65.52,E
100,'356,India,1804,'F1804,"Citrus Fruit, Total",5539,Producer Price Index (2014-2016 = 100),2010,2010,7021,Annual value,,77.14,E
100,'356,India,1804,'F1804,"Citrus Fruit, Total",5539,Producer Price Index (2014-2016 = 100),2011,2011,7021,Annual value,,84.12,E
100,'356,India,1804,'F1804,"Citrus Fruit, Total",5539,Producer Price Index (2014-2016 = 100),2012,2012,7021,Annual value,,91.28,E
100,'356,India,1804,'F1804,"Citrus Fruit, Total",5539,Producer Price Index (2014-2016 = 100),2013,2013,7021,Annual value,,87.32,E
100,'356,India,1804,'F1804,"Citrus Fruit, Total",5539,Producer Price Index (2014-2016 = 100),2014,2014,7021,Annual value,,94.65,E
100,'356,India,1804,'F1804,"Citrus Fruit, Total",5539,Producer Price Index (2014-2016 = 100),2015,2015,7021,Annual value,,100.36,E
100,'356,India,1804,'F1804,"Citrus Fruit, Total",5539,Producer Price Index (2014-2016 = 100),2016,2016,7021,Annual value,,104.99,E
100,'356,India,1804,'F1804,"Citrus Fruit, Total",5539,Producer Price Index (2014-2016 = 100),2017,2017,7021,Annual value,,110.08,E
100,'356,India,1804,'F1804,"Citrus Fruit, Total",5539,Producer Price Index (2014-2016 = 100),2018,2018,7021,Annual value,,109.77,E
100,'356,India,1804,'F1804,"Citrus Fruit, Total",5539,Producer Price Index (2014-2016 = 100),2019,2019,7021,Annual value,,116.57,E
100,'356,India,1804,'F1804,"Citrus Fruit, Total",5539,Producer Price Index (2014-2016 = 100),2020,2020,7021,Annual value,,106.37,E
100,'356,India,1804,'F1804,"Citrus Fruit, Total",5539,Producer Price Index (2014-2016 = 100),2021,2021,7021,Annual value,,129.68,E
100,'356,India,1804,'F1804,"Citrus Fruit, Total",5539,Producer Price Index (2014-2016 = 100),2022,2022,7021,Annual value,,136.78,E
100,'356,India,1804,'F1804,"Citrus Fruit, Total",5539,Producer Price Index (2014-2016 = 100),2023,2023,7021,Annual value,,140.51,E
100,'356,India,1804,'F1804,"Citrus Fruit, Total",5539,Producer Price Index (2014-2016 = 100),2024,2024,7021,Annual value,,149.48,E
100,'356,India,1804,'F1804,"Citrus Fruit, Total",5539,Producer Price Index (2014-2016 = 100),2025,2025,7021,Annual value,,158.3,E
100,'356,India,1814,'F1814,"Coarse Grain, Total",5539,Producer Price Index (2014-2016 = 100),1991,1991,7021,Annual value,,22.08,E
100,'356,India,1814,'F1814,"Coarse Grain, Total",5539,Producer Price Index (2014-2016 = 100),1992,1992,7021,Annual value,,21.83,E
100,'356,India,1814,'F1814,"Coarse Grain, Total",5539,Producer Price Index (2014-2016 = 100),1993,1993,7021,Annual value,,23.48,E
100,'356,India,1814,'F1814,"Coarse Grain, Total",5539,Producer Price Index (2014-2016 = 100),1994,1994,7021,Annual value,,26.66,E
100,'356,India,1814,'F1814,"Coarse Grain, Total",5539,Producer Price Index (2014-2016 = 100),1995,1995,7021,Annual value,,28.2,E
100,'356,India,1814,'F1814,"Coarse Grain, Total",5539,Producer Price Index (2014-2016 = 100),1996,1996,7021,Annual value,,28.63,E
100,'356,India,1814,'F1814,"Coarse Grain, Total",5539,Producer Price Index (2014-2016 = 100),1997,1997,7021,Annual value,,27.57,E
100,'356,India,1814,'F1814,"Coarse Grain, Total",5539,Producer Price Index (2014-2016 = 100),1998,1998,7021,Annual value,,31.33,E
100,'356,India,1814,'F1814,"Coarse Grain, Total",5539,Producer Price Index (2014-2016 = 100),1999,1999,7021,Annual value,,36.78,E
100,'356,India,1814,'F1814,"Coarse Grain, Total",5539,Producer Price Index (2014-2016 = 100),2000,2000,7021,Annual value,,34.11,E
100,'356,India,1814,'F1814,"Coarse Grain, Total",5539,Producer Price Index (2014-2016 = 100),2001,2001,7021,Annual value,,34.17,E
100,'356,India,1814,'F1814,"Coarse Grain, Total",5539,Producer Price Index (2014-2016 = 100),2002,2002,7021,Annual value,,37.15,E
100,'356,India,1814,'F1814,"Coarse Grain, Total",5539,Producer Price Index (2014-2016 = 100),2003,2003,7021,Annual value,,36.02,E
100,'356,India,1814,'F1814,"Coarse Grain, Total",5539,Producer Price Index (2014-2016 = 100),2004,2004,7021,Annual value,,39.49,E
100,'356,India,1814,'F1814,"Coarse Grain, Total",5539,Producer Price Index (2014-2016 = 100),2005,2005,7021,Annual value,,40.05,E
100,'356,India,1814,'F1814,"Coarse Grain, Total",5539,Producer Price Index (2014-2016 = 100),2006,2006,7021,Annual value,,51.82,E
100,'356,India,1814,'F1814,"Coarse Grain, Total",5539,Producer Price Index (2014-2016 = 100),2007,2007,7021,Annual value,,55.57,E
100,'356,India,1814,'F1814,"Coarse Grain, Total",5539,Producer Price Index (2014-2016 = 100),2008,2008,7021,Annual value,,59.31,E
100,'356,India,1814,'F1814,"Coarse Grain, Total",5539,Producer Price Index (2014-2016 = 100),2009,2009,7021,Annual value,,65.52,E
100,'356,India,1814,'F1814,"Coarse Grain, Total",5539,Producer Price Index (2014-2016 = 100),2010,2010,7021,Annual value,,77.14,E
100,'356,India,1814,'F1814,"Coarse Grain, Total",5539,Producer Price Index (2014-2016 = 100),2011,2011,7021,Annual value,,84.12,E
100,'356,India,1814,'F1814,"Coarse Grain, Total",5539,Producer Price Index (2014-2016 = 100),2012,2012,7021,Annual value,,91.28,E
100,'356,India,1814,'F1814,"Coarse Grain, Total",5539,Producer Price Index (2014-2016 = 100),2013,2013,7021,Annual value,,87.32,E
100,'356,India,1814,'F1814,"Coarse Grain, Total",5539,Producer Price Index (2014-2016 = 100),2014,2014,7021,Annual value,,94.65,E
100,'356,India,1814,'F1814,"Coarse Grain, Total",5539,Producer Price Index (2014-2016 = 100),2015,2015,7021,Annual value,,100.36,E
100,'356,India,1814,'F1814,"Coarse Grain, Total",5539,Producer Price Index (2014-2016 = 100),2016,2016,7021,Annual value,,104.99,E
100,'356,India,1814,'F1814,"Coarse Grain, Total",5539,Producer Price Index (2014-2016 = 100),2017,2017,7021,Annual value,,110.08,E
100,'356,India,1814,'F1814,"Coarse Grain, Total",5539,Producer Price Index (2014-2016 = 100),2018,2018,7021,Annual value,,109.77,E
100,'356,India,1814,'F1814,"Coarse Grain, Total",5539,Producer Price Index (2014-2016 = 100),2019,2019,7021,Annual value,,111.54,E
100,'356,India,1814,'F1814,"Coarse Grain, Total",5539,Producer Price Index (2014-2016 = 100),2020,2020,7021,Annual value,,110.77,E
100,'356,India,1814,'F1814,"Coarse Grain, Total",5539,Producer Price Index (2014-2016 = 100),2021,2021,7021,Annual value,,126.82,E
100,'356,India,1814,'F1814,"Coarse Grain, Total",5539,Producer Price Index (2014-2016 = 100),2022,2022,7021,Annual value,,134.27,E
100,'356,India,1814,'F1814,"Coarse Grain, Total",5539,Producer Price Index (2014-2016 = 100),2023,2023,7021,Annual value,,137.1,E
100,'356,India,1814,'F1814,"Coarse Grain, Total",5539,Producer Price Index (2014-2016 = 100),2024,2024,7021,Annual value,,146.38,E
100,'356,India,1814,'F1814,"Coarse Grain, Total",5539,Producer Price Index (2014-2016 = 100),2025,2025,7021,Annual value,,154.81,E
100,'356,India,1783,'F1783,Eggs Primary,5539,Producer Price Index (2014-2016 = 100),1991,1991,7021,Annual value,,15.73,E
100,'356,India,1783,'F1783,Eggs Primary,5539,Producer Price Index (2014-2016 = 100),1992,1992,7021,Annual value,,15.73,E
100,'356,India,1783,'F1783,Eggs Primary,5539,Producer Price Index (2014-2016 = 100),1993,1993,7021,Annual value,,15.73,E
100,'356,India,1783,'F1783,Eggs Primary,5539,Producer Price Index (2014-2016 = 100),1994,1994,7021,Annual value,,26.6,E
100,'356,India,1783,'F1783,Eggs Primary,5539,Producer Price Index (2014-2016 = 100),1995,1995,7021,Annual value,,32.9,E
100,'356,India,1783,'F1783,Eggs Primary,5539,Producer Price Index (2014-2016 = 100),1996,1996,7021,Annual value,,25.25,E
100,'356,India,1783,'F1783,Eggs Primary,5539,Producer Price Index (2014-2016 = 100),1997,1997,7021,Annual value,,33.63,E
100,'356,India,1783,'F1783,Eggs Primary,5539,Producer Price Index (2014-2016 = 100),1998,1998,7021,Annual value,,33.58,E
100,'356,India,1783,'F1783,Eggs Primary,5539,Producer Price Index (2014-2016 = 100),1999,1999,7021,Annual value,,35.36,E
100,'356,India,1783,'F1783,Eggs Primary,5539,Producer Price Index (2014-2016 = 100),2000,2000,7021,Annual value,,36.06,E
100,'356,India,1783,'F1783,Eggs Primary,5539,Producer Price Index (2014-2016 = 100),2001,2001,7021,Annual value,,36.44,E
100,'356,India,1783,'F1783,Eggs Primary,5539,Producer Price Index (2014-2016 = 100),2002,2002,7021,Annual value,,36.72,E
100,'356,India,1783,'F1783,Eggs Primary,5539,Producer Price Index (2014-2016 = 100),2003,2003,7021,Annual value,,39.83,E
100,'356,India,1783,'F1783,Eggs Primary,5539,Producer Price Index (2014-2016 = 100),2004,2004,7021,Annual value,,42.21,E
100,'356,India,1783,'F1783,Eggs Primary,5539,Producer Price Index (2014-2016 = 100),2005,2005,7021,Annual value,,45.95,E
100,'356,India,1783,'F1783,Eggs Primary,5539,Producer Price Index (2014-2016 = 100),2006,2006,7021,Annual value,,48.94,E
100,'356,India,1783,'F1783,Eggs Primary,5539,Producer Price Index (2014-2016 = 100),2007,2007,7021,Annual value,,60.15,E
100,'356,India,1783,'F1783,Eggs Primary,5539,Producer Price Index (2014-2016 = 100),2008,2008,7021,Annual value,,59.31,E
100,'356,India,1783,'F1783,Eggs Primary,5539,Producer Price Index (2014-2016 = 100),2009,2009,7021,Annual value,,65.52,E
100,'356,India,1783,'F1783,Eggs Primary,5539,Producer Price Index (2014-2016 = 100),2010,2010,7021,Annual value,,77.14,E
100,'356,India,1783,'F1783,Eggs Primary,5539,Producer Price Index (2014-2016 = 100),2011,2011,7021,Annual value,,84.12,E
100,'356,India,1783,'F1783,Eggs Primary,5539,Producer Price Index (2014-2016 = 100),2012,2012,7021,Annual value,,91.28,E
100,'356,India,1783,'F1783,Eggs Primary,5539,Producer Price Index (2014-2016 = 100),2013,2013,7021,Annual value,,87.32,E
100,'356,India,1783,'F1783,Eggs Primary,5539,Producer Price Index (2014-2016 = 100),2014,2014,7021,Annual value,,94.65,E
100,'356,India,1783,'F1783,Eggs Primary,5539,Producer Price Index (2014-2016 = 100),2015,2015,7021,Annual value,,100.36,E
100,'356,India,1783,'F1783,Eggs Primary,5539,Producer Price Index (2014-2016 = 100),2016,2016,7021,Annual value,,104.99,E
100,'356,India,1783,'F1783,Eggs Primary,5539,Producer Price Index (2014-2016 = 100),2017,2017,7021,Annual value,,110.08,E
100,'356,India,1783,'F1783,Eggs Primary,5539,Producer Price Index (2014-2016 = 100),2018,2018,7021,Annual value,,109.77,E
100,'356,India,1783,'F1783,Eggs Primary,5539,Producer Price Index (2014-2016 = 100),2019,2019,7021,Annual value,,118.32,E
100,'356,India,1783,'F1783,Eggs Primary,5539,Producer Price Index (2014-2016 = 100),2020,2020,7021,Annual value,,112.82,E
100,'356,India,1783,'F1783,Eggs Primary,5539,Producer Price Index (2014-2016 = 100),2021,2021,7021,Annual value,,130.38,E
100,'356,India,1783,'F1783,Eggs Primary,5539,Producer Price Index (2014-2016 = 100),2022,2022,7021,Annual value,,139.9,E
100,'356,India,1783,'F1783,Eggs Primary,5539,Producer Price Index (2014-2016 = 100),2023,2023,7021,Annual value,,142.9,E
100,'356,India,1783,'F1783,Eggs Primary,5539,Producer Price Index (2014-2016 = 100),2024,2024,7021,Annual value,,152.22,E
100,'356,India,1783,'F1783,Eggs Primary,5539,Producer Price Index (2014-2016 = 100),2025,2025,7021,Annual value,,161.53,E
100,'356,India,1753,'F1753,Fibre Crops Primary,5539,Producer Price Index (2014-2016 = 100),1991,1991,7021,Annual value,,26.43,E
100,'356,India,1753,'F1753,Fibre Crops Primary,5539,Producer Price Index (2014-2016 = 100),1992,1992,7021,Annual value,,23.51,E
100,'356,India,1753,'F1753,Fibre Crops Primary,5539,Producer Price Index (2014-2016 = 100),1993,1993,7021,Annual value,,33.1,E
100,'356,India,1753,'F1753,Fibre Crops Primary,5539,Producer Price Index (2014-2016 = 100),1994,1994,7021,Annual value,,42.5,E
100,'356,India,1753,'F1753,Fibre Crops Primary,5539,Producer Price Index (2014-2016 = 100),1995,1995,7021,Annual value,,40.54,E
100,'356,India,1753,'F1753,Fibre Crops Primary,5539,Producer Price Index (2014-2016 = 100),1996,1996,7021,Annual value,,39.63,E
100,'356,India,1753,'F1753,Fibre Crops Primary,5539,Producer Price Index (2014-2016 = 100),1997,1997,7021,Annual value,,42.71,E
100,'356,India,1753,'F1753,Fibre Crops Primary,5539,Producer Price Index (2014-2016 = 100),1998,1998,7021,Annual value,,49.89,E
100,'356,India,1753,'F1753,Fibre Crops Primary,5539,Producer Price Index (2014-2016 = 100),1999,1999,7021,Annual value,,45.56,E
100,'356,India,1753,'F1753,Fibre Crops Primary,5539,Producer Price Index (2014-2016 = 100),2000,2000,7021,Annual value,,45.58,E
100,'356,India,1753,'F1753,Fibre Crops Primary,5539,Producer Price Index (2014-2016 = 100),2001,2001,7021,Annual value,,47.81,E
100,'356,India,1753,'F1753,Fibre Crops Primary,5539,Producer Price Index (2014-2016 = 100),2002,2002,7021,Annual value,,49.35,E
100,'356,India,1753,'F1753,Fibre Crops Primary,5539,Producer Price Index (2014-2016 = 100),2003,2003,7021,Annual value,,51.66,E
100,'356,India,1753,'F1753,Fibre Crops Primary,5539,Producer Price Index (2014-2016 = 100),2004,2004,7021,Annual value,,47.91,E
100,'356,India,1753,'F1753,Fibre Crops Primary,5539,Producer Price Index (2014-2016 = 100),2005,2005,7021,Annual value,,47.55,E
100,'356,India,1753,'F1753,Fibre Crops Primary,5539,Producer Price Index (2014-2016 = 100),2006,2006,7021,Annual value,,48.81,E
100,'356,India,1753,'F1753,Fibre Crops Primary,5539,Producer Price Index (2014-2016 = 100),2007,2007,7021,Annual value,,58.32,E
100,'356,India,1753,'F1753,Fibre Crops Primary,5539,Producer Price Index (2014-2016 = 100),2008,2008,7021,Annual value,,59.31,E
100,'356,India,1753,'F1753,Fibre Crops Primary,5539,Producer Price Index (2014-2016 = 100),2009,2009,7021,Annual value,,65.52,E
100,'356,India,1753,'F1753,Fibre Crops Primary,5539,Producer Price Index (2014-2016 = 100),2010,2010,7021,Annual value,,77.14,E
100,'356,India,1753,'F1753,Fibre Crops Primary,5539,Producer Price Index (2014-2016 = 100),2011,2011,7021,Annual value,,84.12,E
100,'356,India,1753,'F1753,Fibre Crops Primary,5539,Producer Price Index (2014-2016 = 100),2012,2012,7021,Annual value,,91.28,E
100,'356,India,1753,'F1753,Fibre Crops Primary,5539,Producer Price Index (2014-2016 = 100),2013,2013,7021,Annual value,,87.32,E
100,'356,India,1753,'F1753,Fibre Crops Primary,5539,Producer Price Index (2014-2016 = 100),2014,2014,7021,Annual value,,94.65,E
100,'356,India,1753,'F1753,Fibre Crops Primary,5539,Producer Price Index (2014-2016 = 100),2015,2015,7021,Annual value,,100.36,E
100,'356,India,1753,'F1753,Fibre Crops Primary,5539,Producer Price Index (2014-2016 = 100),2016,2016,7021,Annual value,,104.99,E
100,'356,India,1753,'F1753,Fibre Crops Primary,5539,Producer Price Index (2014-2016 = 100),2017,2017,7021,Annual value,,110.08,E
100,'356,India,1753,'F1753,Fibre Crops Primary,5539,Producer Price Index (2014-2016 = 100),2018,2018,7021,Annual value,,109.77,E
100,'356,India,1753,'F1753,Fibre Crops Primary,5539,Producer Price Index (2014-2016 = 100),2019,2019,7021,Annual value,,119.15,E
100,'356,India,1753,'F1753,Fibre Crops Primary,5539,Producer Price Index (2014-2016 = 100),2020,2020,7021,Annual value,,112.82,E
100,'356,India,1753,'F1753,Fibre Crops Primary,5539,Producer Price Index (2014-2016 = 100),2021,2021,7021,Annual value,,122.4,E
100,'356,India,1753,'F1753,Fibre Crops Primary,5539,Producer Price Index (2014-2016 = 100),2022,2022,7021,Annual value,,127.44,E
100,'356,India,1753,'F1753,Fibre Crops Primary,5539,Producer Price Index (2014-2016 = 100),2023,2023,7021,Annual value,,129.38,E
100,'356,India,1753,'F1753,Fibre Crops Primary,5539,Producer Price Index (2014-2016 = 100),2024,2024,7021,Annual value,,142.02,E
100,'356,India,1753,'F1753,Fibre Crops Primary,5539,Producer Price Index (2014-2016 = 100),2025,2025,7021,Annual value,,150.88,E
100,'356,India,1801,'F1801,"Fruit excl Melons, Total",5539,Producer Price Index (2014-2016 = 100),1991,1991,7021,Annual value,,14.7,E
100,'356,India,1801,'F1801,"Fruit excl Melons, Total",5539,Producer Price Index (2014-2016 = 100),1992,1992,7021,Annual value,,16.61,E
100,'356,India,1801,'F1801,"Fruit excl Melons, Total",5539,Producer Price Index (2014-2016 = 100),1993,1993,7021,Annual value,,21.45,E
100,'356,India,1801,'F1801,"Fruit excl Melons, Total",5539,Producer Price Index (2014-2016 = 100),1994,1994,7021,Annual value,,22.44,E
100,'356,India,1801,'F1801,"Fruit excl Melons, Total",5539,Producer Price Index (2014-2016 = 100),1995,1995,7021,Annual value,,23.43,E
100,'356,India,1801,'F1801,"Fruit excl Melons, Total",5539,Producer Price Index (2014-2016 = 100),1996,1996,7021,Annual value,,28.93,E
100,'356,India,1801,'F1801,"Fruit excl Melons, Total",5539,Producer Price Index (2014-2016 = 100),1997,1997,7021,Annual value,,31.94,E
100,'356,India,1801,'F1801,"Fruit excl Melons, Total",5539,Producer Price Index (2014-2016 = 100),1998,1998,7021,Annual value,,32.98,E
100,'356,India,1801,'F1801,"Fruit excl Melons, Total",5539,Producer Price Index (2014-2016 = 100),1999,1999,7021,Annual value,,31.88,E
100,'356,India,1801,'F1801,"Fruit excl Melons, Total",5539,Producer Price Index (2014-2016 = 100),2000,2000,7021,Annual value,,30.66,E
100,'356,India,1801,'F1801,"Fruit excl Melons, Total",5539,Producer Price Index (2014-2016 = 100),2001,2001,7021,Annual value,,32.8,E
100,'356,India,1801,'F1801,"Fruit excl Melons, Total",5539,Producer Price Index (2014-2016 = 100),2002,2002,7021,Annual value,,37.11,E
100,'356,India,1801,'F1801,"Fruit excl Melons, Total",5539,Producer Price Index (2014-2016 = 100),2003,2003,7021,Annual value,,39.83,E
100,'356,India,1801,'F1801,"Fruit excl Melons, Total",5539,Producer Price Index (2014-2016 = 100),2004,2004,7021,Annual value,,42.21,E
100,'356,India,1801,'F1801,"Fruit excl Melons, Total",5539,Producer Price Index (2014-2016 = 100),2005,2005,7021,Annual value,,45.95,E
100,'356,India,1801,'F1801,"Fruit excl Melons, Total",5539,Producer Price Index (2014-2016 = 100),2006,2006,7021,Annual value,,48.94,E
100,'356,India,1801,'F1801,"Fruit excl Melons, Total",5539,Producer Price Index (2014-2016 = 100),2007,2007,7021,Annual value,,60.15,E
100,'356,India,1801,'F1801,"Fruit excl Melons, Total",5539,Producer Price Index (2014-2016 = 100),2008,2008,7021,Annual value,,59.31,E
100,'356,India,1801,'F1801,"Fruit excl Melons, Total",5539,Producer Price Index (2014-2016 = 100),2009,2009,7021,Annual value,,65.52,E
100,'356,India,1801,'F1801,"Fruit excl Melons, Total",5539,Producer Price Index (2014-2016 = 100),2010,2010,7021,Annual value,,77.14,E
100,'356,India,1801,'F1801,"Fruit excl Melons, Total",5539,Producer Price Index (2014-2016 = 100),2011,2011,7021,Annual value,,84.12,E
100,'356,India,1801,'F1801,"Fruit excl Melons, Total",5539,Producer Price Index (2014-2016 = 100),2012,2012,7021,Annual value,,91.28,E
100,'356,India,1801,'F1801,"Fruit excl Melons, Total",5539,Producer Price Index (2014-2016 = 100),2013,2013,7021,Annual value,,87.32,E
100,'356,India,1801,'F1801,"Fruit excl Melons, Total",5539,Producer Price Index (2014-2016 = 100),2014,2014,7021,Annual value,,94.65,E
100,'356,India,1801,'F1801,"Fruit excl Melons, Total",5539,Producer Price Index (2014-2016 = 100),2015,2015,7021,Annual value,,100.36,E
100,'356,India,1801,'F1801,"Fruit excl Melons, Total",5539,Producer Price Index (2014-2016 = 100),2016,2016,7021,Annual value,,104.99,E
100,'356,India,1801,'F1801,"Fruit excl Melons, Total",5539,Producer Price Index (2014-2016 = 100),2017,2017,7021,Annual value,,110.08,E
100,'356,India,1801,'F1801,"Fruit excl Melons, Total",5539,Producer Price Index (2014-2016 = 100),2018,2018,7021,Annual value,,109.77,E
100,'356,India,1801,'F1801,"Fruit excl Melons, Total",5539,Producer Price Index (2014-2016 = 100),2019,2019,7021,Annual value,,115.83,E
100,'356,India,1801,'F1801,"Fruit excl Melons, Total",5539,Producer Price Index (2014-2016 = 100),2020,2020,7021,Annual value,,109.28,E
100,'356,India,1801,'F1801,"Fruit excl Melons, Total",5539,Producer Price Index (2014-2016 = 100),2021,2021,7021,Annual value,,129.73,E
100,'356,India,1801,'F1801,"Fruit excl Melons, Total",5539,Producer Price Index (2014-2016 = 100),2022,2022,7021,Annual value,,136.13,E
100,'356,India,1801,'F1801,"Fruit excl Melons, Total",5539,Producer Price Index (2014-2016 = 100),2023,2023,7021,Annual value,,139.17,E
100,'356,India,1801,'F1801,"Fruit excl Melons, Total",5539,Producer Price Index (2014-2016 = 100),2024,2024,7021,Annual value,,148.31,E
100,'356,India,1801,'F1801,"Fruit excl Melons, Total",5539,Producer Price Index (2014-2016 = 100),2025,2025,7021,Annual value,,157.04,E
100,'356,India,1738,'F1738,Fruit Primary,5539,Producer Price Index (2014-2016 = 100),1991,1991,7021,Annual value,,14.68,E
100,'356,India,1738,'F1738,Fruit Primary,5539,Producer Price Index (2014-2016 = 100),1992,1992,7021,Annual value,,16.58,E
100,'356,India,1738,'F1738,Fruit Primary,5539,Producer Price Index (2014-2016 = 100),1993,1993,7021,Annual value,,21.38,E
100,'356,India,1738,'F1738,Fruit Primary,5539,Producer Price Index (2014-2016 = 100),1994,1994,7021,Annual value,,22.42,E
100,'356,India,1738,'F1738,Fruit Primary,5539,Producer Price Index (2014-2016 = 100),1995,1995,7021,Annual value,,23.42,E
100,'356,India,1738,'F1738,Fruit Primary,5539,Producer Price Index (2014-2016 = 100),1996,1996,7021,Annual value,,28.9,E
100,'356,India,1738,'F1738,Fruit Primary,5539,Producer Price Index (2014-2016 = 100),1997,1997,7021,Annual value,,32.26,E
100,'356,India,1738,'F1738,Fruit Primary,5539,Producer Price Index (2014-2016 = 100),1998,1998,7021,Annual value,,33.32,E
100,'356,India,1738,'F1738,Fruit Primary,5539,Producer Price Index (2014-2016 = 100),1999,1999,7021,Annual value,,32.34,E
100,'356,India,1738,'F1738,Fruit Primary,5539,Producer Price Index (2014-2016 = 100),2000,2000,7021,Annual value,,31.13,E
100,'356,India,1738,'F1738,Fruit Primary,5539,Producer Price Index (2014-2016 = 100),2001,2001,7021,Annual value,,32.79,E
100,'356,India,1738,'F1738,Fruit Primary,5539,Producer Price Index (2014-2016 = 100),2002,2002,7021,Annual value,,37.1,E
100,'356,India,1738,'F1738,Fruit Primary,5539,Producer Price Index (2014-2016 = 100),2003,2003,7021,Annual value,,39.83,E
100,'356,India,1738,'F1738,Fruit Primary,5539,Producer Price Index (2014-2016 = 100),2004,2004,7021,Annual value,,42.21,E
100,'356,India,1738,'F1738,Fruit Primary,5539,Producer Price Index (2014-2016 = 100),2005,2005,7021,Annual value,,45.95,E
100,'356,India,1738,'F1738,Fruit Primary,5539,Producer Price Index (2014-2016 = 100),2006,2006,7021,Annual value,,48.94,E
100,'356,India,1738,'F1738,Fruit Primary,5539,Producer Price Index (2014-2016 = 100),2007,2007,7021,Annual value,,60.15,E
100,'356,India,1738,'F1738,Fruit Primary,5539,Producer Price Index (2014-2016 = 100),2008,2008,7021,Annual value,,59.31,E
100,'356,India,1738,'F1738,Fruit Primary,5539,Producer Price Index (2014-2016 = 100),2009,2009,7021,Annual value,,65.52,E
100,'356,India,1738,'F1738,Fruit Primary,5539,Producer Price Index (2014-2016 = 100),2010,2010,7021,Annual value,,77.14,E
100,'356,India,1738,'F1738,Fruit Primary,5539,Producer Price Index (2014-2016 = 100),2011,2011,7021,Annual value,,84.12,E
100,'356,India,1738,'F1738,Fruit Primary,5539,Producer Price Index (2014-2016 = 100),2012,2012,7021,Annual value,,91.28,E
100,'356,India,1738,'F1738,Fruit Primary,5539,Producer Price Index (2014-2016 = 100),2013,2013,7021,Annual value,,87.32,E
100,'356,India,1738,'F1738,Fruit Primary,5539,Producer Price Index (2014-2016 = 100),2014,2014,7021,Annual value,,94.65,E
100,'356,India,1738,'F1738,Fruit Primary,5539,Producer Price Index (2014-2016 = 100),2015,2015,7021,Annual value,,100.36,E
100,'356,India,1738,'F1738,Fruit Primary,5539,Producer Price Index (2014-2016 = 100),2016,2016,7021,Annual value,,104.99,E
100,'356,India,1738,'F1738,Fruit Primary,5539,Producer Price Index (2014-2016 = 100),2017,2017,7021,Annual value,,110.08,E
100,'356,India,1738,'F1738,Fruit Primary,5539,Producer Price Index (2014-2016 = 100),2018,2018,7021,Annual value,,109.77,E
100,'356,India,1738,'F1738,Fruit Primary,5539,Producer Price Index (2014-2016 = 100),2019,2019,7021,Annual value,,115.89,E
100,'356,India,1738,'F1738,Fruit Primary,5539,Producer Price Index (2014-2016 = 100),2020,2020,7021,Annual value,,109.29,E
100,'356,India,1738,'F1738,Fruit Primary,5539,Producer Price Index (2014-2016 = 100),2021,2021,7021,Annual value,,129.89,E
100,'356,India,1738,'F1738,Fruit Primary,5539,Producer Price Index (2014-2016 = 100),2022,2022,7021,Annual value,,136.48,E
100,'356,India,1738,'F1738,Fruit Primary,5539,Producer Price Index (2014-2016 = 100),2023,2023,7021,Annual value,,139.61,E
100,'356,India,1738,'F1738,Fruit Primary,5539,Producer Price Index (2014-2016 = 100),2024,2024,7021,Annual value,,148.59,E
100,'356,India,1738,'F1738,Fruit Primary,5539,Producer Price Index (2014-2016 = 100),2025,2025,7021,Annual value,,157.15,E
100,'356,India,1751,'F1751,Jute & Jute-like Fibres,5539,Producer Price Index (2014-2016 = 100),1991,1991,7021,Annual value,,20.5,E
100,'356,India,1751,'F1751,Jute & Jute-like Fibres,5539,Producer Price Index (2014-2016 = 100),1992,1992,7021,Annual value,,19.88,E
100,'356,India,1751,'F1751,Jute & Jute-like Fibres,5539,Producer Price Index (2014-2016 = 100),1993,1993,7021,Annual value,,24.33,E
100,'356,India,1751,'F1751,Jute & Jute-like Fibres,5539,Producer Price Index (2014-2016 = 100),1994,1994,7021,Annual value,,26.76,E
100,'356,India,1751,'F1751,Jute & Jute-like Fibres,5539,Producer Price Index (2014-2016 = 100),1995,1995,7021,Annual value,,37.96,E
100,'356,India,1751,'F1751,Jute & Jute-like Fibres,5539,Producer Price Index (2014-2016 = 100),1996,1996,7021,Annual value,,35.87,E
100,'356,India,1751,'F1751,Jute & Jute-like Fibres,5539,Producer Price Index (2014-2016 = 100),1997,1997,7021,Annual value,,28.84,E
100,'356,India,1751,'F1751,Jute & Jute-like Fibres,5539,Producer Price Index (2014-2016 = 100),1998,1998,7021,Annual value,,40.45,E
100,'356,India,1751,'F1751,Jute & Jute-like Fibres,5539,Producer Price Index (2014-2016 = 100),1999,1999,7021,Annual value,,41.02,E
100,'356,India,1751,'F1751,Jute & Jute-like Fibres,5539,Producer Price Index (2014-2016 = 100),2000,2000,7021,Annual value,,46.06,E
100,'356,India,1751,'F1751,Jute & Jute-like Fibres,5539,Producer Price Index (2014-2016 = 100),2001,2001,7021,Annual value,,40.61,E
100,'356,India,1751,'F1751,Jute & Jute-like Fibres,5539,Producer Price Index (2014-2016 = 100),2002,2002,7021,Annual value,,37.77,E
100,'356,India,1751,'F1751,Jute & Jute-like Fibres,5539,Producer Price Index (2014-2016 = 100),2003,2003,7021,Annual value,,38.0,E
100,'356,India,1751,'F1751,Jute & Jute-like Fibres,5539,Producer Price Index (2014-2016 = 100),2004,2004,7021,Annual value,,41.39,E
100,'356,India,1751,'F1751,Jute & Jute-like Fibres,5539,Producer Price Index (2014-2016 = 100),2005,2005,7021,Annual value,,50.62,E
100,'356,India,1751,'F1751,Jute & Jute-like Fibres,5539,Producer Price Index (2014-2016 = 100),2006,2006,7021,Annual value,,51.76,E
100,'356,India,1751,'F1751,Jute & Jute-like Fibres,5539,Producer Price Index (2014-2016 = 100),2007,2007,7021,Annual value,,63.62,E
100,'356,India,1751,'F1751,Jute & Jute-like Fibres,5539,Producer Price Index (2014-2016 = 100),2008,2008,7021,Annual value,,59.31,E
100,'356,India,1751,'F1751,Jute & Jute-like Fibres,5539,Producer Price Index (2014-2016 = 100),2009,2009,7021,Annual value,,65.52,E
100,'356,India,1751,'F1751,Jute & Jute-like Fibres,5539,Producer Price Index (2014-2016 = 100),2010,2010,7021,Annual value,,77.14,E
100,'356,India,1751,'F1751,Jute & Jute-like Fibres,5539,Producer Price Index (2014-2016 = 100),2011,2011,7021,Annual value,,84.12,E
100,'356,India,1751,'F1751,Jute & Jute-like Fibres,5539,Producer Price Index (2014-2016 = 100),2012,2012,7021,Annual value,,91.28,E
100,'356,India,1751,'F1751,Jute & Jute-like Fibres,5539,Producer Price Index (2014-2016 = 100),2013,2013,7021,Annual value,,87.32,E
100,'356,India,1751,'F1751,Jute & Jute-like Fibres,5539,Producer Price Index (2014-2016 = 100),2014,2014,7021,Annual value,,94.65,E
100,'356,India,1751,'F1751,Jute & Jute-like Fibres,5539,Producer Price Index (2014-2016 = 100),2015,2015,7021,Annual value,,100.36,E
100,'356,India,1751,'F1751,Jute & Jute-like Fibres,5539,Producer Price Index (2014-2016 = 100),2016,2016,7021,Annual value,,104.99,E
100,'356,India,1751,'F1751,Jute & Jute-like Fibres,5539,Producer Price Index (2014-2016 = 100),2017,2017,7021,Annual value,,110.08,E
100,'356,India,1751,'F1751,Jute & Jute-like Fibres,5539,Producer Price Index (2014-2016 = 100),2018,2018,7021,Annual value,,109.77,E
100,'356,India,1751,'F1751,Jute & Jute-like Fibres,5539,Producer Price Index (2014-2016 = 100),2019,2019,7021,Annual value,,118.34,E
100,'356,India,1751,'F1751,Jute & Jute-like Fibres,5539,Producer Price Index (2014-2016 = 100),2020,2020,7021,Annual value,,121.14,E
100,'356,India,1751,'F1751,Jute & Jute-like Fibres,5539,Producer Price Index (2014-2016 = 100),2021,2021,7021,Annual value,,131.15,E
100,'356,India,1751,'F1751,Jute & Jute-like Fibres,5539,Producer Price Index (2014-2016 = 100),2022,2022,7021,Annual value,,135.77,E
100,'356,India,1751,'F1751,Jute & Jute-like Fibres,5539,Producer Price Index (2014-2016 = 100),2023,2023,7021,Annual value,,137.97,E
100,'356,India,1751,'F1751,Jute & Jute-like Fibres,5539,Producer Price Index (2014-2016 = 100),2024,2024,7021,Annual value,,148.33,E
100,'356,India,1751,'F1751,Jute & Jute-like Fibres,5539,Producer Price Index (2014-2016 = 100),2025,2025,7021,Annual value,,156.21,E
100,'356,India,2044,'F2044,Livestock,5539,Producer Price Index (2014-2016 = 100),1991,1991,7021,Annual value,,17.36,E
100,'356,India,2044,'F2044,Livestock,5539,Producer Price Index (2014-2016 = 100),1992,1992,7021,Annual value,,19.78,E
100,'356,India,2044,'F2044,Livestock,5539,Producer Price Index (2014-2016 = 100),1993,1993,7021,Annual value,,20.19,E
100,'356,India,2044,'F2044,Livestock,5539,Producer Price Index (2014-2016 = 100),1994,1994,7021,Annual value,,23.42,E
100,'356,India,2044,'F2044,Livestock,5539,Producer Price Index (2014-2016 = 100),1995,1995,7021,Annual value,,25.86,E
100,'356,India,2044,'F2044,Livestock,5539,Producer Price Index (2014-2016 = 100),1996,1996,7021,Annual value,,27.4,E
100,'356,India,2044,'F2044,Livestock,5539,Producer Price Index (2014-2016 = 100),1997,1997,7021,Annual value,,29.7,E
100,'356,India,2044,'F2044,Livestock,5539,Producer Price Index (2014-2016 = 100),1998,1998,7021,Annual value,,31.49,E
100,'356,India,2044,'F2044,Livestock,5539,Producer Price Index (2014-2016 = 100),1999,1999,7021,Annual value,,32.97,E
100,'356,India,2044,'F2044,Livestock,5539,Producer Price Index (2014-2016 = 100),2000,2000,7021,Annual value,,35.59,E
100,'356,India,2044,'F2044,Livestock,5539,Producer Price Index (2014-2016 = 100),2001,2001,7021,Annual value,,36.19,E
100,'356,India,2044,'F2044,Livestock,5539,Producer Price Index (2014-2016 = 100),2002,2002,7021,Annual value,,36.72,E
100,'356,India,2044,'F2044,Livestock,5539,Producer Price Index (2014-2016 = 100),2003,2003,7021,Annual value,,39.83,E
100,'356,India,2044,'F2044,Livestock,5539,Producer Price Index (2014-2016 = 100),2004,2004,7021,Annual value,,42.21,E
100,'356,India,2044,'F2044,Livestock,5539,Producer Price Index (2014-2016 = 100),2005,2005,7021,Annual value,,45.95,E
100,'356,India,2044,'F2044,Livestock,5539,Producer Price Index (2014-2016 = 100),2006,2006,7021,Annual value,,48.94,E
100,'356,India,2044,'F2044,Livestock,5539,Producer Price Index (2014-2016 = 100),2007,2007,7021,Annual value,,60.15,E
100,'356,India,2044,'F2044,Livestock,5539,Producer Price Index (2014-2016 = 100),2008,2008,7021,Annual value,,59.31,E
100,'356,India,2044,'F2044,Livestock,5539,Producer Price Index (2014-2016 = 100),2009,2009,7021,Annual value,,65.52,E
100,'356,India,2044,'F2044,Livestock,5539,Producer Price Index (2014-2016 = 100),2010,2010,7021,Annual value,,77.14,E
100,'356,India,2044,'F2044,Livestock,5539,Producer Price Index (2014-2016 = 100),2011,2011,7021,Annual value,,84.12,E
100,'356,India,2044,'F2044,Livestock,5539,Producer Price Index (2014-2016 = 100),2012,2012,7021,Annual value,,91.28,E
100,'356,India,2044,'F2044,Livestock,5539,Producer Price Index (2014-2016 = 100),2013,2013,7021,Annual value,,87.32,E
100,'356,India,2044,'F2044,Livestock,5539,Producer Price Index (2014-2016 = 100),2014,2014,7021,Annual value,,94.65,E
100,'356,India,2044,'F2044,Livestock,5539,Producer Price Index (2014-2016 = 100),2015,2015,7021,Annual value,,100.36,E
100,'356,India,2044,'F2044,Livestock,5539,Producer Price Index (2014-2016 = 100),2016,2016,7021,Annual value,,104.99,E
100,'356,India,2044,'F2044,Livestock,5539,Producer Price Index (2014-2016 = 100),2017,2017,7021,Annual value,,110.08,E
100,'356,India,2044,'F2044,Livestock,5539,Producer Price Index (2014-2016 = 100),2018,2018,7021,Annual value,,109.77,E
100,'356,India,2044,'F2044,Livestock,5539,Producer Price Index (2014-2016 = 100),2019,2019,7021,Annual value,,118.17,E
100,'356,India,2044,'F2044,Livestock,5539,Producer Price Index (2014-2016 = 100),2020,2020,7021,Annual value,,110.55,E
100,'356,India,2044,'F2044,Livestock,5539,Producer Price Index (2014-2016 = 100),2021,2021,7021,Annual value,,127.65,E
100,'356,India,2044,'F2044,Livestock,5539,Producer Price Index (2014-2016 = 100),2022,2022,7021,Annual value,,136.19,E
100,'356,India,2044,'F2044,Livestock,5539,Producer Price Index (2014-2016 = 100),2023,2023,7021,Annual value,,139.16,E
100,'356,India,2044,'F2044,Livestock,5539,Producer Price Index (2014-2016 = 100),2024,2024,7021,Annual value,,148.92,E
100,'356,India,2044,'F2044,Livestock,5539,Producer Price Index (2014-2016 = 100),2025,2025,7021,Annual value,,158.57,E
100,'356,India,1765,'F1765,"Meat, Total",5539,Producer Price Index (2014-2016 = 100),1991,1991,7021,Annual value,,19.45,E
100,'356,India,1765,'F1765,"Meat, Total",5539,Producer Price Index (2014-2016 = 100),1992,1992,7021,Annual value,,21.31,E
100,'356,India,1765,'F1765,"Meat, Total",5539,Producer Price Index (2014-2016 = 100),1993,1993,7021,Annual value,,23.93,E
100,'356,India,1765,'F1765,"Meat, Total",5539,Producer Price Index (2014-2016 = 100),1994,1994,7021,Annual value,,24.0,E
100,'356,India,1765,'F1765,"Meat, Total",5539,Producer Price Index (2014-2016 = 100),1995,1995,7021,Annual value,,32.16,E
100,'356,India,1765,'F1765,"Meat, Total",5539,Producer Price Index (2014-2016 = 100),1996,1996,7021,Annual value,,45.26,E
100,'356,India,1765,'F1765,"Meat, Total",5539,Producer Price Index (2014-2016 = 100),1997,1997,7021,Annual value,,42.64,E
100,'356,India,1765,'F1765,"Meat, Total",5539,Producer Price Index (2014-2016 = 100),1998,1998,7021,Annual value,,34.83,E
100,'356,India,1765,'F1765,"Meat, Total",5539,Producer Price Index (2014-2016 = 100),1999,1999,7021,Annual value,,33.9,E
100,'356,India,1765,'F1765,"Meat, Total",5539,Producer Price Index (2014-2016 = 100),2000,2000,7021,Annual value,,35.22,E
100,'356,India,1765,'F1765,"Meat, Total",5539,Producer Price Index (2014-2016 = 100),2001,2001,7021,Annual value,,37.12,E
100,'356,India,1765,'F1765,"Meat, Total",5539,Producer Price Index (2014-2016 = 100),2002,2002,7021,Annual value,,37.02,E
100,'356,India,1765,'F1765,"Meat, Total",5539,Producer Price Index (2014-2016 = 100),2003,2003,7021,Annual value,,39.83,E
100,'356,India,1765,'F1765,"Meat, Total",5539,Producer Price Index (2014-2016 = 100),2004,2004,7021,Annual value,,42.21,E
100,'356,India,1765,'F1765,"Meat, Total",5539,Producer Price Index (2014-2016 = 100),2005,2005,7021,Annual value,,45.95,E
100,'356,India,1765,'F1765,"Meat, Total",5539,Producer Price Index (2014-2016 = 100),2006,2006,7021,Annual value,,48.94,E
100,'356,India,1765,'F1765,"Meat, Total",5539,Producer Price Index (2014-2016 = 100),2007,2007,7021,Annual value,,60.15,E
100,'356,India,1765,'F1765,"Meat, Total",5539,Producer Price Index (2014-2016 = 100),2008,2008,7021,Annual value,,59.31,E
100,'356,India,1765,'F1765,"Meat, Total",5539,Producer Price Index (2014-2016 = 100),2009,2009,7021,Annual value,,65.52,E
100,'356,India,1765,'F1765,"Meat, Total",5539,Producer Price Index (2014-2016 = 100),2010,2010,7021,Annual value,,77.14,E
100,'356,India,1765,'F1765,"Meat, Total",5539,Producer Price Index (2014-2016 = 100),2011,2011,7021,Annual value,,84.12,E
100,'356,India,1765,'F1765,"Meat, Total",5539,Producer Price Index (2014-2016 = 100),2012,2012,7021,Annual value,,91.28,E
100,'356,India,1765,'F1765,"Meat, Total",5539,Producer Price Index (2014-2016 = 100),2013,2013,7021,Annual value,,87.32,E
100,'356,India,1765,'F1765,"Meat, Total",5539,Producer Price Index (2014-2016 = 100),2014,2014,7021,Annual value,,94.65,E
100,'356,India,1765,'F1765,"Meat, Total",5539,Producer Price Index (2014-2016 = 100),2015,2015,7021,Annual value,,100.36,E
100,'356,India,1765,'F1765,"Meat, Total",5539,Producer Price Index (2014-2016 = 100),2016,2016,7021,Annual value,,104.99,E
100,'356,India,1765,'F1765,"Meat, Total",5539,Producer Price Index (2014-2016 = 100),2017,2017,7021,Annual value,,110.08,E
100,'356,India,1765,'F1765,"Meat, Total",5539,Producer Price Index (2014-2016 = 100),2018,2018,7021,Annual value,,109.77,E
100,'356,India,1765,'F1765,"Meat, Total",5539,Producer Price Index (2014-2016 = 100),2019,2019,7021,Annual value,,118.82,E
100,'356,India,1765,'F1765,"Meat, Total",5539,Producer Price Index (2014-2016 = 100),2020,2020,7021,Annual value,,118.3,E
100,'356,India,1765,'F1765,"Meat, Total",5539,Producer Price Index (2014-2016 = 100),2021,2021,7021,Annual value,,130.77,E
100,'356,India,1765,'F1765,"Meat, Total",5539,Producer Price Index (2014-2016 = 100),2022,2022,7021,Annual value,,135.92,E
100,'356,India,1765,'F1765,"Meat, Total",5539,Producer Price Index (2014-2016 = 100),2023,2023,7021,Annual value,,136.31,E
100,'356,India,1765,'F1765,"Meat, Total",5539,Producer Price Index (2014-2016 = 100),2024,2024,7021,Annual value,,148.08,E
100,'356,India,1765,'F1765,"Meat, Total",5539,Producer Price Index (2014-2016 = 100),2025,2025,7021,Annual value,,156.4,E
100,'356,India,1780,'F1780,"Milk, Total",5539,Producer Price Index (2014-2016 = 100),1991,1991,7021,Annual value,,17.2,E
100,'356,India,1780,'F1780,"Milk, Total",5539,Producer Price Index (2014-2016 = 100),1992,1992,7021,Annual value,,19.86,E
100,'356,India,1780,'F1780,"Milk, Total",5539,Producer Price Index (2014-2016 = 100),1993,1993,7021,Annual value,,20.35,E
100,'356,India,1780,'F1780,"Milk, Total",5539,Producer Price Index (2014-2016 = 100),1994,1994,7021,Annual value,,23.08,E
100,'356,India,1780,'F1780,"Milk, Total",5539,Producer Price Index (2014-2016 = 100),1995,1995,7021,Annual value,,25.3,E
100,'356,India,1780,'F1780,"Milk, Total",5539,Producer Price Index (2014-2016 = 100),1996,1996,7021,Annual value,,27.35,E
100,'356,India,1780,'F1780,"Milk, Total",5539,Producer Price Index (2014-2016 = 100),1997,1997,7021,Annual value,,29.31,E
100,'356,India,1780,'F1780,"Milk, Total",5539,Producer Price Index (2014-2016 = 100),1998,1998,7021,Annual value,,31.24,E
100,'356,India,1780,'F1780,"Milk, Total",5539,Producer Price Index (2014-2016 = 100),1999,1999,7021,Annual value,,32.75,E
100,'356,India,1780,'F1780,"Milk, Total",5539,Producer Price Index (2014-2016 = 100),2000,2000,7021,Annual value,,35.51,E
100,'356,India,1780,'F1780,"Milk, Total",5539,Producer Price Index (2014-2016 = 100),2001,2001,7021,Annual value,,36.17,E
100,'356,India,1780,'F1780,"Milk, Total",5539,Producer Price Index (2014-2016 = 100),2002,2002,7021,Annual value,,36.72,E
100,'356,India,1780,'F1780,"Milk, Total",5539,Producer Price Index (2014-2016 = 100),2003,2003,7021,Annual value,,39.83,E
100,'356,India,1780,'F1780,"Milk, Total",5539,Producer Price Index (2014-2016 = 100),2004,2004,7021,Annual value,,42.21,E
100,'356,India,1780,'F1780,"Milk, Total",5539,Producer Price Index (2014-2016 = 100),2005,2005,7021,Annual value,,45.95,E
100,'356,India,1780,'F1780,"Milk, Total",5539,Producer Price Index (2014-2016 = 100),2006,2006,7021,Annual value,,48.94,E
100,'356,India,1780,'F1780,"Milk, Total",5539,Producer Price Index (2014-2016 = 100),2007,2007,7021,Annual value,,60.15,E
100,'356,India,1780,'F1780,"Milk, Total",5539,Producer Price Index (2014-2016 = 100),2008,2008,7021,Annual value,,59.31,E
100,'356,India,1780,'F1780,"Milk, Total",5539,Producer Price Index (2014-2016 = 100),2009,2009,7021,Annual value,,65.52,E
100,'356,India,1780,'F1780,"Milk, Total",5539,Producer Price Index (2014-2016 = 100),2010,2010,7021,Annual value,,77.14,E
100,'356,India,1780,'F1780,"Milk, Total",5539,Producer Price Index (2014-2016 = 100),2011,2011,7021,Annual value,,84.12,E
100,'356,India,1780,'F1780,"Milk, Total",5539,Producer Price Index (2014-2016 = 100),2012,2012,7021,Annual value,,91.28,E
100,'356,India,1780,'F1780,"Milk, Total",5539,Producer Price Index (2014-2016 = 100),2013,2013,7021,Annual value,,87.32,E
100,'356,India,1780,'F1780,"Milk, Total",5539,Producer Price Index (2014-2016 = 100),2014,2014,7021,Annual value,,94.65,E
100,'356,India,1780,'F1780,"Milk, Total",5539,Producer Price Index (2014-2016 = 100),2015,2015,7021,Annual value,,100.36,E
100,'356,India,1780,'F1780,"Milk, Total",5539,Producer Price Index (2014-2016 = 100),2016,2016,7021,Annual value,,104.99,E
100,'356,India,1780,'F1780,"Milk, Total",5539,Producer Price Index (2014-2016 = 100),2017,2017,7021,Annual value,,110.08,E
100,'356,India,1780,'F1780,"Milk, Total",5539,Producer Price Index (2014-2016 = 100),2018,2018,7021,Annual value,,109.77,E
100,'356,India,1780,'F1780,"Milk, Total",5539,Producer Price Index (2014-2016 = 100),2019,2019,7021,Annual value,,118.14,E
100,'356,India,1780,'F1780,"Milk, Total",5539,Producer Price Index (2014-2016 = 100),2020,2020,7021,Annual value,,110.17,E
100,'356,India,1780,'F1780,"Milk, Total",5539,Producer Price Index (2014-2016 = 100),2021,2021,7021,Annual value,,127.39,E
100,'356,India,1780,'F1780,"Milk, Total",5539,Producer Price Index (2014-2016 = 100),2022,2022,7021,Annual value,,135.96,E
100,'356,India,1780,'F1780,"Milk, Total",5539,Producer Price Index (2014-2016 = 100),2023,2023,7021,Annual value,,138.94,E
100,'356,India,1780,'F1780,"Milk, Total",5539,Producer Price Index (2014-2016 = 100),2024,2024,7021,Annual value,,148.69,E
100,'356,India,1780,'F1780,"Milk, Total",5539,Producer Price Index (2014-2016 = 100),2025,2025,7021,Annual value,,158.44,E
100,'356,India,1732,'F1732,"Oilcrops, Oil Equivalent",5539,Producer Price Index (2014-2016 = 100),1991,1991,7021,Annual value,,27.53,E
100,'356,India,1732,'F1732,"Oilcrops, Oil Equivalent",5539,Producer Price Index (2014-2016 = 100),1992,1992,7021,Annual value,,28.58,E
100,'356,India,1732,'F1732,"Oilcrops, Oil Equivalent",5539,Producer Price Index (2014-2016 = 100),1993,1993,7021,Annual value,,30.92,E
100,'356,India,1732,'F1732,"Oilcrops, Oil Equivalent",5539,Producer Price Index (2014-2016 = 100),1994,1994,7021,Annual value,,34.93,E
100,'356,India,1732,'F1732,"Oilcrops, Oil Equivalent",5539,Producer Price Index (2014-2016 = 100),1995,1995,7021,Annual value,,36.62,E
100,'356,India,1732,'F1732,"Oilcrops, Oil Equivalent",5539,Producer Price Index (2014-2016 = 100),1996,1996,7021,Annual value,,35.03,E
100,'356,India,1732,'F1732,"Oilcrops, Oil Equivalent",5539,Producer Price Index (2014-2016 = 100),1997,1997,7021,Annual value,,38.55,E
100,'356,India,1732,'F1732,"Oilcrops, Oil Equivalent",5539,Producer Price Index (2014-2016 = 100),1998,1998,7021,Annual value,,39.35,E
100,'356,India,1732,'F1732,"Oilcrops, Oil Equivalent",5539,Producer Price Index (2014-2016 = 100),1999,1999,7021,Annual value,,38.51,E
100,'356,India,1732,'F1732,"Oilcrops, Oil Equivalent",5539,Producer Price Index (2014-2016 = 100),2000,2000,7021,Annual value,,38.78,E
100,'356,India,1732,'F1732,"Oilcrops, Oil Equivalent",5539,Producer Price Index (2014-2016 = 100),2001,2001,7021,Annual value,,39.91,E
100,'356,India,1732,'F1732,"Oilcrops, Oil Equivalent",5539,Producer Price Index (2014-2016 = 100),2002,2002,7021,Annual value,,42.08,E
100,'356,India,1732,'F1732,"Oilcrops, Oil Equivalent",5539,Producer Price Index (2014-2016 = 100),2003,2003,7021,Annual value,,44.49,E
100,'356,India,1732,'F1732,"Oilcrops, Oil Equivalent",5539,Producer Price Index (2014-2016 = 100),2004,2004,7021,Annual value,,47.14,E
100,'356,India,1732,'F1732,"Oilcrops, Oil Equivalent",5539,Producer Price Index (2014-2016 = 100),2005,2005,7021,Annual value,,46.3,E
100,'356,India,1732,'F1732,"Oilcrops, Oil Equivalent",5539,Producer Price Index (2014-2016 = 100),2006,2006,7021,Annual value,,48.09,E
100,'356,India,1732,'F1732,"Oilcrops, Oil Equivalent",5539,Producer Price Index (2014-2016 = 100),2007,2007,7021,Annual value,,51.31,E
100,'356,India,1732,'F1732,"Oilcrops, Oil Equivalent",5539,Producer Price Index (2014-2016 = 100),2008,2008,7021,Annual value,,59.31,E
100,'356,India,1732,'F1732,"Oilcrops, Oil Equivalent",5539,Producer Price Index (2014-2016 = 100),2009,2009,7021,Annual value,,65.52,E
100,'356,India,1732,'F1732,"Oilcrops, Oil Equivalent",5539,Producer Price Index (2014-2016 = 100),2010,2010,7021,Annual value,,77.14,E
100,'356,India,1732,'F1732,"Oilcrops, Oil Equivalent",5539,Producer Price Index (2014-2016 = 100),2011,2011,7021,Annual value,,84.12,E
100,'356,India,1732,'F1732,"Oilcrops, Oil Equivalent",5539,Producer Price Index (2014-2016 = 100),2012,2012,7021,Annual value,,91.28,E
100,'356,India,1732,'F1732,"Oilcrops, Oil Equivalent",5539,Producer Price Index (2014-2016 = 100),2013,2013,7021,Annual value,,87.32,E
100,'356,India,1732,'F1732,"Oilcrops, Oil Equivalent",5539,Producer Price Index (2014-2016 = 100),2014,2014,7021,Annual value,,94.65,E
100,'356,India,1732,'F1732,"Oilcrops, Oil Equivalent",5539,Producer Price Index (2014-2016 = 100),2015,2015,7021,Annual value,,100.36,E
100,'356,India,1732,'F1732,"Oilcrops, Oil Equivalent",5539,Producer Price Index (2014-2016 = 100),2016,2016,7021,Annual value,,104.99,E
100,'356,India,1732,'F1732,"Oilcrops, Oil Equivalent",5539,Producer Price Index (2014-2016 = 100),2017,2017,7021,Annual value,,110.08,E
100,'356,India,1732,'F1732,"Oilcrops, Oil Equivalent",5539,Producer Price Index (2014-2016 = 100),2018,2018,7021,Annual value,,109.77,E
100,'356,India,1732,'F1732,"Oilcrops, Oil Equivalent",5539,Producer Price Index (2014-2016 = 100),2019,2019,7021,Annual value,,122.98,E
100,'356,India,1732,'F1732,"Oilcrops, Oil Equivalent",5539,Producer Price Index (2014-2016 = 100),2020,2020,7021,Annual value,,124.39,E
100,'356,India,1732,'F1732,"Oilcrops, Oil Equivalent",5539,Producer Price Index (2014-2016 = 100),2021,2021,7021,Annual value,,133.53,E
100,'356,India,1732,'F1732,"Oilcrops, Oil Equivalent",5539,Producer Price Index (2014-2016 = 100),2022,2022,7021,Annual value,,136.95,E
100,'356,India,1732,'F1732,"Oilcrops, Oil Equivalent",5539,Producer Price Index (2014-2016 = 100),2023,2023,7021,Annual value,,137.25,E
100,'356,India,1732,'F1732,"Oilcrops, Oil Equivalent",5539,Producer Price Index (2014-2016 = 100),2024,2024,7021,Annual value,,150.71,E
100,'356,India,1732,'F1732,"Oilcrops, Oil Equivalent",5539,Producer Price Index (2014-2016 = 100),2025,2025,7021,Annual value,,158.57,E
100,'356,India,1726,'F1726,"Pulses, Total",5539,Producer Price Index (2014-2016 = 100),1991,1991,7021,Annual value,,16.41,E
100,'356,India,1726,'F1726,"Pulses, Total",5539,Producer Price Index (2014-2016 = 100),1992,1992,7021,Annual value,,17.43,E
100,'356,India,1726,'F1726,"Pulses, Total",5539,Producer Price Index (2014-2016 = 100),1993,1993,7021,Annual value,,20.99,E
100,'356,India,1726,'F1726,"Pulses, Total",5539,Producer Price Index (2014-2016 = 100),1994,1994,7021,Annual value,,24.59,E
100,'356,India,1726,'F1726,"Pulses, Total",5539,Producer Price Index (2014-2016 = 100),1995,1995,7021,Annual value,,27.01,E
100,'356,India,1726,'F1726,"Pulses, Total",5539,Producer Price Index (2014-2016 = 100),1996,1996,7021,Annual value,,26.76,E
100,'356,India,1726,'F1726,"Pulses, Total",5539,Producer Price Index (2014-2016 = 100),1997,1997,7021,Annual value,,27.65,E
100,'356,India,1726,'F1726,"Pulses, Total",5539,Producer Price Index (2014-2016 = 100),1998,1998,7021,Annual value,,32.75,E
100,'356,India,1726,'F1726,"Pulses, Total",5539,Producer Price Index (2014-2016 = 100),1999,1999,7021,Annual value,,33.26,E
100,'356,India,1726,'F1726,"Pulses, Total",5539,Producer Price Index (2014-2016 = 100),2000,2000,7021,Annual value,,36.4,E
100,'356,India,1726,'F1726,"Pulses, Total",5539,Producer Price Index (2014-2016 = 100),2001,2001,7021,Annual value,,37.28,E
100,'356,India,1726,'F1726,"Pulses, Total",5539,Producer Price Index (2014-2016 = 100),2002,2002,7021,Annual value,,38.3,E
100,'356,India,1726,'F1726,"Pulses, Total",5539,Producer Price Index (2014-2016 = 100),2003,2003,7021,Annual value,,38.74,E
100,'356,India,1726,'F1726,"Pulses, Total",5539,Producer Price Index (2014-2016 = 100),2004,2004,7021,Annual value,,40.83,E
100,'356,India,1726,'F1726,"Pulses, Total",5539,Producer Price Index (2014-2016 = 100),2005,2005,7021,Annual value,,42.23,E
100,'356,India,1726,'F1726,"Pulses, Total",5539,Producer Price Index (2014-2016 = 100),2006,2006,7021,Annual value,,48.94,E
100,'356,India,1726,'F1726,"Pulses, Total",5539,Producer Price Index (2014-2016 = 100),2007,2007,7021,Annual value,,60.15,E
100,'356,India,1726,'F1726,"Pulses, Total",5539,Producer Price Index (2014-2016 = 100),2008,2008,7021,Annual value,,59.31,E
100,'356,India,1726,'F1726,"Pulses, Total",5539,Producer Price Index (2014-2016 = 100),2009,2009,7021,Annual value,,65.52,E
100,'356,India,1726,'F1726,"Pulses, Total",5539,Producer Price Index (2014-2016 = 100),2010,2010,7021,Annual value,,77.14,E
100,'356,India,1726,'F1726,"Pulses, Total",5539,Producer Price Index (2014-2016 = 100),2011,2011,7021,Annual value,,84.12,E
100,'356,India,1726,'F1726,"Pulses, Total",5539,Producer Price Index (2014-2016 = 100),2012,2012,7021,Annual value,,91.28,E
100,'356,India,1726,'F1726,"Pulses, Total",5539,Producer Price Index (2014-2016 = 100),2013,2013,7021,Annual value,,87.32,E
100,'356,India,1726,'F1726,"Pulses, Total",5539,Producer Price Index (2014-2016 = 100),2014,2014,7021,Annual value,,94.65,E
100,'356,India,1726,'F1726,"Pulses, Total",5539,Producer Price Index (2014-2016 = 100),2015,2015,7021,Annual value,,100.36,E
100,'356,India,1726,'F1726,"Pulses, Total",5539,Producer Price Index (2014-2016 = 100),2016,2016,7021,Annual value,,104.99,E
100,'356,India,1726,'F1726,"Pulses, Total",5539,Producer Price Index (2014-2016 = 100),2017,2017,7021,Annual value,,110.08,E
100,'356,India,1726,'F1726,"Pulses, Total",5539,Producer Price Index (2014-2016 = 100),2018,2018,7021,Annual value,,109.77,E
100,'356,India,1726,'F1726,"Pulses, Total",5539,Producer Price Index (2014-2016 = 100),2019,2019,7021,Annual value,,118.65,E
100,'356,India,1726,'F1726,"Pulses, Total",5539,Producer Price Index (2014-2016 = 100),2020,2020,7021,Annual value,,115.3,E
100,'356,India,1726,'F1726,"Pulses, Total",5539,Producer Price Index (2014-2016 = 100),2021,2021,7021,Annual value,,135.05,E
100,'356,India,1726,'F1726,"Pulses, Total",5539,Producer Price Index (2014-2016 = 100),2022,2022,7021,Annual value,,140.3,E
100,'356,India,1726,'F1726,"Pulses, Total",5539,Producer Price Index (2014-2016 = 100),2023,2023,7021,Annual value,,140.28,E
100,'356,India,1726,'F1726,"Pulses, Total",5539,Producer Price Index (2014-2016 = 100),2024,2024,7021,Annual value,,151.57,E
100,'356,India,1726,'F1726,"Pulses, Total",5539,Producer Price Index (2014-2016 = 100),2025,2025,7021,Annual value,,162.78,E
100,'356,India,1720,'F1720,"Roots and Tubers, Total",5539,Producer Price Index (2014-2016 = 100),1991,1991,7021,Annual value,,24.24,E
100,'356,India,1720,'F1720,"Roots and Tubers, Total",5539,Producer Price Index (2014-2016 = 100),1992,1992,7021,Annual value,,20.81,E
100,'356,India,1720,'F1720,"Roots and Tubers, Total",5539,Producer Price Index (2014-2016 = 100),1993,1993,7021,Annual value,,23.48,E
100,'356,India,1720,'F1720,"Roots and Tubers, Total",5539,Producer Price Index (2014-2016 = 100),1994,1994,7021,Annual value,,26.33,E
100,'356,India,1720,'F1720,"Roots and Tubers, Total",5539,Producer Price Index (2014-2016 = 100),1995,1995,7021,Annual value,,31.79,E
100,'356,India,1720,'F1720,"Roots and Tubers, Total",5539,Producer Price Index (2014-2016 = 100),1996,1996,7021,Annual value,,33.4,E
100,'356,India,1720,'F1720,"Roots and Tubers, Total",5539,Producer Price Index (2014-2016 = 100),1997,1997,7021,Annual value,,35.13,E
100,'356,India,1720,'F1720,"Roots and Tubers, Total",5539,Producer Price Index (2014-2016 = 100),1998,1998,7021,Annual value,,40.21,E
100,'356,India,1720,'F1720,"Roots and Tubers, Total",5539,Producer Price Index (2014-2016 = 100),1999,1999,7021,Annual value,,31.62,E
100,'356,India,1720,'F1720,"Roots and Tubers, Total",5539,Producer Price Index (2014-2016 = 100),2000,2000,7021,Annual value,,35.44,E
100,'356,India,1720,'F1720,"Roots and Tubers, Total",5539,Producer Price Index (2014-2016 = 100),2001,2001,7021,Annual value,,40.89,E
100,'356,India,1720,'F1720,"Roots and Tubers, Total",5539,Producer Price Index (2014-2016 = 100),2002,2002,7021,Annual value,,38.53,E
100,'356,India,1720,'F1720,"Roots and Tubers, Total",5539,Producer Price Index (2014-2016 = 100),2003,2003,7021,Annual value,,37.12,E
100,'356,India,1720,'F1720,"Roots and Tubers, Total",5539,Producer Price Index (2014-2016 = 100),2004,2004,7021,Annual value,,46.79,E
100,'356,India,1720,'F1720,"Roots and Tubers, Total",5539,Producer Price Index (2014-2016 = 100),2005,2005,7021,Annual value,,47.58,E
100,'356,India,1720,'F1720,"Roots and Tubers, Total",5539,Producer Price Index (2014-2016 = 100),2006,2006,7021,Annual value,,48.94,E
100,'356,India,1720,'F1720,"Roots and Tubers, Total",5539,Producer Price Index (2014-2016 = 100),2007,2007,7021,Annual value,,60.15,E
100,'356,India,1720,'F1720,"Roots and Tubers, Total",5539,Producer Price Index (2014-2016 = 100),2008,2008,7021,Annual value,,59.31,E
100,'356,India,1720,'F1720,"Roots and Tubers, Total",5539,Producer Price Index (2014-2016 = 100),2009,2009,7021,Annual value,,65.52,E
100,'356,India,1720,'F1720,"Roots and Tubers, Total",5539,Producer Price Index (2014-2016 = 100),2010,2010,7021,Annual value,,77.14,E
100,'356,India,1720,'F1720,"Roots and Tubers, Total",5539,Producer Price Index (2014-2016 = 100),2011,2011,7021,Annual value,,84.12,E
100,'356,India,1720,'F1720,"Roots and Tubers, Total",5539,Producer Price Index (2014-2016 = 100),2012,2012,7021,Annual value,,91.28,E
100,'356,India,1720,'F1720,"Roots and Tubers, Total",5539,Producer Price Index (2014-2016 = 100),2013,2013,7021,Annual value,,87.32,E
100,'356,India,1720,'F1720,"Roots and Tubers, Total",5539,Producer Price Index (2014-2016 = 100),2014,2014,7021,Annual value,,94.65,E
100,'356,India,1720,'F1720,"Roots and Tubers, Total",5539,Producer Price Index (2014-2016 = 100),2015,2015,7021,Annual value,,100.36,E
100,'356,India,1720,'F1720,"Roots and Tubers, Total",5539,Producer Price Index (2014-2016 = 100),2016,2016,7021,Annual value,,104.99,E
100,'356,India,1720,'F1720,"Roots and Tubers, Total",5539,Producer Price Index (2014-2016 = 100),2017,2017,7021,Annual value,,110.08,E
100,'356,India,1720,'F1720,"Roots and Tubers, Total",5539,Producer Price Index (2014-2016 = 100),2018,2018,7021,Annual value,,109.77,E
100,'356,India,1720,'F1720,"Roots and Tubers, Total",5539,Producer Price Index (2014-2016 = 100),2019,2019,7021,Annual value,,116.67,E
100,'356,India,1720,'F1720,"Roots and Tubers, Total",5539,Producer Price Index (2014-2016 = 100),2020,2020,7021,Annual value,,118.53,E
100,'356,India,1720,'F1720,"Roots and Tubers, Total",5539,Producer Price Index (2014-2016 = 100),2021,2021,7021,Annual value,,137.44,E
100,'356,India,1720,'F1720,"Roots and Tubers, Total",5539,Producer Price Index (2014-2016 = 100),2022,2022,7021,Annual value,,138.07,E
100,'356,India,1720,'F1720,"Roots and Tubers, Total",5539,Producer Price Index (2014-2016 = 100),2023,2023,7021,Annual value,,141.81,E
100,'356,India,1720,'F1720,"Roots and Tubers, Total",5539,Producer Price Index (2014-2016 = 100),2024,2024,7021,Annual value,,153.74,E
100,'356,India,1720,'F1720,"Roots and Tubers, Total",5539,Producer Price Index (2014-2016 = 100),2025,2025,7021,Annual value,,163.07,E
100,'356,India,1729,'F1729,"Treenuts, Total",5539,Producer Price Index (2014-2016 = 100),1991,1991,7021,Annual value,,16.89,E
100,'356,India,1729,'F1729,"Treenuts, Total",5539,Producer Price Index (2014-2016 = 100),1992,1992,7021,Annual value,,25.26,E
100,'356,India,1729,'F1729,"Treenuts, Total",5539,Producer Price Index (2014-2016 = 100),1993,1993,7021,Annual value,,23.44,E
100,'356,India,1729,'F1729,"Treenuts, Total",5539,Producer Price Index (2014-2016 = 100),1994,1994,7021,Annual value,,25.32,E
100,'356,India,1729,'F1729,"Treenuts, Total",5539,Producer Price Index (2014-2016 = 100),1995,1995,7021,Annual value,,30.64,E
100,'356,India,1729,'F1729,"Treenuts, Total",5539,Producer Price Index (2014-2016 = 100),1996,1996,7021,Annual value,,32.89,E
100,'356,India,1729,'F1729,"Treenuts, Total",5539,Producer Price Index (2014-2016 = 100),1997,1997,7021,Annual value,,32.31,E
100,'356,India,1729,'F1729,"Treenuts, Total",5539,Producer Price Index (2014-2016 = 100),1998,1998,7021,Annual value,,32.57,E
100,'356,India,1729,'F1729,"Treenuts, Total",5539,Producer Price Index (2014-2016 = 100),1999,1999,7021,Annual value,,38.07,E
100,'356,India,1729,'F1729,"Treenuts, Total",5539,Producer Price Index (2014-2016 = 100),2000,2000,7021,Annual value,,39.11,E
100,'356,India,1729,'F1729,"Treenuts, Total",5539,Producer Price Index (2014-2016 = 100),2001,2001,7021,Annual value,,37.85,E
100,'356,India,1729,'F1729,"Treenuts, Total",5539,Producer Price Index (2014-2016 = 100),2002,2002,7021,Annual value,,38.27,E
100,'356,India,1729,'F1729,"Treenuts, Total",5539,Producer Price Index (2014-2016 = 100),2003,2003,7021,Annual value,,39.54,E
100,'356,India,1729,'F1729,"Treenuts, Total",5539,Producer Price Index (2014-2016 = 100),2004,2004,7021,Annual value,,42.37,E
100,'356,India,1729,'F1729,"Treenuts, Total",5539,Producer Price Index (2014-2016 = 100),2005,2005,7021,Annual value,,42.93,E
100,'356,India,1729,'F1729,"Treenuts, Total",5539,Producer Price Index (2014-2016 = 100),2006,2006,7021,Annual value,,42.93,E
100,'356,India,1729,'F1729,"Treenuts, Total",5539,Producer Price Index (2014-2016 = 100),2007,2007,7021,Annual value,,43.78,E
100,'356,India,1729,'F1729,"Treenuts, Total",5539,Producer Price Index (2014-2016 = 100),2008,2008,7021,Annual value,,59.31,E
100,'356,India,1729,'F1729,"Treenuts, Total",5539,Producer Price Index (2014-2016 = 100),2009,2009,7021,Annual value,,65.52,E
100,'356,India,1729,'F1729,"Treenuts, Total",5539,Producer Price Index (2014-2016 = 100),2010,2010,7021,Annual value,,77.14,E
100,'356,India,1729,'F1729,"Treenuts, Total",5539,Producer Price Index (2014-2016 = 100),2011,2011,7021,Annual value,,84.12,E
100,'356,India,1729,'F1729,"Treenuts, Total",5539,Producer Price Index (2014-2016 = 100),2012,2012,7021,Annual value,,91.28,E
100,'356,India,1729,'F1729,"Treenuts, Total",5539,Producer Price Index (2014-2016 = 100),2013,2013,7021,Annual value,,87.32,E
100,'356,India,1729,'F1729,"Treenuts, Total",5539,Producer Price Index (2014-2016 = 100),2014,2014,7021,Annual value,,94.65,E
100,'356,India,1729,'F1729,"Treenuts, Total",5539,Producer Price Index (2014-2016 = 100),2015,2015,7021,Annual value,,100.36,E
100,'356,India,1729,'F1729,"Treenuts, Total",5539,Producer Price Index (2014-2016 = 100),2016,2016,7021,Annual value,,104.99,E
100,'356,India,1729,'F1729,"Treenuts, Total",5539,Producer Price Index (2014-2016 = 100),2017,2017,7021,Annual value,,110.08,E
100,'356,India,1729,'F1729,"Treenuts, Total",5539,Producer Price Index (2014-2016 = 100),2018,2018,7021,Annual value,,109.77,E
100,'356,India,1729,'F1729,"Treenuts, Total",5539,Producer Price Index (2014-2016 = 100),2019,2019,7021,Annual value,,120.81,E
100,'356,India,1729,'F1729,"Treenuts, Total",5539,Producer Price Index (2014-2016 = 100),2020,2020,7021,Annual value,,111.04,E
100,'356,India,1729,'F1729,"Treenuts, Total",5539,Producer Price Index (2014-2016 = 100),2021,2021,7021,Annual value,,124.68,E
100,'356,India,1729,'F1729,"Treenuts, Total",5539,Producer Price Index (2014-2016 = 100),2022,2022,7021,Annual value,,130.93,E
100,'356,India,1729,'F1729,"Treenuts, Total",5539,Producer Price Index (2014-2016 = 100),2023,2023,7021,Annual value,,132.62,E
100,'356,India,1729,'F1729,"Treenuts, Total",5539,Producer Price Index (2014-2016 = 100),2024,2024,7021,Annual value,,145.5,E
100,'356,India,1729,'F1729,"Treenuts, Total",5539,Producer Price Index (2014-2016 = 100),2025,2025,7021,Annual value,,155.13,E
100,'356,India,1800,'F1800,"Vegetables and Melons, Total",5539,Producer Price Index (2014-2016 = 100),1991,1991,7021,Annual value,,16.36,E
100,'356,India,1800,'F1800,"Vegetables and Melons, Total",5539,Producer Price Index (2014-2016 = 100),1992,1992,7021,Annual value,,16.64,E
100,'356,India,1800,'F1800,"Vegetables and Melons, Total",5539,Producer Price Index (2014-2016 = 100),1993,1993,7021,Annual value,,18.35,E
100,'356,India,1800,'F1800,"Vegetables and Melons, Total",5539,Producer Price Index (2014-2016 = 100),1994,1994,7021,Annual value,,20.71,E
100,'356,India,1800,'F1800,"Vegetables and Melons, Total",5539,Producer Price Index (2014-2016 = 100),1995,1995,7021,Annual value,,21.54,E
100,'356,India,1800,'F1800,"Vegetables and Melons, Total",5539,Producer Price Index (2014-2016 = 100),1996,1996,7021,Annual value,,25.13,E
100,'356,India,1800,'F1800,"Vegetables and Melons, Total",5539,Producer Price Index (2014-2016 = 100),1997,1997,7021,Annual value,,27.7,E
100,'356,India,1800,'F1800,"Vegetables and Melons, Total",5539,Producer Price Index (2014-2016 = 100),1998,1998,7021,Annual value,,33.65,E
100,'356,India,1800,'F1800,"Vegetables and Melons, Total",5539,Producer Price Index (2014-2016 = 100),1999,1999,7021,Annual value,,35.49,E
100,'356,India,1800,'F1800,"Vegetables and Melons, Total",5539,Producer Price Index (2014-2016 = 100),2000,2000,7021,Annual value,,30.0,E
100,'356,India,1800,'F1800,"Vegetables and Melons, Total",5539,Producer Price Index (2014-2016 = 100),2001,2001,7021,Annual value,,34.39,E
100,'356,India,1800,'F1800,"Vegetables and Melons, Total",5539,Producer Price Index (2014-2016 = 100),2002,2002,7021,Annual value,,37.85,E
100,'356,India,1800,'F1800,"Vegetables and Melons, Total",5539,Producer Price Index (2014-2016 = 100),2003,2003,7021,Annual value,,40.21,E
100,'356,India,1800,'F1800,"Vegetables and Melons, Total",5539,Producer Price Index (2014-2016 = 100),2004,2004,7021,Annual value,,42.5,E
100,'356,India,1800,'F1800,"Vegetables and Melons, Total",5539,Producer Price Index (2014-2016 = 100),2005,2005,7021,Annual value,,45.95,E
100,'356,India,1800,'F1800,"Vegetables and Melons, Total",5539,Producer Price Index (2014-2016 = 100),2006,2006,7021,Annual value,,48.94,E
100,'356,India,1800,'F1800,"Vegetables and Melons, Total",5539,Producer Price Index (2014-2016 = 100),2007,2007,7021,Annual value,,60.15,E
100,'356,India,1800,'F1800,"Vegetables and Melons, Total",5539,Producer Price Index (2014-2016 = 100),2008,2008,7021,Annual value,,59.31,E
100,'356,India,1800,'F1800,"Vegetables and Melons, Total",5539,Producer Price Index (2014-2016 = 100),2009,2009,7021,Annual value,,65.52,E
100,'356,India,1800,'F1800,"Vegetables and Melons, Total",5539,Producer Price Index (2014-2016 = 100),2010,2010,7021,Annual value,,77.14,E
100,'356,India,1800,'F1800,"Vegetables and Melons, Total",5539,Producer Price Index (2014-2016 = 100),2011,2011,7021,Annual value,,84.12,E
100,'356,India,1800,'F1800,"Vegetables and Melons, Total",5539,Producer Price Index (2014-2016 = 100),2012,2012,7021,Annual value,,91.28,E
100,'356,India,1800,'F1800,"Vegetables and Melons, Total",5539,Producer Price Index (2014-2016 = 100),2013,2013,7021,Annual value,,87.32,E
100,'356,India,1800,'F1800,"Vegetables and Melons, Total",5539,Producer Price Index (2014-2016 = 100),2014,2014,7021,Annual value,,94.65,E
100,'356,India,1800,'F1800,"Vegetables and Melons, Total",5539,Producer Price Index (2014-2016 = 100),2015,2015,7021,Annual value,,100.36,E
100,'356,India,1800,'F1800,"Vegetables and Melons, Total",5539,Producer Price Index (2014-2016 = 100),2016,2016,7021,Annual value,,104.99,E
100,'356,India,1800,'F1800,"Vegetables and Melons, Total",5539,Producer Price Index (2014-2016 = 100),2017,2017,7021,Annual value,,110.08,E
100,'356,India,1800,'F1800,"Vegetables and Melons, Total",5539,Producer Price Index (2014-2016 = 100),2018,2018,7021,Annual value,,109.77,E
100,'356,India,1800,'F1800,"Vegetables and Melons, Total",5539,Producer Price Index (2014-2016 = 100),2019,2019,7021,Annual value,,118.06,E
100,'356,India,1800,'F1800,"Vegetables and Melons, Total",5539,Producer Price Index (2014-2016 = 100),2020,2020,7021,Annual value,,117.43,E
100,'356,India,1800,'F1800,"Vegetables and Melons, Total",5539,Producer Price Index (2014-2016 = 100),2021,2021,7021,Annual value,,132.17,E
100,'356,India,1800,'F1800,"Vegetables and Melons, Total",5539,Producer Price Index (2014-2016 = 100),2022,2022,7021,Annual value,,138.46,E
100,'356,India,1800,'F1800,"Vegetables and Melons, Total",5539,Producer Price Index (2014-2016 = 100),2023,2023,7021,Annual value,,138.89,E
100,'356,India,1800,'F1800,"Vegetables and Melons, Total",5539,Producer Price Index (2014-2016 = 100),2024,2024,7021,Annual value,,149.24,E
100,'356,India,1800,'F1800,"Vegetables and Melons, Total",5539,Producer Price Index (2014-2016 = 100),2025,2025,7021,Annual value,,157.92,E
100,'356,India,1735,'F1735,Vegetables Primary,5539,Producer Price Index (2014-2016 = 100),1991,1991,7021,Annual value,,16.41,E
100,'356,India,1735,'F1735,Vegetables Primary,5539,Producer Price Index (2014-2016 = 100),1992,1992,7021,Annual value,,16.68,E
100,'356,India,1735,'F1735,Vegetables Primary,5539,Producer Price Index (2014-2016 = 100),1993,1993,7021,Annual value,,18.36,E
100,'356,India,1735,'F1735,Vegetables Primary,5539,Producer Price Index (2014-2016 = 100),1994,1994,7021,Annual value,,20.69,E
100,'356,India,1735,'F1735,Vegetables Primary,5539,Producer Price Index (2014-2016 = 100),1995,1995,7021,Annual value,,21.51,E
100,'356,India,1735,'F1735,Vegetables Primary,5539,Producer Price Index (2014-2016 = 100),1996,1996,7021,Annual value,,25.08,E
100,'356,India,1735,'F1735,Vegetables Primary,5539,Producer Price Index (2014-2016 = 100),1997,1997,7021,Annual value,,27.29,E
100,'356,India,1735,'F1735,Vegetables Primary,5539,Producer Price Index (2014-2016 = 100),1998,1998,7021,Annual value,,33.33,E
100,'356,India,1735,'F1735,Vegetables Primary,5539,Producer Price Index (2014-2016 = 100),1999,1999,7021,Annual value,,35.11,E
100,'356,India,1735,'F1735,Vegetables Primary,5539,Producer Price Index (2014-2016 = 100),2000,2000,7021,Annual value,,29.52,E
100,'356,India,1735,'F1735,Vegetables Primary,5539,Producer Price Index (2014-2016 = 100),2001,2001,7021,Annual value,,34.44,E
100,'356,India,1735,'F1735,Vegetables Primary,5539,Producer Price Index (2014-2016 = 100),2002,2002,7021,Annual value,,37.87,E
100,'356,India,1735,'F1735,Vegetables Primary,5539,Producer Price Index (2014-2016 = 100),2003,2003,7021,Annual value,,40.21,E
100,'356,India,1735,'F1735,Vegetables Primary,5539,Producer Price Index (2014-2016 = 100),2004,2004,7021,Annual value,,42.51,E
100,'356,India,1735,'F1735,Vegetables Primary,5539,Producer Price Index (2014-2016 = 100),2005,2005,7021,Annual value,,45.95,E
100,'356,India,1735,'F1735,Vegetables Primary,5539,Producer Price Index (2014-2016 = 100),2006,2006,7021,Annual value,,48.94,E
100,'356,India,1735,'F1735,Vegetables Primary,5539,Producer Price Index (2014-2016 = 100),2007,2007,7021,Annual value,,60.15,E
100,'356,India,1735,'F1735,Vegetables Primary,5539,Producer Price Index (2014-2016 = 100),2008,2008,7021,Annual value,,59.31,E
100,'356,India,1735,'F1735,Vegetables Primary,5539,Producer Price Index (2014-2016 = 100),2009,2009,7021,Annual value,,65.52,E
100,'356,India,1735,'F1735,Vegetables Primary,5539,Producer Price Index (2014-2016 = 100),2010,2010,7021,Annual value,,77.14,E
100,'356,India,1735,'F1735,Vegetables Primary,5539,Producer Price Index (2014-2016 = 100),2011,2011,7021,Annual value,,84.12,E
100,'356,India,1735,'F1735,Vegetables Primary,5539,Producer Price Index (2014-2016 = 100),2012,2012,7021,Annual value,,91.28,E
100,'356,India,1735,'F1735,Vegetables Primary,5539,Producer Price Index (2014-2016 = 100),2013,2013,7021,Annual value,,87.32,E
100,'356,India,1735,'F1735,Vegetables Primary,5539,Producer Price Index (2014-2016 = 100),2014,2014,7021,Annual value,,94.65,E
100,'356,India,1735,'F1735,Vegetables Primary,5539,Producer Price Index (2014-2016 = 100),2015,2015,7021,Annual value,,100.36,E
100,'356,India,1735,'F1735,Vegetables Primary,5539,Producer Price Index (2014-2016 = 100),2016,2016,7021,Annual value,,104.99,E
100,'356,India,1735,'F1735,Vegetables Primary,5539,Producer Price Index (2014-2016 = 100),2017,2017,7021,Annual value,,110.08,E
100,'356,India,1735,'F1735,Vegetables Primary,5539,Producer Price Index (2014-2016 = 100),2018,2018,7021,Annual value,,109.77,E
100,'356,India,1735,'F1735,Vegetables Primary,5539,Producer Price Index (2014-2016 = 100),2019,2019,7021,Annual value,,118.05,E
100,'356,India,1735,'F1735,Vegetables Primary,5539,Producer Price Index (2014-2016 = 100),2020,2020,7021,Annual value,,117.58,E
100,'356,India,1735,'F1735,Vegetables Primary,5539,Producer Price Index (2014-2016 = 100),2021,2021,7021,Annual value,,132.07,E
100,'356,India,1735,'F1735,Vegetables Primary,5539,Producer Price Index (2014-2016 = 100),2022,2022,7021,Annual value,,138.15,E
100,'356,India,1735,'F1735,Vegetables Primary,5539,Producer Price Index (2014-2016 = 100),2023,2023,7021,Annual value,,138.44,E
100,'356,India,1735,'F1735,Vegetables Primary,5539,Producer Price Index (2014-2016 = 100),2024,2024,7021,Annual value,,148.98,E
100,'356,India,1735,'F1735,Vegetables Primary,5539,Producer Price Index (2014-2016 = 100),2025,2025,7021,Annual value,,157.83,E
